release_candidate,paper_2206_03131_role,publication_candidate_tags,publication_candidate_dois,local_origin_tags,local_origin_notes,object_id,db_object_name,db_object_aliases,db_sptype,db_ra,db_dec,db_e_bv,index_star_name,combine_id,echelle_order,mode,telluricflag,combineflag,obs_date,db_wavelength_min,db_wavelength_max,index_x_min,index_x_max,local_fits_path,file_exists,file_size_bytes,index_spec_path,index_object_dir,combine_path,index_setting
True,paper_2206_03131_reddened_target,Hamano2016_CygOB2_DIB,10.3847/0004-637X/821/1/42,,,13,BD+40  4220,BD+404220 | Cyg OB2 5 | BD+40 4220 | VI Cyg 5 | CygOB2No5,O6.5-7f+O5.5-6f D,20:32:22.42,+41:18:18.9,2.11,BD+404220,BD+40_4220_o13_c2T,51,WIDE,1,1,2014-08-30-12:18:17.12,10855.2695,11128.4805,10855.08579827253,11128.29673577253,/Users/hamano/DIB_analysis/DIB_pipeline_dir/BD+40_4220/BD+40_4220_o13_c2T/spectrum_files/BD+40_4220_o13_c2T_m51.fits,True,20160,CygOB2No5/BD+40_4220_o13_c2T/BD+40_4220_o13_c2T_m51.fits,CygOB2No5,/Users/hamano/DIB_analysis/DIB_pipeline_dir/BD+40_4220/BD+40_4220_o13_c2T/,wide
True,paper_2206_03131_reddened_target,Hamano2016_CygOB2_DIB,10.3847/0004-637X/821/1/42,,,13,BD+40  4220,BD+404220 | Cyg OB2 5 | BD+40 4220 | VI Cyg 5 | CygOB2No5,O6.5-7f+O5.5-6f D,20:32:22.42,+41:18:18.9,2.11,BD+404220,BD+40_4220_o13_c2T,58,WIDE,1,1,2014-08-30-12:18:17.12,9550.1543,9784.3252,9549.993022151568,9784.163920589061,/Users/hamano/DIB_analysis/DIB_pipeline_dir/BD+40_4220/BD+40_4220_o13_c2T/spectrum_files/BD+40_4220_o13_c2T_m58.fits,True,20160,CygOB2No5/BD+40_4220_o13_c2T/BD+40_4220_o13_c2T_m58.fits,CygOB2No5,/Users/hamano/DIB_analysis/DIB_pipeline_dir/BD+40_4220/BD+40_4220_o13_c2T/,wide
True,paper_2206_03131_reddened_target,Hamano2016_CygOB2_DIB,10.3847/0004-637X/821/1/42,,,13,BD+40  4220,BD+404220 | Cyg OB2 5 | BD+40 4220 | VI Cyg 5 | CygOB2No5,O6.5-7f+O5.5-6f D,20:32:22.42,+41:18:18.9,2.11,BD+404220,BD+40_4220_o13_c2T,61,WIDE,1,1,2014-08-30-12:18:17.12,9093.2949,9301.5645,9093.141782513796,9301.411313763801,/Users/hamano/DIB_analysis/DIB_pipeline_dir/BD+40_4220/BD+40_4220_o13_c2T/spectrum_files/BD+40_4220_o13_c2T_m61.fits,True,17280,CygOB2No5/BD+40_4220_o13_c2T/BD+40_4220_o13_c2T_m61.fits,CygOB2No5,/Users/hamano/DIB_analysis/DIB_pipeline_dir/BD+40_4220/BD+40_4220_o13_c2T/,wide
True,paper_2206_03131_reddened_target,Hamano2016_CygOB2_DIB,10.3847/0004-637X/821/1/42,,,13,BD+40  4220,BD+404220 | Cyg OB2 5 | BD+40 4220 | VI Cyg 5 | CygOB2No5,O6.5-7f+O5.5-6f D,20:32:22.42,+41:18:18.9,2.11,BD+404220,BD+40_4220_o13_c2T,53,WIDE,1,1,2014-08-30-12:18:17.12,10446.8848,10707.0928,10446.70799388056,10706.91600169306,/Users/hamano/DIB_analysis/DIB_pipeline_dir/BD+40_4220/BD+40_4220_o13_c2T/spectrum_files/BD+40_4220_o13_c2T_m53.fits,True,20160,CygOB2No5/BD+40_4220_o13_c2T/BD+40_4220_o13_c2T_m53.fits,CygOB2No5,/Users/hamano/DIB_analysis/DIB_pipeline_dir/BD+40_4220/BD+40_4220_o13_c2T/,wide
True,paper_2206_03131_reddened_target,Hamano2016_CygOB2_DIB,10.3847/0004-637X/821/1/42,,,13,BD+40  4220,VI Cyg 5 | BD+404220 | Cyg OB2 5 | BD+40 4220 | CygOB2No5,O6.5-7f+O5.5-6f D,20:32:22.42,+41:18:18.9,2.11,BD+404220,BD+40_4220_o13_c2T,54,WIDE,1,1,2014-08-30-12:18:17.12,10246.9443,10507.1279,10246.77088020783,10506.95447395784,/Users/hamano/DIB_analysis/DIB_pipeline_dir/BD+40_4220/BD+40_4220_o13_c2T/spectrum_files/BD+40_4220_o13_c2T_m54.fits,True,20160,CygOB2No5/BD+40_4220_o13_c2T/BD+40_4220_o13_c2T_m54.fits,CygOB2No5,/Users/hamano/DIB_analysis/DIB_pipeline_dir/BD+40_4220/BD+40_4220_o13_c2T/,wide
True,paper_2206_03131_reddened_target,Hamano2016_CygOB2_DIB,10.3847/0004-637X/821/1/42,,,13,BD+40  4220,Cyg OB2 5 | BD+40 4220 | VI Cyg 5 | BD+404220 | CygOB2No5,O6.5-7f+O5.5-6f D,20:32:22.42,+41:18:18.9,2.11,BD+404220,BD+40_4220_o13_c2T,44,WIDE,1,1,2014-08-30-12:18:17.12,12551.2168,12938.2773,12551.00459262781,12938.06513950281,/Users/hamano/DIB_analysis/DIB_pipeline_dir/BD+40_4220/BD+40_4220_o13_c2T/spectrum_files/BD+40_4220_o13_c2T_m44.fits,True,20160,CygOB2No5/BD+40_4220_o13_c2T/BD+40_4220_o13_c2T_m44.fits,CygOB2No5,/Users/hamano/DIB_analysis/DIB_pipeline_dir/BD+40_4220/BD+40_4220_o13_c2T/,wide
True,paper_2206_03131_reddened_target,Hamano2016_CygOB2_DIB,10.3847/0004-637X/821/1/42,,,13,BD+40  4220,BD+404220 | Cyg OB2 5 | BD+40 4220 | VI Cyg 5 | CygOB2No5,O6.5-7f+O5.5-6f D,20:32:22.42,+41:18:18.9,2.11,BD+404220,BD+40_4220_o13_c2T,50,WIDE,1,1,2014-08-30-12:18:17.12,11063.6865,11349.8408,11063.49912704088,11349.65342391588,/Users/hamano/DIB_analysis/DIB_pipeline_dir/BD+40_4220/BD+40_4220_o13_c2T/spectrum_files/BD+40_4220_o13_c2T_m50.fits,True,20160,CygOB2No5/BD+40_4220_o13_c2T/BD+40_4220_o13_c2T_m50.fits,CygOB2No5,/Users/hamano/DIB_analysis/DIB_pipeline_dir/BD+40_4220/BD+40_4220_o13_c2T/,wide
True,paper_2206_03131_reddened_target,Hamano2016_CygOB2_DIB,10.3847/0004-637X/821/1/42,,,13,BD+40  4220,BD+404220 | Cyg OB2 5 | BD+40 4220 | VI Cyg 5 | CygOB2No5,O6.5-7f+O5.5-6f D,20:32:22.42,+41:18:18.9,2.11,BD+404220,BD+40_4220_o13_c2T,43,WIDE,1,1,2014-08-30-12:18:17.12,12852.6797,13229.916,12852.46288501257,13229.69921313757,/Users/hamano/DIB_analysis/DIB_pipeline_dir/BD+40_4220/BD+40_4220_o13_c2T/spectrum_files/BD+40_4220_o13_c2T_m43.fits,True,20160,CygOB2No5/BD+40_4220_o13_c2T/BD+40_4220_o13_c2T_m43.fits,CygOB2No5,/Users/hamano/DIB_analysis/DIB_pipeline_dir/BD+40_4220/BD+40_4220_o13_c2T/,wide
True,paper_2206_03131_reddened_target,Hamano2016_CygOB2_DIB,10.3847/0004-637X/821/1/42,,,13,BD+40  4220,BD+404220 | Cyg OB2 5 | BD+40 4220 | VI Cyg 5 | CygOB2No5,O6.5-7f+O5.5-6f D,20:32:22.42,+41:18:18.9,2.11,BD+404220,BD+40_4220_o13_c2T,60,WIDE,1,1,2014-08-30-12:18:17.12,9256.2705,9438.4248,9256.114687199271,9438.268984074271,/Users/hamano/DIB_analysis/DIB_pipeline_dir/BD+40_4220/BD+40_4220_o13_c2T/spectrum_files/BD+40_4220_o13_c2T_m60.fits,True,17280,CygOB2No5/BD+40_4220_o13_c2T/BD+40_4220_o13_c2T_m60.fits,CygOB2No5,/Users/hamano/DIB_analysis/DIB_pipeline_dir/BD+40_4220/BD+40_4220_o13_c2T/,wide
True,paper_2206_03131_reddened_target,Hamano2016_CygOB2_DIB,10.3847/0004-637X/821/1/42,,,13,BD+40  4220,VI Cyg 5 | BD+404220 | Cyg OB2 5 | BD+40 4220 | CygOB2No5,O6.5-7f+O5.5-6f D,20:32:22.42,+41:18:18.9,2.11,BD+404220,BD+40_4220_o13_c2T,42,WIDE,1,1,2014-08-30-12:18:17.12,13138.0918,13553.8428,13137.87029928493,13553.62127584743,/Users/hamano/DIB_analysis/DIB_pipeline_dir/BD+40_4220/BD+40_4220_o13_c2T/spectrum_files/BD+40_4220_o13_c2T_m42.fits,True,20160,CygOB2No5/BD+40_4220_o13_c2T/BD+40_4220_o13_c2T_m42.fits,CygOB2No5,/Users/hamano/DIB_analysis/DIB_pipeline_dir/BD+40_4220/BD+40_4220_o13_c2T/,wide
True,paper_2206_03131_reddened_target,Hamano2016_CygOB2_DIB,10.3847/0004-637X/821/1/42,,,13,BD+40  4220,BD+404220 | Cyg OB2 5 | BD+40 4220 | VI Cyg 5 | CygOB2No5,O6.5-7f+O5.5-6f D,20:32:22.42,+41:18:18.9,2.11,BD+404220,BD+40_4220_o13_c2T,56,WIDE,1,1,2014-08-30-12:18:17.12,9890.0469,10124.2578,9889.879700883306,10124.09063838331,/Users/hamano/DIB_analysis/DIB_pipeline_dir/BD+40_4220/BD+40_4220_o13_c2T/spectrum_files/BD+40_4220_o13_c2T_m56.fits,True,17280,CygOB2No5/BD+40_4220_o13_c2T/BD+40_4220_o13_c2T_m56.fits,CygOB2No5,/Users/hamano/DIB_analysis/DIB_pipeline_dir/BD+40_4220/BD+40_4220_o13_c2T/,wide
True,paper_2206_03131_reddened_target,Hamano2016_CygOB2_DIB,10.3847/0004-637X/821/1/42,,,13,BD+40  4220,VI Cyg 5 | BD+404220 | Cyg OB2 5 | BD+40 4220 | CygOB2No5,O6.5-7f+O5.5-6f D,20:32:22.42,+41:18:18.9,2.11,BD+404220,BD+40_4220_o13_c2T,59,WIDE,1,1,2014-08-30-12:18:17.12,9393.1904,9601.3672,9393.031999887044,9601.208757699538,/Users/hamano/DIB_analysis/DIB_pipeline_dir/BD+40_4220/BD+40_4220_o13_c2T/spectrum_files/BD+40_4220_o13_c2T_m59.fits,True,17280,CygOB2No5/BD+40_4220_o13_c2T/BD+40_4220_o13_c2T_m59.fits,CygOB2No5,/Users/hamano/DIB_analysis/DIB_pipeline_dir/BD+40_4220/BD+40_4220_o13_c2T/,wide
True,paper_2206_03131_reddened_target,Hamano2016_CygOB2_DIB,10.3847/0004-637X/821/1/42,,,13,BD+40  4220,BD+404220 | Cyg OB2 5 | BD+40 4220 | VI Cyg 5 | CygOB2No5,O6.5-7f+O5.5-6f D,20:32:22.42,+41:18:18.9,2.11,BD+404220,BD+40_4220_o13_c2T,57,WIDE,1,1,2014-08-30-12:18:17.12,9733.0938,9941.2207,9732.929482475838,9941.056435600836,/Users/hamano/DIB_analysis/DIB_pipeline_dir/BD+40_4220/BD+40_4220_o13_c2T/spectrum_files/BD+40_4220_o13_c2T_m57.fits,True,17280,CygOB2No5/BD+40_4220_o13_c2T/BD+40_4220_o13_c2T_m57.fits,CygOB2No5,/Users/hamano/DIB_analysis/DIB_pipeline_dir/BD+40_4220/BD+40_4220_o13_c2T/,wide
True,paper_2206_03131_reddened_target,Hamano2016_CygOB2_DIB,10.3847/0004-637X/821/1/42,,,13,BD+40  4220,BD+404220 | Cyg OB2 5 | BD+40 4220 | VI Cyg 5 | CygOB2No5,O6.5-7f+O5.5-6f D,20:32:22.42,+41:18:18.9,2.11,BD+404220,BD+40_4220_o13_c2T,46,WIDE,1,1,2014-08-30-12:18:17.12,12005.915,12356.9961,12005.7116317302,12356.79268641771,/Users/hamano/DIB_analysis/DIB_pipeline_dir/BD+40_4220/BD+40_4220_o13_c2T/spectrum_files/BD+40_4220_o13_c2T_m46.fits,True,20160,CygOB2No5/BD+40_4220_o13_c2T/BD+40_4220_o13_c2T_m46.fits,CygOB2No5,/Users/hamano/DIB_analysis/DIB_pipeline_dir/BD+40_4220/BD+40_4220_o13_c2T/,wide
True,paper_2206_03131_reddened_target,Hamano2016_CygOB2_DIB,10.3847/0004-637X/821/1/42,,,13,BD+40  4220,Cyg OB2 5 | BD+40 4220 | VI Cyg 5 | BD+404220 | CygOB2No5,O6.5-7f+O5.5-6f D,20:32:22.42,+41:18:18.9,2.11,BD+404220,BD+40_4220_o13_c2T,49,WIDE,1,1,2014-08-30-12:18:17.12,11283.3262,11592.7666,11283.13817647422,11592.57860616172,/Users/hamano/DIB_analysis/DIB_pipeline_dir/BD+40_4220/BD+40_4220_o13_c2T/spectrum_files/BD+40_4220_o13_c2T_m49.fits,True,20160,CygOB2No5/BD+40_4220_o13_c2T/BD+40_4220_o13_c2T_m49.fits,CygOB2No5,/Users/hamano/DIB_analysis/DIB_pipeline_dir/BD+40_4220/BD+40_4220_o13_c2T/,wide
True,paper_2206_03131_reddened_target,Hamano2016_CygOB2_DIB,10.3847/0004-637X/821/1/42,,,13,BD+40  4220,BD+404220 | Cyg OB2 5 | BD+40 4220 | VI Cyg 5 | CygOB2No5,O6.5-7f+O5.5-6f D,20:32:22.42,+41:18:18.9,2.11,BD+404220,BD+40_4220_o13_c2T,45,WIDE,1,1,2014-08-30-12:18:17.12,12289.9131,12638.4541,12289.70902211152,12638.25003773653,/Users/hamano/DIB_analysis/DIB_pipeline_dir/BD+40_4220/BD+40_4220_o13_c2T/spectrum_files/BD+40_4220_o13_c2T_m45.fits,True,20160,CygOB2No5/BD+40_4220_o13_c2T/BD+40_4220_o13_c2T_m45.fits,CygOB2No5,/Users/hamano/DIB_analysis/DIB_pipeline_dir/BD+40_4220/BD+40_4220_o13_c2T/,wide
True,paper_2206_03131_reddened_target,Hamano2016_CygOB2_DIB,10.3847/0004-637X/821/1/42,,,13,BD+40  4220,BD+404220 | Cyg OB2 5 | BD+40 4220 | VI Cyg 5 | CygOB2No5,O6.5-7f+O5.5-6f D,20:32:22.42,+41:18:18.9,2.11,BD+404220,BD+40_4220_o13_c2T,52,WIDE,1,1,2014-08-30-12:18:17.12,10645.3213,10918.5332,10645.14107012132,10918.35298418382,/Users/hamano/DIB_analysis/DIB_pipeline_dir/BD+40_4220/BD+40_4220_o13_c2T/spectrum_files/BD+40_4220_o13_c2T_m52.fits,True,20160,CygOB2No5/BD+40_4220_o13_c2T/BD+40_4220_o13_c2T_m52.fits,CygOB2No5,/Users/hamano/DIB_analysis/DIB_pipeline_dir/BD+40_4220/BD+40_4220_o13_c2T/,wide
True,paper_2206_03131_reddened_target,Hamano2016_CygOB2_DIB,10.3847/0004-637X/821/1/42,,,13,BD+40  4220,BD+404220 | Cyg OB2 5 | BD+40 4220 | VI Cyg 5 | CygOB2No5,O6.5-7f+O5.5-6f D,20:32:22.42,+41:18:18.9,2.11,BD+404220,BD+40_4220_o13_c2T,55,WIDE,1,1,2014-08-30-12:18:17.12,10069.9932,10304.207,10069.82295049673,10304.03681768424,/Users/hamano/DIB_analysis/DIB_pipeline_dir/BD+40_4220/BD+40_4220_o13_c2T/spectrum_files/BD+40_4220_o13_c2T_m55.fits,True,17280,CygOB2No5/BD+40_4220_o13_c2T/BD+40_4220_o13_c2T_m55.fits,CygOB2No5,/Users/hamano/DIB_analysis/DIB_pipeline_dir/BD+40_4220/BD+40_4220_o13_c2T/,wide
True,paper_2206_03131_reddened_target,Hamano2016_CygOB2_DIB,10.3847/0004-637X/821/1/42,,,13,BD+40  4220,BD+404220 | Cyg OB2 5 | BD+40 4220 | VI Cyg 5 | CygOB2No5,O6.5-7f+O5.5-6f D,20:32:22.42,+41:18:18.9,2.11,BD+404220,BD+40_4220_o13_c2T,47,WIDE,1,1,2014-08-30-12:18:17.12,11765.043,12084.1738,11764.8471829467,12083.97804232171,/Users/hamano/DIB_analysis/DIB_pipeline_dir/BD+40_4220/BD+40_4220_o13_c2T/spectrum_files/BD+40_4220_o13_c2T_m47.fits,True,20160,CygOB2No5/BD+40_4220_o13_c2T/BD+40_4220_o13_c2T_m47.fits,CygOB2No5,/Users/hamano/DIB_analysis/DIB_pipeline_dir/BD+40_4220/BD+40_4220_o13_c2T/,wide
True,paper_2206_03131_reddened_target,Hamano2016_CygOB2_DIB,10.3847/0004-637X/821/1/42,,,13,BD+40  4220,BD+404220 | Cyg OB2 5 | BD+40 4220 | VI Cyg 5 | CygOB2No5,O6.5-7f+O5.5-6f D,20:32:22.42,+41:18:18.9,2.11,BD+404220,BD+40_4220_o13_c2T,48,WIDE,1,1,2014-08-30-12:18:17.12,11520.5059,11832.6348,11520.3140161628,11832.4429224128,/Users/hamano/DIB_analysis/DIB_pipeline_dir/BD+40_4220/BD+40_4220_o13_c2T/spectrum_files/BD+40_4220_o13_c2T_m48.fits,True,20160,CygOB2No5/BD+40_4220_o13_c2T/BD+40_4220_o13_c2T_m48.fits,CygOB2No5,/Users/hamano/DIB_analysis/DIB_pipeline_dir/BD+40_4220/BD+40_4220_o13_c2T/,wide
True,paper_2206_03131_reddened_target,Hamano2016_CygOB2_DIB,10.3847/0004-637X/821/1/42,,,15,Schulte  9,Cyg OB2 9 | VI Cyg 9 | CygOB2No9,O4.5If C,20:33:10.73,+41:15:08.2,2.24,Cyg OB2 9,Schulte_9_o15_c2T,50,WIDE,1,0,2014-09-13-14:53:28.120,11063.9702,11349.7989,11063.78272642531,11349.61147438908,/Users/hamano/DIB_analysis/DIB_pipeline_dir/Schulte_9/2014_09_13-CygOB2No9_pipeline_ver3.5/2014_09_13-CygOB2No9_pipeline_ver3.5--2014_09_13-29Vul_pipeline_ver3.5-T2/sum/CygOB2No9_sum_m50_fsr1.30_AIR_tel_wscor_helio.fits,True,20160,CygOB2No9/Schulte_9_o15_c2T/CygOB2No9_sum_m50_fsr1.30_AIR_tel_wscor_helio.fits,CygOB2No9,/Users/hamano/DIB_analysis/DIB_pipeline_dir/Schulte_9/2014_09_13-CygOB2No9_pipeline_ver3.5/2014_09_13-CygOB2No9_pipeline_ver3.5--2014_09_13-29Vul_pipeline_ver3.5-T2/,wide
True,paper_2206_03131_reddened_target,Hamano2016_CygOB2_DIB,10.3847/0004-637X/821/1/42,,,15,Schulte  9,Cyg OB2 9 | VI Cyg 9 | CygOB2No9,O4.5If C,20:33:10.73,+41:15:08.2,2.24,Cyg OB2 9,Schulte_9_o15_c2T,45,WIDE,1,0,2014-09-13-14:53:28.120,12290.1689,12638.4051,12289.96474196583,12638.20093931878,/Users/hamano/DIB_analysis/DIB_pipeline_dir/Schulte_9/2014_09_13-CygOB2No9_pipeline_ver3.5/2014_09_13-CygOB2No9_pipeline_ver3.5--2014_09_13-29Vul_pipeline_ver3.5-T2/sum/CygOB2No9_sum_m45_fsr1.30_AIR_tel_wscor_helio.fits,True,20160,CygOB2No9/Schulte_9_o15_c2T/CygOB2No9_sum_m45_fsr1.30_AIR_tel_wscor_helio.fits,CygOB2No9,/Users/hamano/DIB_analysis/DIB_pipeline_dir/Schulte_9/2014_09_13-CygOB2No9_pipeline_ver3.5/2014_09_13-CygOB2No9_pipeline_ver3.5--2014_09_13-29Vul_pipeline_ver3.5-T2/,wide
True,paper_2206_03131_reddened_target,Hamano2016_CygOB2_DIB,10.3847/0004-637X/821/1/42,,,15,Schulte  9,Cyg OB2 9 | VI Cyg 9 | CygOB2No9,O4.5If C,20:33:10.73,+41:15:08.2,2.24,Cyg OB2 9,Schulte_9_o15_c2T,46,WIDE,1,0,2014-09-13-14:53:28.120,12006.0684,12356.9493,12005.86497401769,12356.74588301469,/Users/hamano/DIB_analysis/DIB_pipeline_dir/Schulte_9/2014_09_13-CygOB2No9_pipeline_ver3.5/2014_09_13-CygOB2No9_pipeline_ver3.5--2014_09_13-29Vul_pipeline_ver3.5-T2/sum/CygOB2No9_sum_m46_fsr1.30_AIR_tel_wscor_helio.fits,True,20160,CygOB2No9/Schulte_9_o15_c2T/CygOB2No9_sum_m46_fsr1.30_AIR_tel_wscor_helio.fits,CygOB2No9,/Users/hamano/DIB_analysis/DIB_pipeline_dir/Schulte_9/2014_09_13-CygOB2No9_pipeline_ver3.5/2014_09_13-CygOB2No9_pipeline_ver3.5--2014_09_13-29Vul_pipeline_ver3.5-T2/,wide
True,paper_2206_03131_reddened_target,Hamano2016_CygOB2_DIB,10.3847/0004-637X/821/1/42,,,15,Schulte  9,Cyg OB2 9 | VI Cyg 9 | CygOB2No9,O4.5If C,20:33:10.73,+41:15:08.2,2.24,Cyg OB2 9,Schulte_9_o15_c2T,58,WIDE,1,0,2014-09-13-14:53:28.120,9550.4006,9784.2925,9550.239337805115,9784.13116241187,/Users/hamano/DIB_analysis/DIB_pipeline_dir/Schulte_9/2014_09_13-CygOB2No9_pipeline_ver3.5/2014_09_13-CygOB2No9_pipeline_ver3.5--2014_09_13-29Vul_pipeline_ver3.5-T2/sum/CygOB2No9_sum_m58_fsr1.30_AIR_tel_wscor_helio.fits,True,20160,CygOB2No9/Schulte_9_o15_c2T/CygOB2No9_sum_m58_fsr1.30_AIR_tel_wscor_helio.fits,CygOB2No9,/Users/hamano/DIB_analysis/DIB_pipeline_dir/Schulte_9/2014_09_13-CygOB2No9_pipeline_ver3.5/2014_09_13-CygOB2No9_pipeline_ver3.5--2014_09_13-29Vul_pipeline_ver3.5-T2/,wide
True,paper_2206_03131_reddened_target,Hamano2016_CygOB2_DIB,10.3847/0004-637X/821/1/42,,,15,Schulte  9,VI Cyg 9 | Cyg OB2 9 | CygOB2No9,O4.5If C,20:33:10.73,+41:15:08.2,2.24,Cyg OB2 9,Schulte_9_o15_c2T,59,WIDE,1,0,2014-09-13-14:53:28.120,9393.3957,9601.3352,9393.23723280682,9601.176752603675,/Users/hamano/DIB_analysis/DIB_pipeline_dir/Schulte_9/2014_09_13-CygOB2No9_pipeline_ver3.5/2014_09_13-CygOB2No9_pipeline_ver3.5--2014_09_13-29Vul_pipeline_ver3.5-T2/sum/CygOB2No9_sum_m59_fsr1.30_AIR_tel_wscor_helio.fits,True,17280,CygOB2No9/Schulte_9_o15_c2T/CygOB2No9_sum_m59_fsr1.30_AIR_tel_wscor_helio.fits,CygOB2No9,/Users/hamano/DIB_analysis/DIB_pipeline_dir/Schulte_9/2014_09_13-CygOB2No9_pipeline_ver3.5/2014_09_13-CygOB2No9_pipeline_ver3.5--2014_09_13-29Vul_pipeline_ver3.5-T2/,wide
True,paper_2206_03131_reddened_target,Hamano2016_CygOB2_DIB,10.3847/0004-637X/821/1/42,,,15,Schulte  9,Cyg OB2 9 | VI Cyg 9 | CygOB2No9,O4.5If C,20:33:10.73,+41:15:08.2,2.24,Cyg OB2 9,Schulte_9_o15_c2T,49,WIDE,1,0,2014-09-13-14:53:28.120,11283.5565,11592.7241,11283.36843184986,11592.53601176786,/Users/hamano/DIB_analysis/DIB_pipeline_dir/Schulte_9/2014_09_13-CygOB2No9_pipeline_ver3.5/2014_09_13-CygOB2No9_pipeline_ver3.5--2014_09_13-29Vul_pipeline_ver3.5-T2/sum/CygOB2No9_sum_m49_fsr1.30_AIR_tel_wscor_helio.fits,True,20160,CygOB2No9/Schulte_9_o15_c2T/CygOB2No9_sum_m49_fsr1.30_AIR_tel_wscor_helio.fits,CygOB2No9,/Users/hamano/DIB_analysis/DIB_pipeline_dir/Schulte_9/2014_09_13-CygOB2No9_pipeline_ver3.5/2014_09_13-CygOB2No9_pipeline_ver3.5--2014_09_13-29Vul_pipeline_ver3.5-T2/,wide
True,paper_2206_03131_reddened_target,Hamano2016_CygOB2_DIB,10.3847/0004-637X/821/1/42,,,15,Schulte  9,Cyg OB2 9 | VI Cyg 9 | CygOB2No9,O4.5If C,20:33:10.73,+41:15:08.2,2.24,Cyg OB2 9,Schulte_9_o15_c2T,52,WIDE,1,0,2014-09-13-14:53:28.120,10645.6361,10918.4941,10645.45591435782,10918.31385305275,/Users/hamano/DIB_analysis/DIB_pipeline_dir/Schulte_9/2014_09_13-CygOB2No9_pipeline_ver3.5/2014_09_13-CygOB2No9_pipeline_ver3.5--2014_09_13-29Vul_pipeline_ver3.5-T2/sum/CygOB2No9_sum_m52_fsr1.30_AIR_tel_wscor_helio.fits,True,20160,CygOB2No9/Schulte_9_o15_c2T/CygOB2No9_sum_m52_fsr1.30_AIR_tel_wscor_helio.fits,CygOB2No9,/Users/hamano/DIB_analysis/DIB_pipeline_dir/Schulte_9/2014_09_13-CygOB2No9_pipeline_ver3.5/2014_09_13-CygOB2No9_pipeline_ver3.5--2014_09_13-29Vul_pipeline_ver3.5-T2/,wide
True,paper_2206_03131_reddened_target,Hamano2016_CygOB2_DIB,10.3847/0004-637X/821/1/42,,,15,Schulte  9,Cyg OB2 9 | VI Cyg 9 | CygOB2No9,O4.5If C,20:33:10.73,+41:15:08.2,2.24,Cyg OB2 9,Schulte_9_o15_c2T,57,WIDE,1,0,2014-09-13-14:53:28.120,9733.3024,9941.1873,9733.138185400125,9941.023058267045,/Users/hamano/DIB_analysis/DIB_pipeline_dir/Schulte_9/2014_09_13-CygOB2No9_pipeline_ver3.5/2014_09_13-CygOB2No9_pipeline_ver3.5--2014_09_13-29Vul_pipeline_ver3.5-T2/sum/CygOB2No9_sum_m57_fsr1.30_AIR_tel_wscor_helio.fits,True,17280,CygOB2No9/Schulte_9_o15_c2T/CygOB2No9_sum_m57_fsr1.30_AIR_tel_wscor_helio.fits,CygOB2No9,/Users/hamano/DIB_analysis/DIB_pipeline_dir/Schulte_9/2014_09_13-CygOB2No9_pipeline_ver3.5/2014_09_13-CygOB2No9_pipeline_ver3.5--2014_09_13-29Vul_pipeline_ver3.5-T2/,wide
True,paper_2206_03131_reddened_target,Hamano2016_CygOB2_DIB,10.3847/0004-637X/821/1/42,,,15,Schulte  9,Cyg OB2 9 | VI Cyg 9 | CygOB2No9,O4.5If C,20:33:10.73,+41:15:08.2,2.24,Cyg OB2 9,Schulte_9_o15_c2T,53,WIDE,1,0,2014-09-13-14:53:28.120,10447.1568,10707.0547,10446.98002410368,10706.87790735171,/Users/hamano/DIB_analysis/DIB_pipeline_dir/Schulte_9/2014_09_13-CygOB2No9_pipeline_ver3.5/2014_09_13-CygOB2No9_pipeline_ver3.5--2014_09_13-29Vul_pipeline_ver3.5-T2/sum/CygOB2No9_sum_m53_fsr1.30_AIR_tel_wscor_helio.fits,True,20160,CygOB2No9/Schulte_9_o15_c2T/CygOB2No9_sum_m53_fsr1.30_AIR_tel_wscor_helio.fits,CygOB2No9,/Users/hamano/DIB_analysis/DIB_pipeline_dir/Schulte_9/2014_09_13-CygOB2No9_pipeline_ver3.5/2014_09_13-CygOB2No9_pipeline_ver3.5--2014_09_13-29Vul_pipeline_ver3.5-T2/,wide
True,paper_2206_03131_reddened_target,Hamano2016_CygOB2_DIB,10.3847/0004-637X/821/1/42,,,15,Schulte  9,Cyg OB2 9 | VI Cyg 9 | CygOB2No9,O4.5If C,20:33:10.73,+41:15:08.2,2.24,Cyg OB2 9,Schulte_9_o15_c2T,47,WIDE,1,0,2014-09-13-14:53:28.120,11765.2914,12084.128,11765.09552961877,12083.93216223575,/Users/hamano/DIB_analysis/DIB_pipeline_dir/Schulte_9/2014_09_13-CygOB2No9_pipeline_ver3.5/2014_09_13-CygOB2No9_pipeline_ver3.5--2014_09_13-29Vul_pipeline_ver3.5-T2/sum/CygOB2No9_sum_m47_fsr1.30_AIR_tel_wscor_helio.fits,True,20160,CygOB2No9/Schulte_9_o15_c2T/CygOB2No9_sum_m47_fsr1.30_AIR_tel_wscor_helio.fits,CygOB2No9,/Users/hamano/DIB_analysis/DIB_pipeline_dir/Schulte_9/2014_09_13-CygOB2No9_pipeline_ver3.5/2014_09_13-CygOB2No9_pipeline_ver3.5--2014_09_13-29Vul_pipeline_ver3.5-T2/,wide
True,paper_2206_03131_reddened_target,Hamano2016_CygOB2_DIB,10.3847/0004-637X/821/1/42,,,15,Schulte  9,Cyg OB2 9 | VI Cyg 9 | CygOB2No9,O4.5If C,20:33:10.73,+41:15:08.2,2.24,Cyg OB2 9,Schulte_9_o15_c2T,48,WIDE,1,0,2014-09-13-14:53:28.120,11520.7847,11832.5902,11520.59282349087,11832.39831201407,/Users/hamano/DIB_analysis/DIB_pipeline_dir/Schulte_9/2014_09_13-CygOB2No9_pipeline_ver3.5/2014_09_13-CygOB2No9_pipeline_ver3.5--2014_09_13-29Vul_pipeline_ver3.5-T2/sum/CygOB2No9_sum_m48_fsr1.30_AIR_tel_wscor_helio.fits,True,20160,CygOB2No9/Schulte_9_o15_c2T/CygOB2No9_sum_m48_fsr1.30_AIR_tel_wscor_helio.fits,CygOB2No9,/Users/hamano/DIB_analysis/DIB_pipeline_dir/Schulte_9/2014_09_13-CygOB2No9_pipeline_ver3.5/2014_09_13-CygOB2No9_pipeline_ver3.5--2014_09_13-29Vul_pipeline_ver3.5-T2/,wide
True,paper_2206_03131_reddened_target,Hamano2016_CygOB2_DIB,10.3847/0004-637X/821/1/42,,,15,Schulte  9,Cyg OB2 9 | VI Cyg 9 | CygOB2No9,O4.5If C,20:33:10.73,+41:15:08.2,2.24,Cyg OB2 9,Schulte_9_o15_c2T,44,WIDE,1,0,2014-09-13-14:53:28.120,12551.3583,12938.2266,12551.14605302025,12938.01443199033,/Users/hamano/DIB_analysis/DIB_pipeline_dir/Schulte_9/2014_09_13-CygOB2No9_pipeline_ver3.5/2014_09_13-CygOB2No9_pipeline_ver3.5--2014_09_13-29Vul_pipeline_ver3.5-T2/sum/CygOB2No9_sum_m44_fsr1.30_AIR_tel_wscor_helio.fits,True,20160,CygOB2No9/Schulte_9_o15_c2T/CygOB2No9_sum_m44_fsr1.30_AIR_tel_wscor_helio.fits,CygOB2No9,/Users/hamano/DIB_analysis/DIB_pipeline_dir/Schulte_9/2014_09_13-CygOB2No9_pipeline_ver3.5/2014_09_13-CygOB2No9_pipeline_ver3.5--2014_09_13-29Vul_pipeline_ver3.5-T2/,wide
True,paper_2206_03131_reddened_target,Hamano2016_CygOB2_DIB,10.3847/0004-637X/821/1/42,,,15,Schulte  9,VI Cyg 9 | Cyg OB2 9 | CygOB2No9,O4.5If C,20:33:10.73,+41:15:08.2,2.24,Cyg OB2 9,Schulte_9_o15_c2T,54,WIDE,1,0,2014-09-13-14:53:28.120,10247.1964,10507.0913,10247.02287081546,10506.91781118095,/Users/hamano/DIB_analysis/DIB_pipeline_dir/Schulte_9/2014_09_13-CygOB2No9_pipeline_ver3.5/2014_09_13-CygOB2No9_pipeline_ver3.5--2014_09_13-29Vul_pipeline_ver3.5-T2/sum/CygOB2No9_sum_m54_fsr1.30_AIR_tel_wscor_helio.fits,True,20160,CygOB2No9/Schulte_9_o15_c2T/CygOB2No9_sum_m54_fsr1.30_AIR_tel_wscor_helio.fits,CygOB2No9,/Users/hamano/DIB_analysis/DIB_pipeline_dir/Schulte_9/2014_09_13-CygOB2No9_pipeline_ver3.5/2014_09_13-CygOB2No9_pipeline_ver3.5--2014_09_13-29Vul_pipeline_ver3.5-T2/,wide
True,paper_2206_03131_reddened_target,Hamano2016_CygOB2_DIB,10.3847/0004-637X/821/1/42,,,15,Schulte  9,Cyg OB2 9 | VI Cyg 9 | CygOB2No9,O4.5If C,20:33:10.73,+41:15:08.2,2.24,Cyg OB2 9,Schulte_9_o15_c2T,51,WIDE,1,0,2014-09-13-14:53:28.120,10855.5506,11128.4398,10855.36682983219,11128.25602310269,/Users/hamano/DIB_analysis/DIB_pipeline_dir/Schulte_9/2014_09_13-CygOB2No9_pipeline_ver3.5/2014_09_13-CygOB2No9_pipeline_ver3.5--2014_09_13-29Vul_pipeline_ver3.5-T2/sum/CygOB2No9_sum_m51_fsr1.30_AIR_tel_wscor_helio.fits,True,20160,CygOB2No9/Schulte_9_o15_c2T/CygOB2No9_sum_m51_fsr1.30_AIR_tel_wscor_helio.fits,CygOB2No9,/Users/hamano/DIB_analysis/DIB_pipeline_dir/Schulte_9/2014_09_13-CygOB2No9_pipeline_ver3.5/2014_09_13-CygOB2No9_pipeline_ver3.5--2014_09_13-29Vul_pipeline_ver3.5-T2/,wide
True,paper_2206_03131_reddened_target,Hamano2016_CygOB2_DIB,10.3847/0004-637X/821/1/42,,,15,Schulte  9,Cyg OB2 9 | VI Cyg 9 | CygOB2No9,O4.5If C,20:33:10.73,+41:15:08.2,2.24,Cyg OB2 9,Schulte_9_o15_c2T,55,WIDE,1,0,2014-09-13-14:53:28.120,10070.1843,10304.1718,10070.01398034192,10304.00151860417,/Users/hamano/DIB_analysis/DIB_pipeline_dir/Schulte_9/2014_09_13-CygOB2No9_pipeline_ver3.5/2014_09_13-CygOB2No9_pipeline_ver3.5--2014_09_13-29Vul_pipeline_ver3.5-T2/sum/CygOB2No9_sum_m55_fsr1.30_AIR_tel_wscor_helio.fits,True,17280,CygOB2No9/Schulte_9_o15_c2T/CygOB2No9_sum_m55_fsr1.30_AIR_tel_wscor_helio.fits,CygOB2No9,/Users/hamano/DIB_analysis/DIB_pipeline_dir/Schulte_9/2014_09_13-CygOB2No9_pipeline_ver3.5/2014_09_13-CygOB2No9_pipeline_ver3.5--2014_09_13-29Vul_pipeline_ver3.5-T2/,wide
True,paper_2206_03131_reddened_target,Hamano2016_CygOB2_DIB,10.3847/0004-637X/821/1/42,,,15,Schulte  9,Cyg OB2 9 | VI Cyg 9 | CygOB2No9,O4.5If C,20:33:10.73,+41:15:08.2,2.24,Cyg OB2 9,Schulte_9_o15_c2T,56,WIDE,1,0,2014-09-13-14:53:28.120,9890.3068,10124.2231,9890.139635222982,10124.05589273504,/Users/hamano/DIB_analysis/DIB_pipeline_dir/Schulte_9/2014_09_13-CygOB2No9_pipeline_ver3.5/2014_09_13-CygOB2No9_pipeline_ver3.5--2014_09_13-29Vul_pipeline_ver3.5-T2/sum/CygOB2No9_sum_m56_fsr1.30_AIR_tel_wscor_helio.fits,True,17280,CygOB2No9/Schulte_9_o15_c2T/CygOB2No9_sum_m56_fsr1.30_AIR_tel_wscor_helio.fits,CygOB2No9,/Users/hamano/DIB_analysis/DIB_pipeline_dir/Schulte_9/2014_09_13-CygOB2No9_pipeline_ver3.5/2014_09_13-CygOB2No9_pipeline_ver3.5--2014_09_13-29Vul_pipeline_ver3.5-T2/,wide
True,paper_2206_03131_reddened_target,Hamano2016_CygOB2_DIB,10.3847/0004-637X/821/1/42,,,15,Schulte  9,Cyg OB2 9 | VI Cyg 9 | CygOB2No9,O4.5If C,20:33:10.73,+41:15:08.2,2.24,Cyg OB2 9,Schulte_9_o15_c2T,43,WIDE,1,0,2014-09-13-14:53:28.120,12853.0383,13229.8638,12852.82148438181,13229.64694155514,/Users/hamano/DIB_analysis/DIB_pipeline_dir/Schulte_9/2014_09_13-CygOB2No9_pipeline_ver3.5/2014_09_13-CygOB2No9_pipeline_ver3.5--2014_09_13-29Vul_pipeline_ver3.5-T2/sum/CygOB2No9_sum_m43_fsr1.30_AIR_tel_wscor_helio.fits,True,20160,CygOB2No9/Schulte_9_o15_c2T/CygOB2No9_sum_m43_fsr1.30_AIR_tel_wscor_helio.fits,CygOB2No9,/Users/hamano/DIB_analysis/DIB_pipeline_dir/Schulte_9/2014_09_13-CygOB2No9_pipeline_ver3.5/2014_09_13-CygOB2No9_pipeline_ver3.5--2014_09_13-29Vul_pipeline_ver3.5-T2/,wide
True,paper_2206_03131_reddened_target,Hamano2016_CygOB2_DIB,10.3847/0004-637X/821/1/42,,,15,Schulte  9,VI Cyg 9 | Cyg OB2 9 | CygOB2No9,O4.5If C,20:33:10.73,+41:15:08.2,2.24,Cyg OB2 9,Schulte_9_o15_c2T,42,WIDE,1,0,2014-09-13-14:53:28.120,13138.4002,13553.7885,13138.1786670636,13553.5669939409,/Users/hamano/DIB_analysis/DIB_pipeline_dir/Schulte_9/2014_09_13-CygOB2No9_pipeline_ver3.5/2014_09_13-CygOB2No9_pipeline_ver3.5--2014_09_13-29Vul_pipeline_ver3.5-T2/sum/CygOB2No9_sum_m42_fsr1.30_AIR_tel_wscor_helio.fits,True,20160,CygOB2No9/Schulte_9_o15_c2T/CygOB2No9_sum_m42_fsr1.30_AIR_tel_wscor_helio.fits,CygOB2No9,/Users/hamano/DIB_analysis/DIB_pipeline_dir/Schulte_9/2014_09_13-CygOB2No9_pipeline_ver3.5/2014_09_13-CygOB2No9_pipeline_ver3.5--2014_09_13-29Vul_pipeline_ver3.5-T2/,wide
True,paper_2206_03131_reddened_target,Hamano2016_CygOB2_DIB,10.3847/0004-637X/821/1/42,,,15,Schulte  9,Cyg OB2 9 | VI Cyg 9 | CygOB2No9,O4.5If C,20:33:10.73,+41:15:08.2,2.24,Cyg OB2 9,Schulte_9_o15_c2T,61,WIDE,1,0,2014-09-13-14:53:28.120,9093.6031,9301.5348,9093.449984831279,9301.381670579902,/Users/hamano/DIB_analysis/DIB_pipeline_dir/Schulte_9/2014_09_13-CygOB2No9_pipeline_ver3.5/2014_09_13-CygOB2No9_pipeline_ver3.5--2014_09_13-29Vul_pipeline_ver3.5-T2/sum/CygOB2No9_sum_m61_fsr1.30_AIR_tel_wscor_helio.fits,True,17280,CygOB2No9/Schulte_9_o15_c2T/CygOB2No9_sum_m61_fsr1.30_AIR_tel_wscor_helio.fits,CygOB2No9,/Users/hamano/DIB_analysis/DIB_pipeline_dir/Schulte_9/2014_09_13-CygOB2No9_pipeline_ver3.5/2014_09_13-CygOB2No9_pipeline_ver3.5--2014_09_13-29Vul_pipeline_ver3.5-T2/,wide
True,paper_2206_03131_reddened_target,Hamano2016_CygOB2_DIB,10.3847/0004-637X/821/1/42,,,15,Schulte  9,Cyg OB2 9 | VI Cyg 9 | CygOB2No9,O4.5If C,20:33:10.73,+41:15:08.2,2.24,Cyg OB2 9,Schulte_9_o15_c2T,60,WIDE,1,0,2014-09-13-14:53:28.120,9256.4637,9438.3943,9256.307912920558,9438.238507933918,/Users/hamano/DIB_analysis/DIB_pipeline_dir/Schulte_9/2014_09_13-CygOB2No9_pipeline_ver3.5/2014_09_13-CygOB2No9_pipeline_ver3.5--2014_09_13-29Vul_pipeline_ver3.5-T2/sum/CygOB2No9_sum_m60_fsr1.30_AIR_tel_wscor_helio.fits,True,17280,CygOB2No9/Schulte_9_o15_c2T/CygOB2No9_sum_m60_fsr1.30_AIR_tel_wscor_helio.fits,CygOB2No9,/Users/hamano/DIB_analysis/DIB_pipeline_dir/Schulte_9/2014_09_13-CygOB2No9_pipeline_ver3.5/2014_09_13-CygOB2No9_pipeline_ver3.5--2014_09_13-29Vul_pipeline_ver3.5-T2/,wide
True,paper_2206_03131_reddened_target,,,,,27,HD 148379,HD 148379,B2Iab C,16:29:42.32,-46:14:35.6,0.75,HD 148379,HD_148379_o27_c2T,51,WIDE,1,0,2017-07-30-23:27:42.477,10854.7841,11127.5058,10854.60045803101,11127.32212991111,/Users/hamano/DIB_analysis/DIB_pipeline_dir/HD_148379/2017_07_30-HD_148379_pipeline_ver3.6/2017_07_30-HD_148379_pipeline_ver3.6--HD_139129_pipeline_ver3.6-T2/sum/HD_148379_sum_m51_fsr1.30_AIR_tel_wscor_helio.fits,True,25920,HD_148379/HD_148379_o27_c2T/HD_148379_sum_m51_fsr1.30_AIR_tel_wscor_helio.fits,HD_148379,/Users/hamano/DIB_analysis/DIB_pipeline_dir/HD_148379/2017_07_30-HD_148379_pipeline_ver3.6/2017_07_30-HD_148379_pipeline_ver3.6--HD_139129_pipeline_ver3.6-T2/,wide
True,paper_2206_03131_reddened_target,,,,,27,HD 148379,HD 148379,B2Iab C,16:29:42.32,-46:14:35.6,0.75,HD 148379,HD_148379_o27_c2T,56,WIDE,1,0,2017-07-30-23:27:42.477,9889.6325,10123.3842,9889.46537189204,10123.21712001992,/Users/hamano/DIB_analysis/DIB_pipeline_dir/HD_148379/2017_07_30-HD_148379_pipeline_ver3.6/2017_07_30-HD_148379_pipeline_ver3.6--HD_139129_pipeline_ver3.6-T2/sum/HD_148379_sum_m56_fsr1.30_AIR_tel_wscor_helio.fits,True,23040,HD_148379/HD_148379_o27_c2T/HD_148379_sum_m56_fsr1.30_AIR_tel_wscor_helio.fits,HD_148379,/Users/hamano/DIB_analysis/DIB_pipeline_dir/HD_148379/2017_07_30-HD_148379_pipeline_ver3.6/2017_07_30-HD_148379_pipeline_ver3.6--HD_139129_pipeline_ver3.6-T2/,wide
True,paper_2206_03131_reddened_target,,,,,27,HD 148379,HD 148379,B2Iab C,16:29:42.32,-46:14:35.6,0.75,HD 148379,HD_148379_o27_c2T,44,WIDE,1,0,2017-07-30-23:27:42.477,12550.6712,12938.1422,12550.45884263794,12937.92984437468,/Users/hamano/DIB_analysis/DIB_pipeline_dir/HD_148379/2017_07_30-HD_148379_pipeline_ver3.6/2017_07_30-HD_148379_pipeline_ver3.6--HD_139129_pipeline_ver3.6-T2/sum/HD_148379_sum_m44_fsr1.30_AIR_tel_wscor_helio.fits,True,25920,HD_148379/HD_148379_o27_c2T/HD_148379_sum_m44_fsr1.30_AIR_tel_wscor_helio.fits,HD_148379,/Users/hamano/DIB_analysis/DIB_pipeline_dir/HD_148379/2017_07_30-HD_148379_pipeline_ver3.6/2017_07_30-HD_148379_pipeline_ver3.6--HD_139129_pipeline_ver3.6-T2/,wide
True,paper_2206_03131_reddened_target,,,,,27,HD 148379,HD 148379,B2Iab C,16:29:42.32,-46:14:35.6,0.75,HD 148379,HD_148379_o27_c2T,58,WIDE,1,0,2017-07-30-23:27:42.477,9549.755,9783.5126,9549.593870508947,9783.35144993933,/Users/hamano/DIB_analysis/DIB_pipeline_dir/HD_148379/2017_07_30-HD_148379_pipeline_ver3.6/2017_07_30-HD_148379_pipeline_ver3.6--HD_139129_pipeline_ver3.6-T2/sum/HD_148379_sum_m58_fsr1.30_AIR_tel_wscor_helio.fits,True,25920,HD_148379/HD_148379_o27_c2T/HD_148379_sum_m58_fsr1.30_AIR_tel_wscor_helio.fits,HD_148379,/Users/hamano/DIB_analysis/DIB_pipeline_dir/HD_148379/2017_07_30-HD_148379_pipeline_ver3.6/2017_07_30-HD_148379_pipeline_ver3.6--HD_139129_pipeline_ver3.6-T2/,wide
True,paper_2206_03131_reddened_target,,,,,27,HD 148379,HD 148379,B2Iab C,16:29:42.32,-46:14:35.6,0.75,HD 148379,HD_148379_o27_c2T,61,WIDE,1,0,2017-07-30-23:27:42.477,9092.9197,9300.6941,9092.766740364608,9300.541131404096,/Users/hamano/DIB_analysis/DIB_pipeline_dir/HD_148379/2017_07_30-HD_148379_pipeline_ver3.6/2017_07_30-HD_148379_pipeline_ver3.6--HD_139129_pipeline_ver3.6-T2/sum/HD_148379_sum_m61_fsr1.30_AIR_tel_wscor_helio.fits,True,23040,HD_148379/HD_148379_o27_c2T/HD_148379_sum_m61_fsr1.30_AIR_tel_wscor_helio.fits,HD_148379,/Users/hamano/DIB_analysis/DIB_pipeline_dir/HD_148379/2017_07_30-HD_148379_pipeline_ver3.6/2017_07_30-HD_148379_pipeline_ver3.6--HD_139129_pipeline_ver3.6-T2/,wide
True,paper_2206_03131_reddened_target,,,,,27,HD 148379,HD 148379,B2Iab C,16:29:42.32,-46:14:35.6,0.75,HD 148379,HD_148379_o27_c2T,52,WIDE,1,0,2017-07-30-23:27:42.477,10644.8598,10917.5844,10644.67970658684,10917.40429334749,/Users/hamano/DIB_analysis/DIB_pipeline_dir/HD_148379/2017_07_30-HD_148379_pipeline_ver3.6/2017_07_30-HD_148379_pipeline_ver3.6--HD_139129_pipeline_ver3.6-T2/sum/HD_148379_sum_m52_fsr1.30_AIR_tel_wscor_helio.fits,True,25920,HD_148379/HD_148379_o27_c2T/HD_148379_sum_m52_fsr1.30_AIR_tel_wscor_helio.fits,HD_148379,/Users/hamano/DIB_analysis/DIB_pipeline_dir/HD_148379/2017_07_30-HD_148379_pipeline_ver3.6/2017_07_30-HD_148379_pipeline_ver3.6--HD_139129_pipeline_ver3.6-T2/,wide
True,paper_2206_03131_reddened_target,,,,,27,HD 148379,HD 148379,B2Iab C,16:29:42.32,-46:14:35.6,0.75,HD 148379,HD_148379_o27_c2T,42,WIDE,1,0,2017-07-30-23:27:42.477,13137.459,13553.0922,13137.2367644981,13552.86990276078,/Users/hamano/DIB_analysis/DIB_pipeline_dir/HD_148379/2017_07_30-HD_148379_pipeline_ver3.6/2017_07_30-HD_148379_pipeline_ver3.6--HD_139129_pipeline_ver3.6-T2/sum/HD_148379_sum_m42_fsr1.30_AIR_tel_wscor_helio.fits,True,25920,HD_148379/HD_148379_o27_c2T/HD_148379_sum_m42_fsr1.30_AIR_tel_wscor_helio.fits,HD_148379,/Users/hamano/DIB_analysis/DIB_pipeline_dir/HD_148379/2017_07_30-HD_148379_pipeline_ver3.6/2017_07_30-HD_148379_pipeline_ver3.6--HD_139129_pipeline_ver3.6-T2/,wide
True,paper_2206_03131_reddened_target,,,,,27,HD 148379,HD 148379,B2Iab C,16:29:42.32,-46:14:35.6,0.75,HD 148379,HD_148379_o27_c2T,46,WIDE,1,0,2017-07-30-23:27:42.477,12005.3683,12356.0435,12005.16502041236,12355.8401662839,/Users/hamano/DIB_analysis/DIB_pipeline_dir/HD_148379/2017_07_30-HD_148379_pipeline_ver3.6/2017_07_30-HD_148379_pipeline_ver3.6--HD_139129_pipeline_ver3.6-T2/sum/HD_148379_sum_m46_fsr1.30_AIR_tel_wscor_helio.fits,True,25920,HD_148379/HD_148379_o27_c2T/HD_148379_sum_m46_fsr1.30_AIR_tel_wscor_helio.fits,HD_148379,/Users/hamano/DIB_analysis/DIB_pipeline_dir/HD_148379/2017_07_30-HD_148379_pipeline_ver3.6/2017_07_30-HD_148379_pipeline_ver3.6--HD_139129_pipeline_ver3.6-T2/,wide
True,paper_2206_03131_reddened_target,,,,,27,HD 148379,HD 148379,B2Iab C,16:29:42.32,-46:14:35.6,0.75,HD 148379,HD_148379_o27_c2T,55,WIDE,1,0,2017-07-30-23:27:42.477,10069.5676,10303.3164,10069.39745957799,10303.1462917651,/Users/hamano/DIB_analysis/DIB_pipeline_dir/HD_148379/2017_07_30-HD_148379_pipeline_ver3.6/2017_07_30-HD_148379_pipeline_ver3.6--HD_139129_pipeline_ver3.6-T2/sum/HD_148379_sum_m55_fsr1.30_AIR_tel_wscor_helio.fits,True,23040,HD_148379/HD_148379_o27_c2T/HD_148379_sum_m55_fsr1.30_AIR_tel_wscor_helio.fits,HD_148379,/Users/hamano/DIB_analysis/DIB_pipeline_dir/HD_148379/2017_07_30-HD_148379_pipeline_ver3.6/2017_07_30-HD_148379_pipeline_ver3.6--HD_139129_pipeline_ver3.6-T2/,wide
True,paper_2206_03131_reddened_target,,,,,27,HD 148379,HD 148379,B2Iab C,16:29:42.32,-46:14:35.6,0.75,HD 148379,HD_148379_o27_c2T,48,WIDE,1,0,2017-07-30-23:27:42.477,11520.0438,11831.7402,11519.84872099955,11831.5451811921,/Users/hamano/DIB_analysis/DIB_pipeline_dir/HD_148379/2017_07_30-HD_148379_pipeline_ver3.6/2017_07_30-HD_148379_pipeline_ver3.6--HD_139129_pipeline_ver3.6-T2/sum/HD_148379_sum_m48_fsr1.30_AIR_tel_wscor_helio.fits,True,25920,HD_148379/HD_148379_o27_c2T/HD_148379_sum_m48_fsr1.30_AIR_tel_wscor_helio.fits,HD_148379,/Users/hamano/DIB_analysis/DIB_pipeline_dir/HD_148379/2017_07_30-HD_148379_pipeline_ver3.6/2017_07_30-HD_148379_pipeline_ver3.6--HD_139129_pipeline_ver3.6-T2/,wide
True,paper_2206_03131_reddened_target,,,,,27,HD 148379,HD 148379,B2Iab C,16:29:42.32,-46:14:35.6,0.75,HD 148379,HD_148379_o27_c2T,59,WIDE,1,0,2017-07-30-23:27:42.477,9392.8117,9600.5812,9392.65333297661,9600.422866747058,/Users/hamano/DIB_analysis/DIB_pipeline_dir/HD_148379/2017_07_30-HD_148379_pipeline_ver3.6/2017_07_30-HD_148379_pipeline_ver3.6--HD_139129_pipeline_ver3.6-T2/sum/HD_148379_sum_m59_fsr1.30_AIR_tel_wscor_helio.fits,True,23040,HD_148379/HD_148379_o27_c2T/HD_148379_sum_m59_fsr1.30_AIR_tel_wscor_helio.fits,HD_148379,/Users/hamano/DIB_analysis/DIB_pipeline_dir/HD_148379/2017_07_30-HD_148379_pipeline_ver3.6/2017_07_30-HD_148379_pipeline_ver3.6--HD_139129_pipeline_ver3.6-T2/,wide
True,paper_2206_03131_reddened_target,,,,,27,HD 148379,HD 148379,B2Iab C,16:29:42.32,-46:14:35.6,0.75,HD 148379,HD_148379_o27_c2T,47,WIDE,1,0,2017-07-30-23:27:42.477,11758.4576,12083.1457,11758.25855431446,12082.9466123299,/Users/hamano/DIB_analysis/DIB_pipeline_dir/HD_148379/2017_07_30-HD_148379_pipeline_ver3.6/2017_07_30-HD_148379_pipeline_ver3.6--HD_139129_pipeline_ver3.6-T2/sum/HD_148379_sum_m47_fsr1.30_AIR_tel_wscor_helio.fits,True,25920,HD_148379/HD_148379_o27_c2T/HD_148379_sum_m47_fsr1.30_AIR_tel_wscor_helio.fits,HD_148379,/Users/hamano/DIB_analysis/DIB_pipeline_dir/HD_148379/2017_07_30-HD_148379_pipeline_ver3.6/2017_07_30-HD_148379_pipeline_ver3.6--HD_139129_pipeline_ver3.6-T2/,wide
True,paper_2206_03131_reddened_target,,,,,27,HD 148379,HD 148379,B2Iab C,16:29:42.32,-46:14:35.6,0.75,HD 148379,HD_148379_o27_c2T,49,WIDE,1,0,2017-07-30-23:27:42.477,11280.1304,11591.8307,11279.93925315996,11591.63960321317,/Users/hamano/DIB_analysis/DIB_pipeline_dir/HD_148379/2017_07_30-HD_148379_pipeline_ver3.6/2017_07_30-HD_148379_pipeline_ver3.6--HD_139129_pipeline_ver3.6-T2/sum/HD_148379_sum_m49_fsr1.30_AIR_tel_wscor_helio.fits,True,25920,HD_148379/HD_148379_o27_c2T/HD_148379_sum_m49_fsr1.30_AIR_tel_wscor_helio.fits,HD_148379,/Users/hamano/DIB_analysis/DIB_pipeline_dir/HD_148379/2017_07_30-HD_148379_pipeline_ver3.6/2017_07_30-HD_148379_pipeline_ver3.6--HD_139129_pipeline_ver3.6-T2/,wide
True,paper_2206_03131_reddened_target,,,,,27,HD 148379,HD 148379,B2Iab C,16:29:42.32,-46:14:35.6,0.75,HD 148379,HD_148379_o27_c2T,57,WIDE,1,0,2017-07-30-23:27:42.477,9732.6892,9940.4529,9732.525090843072,9940.288791675081,/Users/hamano/DIB_analysis/DIB_pipeline_dir/HD_148379/2017_07_30-HD_148379_pipeline_ver3.6/2017_07_30-HD_148379_pipeline_ver3.6--HD_139129_pipeline_ver3.6-T2/sum/HD_148379_sum_m57_fsr1.30_AIR_tel_wscor_helio.fits,True,23040,HD_148379/HD_148379_o27_c2T/HD_148379_sum_m57_fsr1.30_AIR_tel_wscor_helio.fits,HD_148379,/Users/hamano/DIB_analysis/DIB_pipeline_dir/HD_148379/2017_07_30-HD_148379_pipeline_ver3.6/2017_07_30-HD_148379_pipeline_ver3.6--HD_139129_pipeline_ver3.6-T2/,wide
True,paper_2206_03131_reddened_target,,,,,27,HD 148379,HD 148379,B2Iab C,16:29:42.32,-46:14:35.6,0.75,HD 148379,HD_148379_o27_c2T,54,WIDE,1,0,2017-07-30-23:27:42.477,10246.5036,10506.2395,10246.3302213143,10506.06612885191,/Users/hamano/DIB_analysis/DIB_pipeline_dir/HD_148379/2017_07_30-HD_148379_pipeline_ver3.6/2017_07_30-HD_148379_pipeline_ver3.6--HD_139129_pipeline_ver3.6-T2/sum/HD_148379_sum_m54_fsr1.30_AIR_tel_wscor_helio.fits,True,25920,HD_148379/HD_148379_o27_c2T/HD_148379_sum_m54_fsr1.30_AIR_tel_wscor_helio.fits,HD_148379,/Users/hamano/DIB_analysis/DIB_pipeline_dir/HD_148379/2017_07_30-HD_148379_pipeline_ver3.6/2017_07_30-HD_148379_pipeline_ver3.6--HD_139129_pipeline_ver3.6-T2/,wide
True,paper_2206_03131_reddened_target,,,,,27,HD 148379,HD 148379,B2Iab C,16:29:42.32,-46:14:35.6,0.75,HD 148379,HD_148379_o27_c2T,50,WIDE,1,0,2017-07-30-23:27:42.477,11063.2088,11348.9221,11063.0214658923,11348.73473263197,/Users/hamano/DIB_analysis/DIB_pipeline_dir/HD_148379/2017_07_30-HD_148379_pipeline_ver3.6/2017_07_30-HD_148379_pipeline_ver3.6--HD_139129_pipeline_ver3.6-T2/sum/HD_148379_sum_m50_fsr1.30_AIR_tel_wscor_helio.fits,True,25920,HD_148379/HD_148379_o27_c2T/HD_148379_sum_m50_fsr1.30_AIR_tel_wscor_helio.fits,HD_148379,/Users/hamano/DIB_analysis/DIB_pipeline_dir/HD_148379/2017_07_30-HD_148379_pipeline_ver3.6/2017_07_30-HD_148379_pipeline_ver3.6--HD_139129_pipeline_ver3.6-T2/,wide
True,paper_2206_03131_reddened_target,,,,,27,HD 148379,HD 148379,B2Iab C,16:29:42.32,-46:14:35.6,0.75,HD 148379,HD_148379_o27_c2T,43,WIDE,1,0,2017-07-30-23:27:42.477,12852.0624,13228.7149,12851.84516978145,13228.49767642245,/Users/hamano/DIB_analysis/DIB_pipeline_dir/HD_148379/2017_07_30-HD_148379_pipeline_ver3.6/2017_07_30-HD_148379_pipeline_ver3.6--HD_139129_pipeline_ver3.6-T2/sum/HD_148379_sum_m43_fsr1.30_AIR_tel_wscor_helio.fits,True,25920,HD_148379/HD_148379_o27_c2T/HD_148379_sum_m43_fsr1.30_AIR_tel_wscor_helio.fits,HD_148379,/Users/hamano/DIB_analysis/DIB_pipeline_dir/HD_148379/2017_07_30-HD_148379_pipeline_ver3.6/2017_07_30-HD_148379_pipeline_ver3.6--HD_139129_pipeline_ver3.6-T2/,wide
True,paper_2206_03131_reddened_target,,,,,27,HD 148379,HD 148379,B2Iab C,16:29:42.32,-46:14:35.6,0.75,HD 148379,HD_148379_o27_c2T,53,WIDE,1,0,2017-07-30-23:27:42.477,10446.4315,10706.1645,10446.25481494677,10705.98780786465,/Users/hamano/DIB_analysis/DIB_pipeline_dir/HD_148379/2017_07_30-HD_148379_pipeline_ver3.6/2017_07_30-HD_148379_pipeline_ver3.6--HD_139129_pipeline_ver3.6-T2/sum/HD_148379_sum_m53_fsr1.30_AIR_tel_wscor_helio.fits,True,25920,HD_148379/HD_148379_o27_c2T/HD_148379_sum_m53_fsr1.30_AIR_tel_wscor_helio.fits,HD_148379,/Users/hamano/DIB_analysis/DIB_pipeline_dir/HD_148379/2017_07_30-HD_148379_pipeline_ver3.6/2017_07_30-HD_148379_pipeline_ver3.6--HD_139129_pipeline_ver3.6-T2/,wide
True,paper_2206_03131_reddened_target,,,,,27,HD 148379,HD 148379,B2Iab C,16:29:42.32,-46:14:35.6,0.75,HD 148379,HD_148379_o27_c2T,60,WIDE,1,0,2017-07-30-23:27:42.477,9255.8612,9437.6427,9255.705566155826,9437.487058181885,/Users/hamano/DIB_analysis/DIB_pipeline_dir/HD_148379/2017_07_30-HD_148379_pipeline_ver3.6/2017_07_30-HD_148379_pipeline_ver3.6--HD_139129_pipeline_ver3.6-T2/sum/HD_148379_sum_m60_fsr1.30_AIR_tel_wscor_helio.fits,True,23040,HD_148379/HD_148379_o27_c2T/HD_148379_sum_m60_fsr1.30_AIR_tel_wscor_helio.fits,HD_148379,/Users/hamano/DIB_analysis/DIB_pipeline_dir/HD_148379/2017_07_30-HD_148379_pipeline_ver3.6/2017_07_30-HD_148379_pipeline_ver3.6--HD_139129_pipeline_ver3.6-T2/,wide
True,paper_2206_03131_reddened_target,,,,,27,HD 148379,HD 148379,B2Iab C,16:29:42.32,-46:14:35.6,0.75,HD 148379,HD_148379_o27_c2T,45,WIDE,1,0,2017-07-30-23:27:42.477,12273.7713,12637.4371,12273.56350257874,12637.22927280284,/Users/hamano/DIB_analysis/DIB_pipeline_dir/HD_148379/2017_07_30-HD_148379_pipeline_ver3.6/2017_07_30-HD_148379_pipeline_ver3.6--HD_139129_pipeline_ver3.6-T2/sum/HD_148379_sum_m45_fsr1.30_AIR_tel_wscor_helio.fits,True,25920,HD_148379/HD_148379_o27_c2T/HD_148379_sum_m45_fsr1.30_AIR_tel_wscor_helio.fits,HD_148379,/Users/hamano/DIB_analysis/DIB_pipeline_dir/HD_148379/2017_07_30-HD_148379_pipeline_ver3.6/2017_07_30-HD_148379_pipeline_ver3.6--HD_139129_pipeline_ver3.6-T2/,wide
True,extra_candidate_release_object,,,NTT17c_DIBanalysis_candidate,Found in 2017-07 NTT17c quality/telluric/DIBanalysis traces; not yet tied to a publication.,29,HD 150898,HD 150898,B0Ia/ab C,16:47:19.65,-58:20:29.1,0.18,HD 150898,HD_150898_o29_c2T,51,WIDE,1,0,2017-07-30-02:32:55.606,10854.8697,11127.5948,10854.68606754224,11127.41112352963,/Users/hamano/DIB_analysis/DIB_pipeline_dir/HD_150898/2017_07_29-HD_150898_pipeline_ver3.6/2017_07_29-HD_150898_pipeline_ver3.6--2017_07_29-HR_7159_pipeline_ver3.6-T2/sum/HD_150898_sum_m51_fsr1.30_AIR_tel_wscor_helio.fits,True,25920,HD_150898/HD_150898_o29_c2T/HD_150898_sum_m51_fsr1.30_AIR_tel_wscor_helio.fits,HD_150898,/Users/hamano/DIB_analysis/DIB_pipeline_dir/HD_150898/2017_07_29-HD_150898_pipeline_ver3.6/2017_07_29-HD_150898_pipeline_ver3.6--2017_07_29-HR_7159_pipeline_ver3.6-T2/,wide
True,extra_candidate_release_object,,,NTT17c_DIBanalysis_candidate,Found in 2017-07 NTT17c quality/telluric/DIBanalysis traces; not yet tied to a publication.,29,HD 150898,HD 150898,B0Ia/ab C,16:47:19.65,-58:20:29.1,0.18,HD 150898,HD_150898_o29_c2T,47,WIDE,1,0,2017-07-30-02:32:55.606,11758.5531,12083.2452,11758.35404902453,12083.04613598058,/Users/hamano/DIB_analysis/DIB_pipeline_dir/HD_150898/2017_07_29-HD_150898_pipeline_ver3.6/2017_07_29-HD_150898_pipeline_ver3.6--2017_07_29-HR_7159_pipeline_ver3.6-T2/sum/HD_150898_sum_m47_fsr1.30_AIR_tel_wscor_helio.fits,True,25920,HD_150898/HD_150898_o29_c2T/HD_150898_sum_m47_fsr1.30_AIR_tel_wscor_helio.fits,HD_150898,/Users/hamano/DIB_analysis/DIB_pipeline_dir/HD_150898/2017_07_29-HD_150898_pipeline_ver3.6/2017_07_29-HD_150898_pipeline_ver3.6--2017_07_29-HR_7159_pipeline_ver3.6-T2/,wide
True,extra_candidate_release_object,,,NTT17c_DIBanalysis_candidate,Found in 2017-07 NTT17c quality/telluric/DIBanalysis traces; not yet tied to a publication.,29,HD 150898,HD 150898,B0Ia/ab C,16:47:19.65,-58:20:29.1,0.18,HD 150898,HD_150898_o29_c2T,46,WIDE,1,0,2017-07-30-02:32:55.606,12005.4665,12356.146,12005.26320763531,12355.94270491232,/Users/hamano/DIB_analysis/DIB_pipeline_dir/HD_150898/2017_07_29-HD_150898_pipeline_ver3.6/2017_07_29-HD_150898_pipeline_ver3.6--2017_07_29-HR_7159_pipeline_ver3.6-T2/sum/HD_150898_sum_m46_fsr1.30_AIR_tel_wscor_helio.fits,True,25920,HD_150898/HD_150898_o29_c2T/HD_150898_sum_m46_fsr1.30_AIR_tel_wscor_helio.fits,HD_150898,/Users/hamano/DIB_analysis/DIB_pipeline_dir/HD_150898/2017_07_29-HD_150898_pipeline_ver3.6/2017_07_29-HD_150898_pipeline_ver3.6--2017_07_29-HR_7159_pipeline_ver3.6-T2/,wide
True,extra_candidate_release_object,,,NTT17c_DIBanalysis_candidate,Found in 2017-07 NTT17c quality/telluric/DIBanalysis traces; not yet tied to a publication.,29,HD 150898,HD 150898,B0Ia/ab C,16:47:19.65,-58:20:29.1,0.18,HD 150898,HD_150898_o29_c2T,61,WIDE,1,0,2017-07-30-02:32:55.606,9092.9861,9300.763,9092.833051041272,9300.610020278578,/Users/hamano/DIB_analysis/DIB_pipeline_dir/HD_150898/2017_07_29-HD_150898_pipeline_ver3.6/2017_07_29-HD_150898_pipeline_ver3.6--2017_07_29-HR_7159_pipeline_ver3.6-T2/sum/HD_150898_sum_m61_fsr1.30_AIR_tel_wscor_helio.fits,True,23040,HD_150898/HD_150898_o29_c2T/HD_150898_sum_m61_fsr1.30_AIR_tel_wscor_helio.fits,HD_150898,/Users/hamano/DIB_analysis/DIB_pipeline_dir/HD_150898/2017_07_29-HD_150898_pipeline_ver3.6/2017_07_29-HD_150898_pipeline_ver3.6--2017_07_29-HR_7159_pipeline_ver3.6-T2/,wide
True,extra_candidate_release_object,,,NTT17c_DIBanalysis_candidate,Found in 2017-07 NTT17c quality/telluric/DIBanalysis traces; not yet tied to a publication.,29,HD 150898,HD 150898,B0Ia/ab C,16:47:19.65,-58:20:29.1,0.18,HD 150898,HD_150898_o29_c2T,56,WIDE,1,0,2017-07-30-02:32:55.606,9889.7075,10123.4621,9889.540411796032,10123.29506046633,/Users/hamano/DIB_analysis/DIB_pipeline_dir/HD_150898/2017_07_29-HD_150898_pipeline_ver3.6/2017_07_29-HD_150898_pipeline_ver3.6--2017_07_29-HR_7159_pipeline_ver3.6-T2/sum/HD_150898_sum_m56_fsr1.30_AIR_tel_wscor_helio.fits,True,23040,HD_150898/HD_150898_o29_c2T/HD_150898_sum_m56_fsr1.30_AIR_tel_wscor_helio.fits,HD_150898,/Users/hamano/DIB_analysis/DIB_pipeline_dir/HD_150898/2017_07_29-HD_150898_pipeline_ver3.6/2017_07_29-HD_150898_pipeline_ver3.6--2017_07_29-HR_7159_pipeline_ver3.6-T2/,wide
True,extra_candidate_release_object,,,NTT17c_DIBanalysis_candidate,Found in 2017-07 NTT17c quality/telluric/DIBanalysis traces; not yet tied to a publication.,29,HD 150898,HD 150898,B0Ia/ab C,16:47:19.65,-58:20:29.1,0.18,HD 150898,HD_150898_o29_c2T,53,WIDE,1,0,2017-07-30-02:32:55.606,10446.5126,10706.2489,10446.3359500443,10706.07216589717,/Users/hamano/DIB_analysis/DIB_pipeline_dir/HD_150898/2017_07_29-HD_150898_pipeline_ver3.6/2017_07_29-HD_150898_pipeline_ver3.6--2017_07_29-HR_7159_pipeline_ver3.6-T2/sum/HD_150898_sum_m53_fsr1.30_AIR_tel_wscor_helio.fits,True,25920,HD_150898/HD_150898_o29_c2T/HD_150898_sum_m53_fsr1.30_AIR_tel_wscor_helio.fits,HD_150898,/Users/hamano/DIB_analysis/DIB_pipeline_dir/HD_150898/2017_07_29-HD_150898_pipeline_ver3.6/2017_07_29-HD_150898_pipeline_ver3.6--2017_07_29-HR_7159_pipeline_ver3.6-T2/,wide
True,extra_candidate_release_object,,,NTT17c_DIBanalysis_candidate,Found in 2017-07 NTT17c quality/telluric/DIBanalysis traces; not yet tied to a publication.,29,HD 150898,HD 150898,B0Ia/ab C,16:47:19.65,-58:20:29.1,0.18,HD 150898,HD_150898_o29_c2T,57,WIDE,1,0,2017-07-30-02:32:55.606,9732.7625,9940.5288,9732.598426184924,9940.364705082757,/Users/hamano/DIB_analysis/DIB_pipeline_dir/HD_150898/2017_07_29-HD_150898_pipeline_ver3.6/2017_07_29-HD_150898_pipeline_ver3.6--2017_07_29-HR_7159_pipeline_ver3.6-T2/sum/HD_150898_sum_m57_fsr1.30_AIR_tel_wscor_helio.fits,True,23040,HD_150898/HD_150898_o29_c2T/HD_150898_sum_m57_fsr1.30_AIR_tel_wscor_helio.fits,HD_150898,/Users/hamano/DIB_analysis/DIB_pipeline_dir/HD_150898/2017_07_29-HD_150898_pipeline_ver3.6/2017_07_29-HD_150898_pipeline_ver3.6--2017_07_29-HR_7159_pipeline_ver3.6-T2/,wide
True,extra_candidate_release_object,,,NTT17c_DIBanalysis_candidate,Found in 2017-07 NTT17c quality/telluric/DIBanalysis traces; not yet tied to a publication.,29,HD 150898,HD 150898,B0Ia/ab C,16:47:19.65,-58:20:29.1,0.18,HD 150898,HD_150898_o29_c2T,50,WIDE,1,0,2017-07-30-02:32:55.606,11063.2967,11349.0135,11063.10935462151,11348.82616667674,/Users/hamano/DIB_analysis/DIB_pipeline_dir/HD_150898/2017_07_29-HD_150898_pipeline_ver3.6/2017_07_29-HD_150898_pipeline_ver3.6--2017_07_29-HR_7159_pipeline_ver3.6-T2/sum/HD_150898_sum_m50_fsr1.30_AIR_tel_wscor_helio.fits,True,25920,HD_150898/HD_150898_o29_c2T/HD_150898_sum_m50_fsr1.30_AIR_tel_wscor_helio.fits,HD_150898,/Users/hamano/DIB_analysis/DIB_pipeline_dir/HD_150898/2017_07_29-HD_150898_pipeline_ver3.6/2017_07_29-HD_150898_pipeline_ver3.6--2017_07_29-HR_7159_pipeline_ver3.6-T2/,wide
True,extra_candidate_release_object,,,NTT17c_DIBanalysis_candidate,Found in 2017-07 NTT17c quality/telluric/DIBanalysis traces; not yet tied to a publication.,29,HD 150898,HD 150898,B0Ia/ab C,16:47:19.65,-58:20:29.1,0.18,HD 150898,HD_150898_o29_c2T,58,WIDE,1,0,2017-07-30-02:32:55.606,9549.8263,9783.5868,9549.665178657271,9783.425658702088,/Users/hamano/DIB_analysis/DIB_pipeline_dir/HD_150898/2017_07_29-HD_150898_pipeline_ver3.6/2017_07_29-HD_150898_pipeline_ver3.6--2017_07_29-HR_7159_pipeline_ver3.6-T2/sum/HD_150898_sum_m58_fsr1.30_AIR_tel_wscor_helio.fits,True,25920,HD_150898/HD_150898_o29_c2T/HD_150898_sum_m58_fsr1.30_AIR_tel_wscor_helio.fits,HD_150898,/Users/hamano/DIB_analysis/DIB_pipeline_dir/HD_150898/2017_07_29-HD_150898_pipeline_ver3.6/2017_07_29-HD_150898_pipeline_ver3.6--2017_07_29-HR_7159_pipeline_ver3.6-T2/,wide
True,extra_candidate_release_object,,,NTT17c_DIBanalysis_candidate,Found in 2017-07 NTT17c quality/telluric/DIBanalysis traces; not yet tied to a publication.,29,HD 150898,HD 150898,B0Ia/ab C,16:47:19.65,-58:20:29.1,0.18,HD 150898,HD_150898_o29_c2T,49,WIDE,1,0,2017-07-30-02:32:55.606,11280.2206,11591.9248,11280.02950512154,11591.7337229551,/Users/hamano/DIB_analysis/DIB_pipeline_dir/HD_150898/2017_07_29-HD_150898_pipeline_ver3.6/2017_07_29-HD_150898_pipeline_ver3.6--2017_07_29-HR_7159_pipeline_ver3.6-T2/sum/HD_150898_sum_m49_fsr1.30_AIR_tel_wscor_helio.fits,True,25920,HD_150898/HD_150898_o29_c2T/HD_150898_sum_m49_fsr1.30_AIR_tel_wscor_helio.fits,HD_150898,/Users/hamano/DIB_analysis/DIB_pipeline_dir/HD_150898/2017_07_29-HD_150898_pipeline_ver3.6/2017_07_29-HD_150898_pipeline_ver3.6--2017_07_29-HR_7159_pipeline_ver3.6-T2/,wide
True,extra_candidate_release_object,,,NTT17c_DIBanalysis_candidate,Found in 2017-07 NTT17c quality/telluric/DIBanalysis traces; not yet tied to a publication.,29,HD 150898,HD 150898,B0Ia/ab C,16:47:19.65,-58:20:29.1,0.18,HD 150898,HD_150898_o29_c2T,54,WIDE,1,0,2017-07-30-02:32:55.606,10246.5826,10506.3217,10246.40916120378,10506.14829171239,/Users/hamano/DIB_analysis/DIB_pipeline_dir/HD_150898/2017_07_29-HD_150898_pipeline_ver3.6/2017_07_29-HD_150898_pipeline_ver3.6--2017_07_29-HR_7159_pipeline_ver3.6-T2/sum/HD_150898_sum_m54_fsr1.30_AIR_tel_wscor_helio.fits,True,25920,HD_150898/HD_150898_o29_c2T/HD_150898_sum_m54_fsr1.30_AIR_tel_wscor_helio.fits,HD_150898,/Users/hamano/DIB_analysis/DIB_pipeline_dir/HD_150898/2017_07_29-HD_150898_pipeline_ver3.6/2017_07_29-HD_150898_pipeline_ver3.6--2017_07_29-HR_7159_pipeline_ver3.6-T2/,wide
True,extra_candidate_release_object,,,NTT17c_DIBanalysis_candidate,Found in 2017-07 NTT17c quality/telluric/DIBanalysis traces; not yet tied to a publication.,29,HD 150898,HD 150898,B0Ia/ab C,16:47:19.65,-58:20:29.1,0.18,HD 150898,HD_150898_o29_c2T,60,WIDE,1,0,2017-07-30-02:32:55.606,9255.9293,9437.7131,9255.773684494261,9437.557432181733,/Users/hamano/DIB_analysis/DIB_pipeline_dir/HD_150898/2017_07_29-HD_150898_pipeline_ver3.6/2017_07_29-HD_150898_pipeline_ver3.6--2017_07_29-HR_7159_pipeline_ver3.6-T2/sum/HD_150898_sum_m60_fsr1.30_AIR_tel_wscor_helio.fits,True,23040,HD_150898/HD_150898_o29_c2T/HD_150898_sum_m60_fsr1.30_AIR_tel_wscor_helio.fits,HD_150898,/Users/hamano/DIB_analysis/DIB_pipeline_dir/HD_150898/2017_07_29-HD_150898_pipeline_ver3.6/2017_07_29-HD_150898_pipeline_ver3.6--2017_07_29-HR_7159_pipeline_ver3.6-T2/,wide
True,extra_candidate_release_object,,,NTT17c_DIBanalysis_candidate,Found in 2017-07 NTT17c quality/telluric/DIBanalysis traces; not yet tied to a publication.,29,HD 150898,HD 150898,B0Ia/ab C,16:47:19.65,-58:20:29.1,0.18,HD 150898,HD_150898_o29_c2T,48,WIDE,1,0,2017-07-30-02:32:55.606,11520.1367,11831.837,11519.94160722319,11831.64193514799,/Users/hamano/DIB_analysis/DIB_pipeline_dir/HD_150898/2017_07_29-HD_150898_pipeline_ver3.6/2017_07_29-HD_150898_pipeline_ver3.6--2017_07_29-HR_7159_pipeline_ver3.6-T2/sum/HD_150898_sum_m48_fsr1.30_AIR_tel_wscor_helio.fits,True,25920,HD_150898/HD_150898_o29_c2T/HD_150898_sum_m48_fsr1.30_AIR_tel_wscor_helio.fits,HD_150898,/Users/hamano/DIB_analysis/DIB_pipeline_dir/HD_150898/2017_07_29-HD_150898_pipeline_ver3.6/2017_07_29-HD_150898_pipeline_ver3.6--2017_07_29-HR_7159_pipeline_ver3.6-T2/,wide
True,extra_candidate_release_object,,,NTT17c_DIBanalysis_candidate,Found in 2017-07 NTT17c quality/telluric/DIBanalysis traces; not yet tied to a publication.,29,HD 150898,HD 150898,B0Ia/ab C,16:47:19.65,-58:20:29.1,0.18,HD 150898,HD_150898_o29_c2T,52,WIDE,1,0,2017-07-30-02:32:55.606,10644.9431,10917.6711,10644.76301109221,10917.49098199613,/Users/hamano/DIB_analysis/DIB_pipeline_dir/HD_150898/2017_07_29-HD_150898_pipeline_ver3.6/2017_07_29-HD_150898_pipeline_ver3.6--2017_07_29-HR_7159_pipeline_ver3.6-T2/sum/HD_150898_sum_m52_fsr1.30_AIR_tel_wscor_helio.fits,True,25920,HD_150898/HD_150898_o29_c2T/HD_150898_sum_m52_fsr1.30_AIR_tel_wscor_helio.fits,HD_150898,/Users/hamano/DIB_analysis/DIB_pipeline_dir/HD_150898/2017_07_29-HD_150898_pipeline_ver3.6/2017_07_29-HD_150898_pipeline_ver3.6--2017_07_29-HR_7159_pipeline_ver3.6-T2/,wide
True,extra_candidate_release_object,,,NTT17c_DIBanalysis_candidate,Found in 2017-07 NTT17c quality/telluric/DIBanalysis traces; not yet tied to a publication.,29,HD 150898,HD 150898,B0Ia/ab C,16:47:19.65,-58:20:29.1,0.18,HD 150898,HD_150898_o29_c2T,45,WIDE,1,0,2017-07-30-02:32:55.606,12273.8724,12637.5427,12273.66462759731,12637.33491042319,/Users/hamano/DIB_analysis/DIB_pipeline_dir/HD_150898/2017_07_29-HD_150898_pipeline_ver3.6/2017_07_29-HD_150898_pipeline_ver3.6--2017_07_29-HR_7159_pipeline_ver3.6-T2/sum/HD_150898_sum_m45_fsr1.30_AIR_tel_wscor_helio.fits,True,25920,HD_150898/HD_150898_o29_c2T/HD_150898_sum_m45_fsr1.30_AIR_tel_wscor_helio.fits,HD_150898,/Users/hamano/DIB_analysis/DIB_pipeline_dir/HD_150898/2017_07_29-HD_150898_pipeline_ver3.6/2017_07_29-HD_150898_pipeline_ver3.6--2017_07_29-HR_7159_pipeline_ver3.6-T2/,wide
True,extra_candidate_release_object,,,NTT17c_DIBanalysis_candidate,Found in 2017-07 NTT17c quality/telluric/DIBanalysis traces; not yet tied to a publication.,29,HD 150898,HD 150898,B0Ia/ab C,16:47:19.65,-58:20:29.1,0.18,HD 150898,HD_150898_o29_c2T,42,WIDE,1,0,2017-07-30-02:32:55.606,13137.5696,13553.2079,13137.34733567351,13552.9856313835,/Users/hamano/DIB_analysis/DIB_pipeline_dir/HD_150898/2017_07_29-HD_150898_pipeline_ver3.6/2017_07_29-HD_150898_pipeline_ver3.6--2017_07_29-HR_7159_pipeline_ver3.6-T2/sum/HD_150898_sum_m42_fsr1.30_AIR_tel_wscor_helio.fits,True,25920,HD_150898/HD_150898_o29_c2T/HD_150898_sum_m42_fsr1.30_AIR_tel_wscor_helio.fits,HD_150898,/Users/hamano/DIB_analysis/DIB_pipeline_dir/HD_150898/2017_07_29-HD_150898_pipeline_ver3.6/2017_07_29-HD_150898_pipeline_ver3.6--2017_07_29-HR_7159_pipeline_ver3.6-T2/,wide
True,extra_candidate_release_object,,,NTT17c_DIBanalysis_candidate,Found in 2017-07 NTT17c quality/telluric/DIBanalysis traces; not yet tied to a publication.,29,HD 150898,HD 150898,B0Ia/ab C,16:47:19.65,-58:20:29.1,0.18,HD 150898,HD_150898_o29_c2T,44,WIDE,1,0,2017-07-30-02:32:55.606,12550.7753,12938.2511,12550.56299099522,12938.03880072476,/Users/hamano/DIB_analysis/DIB_pipeline_dir/HD_150898/2017_07_29-HD_150898_pipeline_ver3.6/2017_07_29-HD_150898_pipeline_ver3.6--2017_07_29-HR_7159_pipeline_ver3.6-T2/sum/HD_150898_sum_m44_fsr1.30_AIR_tel_wscor_helio.fits,True,25920,HD_150898/HD_150898_o29_c2T/HD_150898_sum_m44_fsr1.30_AIR_tel_wscor_helio.fits,HD_150898,/Users/hamano/DIB_analysis/DIB_pipeline_dir/HD_150898/2017_07_29-HD_150898_pipeline_ver3.6/2017_07_29-HD_150898_pipeline_ver3.6--2017_07_29-HR_7159_pipeline_ver3.6-T2/,wide
True,extra_candidate_release_object,,,NTT17c_DIBanalysis_candidate,Found in 2017-07 NTT17c quality/telluric/DIBanalysis traces; not yet tied to a publication.,29,HD 150898,HD 150898,B0Ia/ab C,16:47:19.65,-58:20:29.1,0.18,HD 150898,HD_150898_o29_c2T,59,WIDE,1,0,2017-07-30-02:32:55.606,9392.8813,9600.6534,9392.722936463546,9600.495048371868,/Users/hamano/DIB_analysis/DIB_pipeline_dir/HD_150898/2017_07_29-HD_150898_pipeline_ver3.6/2017_07_29-HD_150898_pipeline_ver3.6--2017_07_29-HR_7159_pipeline_ver3.6-T2/sum/HD_150898_sum_m59_fsr1.30_AIR_tel_wscor_helio.fits,True,23040,HD_150898/HD_150898_o29_c2T/HD_150898_sum_m59_fsr1.30_AIR_tel_wscor_helio.fits,HD_150898,/Users/hamano/DIB_analysis/DIB_pipeline_dir/HD_150898/2017_07_29-HD_150898_pipeline_ver3.6/2017_07_29-HD_150898_pipeline_ver3.6--2017_07_29-HR_7159_pipeline_ver3.6-T2/,wide
True,extra_candidate_release_object,,,NTT17c_DIBanalysis_candidate,Found in 2017-07 NTT17c quality/telluric/DIBanalysis traces; not yet tied to a publication.,29,HD 150898,HD 150898,B0Ia/ab C,16:47:19.65,-58:20:29.1,0.18,HD 150898,HD_150898_o29_c2T,55,WIDE,1,0,2017-07-30-02:32:55.606,10069.6446,10303.3963,10069.4744752279,10303.22620792141,/Users/hamano/DIB_analysis/DIB_pipeline_dir/HD_150898/2017_07_29-HD_150898_pipeline_ver3.6/2017_07_29-HD_150898_pipeline_ver3.6--2017_07_29-HR_7159_pipeline_ver3.6-T2/sum/HD_150898_sum_m55_fsr1.30_AIR_tel_wscor_helio.fits,True,23040,HD_150898/HD_150898_o29_c2T/HD_150898_sum_m55_fsr1.30_AIR_tel_wscor_helio.fits,HD_150898,/Users/hamano/DIB_analysis/DIB_pipeline_dir/HD_150898/2017_07_29-HD_150898_pipeline_ver3.6/2017_07_29-HD_150898_pipeline_ver3.6--2017_07_29-HR_7159_pipeline_ver3.6-T2/,wide
True,extra_candidate_release_object,,,NTT17c_DIBanalysis_candidate,Found in 2017-07 NTT17c quality/telluric/DIBanalysis traces; not yet tied to a publication.,29,HD 150898,HD 150898,B0Ia/ab C,16:47:19.65,-58:20:29.1,0.18,HD 150898,HD_150898_o29_c2T,43,WIDE,1,0,2017-07-30-02:32:55.606,12852.1699,13228.827,12851.95263509049,13228.60981548152,/Users/hamano/DIB_analysis/DIB_pipeline_dir/HD_150898/2017_07_29-HD_150898_pipeline_ver3.6/2017_07_29-HD_150898_pipeline_ver3.6--2017_07_29-HR_7159_pipeline_ver3.6-T2/sum/HD_150898_sum_m43_fsr1.30_AIR_tel_wscor_helio.fits,True,25920,HD_150898/HD_150898_o29_c2T/HD_150898_sum_m43_fsr1.30_AIR_tel_wscor_helio.fits,HD_150898,/Users/hamano/DIB_analysis/DIB_pipeline_dir/HD_150898/2017_07_29-HD_150898_pipeline_ver3.6/2017_07_29-HD_150898_pipeline_ver3.6--2017_07_29-HR_7159_pipeline_ver3.6-T2/,wide
True,extra_candidate_release_object,,,NTT17c_DIBanalysis_candidate,Found in 2017-07 NTT17c quality/telluric/DIBanalysis traces; not yet tied to a publication.,26,* chi Oph,HD148184 | HD 148184,B2Vne C,16:27:01.43,-18:27:22.4,0.52,HD 148184,chi_Oph_o26_c3T,55,WIDE,1,0,2017-07-30-00:12:24.508,10069.4244,10303.1707,10069.25423804136,10303.00059858344,/Users/hamano/DIB_analysis/DIB_pipeline_dir/chi_Oph/2017_07_29-HD_148184_pipeline_ver3.6/2017_07_29-HD_148184_pipeline_ver3.6--2017_07_29-HD_163336_pipeline_ver3.6-T3/sum/HD_148184_sum_m55_fsr1.30_AIR_tel_wscor_helio.fits,True,23040,HD_148184/chi_Oph_o26_c3T/HD_148184_sum_m55_fsr1.30_AIR_tel_wscor_helio.fits,HD_148184,/Users/hamano/DIB_analysis/DIB_pipeline_dir/chi_Oph/2017_07_29-HD_148184_pipeline_ver3.6/2017_07_29-HD_148184_pipeline_ver3.6--2017_07_29-HD_163336_pipeline_ver3.6-T3/,wide
True,extra_candidate_release_object,,,NTT17c_DIBanalysis_candidate,Found in 2017-07 NTT17c quality/telluric/DIBanalysis traces; not yet tied to a publication.,26,* chi Oph,HD148184 | HD 148184,B2Vne C,16:27:01.43,-18:27:22.4,0.52,HD 148184,chi_Oph_o26_c3T,49,WIDE,1,0,2017-07-30-00:12:24.508,11279.9622,11591.6592,11279.77105938114,11591.46811353523,/Users/hamano/DIB_analysis/DIB_pipeline_dir/chi_Oph/2017_07_29-HD_148184_pipeline_ver3.6/2017_07_29-HD_148184_pipeline_ver3.6--2017_07_29-HD_163336_pipeline_ver3.6-T3/sum/HD_148184_sum_m49_fsr1.30_AIR_tel_wscor_helio.fits,True,25920,HD_148184/chi_Oph_o26_c3T/HD_148184_sum_m49_fsr1.30_AIR_tel_wscor_helio.fits,HD_148184,/Users/hamano/DIB_analysis/DIB_pipeline_dir/chi_Oph/2017_07_29-HD_148184_pipeline_ver3.6/2017_07_29-HD_148184_pipeline_ver3.6--2017_07_29-HD_163336_pipeline_ver3.6-T3/,wide
True,extra_candidate_release_object,,,NTT17c_DIBanalysis_candidate,Found in 2017-07 NTT17c quality/telluric/DIBanalysis traces; not yet tied to a publication.,26,* chi Oph,HD148184 | HD 148184,B2Vne C,16:27:01.43,-18:27:22.4,0.52,HD 148184,chi_Oph_o26_c3T,52,WIDE,1,0,2017-07-30-00:12:24.508,10644.7047,10917.4264,10644.52460802438,10917.24631101296,/Users/hamano/DIB_analysis/DIB_pipeline_dir/chi_Oph/2017_07_29-HD_148184_pipeline_ver3.6/2017_07_29-HD_148184_pipeline_ver3.6--2017_07_29-HD_163336_pipeline_ver3.6-T3/sum/HD_148184_sum_m52_fsr1.30_AIR_tel_wscor_helio.fits,True,25920,HD_148184/chi_Oph_o26_c3T/HD_148184_sum_m52_fsr1.30_AIR_tel_wscor_helio.fits,HD_148184,/Users/hamano/DIB_analysis/DIB_pipeline_dir/chi_Oph/2017_07_29-HD_148184_pipeline_ver3.6/2017_07_29-HD_148184_pipeline_ver3.6--2017_07_29-HD_163336_pipeline_ver3.6-T3/,wide
True,extra_candidate_release_object,,,NTT17c_DIBanalysis_candidate,Found in 2017-07 NTT17c quality/telluric/DIBanalysis traces; not yet tied to a publication.,26,* chi Oph,HD148184 | HD 148184,B2Vne C,16:27:01.43,-18:27:22.4,0.52,HD 148184,chi_Oph_o26_c3T,59,WIDE,1,0,2017-07-30-00:12:24.508,9392.6823,9600.4497,9392.523986724407,9600.291323553218,/Users/hamano/DIB_analysis/DIB_pipeline_dir/chi_Oph/2017_07_29-HD_148184_pipeline_ver3.6/2017_07_29-HD_148184_pipeline_ver3.6--2017_07_29-HD_163336_pipeline_ver3.6-T3/sum/HD_148184_sum_m59_fsr1.30_AIR_tel_wscor_helio.fits,True,23040,HD_148184/chi_Oph_o26_c3T/HD_148184_sum_m59_fsr1.30_AIR_tel_wscor_helio.fits,HD_148184,/Users/hamano/DIB_analysis/DIB_pipeline_dir/chi_Oph/2017_07_29-HD_148184_pipeline_ver3.6/2017_07_29-HD_148184_pipeline_ver3.6--2017_07_29-HD_163336_pipeline_ver3.6-T3/,wide
True,extra_candidate_release_object,,,NTT17c_DIBanalysis_candidate,Found in 2017-07 NTT17c quality/telluric/DIBanalysis traces; not yet tied to a publication.,26,* chi Oph,HD148184 | HD 148184,B2Vne C,16:27:01.43,-18:27:22.4,0.52,HD 148184,chi_Oph_o26_c3T,45,WIDE,1,0,2017-07-30-00:12:24.508,12273.5827,12637.2446,12273.3748697829,12637.03679462917,/Users/hamano/DIB_analysis/DIB_pipeline_dir/chi_Oph/2017_07_29-HD_148184_pipeline_ver3.6/2017_07_29-HD_148184_pipeline_ver3.6--2017_07_29-HD_163336_pipeline_ver3.6-T3/sum/HD_148184_sum_m45_fsr1.30_AIR_tel_wscor_helio.fits,True,25920,HD_148184/chi_Oph_o26_c3T/HD_148184_sum_m45_fsr1.30_AIR_tel_wscor_helio.fits,HD_148184,/Users/hamano/DIB_analysis/DIB_pipeline_dir/chi_Oph/2017_07_29-HD_148184_pipeline_ver3.6/2017_07_29-HD_148184_pipeline_ver3.6--2017_07_29-HD_163336_pipeline_ver3.6-T3/,wide
True,extra_candidate_release_object,,,NTT17c_DIBanalysis_candidate,Found in 2017-07 NTT17c quality/telluric/DIBanalysis traces; not yet tied to a publication.,26,* chi Oph,HD148184 | HD 148184,B2Vne C,16:27:01.43,-18:27:22.4,0.52,HD 148184,chi_Oph_o26_c3T,51,WIDE,1,0,2017-07-30-00:12:24.508,10854.6247,11127.3435,10854.44109509542,11127.15988323432,/Users/hamano/DIB_analysis/DIB_pipeline_dir/chi_Oph/2017_07_29-HD_148184_pipeline_ver3.6/2017_07_29-HD_148184_pipeline_ver3.6--2017_07_29-HD_163336_pipeline_ver3.6-T3/sum/HD_148184_sum_m51_fsr1.30_AIR_tel_wscor_helio.fits,True,25920,HD_148184/chi_Oph_o26_c3T/HD_148184_sum_m51_fsr1.30_AIR_tel_wscor_helio.fits,HD_148184,/Users/hamano/DIB_analysis/DIB_pipeline_dir/chi_Oph/2017_07_29-HD_148184_pipeline_ver3.6/2017_07_29-HD_148184_pipeline_ver3.6--2017_07_29-HD_163336_pipeline_ver3.6-T3/,wide
True,extra_candidate_release_object,,,NTT17c_DIBanalysis_candidate,Found in 2017-07 NTT17c quality/telluric/DIBanalysis traces; not yet tied to a publication.,26,* chi Oph,HD148184 | HD 148184,B2Vne C,16:27:01.43,-18:27:22.4,0.52,HD 148184,chi_Oph_o26_c3T,46,WIDE,1,0,2017-07-30-00:12:24.508,12005.1852,12355.8566,12004.98190344784,12355.65334130348,/Users/hamano/DIB_analysis/DIB_pipeline_dir/chi_Oph/2017_07_29-HD_148184_pipeline_ver3.6/2017_07_29-HD_148184_pipeline_ver3.6--2017_07_29-HD_163336_pipeline_ver3.6-T3/sum/HD_148184_sum_m46_fsr1.30_AIR_tel_wscor_helio.fits,True,25920,HD_148184/chi_Oph_o26_c3T/HD_148184_sum_m46_fsr1.30_AIR_tel_wscor_helio.fits,HD_148184,/Users/hamano/DIB_analysis/DIB_pipeline_dir/chi_Oph/2017_07_29-HD_148184_pipeline_ver3.6/2017_07_29-HD_148184_pipeline_ver3.6--2017_07_29-HD_163336_pipeline_ver3.6-T3/,wide
True,extra_candidate_release_object,,,NTT17c_DIBanalysis_candidate,Found in 2017-07 NTT17c quality/telluric/DIBanalysis traces; not yet tied to a publication.,26,* chi Oph,HD148184 | HD 148184,B2Vne C,16:27:01.43,-18:27:22.4,0.52,HD 148184,chi_Oph_o26_c3T,47,WIDE,1,0,2017-07-30-00:12:24.508,11758.2797,12082.9643,11758.08057996254,12082.76520474779,/Users/hamano/DIB_analysis/DIB_pipeline_dir/chi_Oph/2017_07_29-HD_148184_pipeline_ver3.6/2017_07_29-HD_148184_pipeline_ver3.6--2017_07_29-HD_163336_pipeline_ver3.6-T3/sum/HD_148184_sum_m47_fsr1.30_AIR_tel_wscor_helio.fits,True,25920,HD_148184/chi_Oph_o26_c3T/HD_148184_sum_m47_fsr1.30_AIR_tel_wscor_helio.fits,HD_148184,/Users/hamano/DIB_analysis/DIB_pipeline_dir/chi_Oph/2017_07_29-HD_148184_pipeline_ver3.6/2017_07_29-HD_148184_pipeline_ver3.6--2017_07_29-HD_163336_pipeline_ver3.6-T3/,wide
True,extra_candidate_release_object,,,NTT17c_DIBanalysis_candidate,Found in 2017-07 NTT17c quality/telluric/DIBanalysis traces; not yet tied to a publication.,26,* chi Oph,HD148184 | HD 148184,B2Vne C,16:27:01.43,-18:27:22.4,0.52,HD 148184,chi_Oph_o26_c3T,44,WIDE,1,0,2017-07-30-00:12:24.508,12550.4768,12937.9437,12550.26446851422,12937.73137315828,/Users/hamano/DIB_analysis/DIB_pipeline_dir/chi_Oph/2017_07_29-HD_148184_pipeline_ver3.6/2017_07_29-HD_148184_pipeline_ver3.6--2017_07_29-HD_163336_pipeline_ver3.6-T3/sum/HD_148184_sum_m44_fsr1.30_AIR_tel_wscor_helio.fits,True,25920,HD_148184/chi_Oph_o26_c3T/HD_148184_sum_m44_fsr1.30_AIR_tel_wscor_helio.fits,HD_148184,/Users/hamano/DIB_analysis/DIB_pipeline_dir/chi_Oph/2017_07_29-HD_148184_pipeline_ver3.6/2017_07_29-HD_148184_pipeline_ver3.6--2017_07_29-HD_163336_pipeline_ver3.6-T3/,wide
True,extra_candidate_release_object,,,NTT17c_DIBanalysis_candidate,Found in 2017-07 NTT17c quality/telluric/DIBanalysis traces; not yet tied to a publication.,26,* chi Oph,HD148184 | HD 148184,B2Vne C,16:27:01.43,-18:27:22.4,0.52,HD 148184,chi_Oph_o26_c3T,61,WIDE,1,0,2017-07-30-00:12:24.508,9092.7965,9300.5687,9092.643486444882,9300.415680491384,/Users/hamano/DIB_analysis/DIB_pipeline_dir/chi_Oph/2017_07_29-HD_148184_pipeline_ver3.6/2017_07_29-HD_148184_pipeline_ver3.6--2017_07_29-HD_163336_pipeline_ver3.6-T3/sum/HD_148184_sum_m61_fsr1.30_AIR_tel_wscor_helio.fits,True,23040,HD_148184/chi_Oph_o26_c3T/HD_148184_sum_m61_fsr1.30_AIR_tel_wscor_helio.fits,HD_148184,/Users/hamano/DIB_analysis/DIB_pipeline_dir/chi_Oph/2017_07_29-HD_148184_pipeline_ver3.6/2017_07_29-HD_148184_pipeline_ver3.6--2017_07_29-HD_163336_pipeline_ver3.6-T3/,wide
True,extra_candidate_release_object,,,NTT17c_DIBanalysis_candidate,Found in 2017-07 NTT17c quality/telluric/DIBanalysis traces; not yet tied to a publication.,26,* chi Oph,HD148184 | HD 148184,B2Vne C,16:27:01.43,-18:27:22.4,0.52,HD 148184,chi_Oph_o26_c3T,60,WIDE,1,0,2017-07-30-00:12:24.508,9255.7348,9437.5143,9255.579128653981,9437.358698534281,/Users/hamano/DIB_analysis/DIB_pipeline_dir/chi_Oph/2017_07_29-HD_148184_pipeline_ver3.6/2017_07_29-HD_148184_pipeline_ver3.6--2017_07_29-HD_163336_pipeline_ver3.6-T3/sum/HD_148184_sum_m60_fsr1.30_AIR_tel_wscor_helio.fits,True,23040,HD_148184/chi_Oph_o26_c3T/HD_148184_sum_m60_fsr1.30_AIR_tel_wscor_helio.fits,HD_148184,/Users/hamano/DIB_analysis/DIB_pipeline_dir/chi_Oph/2017_07_29-HD_148184_pipeline_ver3.6/2017_07_29-HD_148184_pipeline_ver3.6--2017_07_29-HD_163336_pipeline_ver3.6-T3/,wide
True,extra_candidate_release_object,,,NTT17c_DIBanalysis_candidate,Found in 2017-07 NTT17c quality/telluric/DIBanalysis traces; not yet tied to a publication.,26,* chi Oph,HD148184 | HD 148184,B2Vne C,16:27:01.43,-18:27:22.4,0.52,HD 148184,chi_Oph_o26_c3T,56,WIDE,1,0,2017-07-30-00:12:24.508,9889.4929,10123.2422,9889.325805355464,10123.07508180746,/Users/hamano/DIB_analysis/DIB_pipeline_dir/chi_Oph/2017_07_29-HD_148184_pipeline_ver3.6/2017_07_29-HD_148184_pipeline_ver3.6--2017_07_29-HD_163336_pipeline_ver3.6-T3/sum/HD_148184_sum_m56_fsr1.30_AIR_tel_wscor_helio.fits,True,23040,HD_148184/chi_Oph_o26_c3T/HD_148184_sum_m56_fsr1.30_AIR_tel_wscor_helio.fits,HD_148184,/Users/hamano/DIB_analysis/DIB_pipeline_dir/chi_Oph/2017_07_29-HD_148184_pipeline_ver3.6/2017_07_29-HD_148184_pipeline_ver3.6--2017_07_29-HD_163336_pipeline_ver3.6-T3/,wide
True,extra_candidate_release_object,,,NTT17c_DIBanalysis_candidate,Found in 2017-07 NTT17c quality/telluric/DIBanalysis traces; not yet tied to a publication.,26,* chi Oph,HD148184 | HD 148184,B2Vne C,16:27:01.43,-18:27:22.4,0.52,HD 148184,chi_Oph_o26_c3T,48,WIDE,1,0,2017-07-30-00:12:24.508,11519.8707,11831.5639,11519.67565344404,11831.36881777864,/Users/hamano/DIB_analysis/DIB_pipeline_dir/chi_Oph/2017_07_29-HD_148184_pipeline_ver3.6/2017_07_29-HD_148184_pipeline_ver3.6--2017_07_29-HD_163336_pipeline_ver3.6-T3/sum/HD_148184_sum_m48_fsr1.30_AIR_tel_wscor_helio.fits,True,25920,HD_148184/chi_Oph_o26_c3T/HD_148184_sum_m48_fsr1.30_AIR_tel_wscor_helio.fits,HD_148184,/Users/hamano/DIB_analysis/DIB_pipeline_dir/chi_Oph/2017_07_29-HD_148184_pipeline_ver3.6/2017_07_29-HD_148184_pipeline_ver3.6--2017_07_29-HD_163336_pipeline_ver3.6-T3/,wide
True,extra_candidate_release_object,,,NTT17c_DIBanalysis_candidate,Found in 2017-07 NTT17c quality/telluric/DIBanalysis traces; not yet tied to a publication.,26,* chi Oph,HD148184 | HD 148184,B2Vne C,16:27:01.43,-18:27:22.4,0.52,HD 148184,chi_Oph_o26_c3T,43,WIDE,1,0,2017-07-30-00:12:24.508,12851.8619,13228.5105,12851.64472521267,13228.29324915512,/Users/hamano/DIB_analysis/DIB_pipeline_dir/chi_Oph/2017_07_29-HD_148184_pipeline_ver3.6/2017_07_29-HD_148184_pipeline_ver3.6--2017_07_29-HD_163336_pipeline_ver3.6-T3/sum/HD_148184_sum_m43_fsr1.30_AIR_tel_wscor_helio.fits,True,25920,HD_148184/chi_Oph_o26_c3T/HD_148184_sum_m43_fsr1.30_AIR_tel_wscor_helio.fits,HD_148184,/Users/hamano/DIB_analysis/DIB_pipeline_dir/chi_Oph/2017_07_29-HD_148184_pipeline_ver3.6/2017_07_29-HD_148184_pipeline_ver3.6--2017_07_29-HD_163336_pipeline_ver3.6-T3/,wide
True,extra_candidate_release_object,,,NTT17c_DIBanalysis_candidate,Found in 2017-07 NTT17c quality/telluric/DIBanalysis traces; not yet tied to a publication.,26,* chi Oph,HD148184 | HD 148184,B2Vne C,16:27:01.43,-18:27:22.4,0.52,HD 148184,chi_Oph_o26_c3T,42,WIDE,1,0,2017-07-30-00:12:24.508,13137.2526,13552.8813,13137.0303326034,13552.65907598901,/Users/hamano/DIB_analysis/DIB_pipeline_dir/chi_Oph/2017_07_29-HD_148184_pipeline_ver3.6/2017_07_29-HD_148184_pipeline_ver3.6--2017_07_29-HD_163336_pipeline_ver3.6-T3/sum/HD_148184_sum_m42_fsr1.30_AIR_tel_wscor_helio.fits,True,25920,HD_148184/chi_Oph_o26_c3T/HD_148184_sum_m42_fsr1.30_AIR_tel_wscor_helio.fits,HD_148184,/Users/hamano/DIB_analysis/DIB_pipeline_dir/chi_Oph/2017_07_29-HD_148184_pipeline_ver3.6/2017_07_29-HD_148184_pipeline_ver3.6--2017_07_29-HD_163336_pipeline_ver3.6-T3/,wide
True,extra_candidate_release_object,,,NTT17c_DIBanalysis_candidate,Found in 2017-07 NTT17c quality/telluric/DIBanalysis traces; not yet tied to a publication.,26,* chi Oph,HD148184 | HD 148184,B2Vne C,16:27:01.43,-18:27:22.4,0.52,HD 148184,chi_Oph_o26_c3T,54,WIDE,1,0,2017-07-30-00:12:24.508,10246.3567,10506.0898,10246.1832790493,10505.91644015625,/Users/hamano/DIB_analysis/DIB_pipeline_dir/chi_Oph/2017_07_29-HD_148184_pipeline_ver3.6/2017_07_29-HD_148184_pipeline_ver3.6--2017_07_29-HD_163336_pipeline_ver3.6-T3/sum/HD_148184_sum_m54_fsr1.30_AIR_tel_wscor_helio.fits,True,25920,HD_148184/chi_Oph_o26_c3T/HD_148184_sum_m54_fsr1.30_AIR_tel_wscor_helio.fits,HD_148184,/Users/hamano/DIB_analysis/DIB_pipeline_dir/chi_Oph/2017_07_29-HD_148184_pipeline_ver3.6/2017_07_29-HD_148184_pipeline_ver3.6--2017_07_29-HD_163336_pipeline_ver3.6-T3/,wide
True,extra_candidate_release_object,,,NTT17c_DIBanalysis_candidate,Found in 2017-07 NTT17c quality/telluric/DIBanalysis traces; not yet tied to a publication.,26,* chi Oph,HD148184 | HD 148184,B2Vne C,16:27:01.43,-18:27:22.4,0.52,HD 148184,chi_Oph_o26_c3T,53,WIDE,1,0,2017-07-30-00:12:24.508,10446.2805,10706.0107,10446.10381112337,10705.83405764143,/Users/hamano/DIB_analysis/DIB_pipeline_dir/chi_Oph/2017_07_29-HD_148184_pipeline_ver3.6/2017_07_29-HD_148184_pipeline_ver3.6--2017_07_29-HD_163336_pipeline_ver3.6-T3/sum/HD_148184_sum_m53_fsr1.30_AIR_tel_wscor_helio.fits,True,25920,HD_148184/chi_Oph_o26_c3T/HD_148184_sum_m53_fsr1.30_AIR_tel_wscor_helio.fits,HD_148184,/Users/hamano/DIB_analysis/DIB_pipeline_dir/chi_Oph/2017_07_29-HD_148184_pipeline_ver3.6/2017_07_29-HD_148184_pipeline_ver3.6--2017_07_29-HD_163336_pipeline_ver3.6-T3/,wide
True,extra_candidate_release_object,,,NTT17c_DIBanalysis_candidate,Found in 2017-07 NTT17c quality/telluric/DIBanalysis traces; not yet tied to a publication.,26,* chi Oph,HD148184 | HD 148184,B2Vne C,16:27:01.43,-18:27:22.4,0.52,HD 148184,chi_Oph_o26_c3T,58,WIDE,1,0,2017-07-30-00:12:24.508,9549.6223,9783.3774,9549.461209267449,9783.216316960277,/Users/hamano/DIB_analysis/DIB_pipeline_dir/chi_Oph/2017_07_29-HD_148184_pipeline_ver3.6/2017_07_29-HD_148184_pipeline_ver3.6--2017_07_29-HD_163336_pipeline_ver3.6-T3/sum/HD_148184_sum_m58_fsr1.30_AIR_tel_wscor_helio.fits,True,25920,HD_148184/chi_Oph_o26_c3T/HD_148184_sum_m58_fsr1.30_AIR_tel_wscor_helio.fits,HD_148184,/Users/hamano/DIB_analysis/DIB_pipeline_dir/chi_Oph/2017_07_29-HD_148184_pipeline_ver3.6/2017_07_29-HD_148184_pipeline_ver3.6--2017_07_29-HD_163336_pipeline_ver3.6-T3/,wide
True,extra_candidate_release_object,,,NTT17c_DIBanalysis_candidate,Found in 2017-07 NTT17c quality/telluric/DIBanalysis traces; not yet tied to a publication.,26,* chi Oph,HD148184 | HD 148184,B2Vne C,16:27:01.43,-18:27:22.4,0.52,HD 148184,chi_Oph_o26_c3T,57,WIDE,1,0,2017-07-30-00:12:24.508,9732.5529,9940.3145,9732.388839946334,9940.150343898389,/Users/hamano/DIB_analysis/DIB_pipeline_dir/chi_Oph/2017_07_29-HD_148184_pipeline_ver3.6/2017_07_29-HD_148184_pipeline_ver3.6--2017_07_29-HD_163336_pipeline_ver3.6-T3/sum/HD_148184_sum_m57_fsr1.30_AIR_tel_wscor_helio.fits,True,23040,HD_148184/chi_Oph_o26_c3T/HD_148184_sum_m57_fsr1.30_AIR_tel_wscor_helio.fits,HD_148184,/Users/hamano/DIB_analysis/DIB_pipeline_dir/chi_Oph/2017_07_29-HD_148184_pipeline_ver3.6/2017_07_29-HD_148184_pipeline_ver3.6--2017_07_29-HD_163336_pipeline_ver3.6-T3/,wide
True,extra_candidate_release_object,,,NTT17c_DIBanalysis_candidate,Found in 2017-07 NTT17c quality/telluric/DIBanalysis traces; not yet tied to a publication.,26,* chi Oph,HD148184 | HD 148184,B2Vne C,16:27:01.43,-18:27:22.4,0.52,HD 148184,chi_Oph_o26_c3T,50,WIDE,1,0,2017-07-30-00:12:24.508,11063.0452,11348.7554,11062.85780549126,11348.56805111748,/Users/hamano/DIB_analysis/DIB_pipeline_dir/chi_Oph/2017_07_29-HD_148184_pipeline_ver3.6/2017_07_29-HD_148184_pipeline_ver3.6--2017_07_29-HD_163336_pipeline_ver3.6-T3/sum/HD_148184_sum_m50_fsr1.30_AIR_tel_wscor_helio.fits,True,25920,HD_148184/chi_Oph_o26_c3T/HD_148184_sum_m50_fsr1.30_AIR_tel_wscor_helio.fits,HD_148184,/Users/hamano/DIB_analysis/DIB_pipeline_dir/chi_Oph/2017_07_29-HD_148184_pipeline_ver3.6/2017_07_29-HD_148184_pipeline_ver3.6--2017_07_29-HD_163336_pipeline_ver3.6-T3/,wide
True,extra_candidate_release_object,,,NTT17c_DIBanalysis_candidate,Found in 2017-07 NTT17c quality/telluric/DIBanalysis traces; not yet tied to a publication.,25,* rho Oph D,HD 147888,B3/4V D,16:25:24.29,-23:27:36.8,0.47,HD_147888,rho_Oph_D_o25_c2T,51,WIDE,1,0,2017-07-30-01:16:54.553,10854.6261,11127.3448,10854.44241165245,11127.16111791939,/Users/hamano/DIB_analysis/DIB_pipeline_dir/rho_Oph_D/2017_07_29-HD_147888_pipeline_ver3.6/2017_07_29-HD_147888_pipeline_ver3.6--2017_07_29-HD_163336_pipeline_ver3.6-T2/sum/HD_147888_sum_m51_fsr1.30_AIR_tel_wscor_helio.fits,True,25920,HD_147888/rho_Oph_D_o25_c2T/HD_147888_sum_m51_fsr1.30_AIR_tel_wscor_helio.fits,HD_147888,/Users/hamano/DIB_analysis/DIB_pipeline_dir/rho_Oph_D/2017_07_29-HD_147888_pipeline_ver3.6/2017_07_29-HD_147888_pipeline_ver3.6--2017_07_29-HD_163336_pipeline_ver3.6-T2/,wide
True,extra_candidate_release_object,,,NTT17c_DIBanalysis_candidate,Found in 2017-07 NTT17c quality/telluric/DIBanalysis traces; not yet tied to a publication.,25,* rho Oph D,HD 147888,B3/4V D,16:25:24.29,-23:27:36.8,0.47,HD_147888,rho_Oph_D_o25_c2T,50,WIDE,1,0,2017-07-30-01:16:54.553,11063.0506,11348.7607,11062.86323685941,11348.57339671379,/Users/hamano/DIB_analysis/DIB_pipeline_dir/rho_Oph_D/2017_07_29-HD_147888_pipeline_ver3.6/2017_07_29-HD_147888_pipeline_ver3.6--2017_07_29-HD_163336_pipeline_ver3.6-T2/sum/HD_147888_sum_m50_fsr1.30_AIR_tel_wscor_helio.fits,True,25920,HD_147888/rho_Oph_D_o25_c2T/HD_147888_sum_m50_fsr1.30_AIR_tel_wscor_helio.fits,HD_147888,/Users/hamano/DIB_analysis/DIB_pipeline_dir/rho_Oph_D/2017_07_29-HD_147888_pipeline_ver3.6/2017_07_29-HD_147888_pipeline_ver3.6--2017_07_29-HD_163336_pipeline_ver3.6-T2/,wide
True,extra_candidate_release_object,,,NTT17c_DIBanalysis_candidate,Found in 2017-07 NTT17c quality/telluric/DIBanalysis traces; not yet tied to a publication.,25,* rho Oph D,HD 147888,B3/4V D,16:25:24.29,-23:27:36.8,0.47,HD_147888,rho_Oph_D_o25_c2T,55,WIDE,1,0,2017-07-30-01:16:54.553,10069.4103,10303.1566,10069.24014992163,10302.98644029051,/Users/hamano/DIB_analysis/DIB_pipeline_dir/rho_Oph_D/2017_07_29-HD_147888_pipeline_ver3.6/2017_07_29-HD_147888_pipeline_ver3.6--2017_07_29-HD_163336_pipeline_ver3.6-T2/sum/HD_147888_sum_m55_fsr1.30_AIR_tel_wscor_helio.fits,True,23040,HD_147888/rho_Oph_D_o25_c2T/HD_147888_sum_m55_fsr1.30_AIR_tel_wscor_helio.fits,HD_147888,/Users/hamano/DIB_analysis/DIB_pipeline_dir/rho_Oph_D/2017_07_29-HD_147888_pipeline_ver3.6/2017_07_29-HD_147888_pipeline_ver3.6--2017_07_29-HD_163336_pipeline_ver3.6-T2/,wide
True,extra_candidate_release_object,,,NTT17c_DIBanalysis_candidate,Found in 2017-07 NTT17c quality/telluric/DIBanalysis traces; not yet tied to a publication.,25,* rho Oph D,HD 147888,B3/4V D,16:25:24.29,-23:27:36.8,0.47,HD_147888,rho_Oph_D_o25_c2T,57,WIDE,1,0,2017-07-30-01:16:54.553,9732.5322,9940.2936,9732.36805191038,9940.129493489638,/Users/hamano/DIB_analysis/DIB_pipeline_dir/rho_Oph_D/2017_07_29-HD_147888_pipeline_ver3.6/2017_07_29-HD_147888_pipeline_ver3.6--2017_07_29-HD_163336_pipeline_ver3.6-T2/sum/HD_147888_sum_m57_fsr1.30_AIR_tel_wscor_helio.fits,True,23040,HD_147888/rho_Oph_D_o25_c2T/HD_147888_sum_m57_fsr1.30_AIR_tel_wscor_helio.fits,HD_147888,/Users/hamano/DIB_analysis/DIB_pipeline_dir/rho_Oph_D/2017_07_29-HD_147888_pipeline_ver3.6/2017_07_29-HD_147888_pipeline_ver3.6--2017_07_29-HD_163336_pipeline_ver3.6-T2/,wide
True,extra_candidate_release_object,,,NTT17c_DIBanalysis_candidate,Found in 2017-07 NTT17c quality/telluric/DIBanalysis traces; not yet tied to a publication.,25,* rho Oph D,HD 147888,B3/4V D,16:25:24.29,-23:27:36.8,0.47,HD_147888,rho_Oph_D_o25_c2T,42,WIDE,1,0,2017-07-30-01:16:54.553,13137.299,13552.9276,13137.07672057832,13552.70533919175,/Users/hamano/DIB_analysis/DIB_pipeline_dir/rho_Oph_D/2017_07_29-HD_147888_pipeline_ver3.6/2017_07_29-HD_147888_pipeline_ver3.6--2017_07_29-HD_163336_pipeline_ver3.6-T2/sum/HD_147888_sum_m42_fsr1.30_AIR_tel_wscor_helio.fits,True,25920,HD_147888/rho_Oph_D_o25_c2T/HD_147888_sum_m42_fsr1.30_AIR_tel_wscor_helio.fits,HD_147888,/Users/hamano/DIB_analysis/DIB_pipeline_dir/rho_Oph_D/2017_07_29-HD_147888_pipeline_ver3.6/2017_07_29-HD_147888_pipeline_ver3.6--2017_07_29-HD_163336_pipeline_ver3.6-T2/,wide
True,extra_candidate_release_object,,,NTT17c_DIBanalysis_candidate,Found in 2017-07 NTT17c quality/telluric/DIBanalysis traces; not yet tied to a publication.,25,* rho Oph D,HD 147888,B3/4V D,16:25:24.29,-23:27:36.8,0.47,HD_147888,rho_Oph_D_o25_c2T,49,WIDE,1,0,2017-07-30-01:16:54.553,11279.972,11591.669,11279.78089445501,11591.47785503613,/Users/hamano/DIB_analysis/DIB_pipeline_dir/rho_Oph_D/2017_07_29-HD_147888_pipeline_ver3.6/2017_07_29-HD_147888_pipeline_ver3.6--2017_07_29-HD_163336_pipeline_ver3.6-T2/sum/HD_147888_sum_m49_fsr1.30_AIR_tel_wscor_helio.fits,True,25920,HD_147888/rho_Oph_D_o25_c2T/HD_147888_sum_m49_fsr1.30_AIR_tel_wscor_helio.fits,HD_147888,/Users/hamano/DIB_analysis/DIB_pipeline_dir/rho_Oph_D/2017_07_29-HD_147888_pipeline_ver3.6/2017_07_29-HD_147888_pipeline_ver3.6--2017_07_29-HD_163336_pipeline_ver3.6-T2/,wide
True,extra_candidate_release_object,,,NTT17c_DIBanalysis_candidate,Found in 2017-07 NTT17c quality/telluric/DIBanalysis traces; not yet tied to a publication.,25,* rho Oph D,HD 147888,B3/4V D,16:25:24.29,-23:27:36.8,0.47,HD_147888,rho_Oph_D_o25_c2T,61,WIDE,1,0,2017-07-30-01:16:54.553,9092.7635,9300.5356,9092.610455473856,9300.382587143036,/Users/hamano/DIB_analysis/DIB_pipeline_dir/rho_Oph_D/2017_07_29-HD_147888_pipeline_ver3.6/2017_07_29-HD_147888_pipeline_ver3.6--2017_07_29-HD_163336_pipeline_ver3.6-T2/sum/HD_147888_sum_m61_fsr1.30_AIR_tel_wscor_helio.fits,True,23040,HD_147888/rho_Oph_D_o25_c2T/HD_147888_sum_m61_fsr1.30_AIR_tel_wscor_helio.fits,HD_147888,/Users/hamano/DIB_analysis/DIB_pipeline_dir/rho_Oph_D/2017_07_29-HD_147888_pipeline_ver3.6/2017_07_29-HD_147888_pipeline_ver3.6--2017_07_29-HD_163336_pipeline_ver3.6-T2/,wide
True,extra_candidate_release_object,,,NTT17c_DIBanalysis_candidate,Found in 2017-07 NTT17c quality/telluric/DIBanalysis traces; not yet tied to a publication.,25,* rho Oph D,HD 147888,B3/4V D,16:25:24.29,-23:27:36.8,0.47,HD_147888,rho_Oph_D_o25_c2T,46,WIDE,1,0,2017-07-30-01:16:54.553,12005.2093,12355.8806,12005.00599592227,12355.67732850534,/Users/hamano/DIB_analysis/DIB_pipeline_dir/rho_Oph_D/2017_07_29-HD_147888_pipeline_ver3.6/2017_07_29-HD_147888_pipeline_ver3.6--2017_07_29-HD_163336_pipeline_ver3.6-T2/sum/HD_147888_sum_m46_fsr1.30_AIR_tel_wscor_helio.fits,True,25920,HD_147888/rho_Oph_D_o25_c2T/HD_147888_sum_m46_fsr1.30_AIR_tel_wscor_helio.fits,HD_147888,/Users/hamano/DIB_analysis/DIB_pipeline_dir/rho_Oph_D/2017_07_29-HD_147888_pipeline_ver3.6/2017_07_29-HD_147888_pipeline_ver3.6--2017_07_29-HD_163336_pipeline_ver3.6-T2/,wide
True,extra_candidate_release_object,,,NTT17c_DIBanalysis_candidate,Found in 2017-07 NTT17c quality/telluric/DIBanalysis traces; not yet tied to a publication.,25,* rho Oph D,HD 147888,B3/4V D,16:25:24.29,-23:27:36.8,0.47,HD_147888,rho_Oph_D_o25_c2T,43,WIDE,1,0,2017-07-30-01:16:54.553,12851.9025,13228.5509,12851.68527366748,13228.33368453951,/Users/hamano/DIB_analysis/DIB_pipeline_dir/rho_Oph_D/2017_07_29-HD_147888_pipeline_ver3.6/2017_07_29-HD_147888_pipeline_ver3.6--2017_07_29-HD_163336_pipeline_ver3.6-T2/sum/HD_147888_sum_m43_fsr1.30_AIR_tel_wscor_helio.fits,True,25920,HD_147888/rho_Oph_D_o25_c2T/HD_147888_sum_m43_fsr1.30_AIR_tel_wscor_helio.fits,HD_147888,/Users/hamano/DIB_analysis/DIB_pipeline_dir/rho_Oph_D/2017_07_29-HD_147888_pipeline_ver3.6/2017_07_29-HD_147888_pipeline_ver3.6--2017_07_29-HD_163336_pipeline_ver3.6-T2/,wide
True,extra_candidate_release_object,,,NTT17c_DIBanalysis_candidate,Found in 2017-07 NTT17c quality/telluric/DIBanalysis traces; not yet tied to a publication.,25,* rho Oph D,HD 147888,B3/4V D,16:25:24.29,-23:27:36.8,0.47,HD_147888,rho_Oph_D_o25_c2T,45,WIDE,1,0,2017-07-30-01:16:54.553,12273.612,12637.2738,12273.40422463769,12637.06604031181,/Users/hamano/DIB_analysis/DIB_pipeline_dir/rho_Oph_D/2017_07_29-HD_147888_pipeline_ver3.6/2017_07_29-HD_147888_pipeline_ver3.6--2017_07_29-HD_163336_pipeline_ver3.6-T2/sum/HD_147888_sum_m45_fsr1.30_AIR_tel_wscor_helio.fits,True,25920,HD_147888/rho_Oph_D_o25_c2T/HD_147888_sum_m45_fsr1.30_AIR_tel_wscor_helio.fits,HD_147888,/Users/hamano/DIB_analysis/DIB_pipeline_dir/rho_Oph_D/2017_07_29-HD_147888_pipeline_ver3.6/2017_07_29-HD_147888_pipeline_ver3.6--2017_07_29-HD_163336_pipeline_ver3.6-T2/,wide
True,extra_candidate_release_object,,,NTT17c_DIBanalysis_candidate,Found in 2017-07 NTT17c quality/telluric/DIBanalysis traces; not yet tied to a publication.,25,* rho Oph D,HD 147888,B3/4V D,16:25:24.29,-23:27:36.8,0.47,HD_147888,rho_Oph_D_o25_c2T,54,WIDE,1,0,2017-07-30-01:16:54.553,10246.3462,10506.0793,10246.17282878135,10505.90591191389,/Users/hamano/DIB_analysis/DIB_pipeline_dir/rho_Oph_D/2017_07_29-HD_147888_pipeline_ver3.6/2017_07_29-HD_147888_pipeline_ver3.6--2017_07_29-HD_163336_pipeline_ver3.6-T2/sum/HD_147888_sum_m54_fsr1.30_AIR_tel_wscor_helio.fits,True,25920,HD_147888/rho_Oph_D_o25_c2T/HD_147888_sum_m54_fsr1.30_AIR_tel_wscor_helio.fits,HD_147888,/Users/hamano/DIB_analysis/DIB_pipeline_dir/rho_Oph_D/2017_07_29-HD_147888_pipeline_ver3.6/2017_07_29-HD_147888_pipeline_ver3.6--2017_07_29-HD_163336_pipeline_ver3.6-T2/,wide
True,extra_candidate_release_object,,,NTT17c_DIBanalysis_candidate,Found in 2017-07 NTT17c quality/telluric/DIBanalysis traces; not yet tied to a publication.,25,* rho Oph D,HD 147888,B3/4V D,16:25:24.29,-23:27:36.8,0.47,HD_147888,rho_Oph_D_o25_c2T,52,WIDE,1,0,2017-07-30-01:16:54.553,10644.702,10917.4237,10644.52190789035,10917.24352900585,/Users/hamano/DIB_analysis/DIB_pipeline_dir/rho_Oph_D/2017_07_29-HD_147888_pipeline_ver3.6/2017_07_29-HD_147888_pipeline_ver3.6--2017_07_29-HD_163336_pipeline_ver3.6-T2/sum/HD_147888_sum_m52_fsr1.30_AIR_tel_wscor_helio.fits,True,25920,HD_147888/rho_Oph_D_o25_c2T/HD_147888_sum_m52_fsr1.30_AIR_tel_wscor_helio.fits,HD_147888,/Users/hamano/DIB_analysis/DIB_pipeline_dir/rho_Oph_D/2017_07_29-HD_147888_pipeline_ver3.6/2017_07_29-HD_147888_pipeline_ver3.6--2017_07_29-HD_163336_pipeline_ver3.6-T2/,wide
True,extra_candidate_release_object,,,NTT17c_DIBanalysis_candidate,Found in 2017-07 NTT17c quality/telluric/DIBanalysis traces; not yet tied to a publication.,25,* rho Oph D,HD 147888,B3/4V D,16:25:24.29,-23:27:36.8,0.47,HD_147888,rho_Oph_D_o25_c2T,56,WIDE,1,0,2017-07-30-01:16:54.553,9889.4754,10123.2246,9889.308274709854,10123.05748098749,/Users/hamano/DIB_analysis/DIB_pipeline_dir/rho_Oph_D/2017_07_29-HD_147888_pipeline_ver3.6/2017_07_29-HD_147888_pipeline_ver3.6--2017_07_29-HD_163336_pipeline_ver3.6-T2/sum/HD_147888_sum_m56_fsr1.30_AIR_tel_wscor_helio.fits,True,23040,HD_147888/rho_Oph_D_o25_c2T/HD_147888_sum_m56_fsr1.30_AIR_tel_wscor_helio.fits,HD_147888,/Users/hamano/DIB_analysis/DIB_pipeline_dir/rho_Oph_D/2017_07_29-HD_147888_pipeline_ver3.6/2017_07_29-HD_147888_pipeline_ver3.6--2017_07_29-HD_163336_pipeline_ver3.6-T2/,wide
True,extra_candidate_release_object,,,NTT17c_DIBanalysis_candidate,Found in 2017-07 NTT17c quality/telluric/DIBanalysis traces; not yet tied to a publication.,25,* rho Oph D,HD 147888,B3/4V D,16:25:24.29,-23:27:36.8,0.47,HD_147888,rho_Oph_D_o25_c2T,48,WIDE,1,0,2017-07-30-01:16:54.553,11519.8851,11831.5782,11519.69007943439,11831.38315019742,/Users/hamano/DIB_analysis/DIB_pipeline_dir/rho_Oph_D/2017_07_29-HD_147888_pipeline_ver3.6/2017_07_29-HD_147888_pipeline_ver3.6--2017_07_29-HD_163336_pipeline_ver3.6-T2/sum/HD_147888_sum_m48_fsr1.30_AIR_tel_wscor_helio.fits,True,25920,HD_147888/rho_Oph_D_o25_c2T/HD_147888_sum_m48_fsr1.30_AIR_tel_wscor_helio.fits,HD_147888,/Users/hamano/DIB_analysis/DIB_pipeline_dir/rho_Oph_D/2017_07_29-HD_147888_pipeline_ver3.6/2017_07_29-HD_147888_pipeline_ver3.6--2017_07_29-HD_163336_pipeline_ver3.6-T2/,wide
True,extra_candidate_release_object,,,NTT17c_DIBanalysis_candidate,Found in 2017-07 NTT17c quality/telluric/DIBanalysis traces; not yet tied to a publication.,25,* rho Oph D,HD 147888,B3/4V D,16:25:24.29,-23:27:36.8,0.47,HD_147888,rho_Oph_D_o25_c2T,53,WIDE,1,0,2017-07-30-01:16:54.553,10446.2739,10706.004,10446.09718677471,10705.82735531954,/Users/hamano/DIB_analysis/DIB_pipeline_dir/rho_Oph_D/2017_07_29-HD_147888_pipeline_ver3.6/2017_07_29-HD_147888_pipeline_ver3.6--2017_07_29-HD_163336_pipeline_ver3.6-T2/sum/HD_147888_sum_m53_fsr1.30_AIR_tel_wscor_helio.fits,True,25920,HD_147888/rho_Oph_D_o25_c2T/HD_147888_sum_m53_fsr1.30_AIR_tel_wscor_helio.fits,HD_147888,/Users/hamano/DIB_analysis/DIB_pipeline_dir/rho_Oph_D/2017_07_29-HD_147888_pipeline_ver3.6/2017_07_29-HD_147888_pipeline_ver3.6--2017_07_29-HD_163336_pipeline_ver3.6-T2/,wide
True,extra_candidate_release_object,,,NTT17c_DIBanalysis_candidate,Found in 2017-07 NTT17c quality/telluric/DIBanalysis traces; not yet tied to a publication.,25,* rho Oph D,HD 147888,B3/4V D,16:25:24.29,-23:27:36.8,0.47,HD_147888,rho_Oph_D_o25_c2T,58,WIDE,1,0,2017-07-30-01:16:54.553,9549.5983,9783.3533,9549.437173262033,9783.192210778094,/Users/hamano/DIB_analysis/DIB_pipeline_dir/rho_Oph_D/2017_07_29-HD_147888_pipeline_ver3.6/2017_07_29-HD_147888_pipeline_ver3.6--2017_07_29-HD_163336_pipeline_ver3.6-T2/sum/HD_147888_sum_m58_fsr1.30_AIR_tel_wscor_helio.fits,True,25920,HD_147888/rho_Oph_D_o25_c2T/HD_147888_sum_m58_fsr1.30_AIR_tel_wscor_helio.fits,HD_147888,/Users/hamano/DIB_analysis/DIB_pipeline_dir/rho_Oph_D/2017_07_29-HD_147888_pipeline_ver3.6/2017_07_29-HD_147888_pipeline_ver3.6--2017_07_29-HD_163336_pipeline_ver3.6-T2/,wide
True,extra_candidate_release_object,,,NTT17c_DIBanalysis_candidate,Found in 2017-07 NTT17c quality/telluric/DIBanalysis traces; not yet tied to a publication.,25,* rho Oph D,HD 147888,B3/4V D,16:25:24.29,-23:27:36.8,0.47,HD_147888,rho_Oph_D_o25_c2T,47,WIDE,1,0,2017-07-30-01:16:54.553,11758.2988,12082.9833,11758.0996948419,12082.7842221557,/Users/hamano/DIB_analysis/DIB_pipeline_dir/rho_Oph_D/2017_07_29-HD_147888_pipeline_ver3.6/2017_07_29-HD_147888_pipeline_ver3.6--2017_07_29-HD_163336_pipeline_ver3.6-T2/sum/HD_147888_sum_m47_fsr1.30_AIR_tel_wscor_helio.fits,True,25920,HD_147888/rho_Oph_D_o25_c2T/HD_147888_sum_m47_fsr1.30_AIR_tel_wscor_helio.fits,HD_147888,/Users/hamano/DIB_analysis/DIB_pipeline_dir/rho_Oph_D/2017_07_29-HD_147888_pipeline_ver3.6/2017_07_29-HD_147888_pipeline_ver3.6--2017_07_29-HD_163336_pipeline_ver3.6-T2/,wide
True,extra_candidate_release_object,,,NTT17c_DIBanalysis_candidate,Found in 2017-07 NTT17c quality/telluric/DIBanalysis traces; not yet tied to a publication.,25,* rho Oph D,HD 147888,B3/4V D,16:25:24.29,-23:27:36.8,0.47,HD_147888,rho_Oph_D_o25_c2T,44,WIDE,1,0,2017-07-30-01:16:54.553,12550.5117,12937.9785,12550.29935385975,12937.76614218554,/Users/hamano/DIB_analysis/DIB_pipeline_dir/rho_Oph_D/2017_07_29-HD_147888_pipeline_ver3.6/2017_07_29-HD_147888_pipeline_ver3.6--2017_07_29-HD_163336_pipeline_ver3.6-T2/sum/HD_147888_sum_m44_fsr1.30_AIR_tel_wscor_helio.fits,True,25920,HD_147888/rho_Oph_D_o25_c2T/HD_147888_sum_m44_fsr1.30_AIR_tel_wscor_helio.fits,HD_147888,/Users/hamano/DIB_analysis/DIB_pipeline_dir/rho_Oph_D/2017_07_29-HD_147888_pipeline_ver3.6/2017_07_29-HD_147888_pipeline_ver3.6--2017_07_29-HD_163336_pipeline_ver3.6-T2/,wide
True,extra_candidate_release_object,,,NTT17c_DIBanalysis_candidate,Found in 2017-07 NTT17c quality/telluric/DIBanalysis traces; not yet tied to a publication.,25,* rho Oph D,HD 147888,B3/4V D,16:25:24.29,-23:27:36.8,0.47,HD_147888,rho_Oph_D_o25_c2T,60,WIDE,1,0,2017-07-30-01:16:54.553,9255.7046,9437.4841,9255.548963224694,9437.328478531481,/Users/hamano/DIB_analysis/DIB_pipeline_dir/rho_Oph_D/2017_07_29-HD_147888_pipeline_ver3.6/2017_07_29-HD_147888_pipeline_ver3.6--2017_07_29-HD_163336_pipeline_ver3.6-T2/sum/HD_147888_sum_m60_fsr1.30_AIR_tel_wscor_helio.fits,True,23040,HD_147888/rho_Oph_D_o25_c2T/HD_147888_sum_m60_fsr1.30_AIR_tel_wscor_helio.fits,HD_147888,/Users/hamano/DIB_analysis/DIB_pipeline_dir/rho_Oph_D/2017_07_29-HD_147888_pipeline_ver3.6/2017_07_29-HD_147888_pipeline_ver3.6--2017_07_29-HD_163336_pipeline_ver3.6-T2/,wide
True,extra_candidate_release_object,,,NTT17c_DIBanalysis_candidate,Found in 2017-07 NTT17c quality/telluric/DIBanalysis traces; not yet tied to a publication.,25,* rho Oph D,HD 147888,B3/4V D,16:25:24.29,-23:27:36.8,0.47,HD_147888,rho_Oph_D_o25_c2T,59,WIDE,1,0,2017-07-30-01:16:54.553,9392.6551,9600.4223,9392.496694631571,9600.263969085196,/Users/hamano/DIB_analysis/DIB_pipeline_dir/rho_Oph_D/2017_07_29-HD_147888_pipeline_ver3.6/2017_07_29-HD_147888_pipeline_ver3.6--2017_07_29-HD_163336_pipeline_ver3.6-T2/sum/HD_147888_sum_m59_fsr1.30_AIR_tel_wscor_helio.fits,True,23040,HD_147888/rho_Oph_D_o25_c2T/HD_147888_sum_m59_fsr1.30_AIR_tel_wscor_helio.fits,HD_147888,/Users/hamano/DIB_analysis/DIB_pipeline_dir/rho_Oph_D/2017_07_29-HD_147888_pipeline_ver3.6/2017_07_29-HD_147888_pipeline_ver3.6--2017_07_29-HD_163336_pipeline_ver3.6-T2/,wide
True,paper_2206_03131_reddened_target,,,,,31,HD 152408,HD 152408,O8Iape C,16:54:58.50,-41:09:03.0,0.46,HD 152408,HD_152408_o31_c2T,61,WIDE,1,0,2017-07-31-00:41:05.528,9092.9153,9300.6899,9092.762286322322,9300.536885278985,/Users/hamano/DIB_analysis/DIB_pipeline_dir/HD_152408/2017_07_30-HD_152408_pipeline_ver3.6/2017_07_30-HD_152408_pipeline_ver3.6--HD_139129_pipeline_ver3.6-T4/sum/HD_152408_sum_m61_fsr1.30_AIR_tel_wscor_helio.fits,True,23040,HD_152408/HD_152408_o31_c2T/HD_152408_sum_m61_fsr1.30_AIR_tel_wscor_helio.fits,HD_152408,/Users/hamano/DIB_analysis/DIB_pipeline_dir/HD_152408/2017_07_30-HD_152408_pipeline_ver3.6/2017_07_30-HD_152408_pipeline_ver3.6--HD_139129_pipeline_ver3.6-T4/,wide
True,paper_2206_03131_reddened_target,,,,,31,HD 152408,HD 152408,O8Iape C,16:54:58.50,-41:09:03.0,0.46,HD 152408,HD_152408_o31_c2T,45,WIDE,1,0,2017-07-31-00:41:05.528,12273.7594,12637.4256,12273.55162864809,12637.21776278844,/Users/hamano/DIB_analysis/DIB_pipeline_dir/HD_152408/2017_07_30-HD_152408_pipeline_ver3.6/2017_07_30-HD_152408_pipeline_ver3.6--HD_139129_pipeline_ver3.6-T4/sum/HD_152408_sum_m45_fsr1.30_AIR_tel_wscor_helio.fits,True,25920,HD_152408/HD_152408_o31_c2T/HD_152408_sum_m45_fsr1.30_AIR_tel_wscor_helio.fits,HD_152408,/Users/hamano/DIB_analysis/DIB_pipeline_dir/HD_152408/2017_07_30-HD_152408_pipeline_ver3.6/2017_07_30-HD_152408_pipeline_ver3.6--HD_139129_pipeline_ver3.6-T4/,wide
True,paper_2206_03131_reddened_target,,,,,31,HD 152408,HD 152408,O8Iape C,16:54:58.50,-41:09:03.0,0.46,HD 152408,HD_152408_o31_c2T,56,WIDE,1,0,2017-07-31-00:41:05.528,9889.6262,10123.3781,9889.459080396109,10123.21106243647,/Users/hamano/DIB_analysis/DIB_pipeline_dir/HD_152408/2017_07_30-HD_152408_pipeline_ver3.6/2017_07_30-HD_152408_pipeline_ver3.6--HD_139129_pipeline_ver3.6-T4/sum/HD_152408_sum_m56_fsr1.30_AIR_tel_wscor_helio.fits,True,23040,HD_152408/HD_152408_o31_c2T/HD_152408_sum_m56_fsr1.30_AIR_tel_wscor_helio.fits,HD_152408,/Users/hamano/DIB_analysis/DIB_pipeline_dir/HD_152408/2017_07_30-HD_152408_pipeline_ver3.6/2017_07_30-HD_152408_pipeline_ver3.6--HD_139129_pipeline_ver3.6-T4/,wide
True,paper_2206_03131_reddened_target,,,,,31,HD 152408,HD 152408,O8Iape C,16:54:58.50,-41:09:03.0,0.46,HD 152408,HD_152408_o31_c2T,46,WIDE,1,0,2017-07-31-00:41:05.528,12005.3571,12356.0326,12005.15377227923,12355.82926906741,/Users/hamano/DIB_analysis/DIB_pipeline_dir/HD_152408/2017_07_30-HD_152408_pipeline_ver3.6/2017_07_30-HD_152408_pipeline_ver3.6--HD_139129_pipeline_ver3.6-T4/sum/HD_152408_sum_m46_fsr1.30_AIR_tel_wscor_helio.fits,True,25920,HD_152408/HD_152408_o31_c2T/HD_152408_sum_m46_fsr1.30_AIR_tel_wscor_helio.fits,HD_152408,/Users/hamano/DIB_analysis/DIB_pipeline_dir/HD_152408/2017_07_30-HD_152408_pipeline_ver3.6/2017_07_30-HD_152408_pipeline_ver3.6--HD_139129_pipeline_ver3.6-T4/,wide
True,paper_2206_03131_reddened_target,,,,,31,HD 152408,HD 152408,O8Iape C,16:54:58.50,-41:09:03.0,0.46,HD 152408,HD_152408_o31_c2T,48,WIDE,1,0,2017-07-31-00:41:05.528,11520.0337,11831.7305,11519.83862971936,11831.53540182296,/Users/hamano/DIB_analysis/DIB_pipeline_dir/HD_152408/2017_07_30-HD_152408_pipeline_ver3.6/2017_07_30-HD_152408_pipeline_ver3.6--HD_139129_pipeline_ver3.6-T4/sum/HD_152408_sum_m48_fsr1.30_AIR_tel_wscor_helio.fits,True,25920,HD_152408/HD_152408_o31_c2T/HD_152408_sum_m48_fsr1.30_AIR_tel_wscor_helio.fits,HD_152408,/Users/hamano/DIB_analysis/DIB_pipeline_dir/HD_152408/2017_07_30-HD_152408_pipeline_ver3.6/2017_07_30-HD_152408_pipeline_ver3.6--HD_139129_pipeline_ver3.6-T4/,wide
True,paper_2206_03131_reddened_target,,,,,31,HD 152408,HD 152408,O8Iape C,16:54:58.50,-41:09:03.0,0.46,HD 152408,HD_152408_o31_c2T,53,WIDE,1,0,2017-07-31-00:41:05.528,10446.4239,10706.1572,10446.24722699186,10705.98047982141,/Users/hamano/DIB_analysis/DIB_pipeline_dir/HD_152408/2017_07_30-HD_152408_pipeline_ver3.6/2017_07_30-HD_152408_pipeline_ver3.6--HD_139129_pipeline_ver3.6-T4/sum/HD_152408_sum_m53_fsr1.30_AIR_tel_wscor_helio.fits,True,25920,HD_152408/HD_152408_o31_c2T/HD_152408_sum_m53_fsr1.30_AIR_tel_wscor_helio.fits,HD_152408,/Users/hamano/DIB_analysis/DIB_pipeline_dir/HD_152408/2017_07_30-HD_152408_pipeline_ver3.6/2017_07_30-HD_152408_pipeline_ver3.6--HD_139129_pipeline_ver3.6-T4/,wide
True,paper_2206_03131_reddened_target,,,,,31,HD 152408,HD 152408,O8Iape C,16:54:58.50,-41:09:03.0,0.46,HD 152408,HD_152408_o31_c2T,51,WIDE,1,0,2017-07-31-00:41:05.528,10854.7756,11127.4975,10854.59192892003,11127.31387370947,/Users/hamano/DIB_analysis/DIB_pipeline_dir/HD_152408/2017_07_30-HD_152408_pipeline_ver3.6/2017_07_30-HD_152408_pipeline_ver3.6--HD_139129_pipeline_ver3.6-T4/sum/HD_152408_sum_m51_fsr1.30_AIR_tel_wscor_helio.fits,True,25920,HD_152408/HD_152408_o31_c2T/HD_152408_sum_m51_fsr1.30_AIR_tel_wscor_helio.fits,HD_152408,/Users/hamano/DIB_analysis/DIB_pipeline_dir/HD_152408/2017_07_30-HD_152408_pipeline_ver3.6/2017_07_30-HD_152408_pipeline_ver3.6--HD_139129_pipeline_ver3.6-T4/,wide
True,paper_2206_03131_reddened_target,,,,,31,HD 152408,HD 152408,O8Iape C,16:54:58.50,-41:09:03.0,0.46,HD 152408,HD_152408_o31_c2T,57,WIDE,1,0,2017-07-31-00:41:05.528,9732.6833,9940.4472,9732.519195453819,9940.283104192371,/Users/hamano/DIB_analysis/DIB_pipeline_dir/HD_152408/2017_07_30-HD_152408_pipeline_ver3.6/2017_07_30-HD_152408_pipeline_ver3.6--HD_139129_pipeline_ver3.6-T4/sum/HD_152408_sum_m57_fsr1.30_AIR_tel_wscor_helio.fits,True,23040,HD_152408/HD_152408_o31_c2T/HD_152408_sum_m57_fsr1.30_AIR_tel_wscor_helio.fits,HD_152408,/Users/hamano/DIB_analysis/DIB_pipeline_dir/HD_152408/2017_07_30-HD_152408_pipeline_ver3.6/2017_07_30-HD_152408_pipeline_ver3.6--HD_139129_pipeline_ver3.6-T4/,wide
True,paper_2206_03131_reddened_target,,,,,31,HD 152408,HD 152408,O8Iape C,16:54:58.50,-41:09:03.0,0.46,HD 152408,HD_152408_o31_c2T,60,WIDE,1,0,2017-07-31-00:41:05.528,9255.8564,9437.6381,9255.700787301434,9437.48246123392,/Users/hamano/DIB_analysis/DIB_pipeline_dir/HD_152408/2017_07_30-HD_152408_pipeline_ver3.6/2017_07_30-HD_152408_pipeline_ver3.6--HD_139129_pipeline_ver3.6-T4/sum/HD_152408_sum_m60_fsr1.30_AIR_tel_wscor_helio.fits,True,23040,HD_152408/HD_152408_o31_c2T/HD_152408_sum_m60_fsr1.30_AIR_tel_wscor_helio.fits,HD_152408,/Users/hamano/DIB_analysis/DIB_pipeline_dir/HD_152408/2017_07_30-HD_152408_pipeline_ver3.6/2017_07_30-HD_152408_pipeline_ver3.6--HD_139129_pipeline_ver3.6-T4/,wide
True,paper_2206_03131_reddened_target,,,,,31,HD 152408,HD 152408,O8Iape C,16:54:58.50,-41:09:03.0,0.46,HD 152408,HD_152408_o31_c2T,52,WIDE,1,0,2017-07-31-00:41:05.528,10644.8518,10917.5766,10644.67165033078,10917.39651000366,/Users/hamano/DIB_analysis/DIB_pipeline_dir/HD_152408/2017_07_30-HD_152408_pipeline_ver3.6/2017_07_30-HD_152408_pipeline_ver3.6--HD_139129_pipeline_ver3.6-T4/sum/HD_152408_sum_m52_fsr1.30_AIR_tel_wscor_helio.fits,True,25920,HD_152408/HD_152408_o31_c2T/HD_152408_sum_m52_fsr1.30_AIR_tel_wscor_helio.fits,HD_152408,/Users/hamano/DIB_analysis/DIB_pipeline_dir/HD_152408/2017_07_30-HD_152408_pipeline_ver3.6/2017_07_30-HD_152408_pipeline_ver3.6--HD_139129_pipeline_ver3.6-T4/,wide
True,paper_2206_03131_reddened_target,,,,,31,HD 152408,HD 152408,O8Iape C,16:54:58.50,-41:09:03.0,0.46,HD 152408,HD_152408_o31_c2T,58,WIDE,1,0,2017-07-31-00:41:05.528,9549.7494,9783.5073,9549.588344946655,9783.346158295311,/Users/hamano/DIB_analysis/DIB_pipeline_dir/HD_152408/2017_07_30-HD_152408_pipeline_ver3.6/2017_07_30-HD_152408_pipeline_ver3.6--HD_139129_pipeline_ver3.6-T4/sum/HD_152408_sum_m58_fsr1.30_AIR_tel_wscor_helio.fits,True,25920,HD_152408/HD_152408_o31_c2T/HD_152408_sum_m58_fsr1.30_AIR_tel_wscor_helio.fits,HD_152408,/Users/hamano/DIB_analysis/DIB_pipeline_dir/HD_152408/2017_07_30-HD_152408_pipeline_ver3.6/2017_07_30-HD_152408_pipeline_ver3.6--HD_139129_pipeline_ver3.6-T4/,wide
True,paper_2206_03131_reddened_target,,,,,31,HD 152408,HD 152408,O8Iape C,16:54:58.50,-41:09:03.0,0.46,HD 152408,HD_152408_o31_c2T,59,WIDE,1,0,2017-07-31-00:41:05.528,9392.8066,9600.5763,9392.648203302519,9600.417944985313,/Users/hamano/DIB_analysis/DIB_pipeline_dir/HD_152408/2017_07_30-HD_152408_pipeline_ver3.6/2017_07_30-HD_152408_pipeline_ver3.6--HD_139129_pipeline_ver3.6-T4/sum/HD_152408_sum_m59_fsr1.30_AIR_tel_wscor_helio.fits,True,23040,HD_152408/HD_152408_o31_c2T/HD_152408_sum_m59_fsr1.30_AIR_tel_wscor_helio.fits,HD_152408,/Users/hamano/DIB_analysis/DIB_pipeline_dir/HD_152408/2017_07_30-HD_152408_pipeline_ver3.6/2017_07_30-HD_152408_pipeline_ver3.6--HD_139129_pipeline_ver3.6-T4/,wide
True,paper_2206_03131_reddened_target,,,,,31,HD 152408,HD 152408,O8Iape C,16:54:58.50,-41:09:03.0,0.46,HD 152408,HD_152408_o31_c2T,54,WIDE,1,0,2017-07-31-00:41:05.528,10246.4965,10506.2326,10246.32308378089,10506.05925123306,/Users/hamano/DIB_analysis/DIB_pipeline_dir/HD_152408/2017_07_30-HD_152408_pipeline_ver3.6/2017_07_30-HD_152408_pipeline_ver3.6--HD_139129_pipeline_ver3.6-T4/sum/HD_152408_sum_m54_fsr1.30_AIR_tel_wscor_helio.fits,True,25920,HD_152408/HD_152408_o31_c2T/HD_152408_sum_m54_fsr1.30_AIR_tel_wscor_helio.fits,HD_152408,/Users/hamano/DIB_analysis/DIB_pipeline_dir/HD_152408/2017_07_30-HD_152408_pipeline_ver3.6/2017_07_30-HD_152408_pipeline_ver3.6--HD_139129_pipeline_ver3.6-T4/,wide
True,paper_2206_03131_reddened_target,,,,,31,HD 152408,HD 152408,O8Iape C,16:54:58.50,-41:09:03.0,0.46,HD 152408,HD_152408_o31_c2T,49,WIDE,1,0,2017-07-31-00:41:05.528,11280.1208,11591.8215,11279.92970235471,11591.63036432283,/Users/hamano/DIB_analysis/DIB_pipeline_dir/HD_152408/2017_07_30-HD_152408_pipeline_ver3.6/2017_07_30-HD_152408_pipeline_ver3.6--HD_139129_pipeline_ver3.6-T4/sum/HD_152408_sum_m49_fsr1.30_AIR_tel_wscor_helio.fits,True,25920,HD_152408/HD_152408_o31_c2T/HD_152408_sum_m49_fsr1.30_AIR_tel_wscor_helio.fits,HD_152408,/Users/hamano/DIB_analysis/DIB_pipeline_dir/HD_152408/2017_07_30-HD_152408_pipeline_ver3.6/2017_07_30-HD_152408_pipeline_ver3.6--HD_139129_pipeline_ver3.6-T4/,wide
True,paper_2206_03131_reddened_target,,,,,31,HD 152408,HD 152408,O8Iape C,16:54:58.50,-41:09:03.0,0.46,HD 152408,HD_152408_o31_c2T,43,WIDE,1,0,2017-07-31-00:41:05.528,12852.0492,13228.7021,12851.83197172438,13228.48485527741,/Users/hamano/DIB_analysis/DIB_pipeline_dir/HD_152408/2017_07_30-HD_152408_pipeline_ver3.6/2017_07_30-HD_152408_pipeline_ver3.6--HD_139129_pipeline_ver3.6-T4/sum/HD_152408_sum_m43_fsr1.30_AIR_tel_wscor_helio.fits,True,25920,HD_152408/HD_152408_o31_c2T/HD_152408_sum_m43_fsr1.30_AIR_tel_wscor_helio.fits,HD_152408,/Users/hamano/DIB_analysis/DIB_pipeline_dir/HD_152408/2017_07_30-HD_152408_pipeline_ver3.6/2017_07_30-HD_152408_pipeline_ver3.6--HD_139129_pipeline_ver3.6-T4/,wide
True,paper_2206_03131_reddened_target,,,,,31,HD 152408,HD 152408,O8Iape C,16:54:58.50,-41:09:03.0,0.46,HD 152408,HD_152408_o31_c2T,55,WIDE,1,0,2017-07-31-00:41:05.528,10069.5609,10303.31,10069.39076283695,10303.13982893364,/Users/hamano/DIB_analysis/DIB_pipeline_dir/HD_152408/2017_07_30-HD_152408_pipeline_ver3.6/2017_07_30-HD_152408_pipeline_ver3.6--HD_139129_pipeline_ver3.6-T4/sum/HD_152408_sum_m55_fsr1.30_AIR_tel_wscor_helio.fits,True,23040,HD_152408/HD_152408_o31_c2T/HD_152408_sum_m55_fsr1.30_AIR_tel_wscor_helio.fits,HD_152408,/Users/hamano/DIB_analysis/DIB_pipeline_dir/HD_152408/2017_07_30-HD_152408_pipeline_ver3.6/2017_07_30-HD_152408_pipeline_ver3.6--HD_139129_pipeline_ver3.6-T4/,wide
True,paper_2206_03131_reddened_target,,,,,31,HD 152408,HD 152408,O8Iape C,16:54:58.50,-41:09:03.0,0.46,HD 152408,HD_152408_o31_c2T,42,WIDE,1,0,2017-07-31-00:41:05.528,13137.4451,13553.0787,13137.22286018438,13552.85641436663,/Users/hamano/DIB_analysis/DIB_pipeline_dir/HD_152408/2017_07_30-HD_152408_pipeline_ver3.6/2017_07_30-HD_152408_pipeline_ver3.6--HD_139129_pipeline_ver3.6-T4/sum/HD_152408_sum_m42_fsr1.30_AIR_tel_wscor_helio.fits,True,25920,HD_152408/HD_152408_o31_c2T/HD_152408_sum_m42_fsr1.30_AIR_tel_wscor_helio.fits,HD_152408,/Users/hamano/DIB_analysis/DIB_pipeline_dir/HD_152408/2017_07_30-HD_152408_pipeline_ver3.6/2017_07_30-HD_152408_pipeline_ver3.6--HD_139129_pipeline_ver3.6-T4/,wide
True,paper_2206_03131_reddened_target,,,,,31,HD 152408,HD 152408,O8Iape C,16:54:58.50,-41:09:03.0,0.46,HD 152408,HD_152408_o31_c2T,47,WIDE,1,0,2017-07-31-00:41:05.528,11758.447,12083.1354,11758.24790473395,12082.93628766101,/Users/hamano/DIB_analysis/DIB_pipeline_dir/HD_152408/2017_07_30-HD_152408_pipeline_ver3.6/2017_07_30-HD_152408_pipeline_ver3.6--HD_139129_pipeline_ver3.6-T4/sum/HD_152408_sum_m47_fsr1.30_AIR_tel_wscor_helio.fits,True,25920,HD_152408/HD_152408_o31_c2T/HD_152408_sum_m47_fsr1.30_AIR_tel_wscor_helio.fits,HD_152408,/Users/hamano/DIB_analysis/DIB_pipeline_dir/HD_152408/2017_07_30-HD_152408_pipeline_ver3.6/2017_07_30-HD_152408_pipeline_ver3.6--HD_139129_pipeline_ver3.6-T4/,wide
True,paper_2206_03131_reddened_target,,,,,31,HD 152408,HD 152408,O8Iape C,16:54:58.50,-41:09:03.0,0.46,HD 152408,HD_152408_o31_c2T,50,WIDE,1,0,2017-07-31-00:41:05.528,11063.1998,11348.9134,11063.01244607602,11348.72599872559,/Users/hamano/DIB_analysis/DIB_pipeline_dir/HD_152408/2017_07_30-HD_152408_pipeline_ver3.6/2017_07_30-HD_152408_pipeline_ver3.6--HD_139129_pipeline_ver3.6-T4/sum/HD_152408_sum_m50_fsr1.30_AIR_tel_wscor_helio.fits,True,25920,HD_152408/HD_152408_o31_c2T/HD_152408_sum_m50_fsr1.30_AIR_tel_wscor_helio.fits,HD_152408,/Users/hamano/DIB_analysis/DIB_pipeline_dir/HD_152408/2017_07_30-HD_152408_pipeline_ver3.6/2017_07_30-HD_152408_pipeline_ver3.6--HD_139129_pipeline_ver3.6-T4/,wide
True,paper_2206_03131_reddened_target,,,,,31,HD 152408,HD 152408,O8Iape C,16:54:58.50,-41:09:03.0,0.46,HD 152408,HD_152408_o31_c2T,44,WIDE,1,0,2017-07-31-00:41:05.528,12550.6586,12938.13,12550.44630610538,12937.91769558006,/Users/hamano/DIB_analysis/DIB_pipeline_dir/HD_152408/2017_07_30-HD_152408_pipeline_ver3.6/2017_07_30-HD_152408_pipeline_ver3.6--HD_139129_pipeline_ver3.6-T4/sum/HD_152408_sum_m44_fsr1.30_AIR_tel_wscor_helio.fits,True,25920,HD_152408/HD_152408_o31_c2T/HD_152408_sum_m44_fsr1.30_AIR_tel_wscor_helio.fits,HD_152408,/Users/hamano/DIB_analysis/DIB_pipeline_dir/HD_152408/2017_07_30-HD_152408_pipeline_ver3.6/2017_07_30-HD_152408_pipeline_ver3.6--HD_139129_pipeline_ver3.6-T4/,wide
True,paper_2206_03131_reddened_target,,,,,41,HD 169454,HD169454 | HD 169454,B1Ia C,18:25:15.19,-13:58:42.3,1.12,HD 169454,HD_169454_o41_c3T,56,WIDE,1,0,2017-07-31-02:37:48.609,9889.8306,10123.5876,9889.663541520798,10123.42048258537,/Users/hamano/DIB_analysis/DIB_pipeline_dir/HD_169454/2017_07_30-HD_169454_pipeline_ver3.6/2017_07_30-HD_169454_pipeline_ver3.6--HD_163336_pipeline_ver3.6-T3/sum/HD_169454_sum_m56_fsr1.30_AIR_tel_wscor_helio.fits,True,23040,HD_169454/HD_169454_o41_c3T/HD_169454_sum_m56_fsr1.30_AIR_tel_wscor_helio.fits,HD_169454,/Users/hamano/DIB_analysis/DIB_pipeline_dir/HD_169454/2017_07_30-HD_169454_pipeline_ver3.6/2017_07_30-HD_169454_pipeline_ver3.6--HD_163336_pipeline_ver3.6-T3/,wide
True,paper_2206_03131_reddened_target,,,,,41,HD 169454,HD169454 | HD 169454,B1Ia C,18:25:15.19,-13:58:42.3,1.12,HD 169454,HD_169454_o41_c3T,51,WIDE,1,0,2017-07-31-02:37:48.609,10855.0022,11127.7299,10854.81851764849,11127.5462482061,/Users/hamano/DIB_analysis/DIB_pipeline_dir/HD_169454/2017_07_30-HD_169454_pipeline_ver3.6/2017_07_30-HD_169454_pipeline_ver3.6--HD_163336_pipeline_ver3.6-T3/sum/HD_169454_sum_m51_fsr1.30_AIR_tel_wscor_helio.fits,True,25920,HD_169454/HD_169454_o41_c3T/HD_169454_sum_m51_fsr1.30_AIR_tel_wscor_helio.fits,HD_169454,/Users/hamano/DIB_analysis/DIB_pipeline_dir/HD_169454/2017_07_30-HD_169454_pipeline_ver3.6/2017_07_30-HD_169454_pipeline_ver3.6--HD_163336_pipeline_ver3.6-T3/,wide
True,paper_2206_03131_reddened_target,,,,,41,HD 169454,HD169454 | HD 169454,B1Ia C,18:25:15.19,-13:58:42.3,1.12,HD 169454,HD_169454_o41_c3T,49,WIDE,1,0,2017-07-31-02:37:48.609,11280.3572,11592.0645,11280.16606115063,11591.8733358165,/Users/hamano/DIB_analysis/DIB_pipeline_dir/HD_169454/2017_07_30-HD_169454_pipeline_ver3.6/2017_07_30-HD_169454_pipeline_ver3.6--HD_163336_pipeline_ver3.6-T3/sum/HD_169454_sum_m49_fsr1.30_AIR_tel_wscor_helio.fits,True,25920,HD_169454/HD_169454_o41_c3T/HD_169454_sum_m49_fsr1.30_AIR_tel_wscor_helio.fits,HD_169454,/Users/hamano/DIB_analysis/DIB_pipeline_dir/HD_169454/2017_07_30-HD_169454_pipeline_ver3.6/2017_07_30-HD_169454_pipeline_ver3.6--HD_163336_pipeline_ver3.6-T3/,wide
True,paper_2206_03131_reddened_target,,,,,41,HD 169454,HD169454 | HD 169454,B1Ia C,18:25:15.19,-13:58:42.3,1.12,HD 169454,HD_169454_o41_c3T,60,WIDE,1,0,2017-07-31-02:37:48.609,9256.0463,9437.8319,9255.890695910266,9437.676226322081,/Users/hamano/DIB_analysis/DIB_pipeline_dir/HD_169454/2017_07_30-HD_169454_pipeline_ver3.6/2017_07_30-HD_169454_pipeline_ver3.6--HD_163336_pipeline_ver3.6-T3/sum/HD_169454_sum_m60_fsr1.30_AIR_tel_wscor_helio.fits,True,23040,HD_169454/HD_169454_o41_c3T/HD_169454_sum_m60_fsr1.30_AIR_tel_wscor_helio.fits,HD_169454,/Users/hamano/DIB_analysis/DIB_pipeline_dir/HD_169454/2017_07_30-HD_169454_pipeline_ver3.6/2017_07_30-HD_169454_pipeline_ver3.6--HD_163336_pipeline_ver3.6-T3/,wide
True,paper_2206_03131_reddened_target,,,,,41,HD 169454,HD169454 | HD 169454,B1Ia C,18:25:15.19,-13:58:42.3,1.12,HD 169454,HD_169454_o41_c3T,45,WIDE,1,0,2017-07-31-02:37:48.609,12274.0186,12637.6924,12273.81077825364,12637.48462753408,/Users/hamano/DIB_analysis/DIB_pipeline_dir/HD_169454/2017_07_30-HD_169454_pipeline_ver3.6/2017_07_30-HD_169454_pipeline_ver3.6--HD_163336_pipeline_ver3.6-T3/sum/HD_169454_sum_m45_fsr1.30_AIR_tel_wscor_helio.fits,True,25920,HD_169454/HD_169454_o41_c3T/HD_169454_sum_m45_fsr1.30_AIR_tel_wscor_helio.fits,HD_169454,/Users/hamano/DIB_analysis/DIB_pipeline_dir/HD_169454/2017_07_30-HD_169454_pipeline_ver3.6/2017_07_30-HD_169454_pipeline_ver3.6--HD_163336_pipeline_ver3.6-T3/,wide
True,paper_2206_03131_reddened_target,,,,,41,HD 169454,HD169454 | HD 169454,B1Ia C,18:25:15.19,-13:58:42.3,1.12,HD 169454,HD_169454_o41_c3T,55,WIDE,1,0,2017-07-31-02:37:48.609,10069.7695,10303.5235,10069.59934310831,10303.35336816739,/Users/hamano/DIB_analysis/DIB_pipeline_dir/HD_169454/2017_07_30-HD_169454_pipeline_ver3.6/2017_07_30-HD_169454_pipeline_ver3.6--HD_163336_pipeline_ver3.6-T3/sum/HD_169454_sum_m55_fsr1.30_AIR_tel_wscor_helio.fits,True,23040,HD_169454/HD_169454_o41_c3T/HD_169454_sum_m55_fsr1.30_AIR_tel_wscor_helio.fits,HD_169454,/Users/hamano/DIB_analysis/DIB_pipeline_dir/HD_169454/2017_07_30-HD_169454_pipeline_ver3.6/2017_07_30-HD_169454_pipeline_ver3.6--HD_163336_pipeline_ver3.6-T3/,wide
True,paper_2206_03131_reddened_target,,,,,41,HD 169454,HD169454 | HD 169454,B1Ia C,18:25:15.19,-13:58:42.3,1.12,HD 169454,HD_169454_o41_c3T,53,WIDE,1,0,2017-07-31-02:37:48.609,10446.6411,10706.3799,10446.46445647432,10706.20321951818,/Users/hamano/DIB_analysis/DIB_pipeline_dir/HD_169454/2017_07_30-HD_169454_pipeline_ver3.6/2017_07_30-HD_169454_pipeline_ver3.6--HD_163336_pipeline_ver3.6-T3/sum/HD_169454_sum_m53_fsr1.30_AIR_tel_wscor_helio.fits,True,25920,HD_169454/HD_169454_o41_c3T/HD_169454_sum_m53_fsr1.30_AIR_tel_wscor_helio.fits,HD_169454,/Users/hamano/DIB_analysis/DIB_pipeline_dir/HD_169454/2017_07_30-HD_169454_pipeline_ver3.6/2017_07_30-HD_169454_pipeline_ver3.6--HD_163336_pipeline_ver3.6-T3/,wide
True,paper_2206_03131_reddened_target,,,,,41,HD 169454,HD169454 | HD 169454,B1Ia C,18:25:15.19,-13:58:42.3,1.12,HD 169454,HD_169454_o41_c3T,43,WIDE,1,0,2017-07-31-02:37:48.609,12852.3216,13228.9825,12852.10437100686,13228.76524521261,/Users/hamano/DIB_analysis/DIB_pipeline_dir/HD_169454/2017_07_30-HD_169454_pipeline_ver3.6/2017_07_30-HD_169454_pipeline_ver3.6--HD_163336_pipeline_ver3.6-T3/sum/HD_169454_sum_m43_fsr1.30_AIR_tel_wscor_helio.fits,True,25920,HD_169454/HD_169454_o41_c3T/HD_169454_sum_m43_fsr1.30_AIR_tel_wscor_helio.fits,HD_169454,/Users/hamano/DIB_analysis/DIB_pipeline_dir/HD_169454/2017_07_30-HD_169454_pipeline_ver3.6/2017_07_30-HD_169454_pipeline_ver3.6--HD_163336_pipeline_ver3.6-T3/,wide
True,paper_2206_03131_reddened_target,,,,,41,HD 169454,HD169454 | HD 169454,B1Ia C,18:25:15.19,-13:58:42.3,1.12,HD 169454,HD_169454_o41_c3T,58,WIDE,1,0,2017-07-31-02:37:48.609,9549.9461,9783.7089,9549.78502522286,9783.547797719346,/Users/hamano/DIB_analysis/DIB_pipeline_dir/HD_169454/2017_07_30-HD_169454_pipeline_ver3.6/2017_07_30-HD_169454_pipeline_ver3.6--HD_163336_pipeline_ver3.6-T3/sum/HD_169454_sum_m58_fsr1.30_AIR_tel_wscor_helio.fits,True,25920,HD_169454/HD_169454_o41_c3T/HD_169454_sum_m58_fsr1.30_AIR_tel_wscor_helio.fits,HD_169454,/Users/hamano/DIB_analysis/DIB_pipeline_dir/HD_169454/2017_07_30-HD_169454_pipeline_ver3.6/2017_07_30-HD_169454_pipeline_ver3.6--HD_163336_pipeline_ver3.6-T3/,wide
True,paper_2206_03131_reddened_target,,,,,41,HD 169454,HD169454 | HD 169454,B1Ia C,18:25:15.19,-13:58:42.3,1.12,HD 169454,HD_169454_o41_c3T,46,WIDE,1,0,2017-07-31-02:37:48.609,12005.6101,12356.293,12005.40676650586,12356.08970283903,/Users/hamano/DIB_analysis/DIB_pipeline_dir/HD_169454/2017_07_30-HD_169454_pipeline_ver3.6/2017_07_30-HD_169454_pipeline_ver3.6--HD_163336_pipeline_ver3.6-T3/sum/HD_169454_sum_m46_fsr1.30_AIR_tel_wscor_helio.fits,True,25920,HD_169454/HD_169454_o41_c3T/HD_169454_sum_m46_fsr1.30_AIR_tel_wscor_helio.fits,HD_169454,/Users/hamano/DIB_analysis/DIB_pipeline_dir/HD_169454/2017_07_30-HD_169454_pipeline_ver3.6/2017_07_30-HD_169454_pipeline_ver3.6--HD_163336_pipeline_ver3.6-T3/,wide
True,paper_2206_03131_reddened_target,,,,,41,HD 169454,HD169454 | HD 169454,B1Ia C,18:25:15.19,-13:58:42.3,1.12,HD 169454,HD_169454_o41_c3T,50,WIDE,1,0,2017-07-31-02:37:48.609,11063.4312,11349.1508,11063.24381712684,11348.96343116025,/Users/hamano/DIB_analysis/DIB_pipeline_dir/HD_169454/2017_07_30-HD_169454_pipeline_ver3.6/2017_07_30-HD_169454_pipeline_ver3.6--HD_163336_pipeline_ver3.6-T3/sum/HD_169454_sum_m50_fsr1.30_AIR_tel_wscor_helio.fits,True,25920,HD_169454/HD_169454_o41_c3T/HD_169454_sum_m50_fsr1.30_AIR_tel_wscor_helio.fits,HD_169454,/Users/hamano/DIB_analysis/DIB_pipeline_dir/HD_169454/2017_07_30-HD_169454_pipeline_ver3.6/2017_07_30-HD_169454_pipeline_ver3.6--HD_163336_pipeline_ver3.6-T3/,wide
True,paper_2206_03131_reddened_target,,,,,41,HD 169454,HD169454 | HD 169454,B1Ia C,18:25:15.19,-13:58:42.3,1.12,HD 169454,HD_169454_o41_c3T,42,WIDE,1,0,2017-07-31-02:37:48.609,13137.7241,13553.3665,13137.50182562538,13553.14419743134,/Users/hamano/DIB_analysis/DIB_pipeline_dir/HD_169454/2017_07_30-HD_169454_pipeline_ver3.6/2017_07_30-HD_169454_pipeline_ver3.6--HD_163336_pipeline_ver3.6-T3/sum/HD_169454_sum_m42_fsr1.30_AIR_tel_wscor_helio.fits,True,25920,HD_169454/HD_169454_o41_c3T/HD_169454_sum_m42_fsr1.30_AIR_tel_wscor_helio.fits,HD_169454,/Users/hamano/DIB_analysis/DIB_pipeline_dir/HD_169454/2017_07_30-HD_169454_pipeline_ver3.6/2017_07_30-HD_169454_pipeline_ver3.6--HD_163336_pipeline_ver3.6-T3/,wide
True,paper_2206_03131_reddened_target,,,,,41,HD 169454,HD169454 | HD 169454,B1Ia C,18:25:15.19,-13:58:42.3,1.12,HD 169454,HD_169454_o41_c3T,47,WIDE,1,0,2017-07-31-02:37:48.609,11758.6943,12083.3896,11758.49522467953,12083.19049583759,/Users/hamano/DIB_analysis/DIB_pipeline_dir/HD_169454/2017_07_30-HD_169454_pipeline_ver3.6/2017_07_30-HD_169454_pipeline_ver3.6--HD_163336_pipeline_ver3.6-T3/sum/HD_169454_sum_m47_fsr1.30_AIR_tel_wscor_helio.fits,True,25920,HD_169454/HD_169454_o41_c3T/HD_169454_sum_m47_fsr1.30_AIR_tel_wscor_helio.fits,HD_169454,/Users/hamano/DIB_analysis/DIB_pipeline_dir/HD_169454/2017_07_30-HD_169454_pipeline_ver3.6/2017_07_30-HD_169454_pipeline_ver3.6--HD_163336_pipeline_ver3.6-T3/,wide
True,paper_2206_03131_reddened_target,,,,,41,HD 169454,HD169454 | HD 169454,B1Ia C,18:25:15.19,-13:58:42.3,1.12,HD 169454,HD_169454_o41_c3T,44,WIDE,1,0,2017-07-31-02:37:48.609,12550.9241,12938.4037,12550.71181471948,12938.19142436035,/Users/hamano/DIB_analysis/DIB_pipeline_dir/HD_169454/2017_07_30-HD_169454_pipeline_ver3.6/2017_07_30-HD_169454_pipeline_ver3.6--HD_163336_pipeline_ver3.6-T3/sum/HD_169454_sum_m44_fsr1.30_AIR_tel_wscor_helio.fits,True,25920,HD_169454/HD_169454_o41_c3T/HD_169454_sum_m44_fsr1.30_AIR_tel_wscor_helio.fits,HD_169454,/Users/hamano/DIB_analysis/DIB_pipeline_dir/HD_169454/2017_07_30-HD_169454_pipeline_ver3.6/2017_07_30-HD_169454_pipeline_ver3.6--HD_163336_pipeline_ver3.6-T3/,wide
True,paper_2206_03131_reddened_target,,,,,41,HD 169454,HD169454 | HD 169454,B1Ia C,18:25:15.19,-13:58:42.3,1.12,HD 169454,HD_169454_o41_c3T,52,WIDE,1,0,2017-07-31-02:37:48.609,10645.0736,10917.8042,10644.89343335313,10917.62407885598,/Users/hamano/DIB_analysis/DIB_pipeline_dir/HD_169454/2017_07_30-HD_169454_pipeline_ver3.6/2017_07_30-HD_169454_pipeline_ver3.6--HD_163336_pipeline_ver3.6-T3/sum/HD_169454_sum_m52_fsr1.30_AIR_tel_wscor_helio.fits,True,25920,HD_169454/HD_169454_o41_c3T/HD_169454_sum_m52_fsr1.30_AIR_tel_wscor_helio.fits,HD_169454,/Users/hamano/DIB_analysis/DIB_pipeline_dir/HD_169454/2017_07_30-HD_169454_pipeline_ver3.6/2017_07_30-HD_169454_pipeline_ver3.6--HD_163336_pipeline_ver3.6-T3/,wide
True,paper_2206_03131_reddened_target,,,,,41,HD 169454,HD169454 | HD 169454,B1Ia C,18:25:15.19,-13:58:42.3,1.12,HD 169454,HD_169454_o41_c3T,61,WIDE,1,0,2017-07-31-02:37:48.609,9093.1015,9300.8805,9092.948486554114,9300.727493427266,/Users/hamano/DIB_analysis/DIB_pipeline_dir/HD_169454/2017_07_30-HD_169454_pipeline_ver3.6/2017_07_30-HD_169454_pipeline_ver3.6--HD_163336_pipeline_ver3.6-T3/sum/HD_169454_sum_m61_fsr1.30_AIR_tel_wscor_helio.fits,True,23040,HD_169454/HD_169454_o41_c3T/HD_169454_sum_m61_fsr1.30_AIR_tel_wscor_helio.fits,HD_169454,/Users/hamano/DIB_analysis/DIB_pipeline_dir/HD_169454/2017_07_30-HD_169454_pipeline_ver3.6/2017_07_30-HD_169454_pipeline_ver3.6--HD_163336_pipeline_ver3.6-T3/,wide
True,paper_2206_03131_reddened_target,,,,,41,HD 169454,HD169454 | HD 169454,B1Ia C,18:25:15.19,-13:58:42.3,1.12,HD 169454,HD_169454_o41_c3T,57,WIDE,1,0,2017-07-31-02:37:48.609,9732.8842,9940.6525,9732.720041782242,9940.488358210667,/Users/hamano/DIB_analysis/DIB_pipeline_dir/HD_169454/2017_07_30-HD_169454_pipeline_ver3.6/2017_07_30-HD_169454_pipeline_ver3.6--HD_163336_pipeline_ver3.6-T3/sum/HD_169454_sum_m57_fsr1.30_AIR_tel_wscor_helio.fits,True,23040,HD_169454/HD_169454_o41_c3T/HD_169454_sum_m57_fsr1.30_AIR_tel_wscor_helio.fits,HD_169454,/Users/hamano/DIB_analysis/DIB_pipeline_dir/HD_169454/2017_07_30-HD_169454_pipeline_ver3.6/2017_07_30-HD_169454_pipeline_ver3.6--HD_163336_pipeline_ver3.6-T3/,wide
True,paper_2206_03131_reddened_target,,,,,41,HD 169454,HD169454 | HD 169454,B1Ia C,18:25:15.19,-13:58:42.3,1.12,HD 169454,HD_169454_o41_c3T,48,WIDE,1,0,2017-07-31-02:37:48.609,11520.2755,11831.9789,11520.0804807873,11831.78386550616,/Users/hamano/DIB_analysis/DIB_pipeline_dir/HD_169454/2017_07_30-HD_169454_pipeline_ver3.6/2017_07_30-HD_169454_pipeline_ver3.6--HD_163336_pipeline_ver3.6-T3/sum/HD_169454_sum_m48_fsr1.30_AIR_tel_wscor_helio.fits,True,25920,HD_169454/HD_169454_o41_c3T/HD_169454_sum_m48_fsr1.30_AIR_tel_wscor_helio.fits,HD_169454,/Users/hamano/DIB_analysis/DIB_pipeline_dir/HD_169454/2017_07_30-HD_169454_pipeline_ver3.6/2017_07_30-HD_169454_pipeline_ver3.6--HD_163336_pipeline_ver3.6-T3/,wide
True,paper_2206_03131_reddened_target,,,,,41,HD 169454,HD169454 | HD 169454,B1Ia C,18:25:15.19,-13:58:42.3,1.12,HD 169454,HD_169454_o41_c3T,54,WIDE,1,0,2017-07-31-02:37:48.609,10246.7091,10506.4508,10246.53573635587,10506.27741408416,/Users/hamano/DIB_analysis/DIB_pipeline_dir/HD_169454/2017_07_30-HD_169454_pipeline_ver3.6/2017_07_30-HD_169454_pipeline_ver3.6--HD_163336_pipeline_ver3.6-T3/sum/HD_169454_sum_m54_fsr1.30_AIR_tel_wscor_helio.fits,True,25920,HD_169454/HD_169454_o41_c3T/HD_169454_sum_m54_fsr1.30_AIR_tel_wscor_helio.fits,HD_169454,/Users/hamano/DIB_analysis/DIB_pipeline_dir/HD_169454/2017_07_30-HD_169454_pipeline_ver3.6/2017_07_30-HD_169454_pipeline_ver3.6--HD_163336_pipeline_ver3.6-T3/,wide
True,paper_2206_03131_reddened_target,,,,,41,HD 169454,HD169454 | HD 169454,B1Ia C,18:25:15.19,-13:58:42.3,1.12,HD 169454,HD_169454_o41_c3T,59,WIDE,1,0,2017-07-31-02:37:48.609,9392.9996,9600.7738,9392.841268889486,9600.615418385811,/Users/hamano/DIB_analysis/DIB_pipeline_dir/HD_169454/2017_07_30-HD_169454_pipeline_ver3.6/2017_07_30-HD_169454_pipeline_ver3.6--HD_163336_pipeline_ver3.6-T3/sum/HD_169454_sum_m59_fsr1.30_AIR_tel_wscor_helio.fits,True,23040,HD_169454/HD_169454_o41_c3T/HD_169454_sum_m59_fsr1.30_AIR_tel_wscor_helio.fits,HD_169454,/Users/hamano/DIB_analysis/DIB_pipeline_dir/HD_169454/2017_07_30-HD_169454_pipeline_ver3.6/2017_07_30-HD_169454_pipeline_ver3.6--HD_163336_pipeline_ver3.6-T3/,wide
True,paper_2206_03131_reddened_target,Hamano2016_CygOB2_DIB,10.3847/0004-637X/821/1/42,,,10,BD+41  3804,VI Cyg 10 | Cyg OB2 10 | CygOB2No10,O9.7Iab C,20:33:46.10,+41:33:00.9,1.89,Cyg OB2 10,BD+41_3804_o10_c2T,42,WIDE,1,0,2014-09-11-15:19:06.138,13138.3889,13553.5282,13138.16735599122,13553.30664275387,/Users/hamano/DIB_analysis/DIB_pipeline_dir/BD+41_3804/2014_09_11-CygOB2No10_pipeline_ver3.6/2014_09_11-CygOB2No10_pipeline_ver3.6--2014_09_11-rho_Peg_pipeline_ver3.6-T1/sum/CygOB2No10_sum_m42_fsr1.30_AIR_tel_wscor_helio.fits,True,20160,CygOB2No10/BD+41_3804_o10_c2T/CygOB2No10_sum_m42_fsr1.30_AIR_tel_wscor_helio.fits,CygOB2No10,/Users/hamano/DIB_analysis/DIB_pipeline_dir/BD+41_3804/2014_09_11-CygOB2No10_pipeline_ver3.6/2014_09_11-CygOB2No10_pipeline_ver3.6--2014_09_11-rho_Peg_pipeline_ver3.6-T1/,wide
True,paper_2206_03131_reddened_target,Hamano2016_CygOB2_DIB,10.3847/0004-637X/821/1/42,,,10,BD+41  3804,Cyg OB2 10 | VI Cyg 10 | CygOB2No10,O9.7Iab C,20:33:46.10,+41:33:00.9,1.89,Cyg OB2 10,BD+41_3804_o10_c2T,50,WIDE,1,0,2014-09-11-15:19:06.138,11063.9279,11349.6567,11063.74045209637,11349.46925376353,/Users/hamano/DIB_analysis/DIB_pipeline_dir/BD+41_3804/2014_09_11-CygOB2No10_pipeline_ver3.6/2014_09_11-CygOB2No10_pipeline_ver3.6--2014_09_11-rho_Peg_pipeline_ver3.6-T1/sum/CygOB2No10_sum_m50_fsr1.30_AIR_tel_wscor_helio.fits,True,20160,CygOB2No10/BD+41_3804_o10_c2T/CygOB2No10_sum_m50_fsr1.30_AIR_tel_wscor_helio.fits,CygOB2No10,/Users/hamano/DIB_analysis/DIB_pipeline_dir/BD+41_3804/2014_09_11-CygOB2No10_pipeline_ver3.6/2014_09_11-CygOB2No10_pipeline_ver3.6--2014_09_11-rho_Peg_pipeline_ver3.6-T1/,wide
True,paper_2206_03131_reddened_target,Hamano2016_CygOB2_DIB,10.3847/0004-637X/821/1/42,,,10,BD+41  3804,Cyg OB2 10 | VI Cyg 10 | CygOB2No10,O9.7Iab C,20:33:46.10,+41:33:00.9,1.89,Cyg OB2 10,BD+41_3804_o10_c2T,56,WIDE,1,0,2014-09-11-15:19:06.138,9890.256,10124.0205,9890.088793880797,10123.85325166084,/Users/hamano/DIB_analysis/DIB_pipeline_dir/BD+41_3804/2014_09_11-CygOB2No10_pipeline_ver3.6/2014_09_11-CygOB2No10_pipeline_ver3.6--2014_09_11-rho_Peg_pipeline_ver3.6-T1/sum/CygOB2No10_sum_m56_fsr1.30_AIR_tel_wscor_helio.fits,True,17280,CygOB2No10/BD+41_3804_o10_c2T/CygOB2No10_sum_m56_fsr1.30_AIR_tel_wscor_helio.fits,CygOB2No10,/Users/hamano/DIB_analysis/DIB_pipeline_dir/BD+41_3804/2014_09_11-CygOB2No10_pipeline_ver3.6/2014_09_11-CygOB2No10_pipeline_ver3.6--2014_09_11-rho_Peg_pipeline_ver3.6-T1/,wide
True,paper_2206_03131_reddened_target,Hamano2016_CygOB2_DIB,10.3847/0004-637X/821/1/42,,,10,BD+41  3804,Cyg OB2 10 | VI Cyg 10 | CygOB2No10,O9.7Iab C,20:33:46.10,+41:33:00.9,1.89,Cyg OB2 10,BD+41_3804_o10_c2T,48,WIDE,1,0,2014-09-11-15:19:06.138,11520.7598,11832.4761,11520.56785767191,11832.28419438908,/Users/hamano/DIB_analysis/DIB_pipeline_dir/BD+41_3804/2014_09_11-CygOB2No10_pipeline_ver3.6/2014_09_11-CygOB2No10_pipeline_ver3.6--2014_09_11-rho_Peg_pipeline_ver3.6-T1/sum/CygOB2No10_sum_m48_fsr1.30_AIR_tel_wscor_helio.fits,True,20160,CygOB2No10/BD+41_3804_o10_c2T/CygOB2No10_sum_m48_fsr1.30_AIR_tel_wscor_helio.fits,CygOB2No10,/Users/hamano/DIB_analysis/DIB_pipeline_dir/BD+41_3804/2014_09_11-CygOB2No10_pipeline_ver3.6/2014_09_11-CygOB2No10_pipeline_ver3.6--2014_09_11-rho_Peg_pipeline_ver3.6-T1/,wide
True,paper_2206_03131_reddened_target,Hamano2016_CygOB2_DIB,10.3847/0004-637X/821/1/42,,,10,BD+41  3804,Cyg OB2 10 | VI Cyg 10 | CygOB2No10,O9.7Iab C,20:33:46.10,+41:33:00.9,1.89,Cyg OB2 10,BD+41_3804_o10_c2T,60,WIDE,1,0,2014-09-11-15:19:06.138,9256.4629,9438.2533,9256.307129300003,9438.097528952112,/Users/hamano/DIB_analysis/DIB_pipeline_dir/BD+41_3804/2014_09_11-CygOB2No10_pipeline_ver3.6/2014_09_11-CygOB2No10_pipeline_ver3.6--2014_09_11-rho_Peg_pipeline_ver3.6-T1/sum/CygOB2No10_sum_m60_fsr1.30_AIR_tel_wscor_helio.fits,True,17280,CygOB2No10/BD+41_3804_o10_c2T/CygOB2No10_sum_m60_fsr1.30_AIR_tel_wscor_helio.fits,CygOB2No10,/Users/hamano/DIB_analysis/DIB_pipeline_dir/BD+41_3804/2014_09_11-CygOB2No10_pipeline_ver3.6/2014_09_11-CygOB2No10_pipeline_ver3.6--2014_09_11-rho_Peg_pipeline_ver3.6-T1/,wide
True,paper_2206_03131_reddened_target,Hamano2016_CygOB2_DIB,10.3847/0004-637X/821/1/42,,,10,BD+41  3804,Cyg OB2 10 | VI Cyg 10 | CygOB2No10,O9.7Iab C,20:33:46.10,+41:33:00.9,1.89,Cyg OB2 10,BD+41_3804_o10_c2T,51,WIDE,1,0,2014-09-11-15:19:06.138,10855.5053,11128.2418,10855.32149391751,11128.0579943406,/Users/hamano/DIB_analysis/DIB_pipeline_dir/BD+41_3804/2014_09_11-CygOB2No10_pipeline_ver3.6/2014_09_11-CygOB2No10_pipeline_ver3.6--2014_09_11-rho_Peg_pipeline_ver3.6-T1/sum/CygOB2No10_sum_m51_fsr1.30_AIR_tel_wscor_helio.fits,True,20160,CygOB2No10/BD+41_3804_o10_c2T/CygOB2No10_sum_m51_fsr1.30_AIR_tel_wscor_helio.fits,CygOB2No10,/Users/hamano/DIB_analysis/DIB_pipeline_dir/BD+41_3804/2014_09_11-CygOB2No10_pipeline_ver3.6/2014_09_11-CygOB2No10_pipeline_ver3.6--2014_09_11-rho_Peg_pipeline_ver3.6-T1/,wide
True,paper_2206_03131_reddened_target,Hamano2016_CygOB2_DIB,10.3847/0004-637X/821/1/42,,,10,BD+41  3804,Cyg OB2 10 | VI Cyg 10 | CygOB2No10,O9.7Iab C,20:33:46.10,+41:33:00.9,1.89,Cyg OB2 10,BD+41_3804_o10_c2T,53,WIDE,1,0,2014-09-11-15:19:06.138,10447.1089,10706.8561,10446.93211645152,10706.67923168572,/Users/hamano/DIB_analysis/DIB_pipeline_dir/BD+41_3804/2014_09_11-CygOB2No10_pipeline_ver3.6/2014_09_11-CygOB2No10_pipeline_ver3.6--2014_09_11-rho_Peg_pipeline_ver3.6-T1/sum/CygOB2No10_sum_m53_fsr1.30_AIR_tel_wscor_helio.fits,True,20160,CygOB2No10/BD+41_3804_o10_c2T/CygOB2No10_sum_m53_fsr1.30_AIR_tel_wscor_helio.fits,CygOB2No10,/Users/hamano/DIB_analysis/DIB_pipeline_dir/BD+41_3804/2014_09_11-CygOB2No10_pipeline_ver3.6/2014_09_11-CygOB2No10_pipeline_ver3.6--2014_09_11-rho_Peg_pipeline_ver3.6-T1/,wide
True,paper_2206_03131_reddened_target,Hamano2016_CygOB2_DIB,10.3847/0004-637X/821/1/42,,,10,BD+41  3804,Cyg OB2 10 | VI Cyg 10 | CygOB2No10,O9.7Iab C,20:33:46.10,+41:33:00.9,1.89,Cyg OB2 10,BD+41_3804_o10_c2T,47,WIDE,1,0,2014-09-11-15:19:06.138,11765.3033,12084.0166,11765.10736539989,12083.82069153277,/Users/hamano/DIB_analysis/DIB_pipeline_dir/BD+41_3804/2014_09_11-CygOB2No10_pipeline_ver3.6/2014_09_11-CygOB2No10_pipeline_ver3.6--2014_09_11-rho_Peg_pipeline_ver3.6-T1/sum/CygOB2No10_sum_m47_fsr1.30_AIR_tel_wscor_helio.fits,True,20160,CygOB2No10/BD+41_3804_o10_c2T/CygOB2No10_sum_m47_fsr1.30_AIR_tel_wscor_helio.fits,CygOB2No10,/Users/hamano/DIB_analysis/DIB_pipeline_dir/BD+41_3804/2014_09_11-CygOB2No10_pipeline_ver3.6/2014_09_11-CygOB2No10_pipeline_ver3.6--2014_09_11-rho_Peg_pipeline_ver3.6-T1/,wide
True,paper_2206_03131_reddened_target,Hamano2016_CygOB2_DIB,10.3847/0004-637X/821/1/42,,,10,BD+41  3804,Cyg OB2 10 | VI Cyg 10 | CygOB2No10,O9.7Iab C,20:33:46.10,+41:33:00.9,1.89,Cyg OB2 10,BD+41_3804_o10_c2T,45,WIDE,1,0,2014-09-11-15:19:06.138,12290.1872,12638.2367,12289.98305442436,12638.03255005531,/Users/hamano/DIB_analysis/DIB_pipeline_dir/BD+41_3804/2014_09_11-CygOB2No10_pipeline_ver3.6/2014_09_11-CygOB2No10_pipeline_ver3.6--2014_09_11-rho_Peg_pipeline_ver3.6-T1/sum/CygOB2No10_sum_m45_fsr1.30_AIR_tel_wscor_helio.fits,True,20160,CygOB2No10/BD+41_3804_o10_c2T/CygOB2No10_sum_m45_fsr1.30_AIR_tel_wscor_helio.fits,CygOB2No10,/Users/hamano/DIB_analysis/DIB_pipeline_dir/BD+41_3804/2014_09_11-CygOB2No10_pipeline_ver3.6/2014_09_11-CygOB2No10_pipeline_ver3.6--2014_09_11-rho_Peg_pipeline_ver3.6-T1/,wide
True,paper_2206_03131_reddened_target,Hamano2016_CygOB2_DIB,10.3847/0004-637X/821/1/42,,,10,BD+41  3804,Cyg OB2 10 | VI Cyg 10 | CygOB2No10,O9.7Iab C,20:33:46.10,+41:33:00.9,1.89,Cyg OB2 10,BD+41_3804_o10_c2T,43,WIDE,1,0,2014-09-11-15:19:06.138,12852.9693,13229.6423,12852.75244895651,13229.42543511005,/Users/hamano/DIB_analysis/DIB_pipeline_dir/BD+41_3804/2014_09_11-CygOB2No10_pipeline_ver3.6/2014_09_11-CygOB2No10_pipeline_ver3.6--2014_09_11-rho_Peg_pipeline_ver3.6-T1/sum/CygOB2No10_sum_m43_fsr1.30_AIR_tel_wscor_helio.fits,True,20160,CygOB2No10/BD+41_3804_o10_c2T/CygOB2No10_sum_m43_fsr1.30_AIR_tel_wscor_helio.fits,CygOB2No10,/Users/hamano/DIB_analysis/DIB_pipeline_dir/BD+41_3804/2014_09_11-CygOB2No10_pipeline_ver3.6/2014_09_11-CygOB2No10_pipeline_ver3.6--2014_09_11-rho_Peg_pipeline_ver3.6-T1/,wide
True,paper_2206_03131_reddened_target,Hamano2016_CygOB2_DIB,10.3847/0004-637X/821/1/42,,,10,BD+41  3804,Cyg OB2 10 | VI Cyg 10 | CygOB2No10,O9.7Iab C,20:33:46.10,+41:33:00.9,1.89,Cyg OB2 10,BD+41_3804_o10_c2T,55,WIDE,1,0,2014-09-11-15:19:06.138,10070.2072,10303.9688,10070.0369891882,10303.79853086912,/Users/hamano/DIB_analysis/DIB_pipeline_dir/BD+41_3804/2014_09_11-CygOB2No10_pipeline_ver3.6/2014_09_11-CygOB2No10_pipeline_ver3.6--2014_09_11-rho_Peg_pipeline_ver3.6-T1/sum/CygOB2No10_sum_m55_fsr1.30_AIR_tel_wscor_helio.fits,True,17280,CygOB2No10/BD+41_3804_o10_c2T/CygOB2No10_sum_m55_fsr1.30_AIR_tel_wscor_helio.fits,CygOB2No10,/Users/hamano/DIB_analysis/DIB_pipeline_dir/BD+41_3804/2014_09_11-CygOB2No10_pipeline_ver3.6/2014_09_11-CygOB2No10_pipeline_ver3.6--2014_09_11-rho_Peg_pipeline_ver3.6-T1/,wide
True,paper_2206_03131_reddened_target,Hamano2016_CygOB2_DIB,10.3847/0004-637X/821/1/42,,,10,BD+41  3804,Cyg OB2 10 | VI Cyg 10 | CygOB2No10,O9.7Iab C,20:33:46.10,+41:33:00.9,1.89,Cyg OB2 10,BD+41_3804_o10_c2T,49,WIDE,1,0,2014-09-11-15:19:06.138,11283.573,11592.5372,11283.38492914109,11592.34912726588,/Users/hamano/DIB_analysis/DIB_pipeline_dir/BD+41_3804/2014_09_11-CygOB2No10_pipeline_ver3.6/2014_09_11-CygOB2No10_pipeline_ver3.6--2014_09_11-rho_Peg_pipeline_ver3.6-T1/sum/CygOB2No10_sum_m49_fsr1.30_AIR_tel_wscor_helio.fits,True,20160,CygOB2No10/BD+41_3804_o10_c2T/CygOB2No10_sum_m49_fsr1.30_AIR_tel_wscor_helio.fits,CygOB2No10,/Users/hamano/DIB_analysis/DIB_pipeline_dir/BD+41_3804/2014_09_11-CygOB2No10_pipeline_ver3.6/2014_09_11-CygOB2No10_pipeline_ver3.6--2014_09_11-rho_Peg_pipeline_ver3.6-T1/,wide
True,paper_2206_03131_reddened_target,Hamano2016_CygOB2_DIB,10.3847/0004-637X/821/1/42,,,10,BD+41  3804,Cyg OB2 10 | VI Cyg 10 | CygOB2No10,O9.7Iab C,20:33:46.10,+41:33:00.9,1.89,Cyg OB2 10,BD+41_3804_o10_c2T,46,WIDE,1,0,2014-09-11-15:19:06.138,12006.1816,12356.8758,12005.97815462268,12356.67236755693,/Users/hamano/DIB_analysis/DIB_pipeline_dir/BD+41_3804/2014_09_11-CygOB2No10_pipeline_ver3.6/2014_09_11-CygOB2No10_pipeline_ver3.6--2014_09_11-rho_Peg_pipeline_ver3.6-T1/sum/CygOB2No10_sum_m46_fsr1.30_AIR_tel_wscor_helio.fits,True,20160,CygOB2No10/BD+41_3804_o10_c2T/CygOB2No10_sum_m46_fsr1.30_AIR_tel_wscor_helio.fits,CygOB2No10,/Users/hamano/DIB_analysis/DIB_pipeline_dir/BD+41_3804/2014_09_11-CygOB2No10_pipeline_ver3.6/2014_09_11-CygOB2No10_pipeline_ver3.6--2014_09_11-rho_Peg_pipeline_ver3.6-T1/,wide
True,paper_2206_03131_reddened_target,Hamano2016_CygOB2_DIB,10.3847/0004-637X/821/1/42,,,10,BD+41  3804,Cyg OB2 10 | VI Cyg 10 | CygOB2No10,O9.7Iab C,20:33:46.10,+41:33:00.9,1.89,Cyg OB2 10,BD+41_3804_o10_c2T,61,WIDE,1,0,2014-09-11-15:19:06.138,9093.4831,9301.2688,9093.329951914799,9301.115640152333,/Users/hamano/DIB_analysis/DIB_pipeline_dir/BD+41_3804/2014_09_11-CygOB2No10_pipeline_ver3.6/2014_09_11-CygOB2No10_pipeline_ver3.6--2014_09_11-rho_Peg_pipeline_ver3.6-T1/sum/CygOB2No10_sum_m61_fsr1.30_AIR_tel_wscor_helio.fits,True,17280,CygOB2No10/BD+41_3804_o10_c2T/CygOB2No10_sum_m61_fsr1.30_AIR_tel_wscor_helio.fits,CygOB2No10,/Users/hamano/DIB_analysis/DIB_pipeline_dir/BD+41_3804/2014_09_11-CygOB2No10_pipeline_ver3.6/2014_09_11-CygOB2No10_pipeline_ver3.6--2014_09_11-rho_Peg_pipeline_ver3.6-T1/,wide
True,paper_2206_03131_reddened_target,Hamano2016_CygOB2_DIB,10.3847/0004-637X/821/1/42,,,10,BD+41  3804,VI Cyg 10 | Cyg OB2 10 | CygOB2No10,O9.7Iab C,20:33:46.10,+41:33:00.9,1.89,Cyg OB2 10,BD+41_3804_o10_c2T,59,WIDE,1,0,2014-09-11-15:19:06.138,9393.3866,9601.1674,9393.228093141561,9601.008923847037,/Users/hamano/DIB_analysis/DIB_pipeline_dir/BD+41_3804/2014_09_11-CygOB2No10_pipeline_ver3.6/2014_09_11-CygOB2No10_pipeline_ver3.6--2014_09_11-rho_Peg_pipeline_ver3.6-T1/sum/CygOB2No10_sum_m59_fsr1.30_AIR_tel_wscor_helio.fits,True,17280,CygOB2No10/BD+41_3804_o10_c2T/CygOB2No10_sum_m59_fsr1.30_AIR_tel_wscor_helio.fits,CygOB2No10,/Users/hamano/DIB_analysis/DIB_pipeline_dir/BD+41_3804/2014_09_11-CygOB2No10_pipeline_ver3.6/2014_09_11-CygOB2No10_pipeline_ver3.6--2014_09_11-rho_Peg_pipeline_ver3.6-T1/,wide
True,paper_2206_03131_reddened_target,Hamano2016_CygOB2_DIB,10.3847/0004-637X/821/1/42,,,10,BD+41  3804,VI Cyg 10 | Cyg OB2 10 | CygOB2No10,O9.7Iab C,20:33:46.10,+41:33:00.9,1.89,Cyg OB2 10,BD+41_3804_o10_c2T,54,WIDE,1,0,2014-09-11-15:19:06.138,10247.1635,10506.9136,10246.9900132665,10506.74004327876,/Users/hamano/DIB_analysis/DIB_pipeline_dir/BD+41_3804/2014_09_11-CygOB2No10_pipeline_ver3.6/2014_09_11-CygOB2No10_pipeline_ver3.6--2014_09_11-rho_Peg_pipeline_ver3.6-T1/sum/CygOB2No10_sum_m54_fsr1.30_AIR_tel_wscor_helio.fits,True,20160,CygOB2No10/BD+41_3804_o10_c2T/CygOB2No10_sum_m54_fsr1.30_AIR_tel_wscor_helio.fits,CygOB2No10,/Users/hamano/DIB_analysis/DIB_pipeline_dir/BD+41_3804/2014_09_11-CygOB2No10_pipeline_ver3.6/2014_09_11-CygOB2No10_pipeline_ver3.6--2014_09_11-rho_Peg_pipeline_ver3.6-T1/,wide
True,paper_2206_03131_reddened_target,Hamano2016_CygOB2_DIB,10.3847/0004-637X/821/1/42,,,10,BD+41  3804,Cyg OB2 10 | VI Cyg 10 | CygOB2No10,O9.7Iab C,20:33:46.10,+41:33:00.9,1.89,Cyg OB2 10,BD+41_3804_o10_c2T,52,WIDE,1,0,2014-09-11-15:19:06.138,10645.5509,10918.2903,10645.37064470553,10918.11006016682,/Users/hamano/DIB_analysis/DIB_pipeline_dir/BD+41_3804/2014_09_11-CygOB2No10_pipeline_ver3.6/2014_09_11-CygOB2No10_pipeline_ver3.6--2014_09_11-rho_Peg_pipeline_ver3.6-T1/sum/CygOB2No10_sum_m52_fsr1.30_AIR_tel_wscor_helio.fits,True,20160,CygOB2No10/BD+41_3804_o10_c2T/CygOB2No10_sum_m52_fsr1.30_AIR_tel_wscor_helio.fits,CygOB2No10,/Users/hamano/DIB_analysis/DIB_pipeline_dir/BD+41_3804/2014_09_11-CygOB2No10_pipeline_ver3.6/2014_09_11-CygOB2No10_pipeline_ver3.6--2014_09_11-rho_Peg_pipeline_ver3.6-T1/,wide
True,paper_2206_03131_reddened_target,Hamano2016_CygOB2_DIB,10.3847/0004-637X/821/1/42,,,10,BD+41  3804,Cyg OB2 10 | VI Cyg 10 | CygOB2No10,O9.7Iab C,20:33:46.10,+41:33:00.9,1.89,Cyg OB2 10,BD+41_3804_o10_c2T,58,WIDE,1,0,2014-09-11-15:19:06.138,9550.3546,9784.1249,9550.193247985866,9783.963537385134,/Users/hamano/DIB_analysis/DIB_pipeline_dir/BD+41_3804/2014_09_11-CygOB2No10_pipeline_ver3.6/2014_09_11-CygOB2No10_pipeline_ver3.6--2014_09_11-rho_Peg_pipeline_ver3.6-T1/sum/CygOB2No10_sum_m58_fsr1.30_AIR_tel_wscor_helio.fits,True,20160,CygOB2No10/BD+41_3804_o10_c2T/CygOB2No10_sum_m58_fsr1.30_AIR_tel_wscor_helio.fits,CygOB2No10,/Users/hamano/DIB_analysis/DIB_pipeline_dir/BD+41_3804/2014_09_11-CygOB2No10_pipeline_ver3.6/2014_09_11-CygOB2No10_pipeline_ver3.6--2014_09_11-rho_Peg_pipeline_ver3.6-T1/,wide
True,paper_2206_03131_reddened_target,Hamano2016_CygOB2_DIB,10.3847/0004-637X/821/1/42,,,10,BD+41  3804,Cyg OB2 10 | VI Cyg 10 | CygOB2No10,O9.7Iab C,20:33:46.10,+41:33:00.9,1.89,Cyg OB2 10,BD+41_3804_o10_c2T,57,WIDE,1,0,2014-09-11-15:19:06.138,9733.2984,9941.0734,9733.134171370048,9940.909168820841,/Users/hamano/DIB_analysis/DIB_pipeline_dir/BD+41_3804/2014_09_11-CygOB2No10_pipeline_ver3.6/2014_09_11-CygOB2No10_pipeline_ver3.6--2014_09_11-rho_Peg_pipeline_ver3.6-T1/sum/CygOB2No10_sum_m57_fsr1.30_AIR_tel_wscor_helio.fits,True,17280,CygOB2No10/BD+41_3804_o10_c2T/CygOB2No10_sum_m57_fsr1.30_AIR_tel_wscor_helio.fits,CygOB2No10,/Users/hamano/DIB_analysis/DIB_pipeline_dir/BD+41_3804/2014_09_11-CygOB2No10_pipeline_ver3.6/2014_09_11-CygOB2No10_pipeline_ver3.6--2014_09_11-rho_Peg_pipeline_ver3.6-T1/,wide
True,paper_2206_03131_reddened_target,Hamano2016_CygOB2_DIB,10.3847/0004-637X/821/1/42,,,10,BD+41  3804,Cyg OB2 10 | VI Cyg 10 | CygOB2No10,O9.7Iab C,20:33:46.10,+41:33:00.9,1.89,Cyg OB2 10,BD+41_3804_o10_c2T,44,WIDE,1,0,2014-09-11-15:19:06.138,12551.4983,12938.0619,12551.28611110812,12937.84974133153,/Users/hamano/DIB_analysis/DIB_pipeline_dir/BD+41_3804/2014_09_11-CygOB2No10_pipeline_ver3.6/2014_09_11-CygOB2No10_pipeline_ver3.6--2014_09_11-rho_Peg_pipeline_ver3.6-T1/sum/CygOB2No10_sum_m44_fsr1.30_AIR_tel_wscor_helio.fits,True,20160,CygOB2No10/BD+41_3804_o10_c2T/CygOB2No10_sum_m44_fsr1.30_AIR_tel_wscor_helio.fits,CygOB2No10,/Users/hamano/DIB_analysis/DIB_pipeline_dir/BD+41_3804/2014_09_11-CygOB2No10_pipeline_ver3.6/2014_09_11-CygOB2No10_pipeline_ver3.6--2014_09_11-rho_Peg_pipeline_ver3.6-T1/,wide
True,paper_2206_03131_reddened_target,,,,,24,* ome Sco,HD144470 | omega Sco | HD 144470,B1V D,16:06:48.42,-20:40:09.0,0.22,HD 144470,ome_Sco_o24_c3T,58,WIDE,1,0,2017-07-29-23:44:40.489,9549.5441,9783.2983,9549.382953397024,9783.13718779828,/Users/hamano/DIB_analysis/DIB_pipeline_dir/ome_Sco/2017_07_29-HD_144470_pipeline_ver3.6/2017_07_29-HD_144470_pipeline_ver3.6--2017_07_29-HD_139129_pipeline_ver3.6-T3/sum/HD_144470_sum_m58_fsr1.30_AIR_tel_wscor_helio.fits,True,25920,HD_144470/ome_Sco_o24_c3T/HD_144470_sum_m58_fsr1.30_AIR_tel_wscor_helio.fits,HD_144470,/Users/hamano/DIB_analysis/DIB_pipeline_dir/ome_Sco/2017_07_29-HD_144470_pipeline_ver3.6/2017_07_29-HD_144470_pipeline_ver3.6--2017_07_29-HD_139129_pipeline_ver3.6-T3/,wide
True,paper_2206_03131_reddened_target,,,,,24,* ome Sco,HD144470 | omega Sco | HD 144470,B1V D,16:06:48.42,-20:40:09.0,0.22,HD 144470,ome_Sco_o24_c3T,52,WIDE,1,0,2017-07-29-23:44:40.489,10644.6462,10917.3669,10644.46611148844,10917.18679561191,/Users/hamano/DIB_analysis/DIB_pipeline_dir/ome_Sco/2017_07_29-HD_144470_pipeline_ver3.6/2017_07_29-HD_144470_pipeline_ver3.6--2017_07_29-HD_139129_pipeline_ver3.6-T3/sum/HD_144470_sum_m52_fsr1.30_AIR_tel_wscor_helio.fits,True,25920,HD_144470/ome_Sco_o24_c3T/HD_144470_sum_m52_fsr1.30_AIR_tel_wscor_helio.fits,HD_144470,/Users/hamano/DIB_analysis/DIB_pipeline_dir/ome_Sco/2017_07_29-HD_144470_pipeline_ver3.6/2017_07_29-HD_144470_pipeline_ver3.6--2017_07_29-HD_139129_pipeline_ver3.6-T3/,wide
True,paper_2206_03131_reddened_target,,,,,24,* ome Sco,HD144470 | omega Sco | HD 144470,B1V D,16:06:48.42,-20:40:09.0,0.22,HD 144470,ome_Sco_o24_c3T,43,WIDE,1,0,2017-07-29-23:44:40.489,12851.8435,13228.4907,12851.62632451626,13228.27344133513,/Users/hamano/DIB_analysis/DIB_pipeline_dir/ome_Sco/2017_07_29-HD_144470_pipeline_ver3.6/2017_07_29-HD_144470_pipeline_ver3.6--2017_07_29-HD_139129_pipeline_ver3.6-T3/sum/HD_144470_sum_m43_fsr1.30_AIR_tel_wscor_helio.fits,True,25920,HD_144470/ome_Sco_o24_c3T/HD_144470_sum_m43_fsr1.30_AIR_tel_wscor_helio.fits,HD_144470,/Users/hamano/DIB_analysis/DIB_pipeline_dir/ome_Sco/2017_07_29-HD_144470_pipeline_ver3.6/2017_07_29-HD_144470_pipeline_ver3.6--2017_07_29-HD_139129_pipeline_ver3.6-T3/,wide
True,paper_2206_03131_reddened_target,,,,,24,* ome Sco,HD144470 | omega Sco | HD 144470,B1V D,16:06:48.42,-20:40:09.0,0.22,HD 144470,ome_Sco_o24_c3T,61,WIDE,1,0,2017-07-29-23:44:40.489,9092.7099,9300.4813,9092.556883746305,9300.328301570116,/Users/hamano/DIB_analysis/DIB_pipeline_dir/ome_Sco/2017_07_29-HD_144470_pipeline_ver3.6/2017_07_29-HD_144470_pipeline_ver3.6--2017_07_29-HD_139129_pipeline_ver3.6-T3/sum/HD_144470_sum_m61_fsr1.30_AIR_tel_wscor_helio.fits,True,23040,HD_144470/ome_Sco_o24_c3T/HD_144470_sum_m61_fsr1.30_AIR_tel_wscor_helio.fits,HD_144470,/Users/hamano/DIB_analysis/DIB_pipeline_dir/ome_Sco/2017_07_29-HD_144470_pipeline_ver3.6/2017_07_29-HD_144470_pipeline_ver3.6--2017_07_29-HD_139129_pipeline_ver3.6-T3/,wide
True,paper_2206_03131_reddened_target,,,,,24,* ome Sco,HD144470 | omega Sco | HD 144470,B1V D,16:06:48.42,-20:40:09.0,0.22,HD 144470,ome_Sco_o24_c3T,42,WIDE,1,0,2017-07-29-23:44:40.489,13137.2396,13552.8668,13137.01738872775,13552.64457936357,/Users/hamano/DIB_analysis/DIB_pipeline_dir/ome_Sco/2017_07_29-HD_144470_pipeline_ver3.6/2017_07_29-HD_144470_pipeline_ver3.6--2017_07_29-HD_139129_pipeline_ver3.6-T3/sum/HD_144470_sum_m42_fsr1.30_AIR_tel_wscor_helio.fits,True,25920,HD_144470/ome_Sco_o24_c3T/HD_144470_sum_m42_fsr1.30_AIR_tel_wscor_helio.fits,HD_144470,/Users/hamano/DIB_analysis/DIB_pipeline_dir/ome_Sco/2017_07_29-HD_144470_pipeline_ver3.6/2017_07_29-HD_144470_pipeline_ver3.6--2017_07_29-HD_139129_pipeline_ver3.6-T3/,wide
True,paper_2206_03131_reddened_target,,,,,24,* ome Sco,omega Sco | HD144470 | HD 144470,B1V D,16:06:48.42,-20:40:09.0,0.22,HD 144470,ome_Sco_o24_c3T,57,WIDE,1,0,2017-07-29-23:44:40.489,9732.4776,9940.2384,9732.313536793501,9940.074264564544,/Users/hamano/DIB_analysis/DIB_pipeline_dir/ome_Sco/2017_07_29-HD_144470_pipeline_ver3.6/2017_07_29-HD_144470_pipeline_ver3.6--2017_07_29-HD_139129_pipeline_ver3.6-T3/sum/HD_144470_sum_m57_fsr1.30_AIR_tel_wscor_helio.fits,True,23040,HD_144470/ome_Sco_o24_c3T/HD_144470_sum_m57_fsr1.30_AIR_tel_wscor_helio.fits,HD_144470,/Users/hamano/DIB_analysis/DIB_pipeline_dir/ome_Sco/2017_07_29-HD_144470_pipeline_ver3.6/2017_07_29-HD_144470_pipeline_ver3.6--2017_07_29-HD_139129_pipeline_ver3.6-T3/,wide
True,paper_2206_03131_reddened_target,,,,,24,* ome Sco,omega Sco | HD144470 | HD 144470,B1V D,16:06:48.42,-20:40:09.0,0.22,HD 144470,ome_Sco_o24_c3T,44,WIDE,1,0,2017-07-29-23:44:40.489,12550.4532,12937.9186,12550.24085967469,12937.70631677846,/Users/hamano/DIB_analysis/DIB_pipeline_dir/ome_Sco/2017_07_29-HD_144470_pipeline_ver3.6/2017_07_29-HD_144470_pipeline_ver3.6--2017_07_29-HD_139129_pipeline_ver3.6-T3/sum/HD_144470_sum_m44_fsr1.30_AIR_tel_wscor_helio.fits,True,25920,HD_144470/ome_Sco_o24_c3T/HD_144470_sum_m44_fsr1.30_AIR_tel_wscor_helio.fits,HD_144470,/Users/hamano/DIB_analysis/DIB_pipeline_dir/ome_Sco/2017_07_29-HD_144470_pipeline_ver3.6/2017_07_29-HD_144470_pipeline_ver3.6--2017_07_29-HD_139129_pipeline_ver3.6-T3/,wide
True,paper_2206_03131_reddened_target,,,,,24,* ome Sco,HD144470 | omega Sco | HD 144470,B1V D,16:06:48.42,-20:40:09.0,0.22,HD 144470,ome_Sco_o24_c3T,45,WIDE,1,0,2017-07-29-23:44:40.489,12273.5539,12637.2145,12273.34611539775,12637.00668163665,/Users/hamano/DIB_analysis/DIB_pipeline_dir/ome_Sco/2017_07_29-HD_144470_pipeline_ver3.6/2017_07_29-HD_144470_pipeline_ver3.6--2017_07_29-HD_139129_pipeline_ver3.6-T3/sum/HD_144470_sum_m45_fsr1.30_AIR_tel_wscor_helio.fits,True,25920,HD_144470/ome_Sco_o24_c3T/HD_144470_sum_m45_fsr1.30_AIR_tel_wscor_helio.fits,HD_144470,/Users/hamano/DIB_analysis/DIB_pipeline_dir/ome_Sco/2017_07_29-HD_144470_pipeline_ver3.6/2017_07_29-HD_144470_pipeline_ver3.6--2017_07_29-HD_139129_pipeline_ver3.6-T3/,wide
True,paper_2206_03131_reddened_target,,,,,24,* ome Sco,HD144470 | omega Sco | HD 144470,B1V D,16:06:48.42,-20:40:09.0,0.22,HD 144470,ome_Sco_o24_c3T,48,WIDE,1,0,2017-07-29-23:44:40.489,11519.8281,11831.5201,11519.63303065924,11831.32503053613,/Users/hamano/DIB_analysis/DIB_pipeline_dir/ome_Sco/2017_07_29-HD_144470_pipeline_ver3.6/2017_07_29-HD_144470_pipeline_ver3.6--2017_07_29-HD_139129_pipeline_ver3.6-T3/sum/HD_144470_sum_m48_fsr1.30_AIR_tel_wscor_helio.fits,True,25920,HD_144470/ome_Sco_o24_c3T/HD_144470_sum_m48_fsr1.30_AIR_tel_wscor_helio.fits,HD_144470,/Users/hamano/DIB_analysis/DIB_pipeline_dir/ome_Sco/2017_07_29-HD_144470_pipeline_ver3.6/2017_07_29-HD_144470_pipeline_ver3.6--2017_07_29-HD_139129_pipeline_ver3.6-T3/,wide
True,paper_2206_03131_reddened_target,,,,,24,* ome Sco,HD144470 | omega Sco | HD 144470,B1V D,16:06:48.42,-20:40:09.0,0.22,HD 144470,ome_Sco_o24_c3T,53,WIDE,1,0,2017-07-29-23:44:40.489,10446.2184,10705.9476,10446.04167015816,10705.77094634571,/Users/hamano/DIB_analysis/DIB_pipeline_dir/ome_Sco/2017_07_29-HD_144470_pipeline_ver3.6/2017_07_29-HD_144470_pipeline_ver3.6--2017_07_29-HD_139129_pipeline_ver3.6-T3/sum/HD_144470_sum_m53_fsr1.30_AIR_tel_wscor_helio.fits,True,25920,HD_144470/ome_Sco_o24_c3T/HD_144470_sum_m53_fsr1.30_AIR_tel_wscor_helio.fits,HD_144470,/Users/hamano/DIB_analysis/DIB_pipeline_dir/ome_Sco/2017_07_29-HD_144470_pipeline_ver3.6/2017_07_29-HD_144470_pipeline_ver3.6--2017_07_29-HD_139129_pipeline_ver3.6-T3/,wide
True,paper_2206_03131_reddened_target,,,,,24,* ome Sco,omega Sco | HD144470 | HD 144470,B1V D,16:06:48.42,-20:40:09.0,0.22,HD 144470,ome_Sco_o24_c3T,59,WIDE,1,0,2017-07-29-23:44:40.489,9392.601,9600.3676,9392.442680691076,9600.209241316235,/Users/hamano/DIB_analysis/DIB_pipeline_dir/ome_Sco/2017_07_29-HD_144470_pipeline_ver3.6/2017_07_29-HD_144470_pipeline_ver3.6--2017_07_29-HD_139129_pipeline_ver3.6-T3/sum/HD_144470_sum_m59_fsr1.30_AIR_tel_wscor_helio.fits,True,23040,HD_144470/ome_Sco_o24_c3T/HD_144470_sum_m59_fsr1.30_AIR_tel_wscor_helio.fits,HD_144470,/Users/hamano/DIB_analysis/DIB_pipeline_dir/ome_Sco/2017_07_29-HD_144470_pipeline_ver3.6/2017_07_29-HD_144470_pipeline_ver3.6--2017_07_29-HD_139129_pipeline_ver3.6-T3/,wide
True,paper_2206_03131_reddened_target,,,,,24,* ome Sco,HD144470 | omega Sco | HD 144470,B1V D,16:06:48.42,-20:40:09.0,0.22,HD 144470,ome_Sco_o24_c3T,60,WIDE,1,0,2017-07-29-23:44:40.489,9255.6508,9437.4296,9255.495125742695,9437.274016507374,/Users/hamano/DIB_analysis/DIB_pipeline_dir/ome_Sco/2017_07_29-HD_144470_pipeline_ver3.6/2017_07_29-HD_144470_pipeline_ver3.6--2017_07_29-HD_139129_pipeline_ver3.6-T3/sum/HD_144470_sum_m60_fsr1.30_AIR_tel_wscor_helio.fits,True,23040,HD_144470/ome_Sco_o24_c3T/HD_144470_sum_m60_fsr1.30_AIR_tel_wscor_helio.fits,HD_144470,/Users/hamano/DIB_analysis/DIB_pipeline_dir/ome_Sco/2017_07_29-HD_144470_pipeline_ver3.6/2017_07_29-HD_144470_pipeline_ver3.6--2017_07_29-HD_139129_pipeline_ver3.6-T3/,wide
True,paper_2206_03131_reddened_target,,,,,24,* ome Sco,HD144470 | omega Sco | HD 144470,B1V D,16:06:48.42,-20:40:09.0,0.22,HD 144470,ome_Sco_o24_c3T,55,WIDE,1,0,2017-07-29-23:44:40.489,10069.3553,10303.1008,10069.18516360312,10302.93065088757,/Users/hamano/DIB_analysis/DIB_pipeline_dir/ome_Sco/2017_07_29-HD_144470_pipeline_ver3.6/2017_07_29-HD_144470_pipeline_ver3.6--2017_07_29-HD_139129_pipeline_ver3.6-T3/sum/HD_144470_sum_m55_fsr1.30_AIR_tel_wscor_helio.fits,True,23040,HD_144470/ome_Sco_o24_c3T/HD_144470_sum_m55_fsr1.30_AIR_tel_wscor_helio.fits,HD_144470,/Users/hamano/DIB_analysis/DIB_pipeline_dir/ome_Sco/2017_07_29-HD_144470_pipeline_ver3.6/2017_07_29-HD_144470_pipeline_ver3.6--2017_07_29-HD_139129_pipeline_ver3.6-T3/,wide
True,paper_2206_03131_reddened_target,,,,,24,* ome Sco,HD144470 | omega Sco | HD 144470,B1V D,16:06:48.42,-20:40:09.0,0.22,HD 144470,ome_Sco_o24_c3T,51,WIDE,1,0,2017-07-29-23:44:40.489,10854.57,11127.2877,10854.38630564741,11127.10407493245,/Users/hamano/DIB_analysis/DIB_pipeline_dir/ome_Sco/2017_07_29-HD_144470_pipeline_ver3.6/2017_07_29-HD_144470_pipeline_ver3.6--2017_07_29-HD_139129_pipeline_ver3.6-T3/sum/HD_144470_sum_m51_fsr1.30_AIR_tel_wscor_helio.fits,True,25920,HD_144470/ome_Sco_o24_c3T/HD_144470_sum_m51_fsr1.30_AIR_tel_wscor_helio.fits,HD_144470,/Users/hamano/DIB_analysis/DIB_pipeline_dir/ome_Sco/2017_07_29-HD_144470_pipeline_ver3.6/2017_07_29-HD_144470_pipeline_ver3.6--2017_07_29-HD_139129_pipeline_ver3.6-T3/,wide
True,paper_2206_03131_reddened_target,,,,,24,* ome Sco,HD144470 | omega Sco | HD 144470,B1V D,16:06:48.42,-20:40:09.0,0.22,HD 144470,ome_Sco_o24_c3T,47,WIDE,1,0,2017-07-29-23:44:40.489,11758.2414,12082.9248,11758.04230726765,12082.72571906057,/Users/hamano/DIB_analysis/DIB_pipeline_dir/ome_Sco/2017_07_29-HD_144470_pipeline_ver3.6/2017_07_29-HD_144470_pipeline_ver3.6--2017_07_29-HD_139129_pipeline_ver3.6-T3/sum/HD_144470_sum_m47_fsr1.30_AIR_tel_wscor_helio.fits,True,25920,HD_144470/ome_Sco_o24_c3T/HD_144470_sum_m47_fsr1.30_AIR_tel_wscor_helio.fits,HD_144470,/Users/hamano/DIB_analysis/DIB_pipeline_dir/ome_Sco/2017_07_29-HD_144470_pipeline_ver3.6/2017_07_29-HD_144470_pipeline_ver3.6--2017_07_29-HD_139129_pipeline_ver3.6-T3/,wide
True,paper_2206_03131_reddened_target,,,,,24,* ome Sco,omega Sco | HD144470 | HD 144470,B1V D,16:06:48.42,-20:40:09.0,0.22,HD 144470,ome_Sco_o24_c3T,54,WIDE,1,0,2017-07-29-23:44:40.489,10246.291,10506.0232,10246.11760697446,10505.84979773961,/Users/hamano/DIB_analysis/DIB_pipeline_dir/ome_Sco/2017_07_29-HD_144470_pipeline_ver3.6/2017_07_29-HD_144470_pipeline_ver3.6--2017_07_29-HD_139129_pipeline_ver3.6-T3/sum/HD_144470_sum_m54_fsr1.30_AIR_tel_wscor_helio.fits,True,25920,HD_144470/ome_Sco_o24_c3T/HD_144470_sum_m54_fsr1.30_AIR_tel_wscor_helio.fits,HD_144470,/Users/hamano/DIB_analysis/DIB_pipeline_dir/ome_Sco/2017_07_29-HD_144470_pipeline_ver3.6/2017_07_29-HD_144470_pipeline_ver3.6--2017_07_29-HD_139129_pipeline_ver3.6-T3/,wide
True,paper_2206_03131_reddened_target,,,,,24,* ome Sco,omega Sco | HD144470 | HD 144470,B1V D,16:06:48.42,-20:40:09.0,0.22,HD 144470,ome_Sco_o24_c3T,49,WIDE,1,0,2017-07-29-23:44:40.489,11279.9153,11591.6112,11279.7241994706,11591.42008915212,/Users/hamano/DIB_analysis/DIB_pipeline_dir/ome_Sco/2017_07_29-HD_144470_pipeline_ver3.6/2017_07_29-HD_144470_pipeline_ver3.6--2017_07_29-HD_139129_pipeline_ver3.6-T3/sum/HD_144470_sum_m49_fsr1.30_AIR_tel_wscor_helio.fits,True,25920,HD_144470/ome_Sco_o24_c3T/HD_144470_sum_m49_fsr1.30_AIR_tel_wscor_helio.fits,HD_144470,/Users/hamano/DIB_analysis/DIB_pipeline_dir/ome_Sco/2017_07_29-HD_144470_pipeline_ver3.6/2017_07_29-HD_144470_pipeline_ver3.6--2017_07_29-HD_139129_pipeline_ver3.6-T3/,wide
True,paper_2206_03131_reddened_target,,,,,24,* ome Sco,HD144470 | omega Sco | HD 144470,B1V D,16:06:48.42,-20:40:09.0,0.22,HD 144470,ome_Sco_o24_c3T,46,WIDE,1,0,2017-07-29-23:44:40.489,12005.1516,12355.8217,12004.9482697431,12355.61839752235,/Users/hamano/DIB_analysis/DIB_pipeline_dir/ome_Sco/2017_07_29-HD_144470_pipeline_ver3.6/2017_07_29-HD_144470_pipeline_ver3.6--2017_07_29-HD_139129_pipeline_ver3.6-T3/sum/HD_144470_sum_m46_fsr1.30_AIR_tel_wscor_helio.fits,True,25920,HD_144470/ome_Sco_o24_c3T/HD_144470_sum_m46_fsr1.30_AIR_tel_wscor_helio.fits,HD_144470,/Users/hamano/DIB_analysis/DIB_pipeline_dir/ome_Sco/2017_07_29-HD_144470_pipeline_ver3.6/2017_07_29-HD_144470_pipeline_ver3.6--2017_07_29-HD_139129_pipeline_ver3.6-T3/,wide
True,paper_2206_03131_reddened_target,,,,,24,* ome Sco,HD144470 | omega Sco | HD 144470,B1V D,16:06:48.42,-20:40:09.0,0.22,HD 144470,ome_Sco_o24_c3T,50,WIDE,1,0,2017-07-29-23:44:40.489,11062.9942,11348.7034,11062.80683625839,11348.51601449612,/Users/hamano/DIB_analysis/DIB_pipeline_dir/ome_Sco/2017_07_29-HD_144470_pipeline_ver3.6/2017_07_29-HD_144470_pipeline_ver3.6--2017_07_29-HD_139129_pipeline_ver3.6-T3/sum/HD_144470_sum_m50_fsr1.30_AIR_tel_wscor_helio.fits,True,25920,HD_144470/ome_Sco_o24_c3T/HD_144470_sum_m50_fsr1.30_AIR_tel_wscor_helio.fits,HD_144470,/Users/hamano/DIB_analysis/DIB_pipeline_dir/ome_Sco/2017_07_29-HD_144470_pipeline_ver3.6/2017_07_29-HD_144470_pipeline_ver3.6--2017_07_29-HD_139129_pipeline_ver3.6-T3/,wide
True,paper_2206_03131_reddened_target,,,,,24,* ome Sco,HD144470 | omega Sco | HD 144470,B1V D,16:06:48.42,-20:40:09.0,0.22,HD 144470,ome_Sco_o24_c3T,56,WIDE,1,0,2017-07-29-23:44:40.489,9889.4206,10123.169,9889.253553800654,10123.00195698374,/Users/hamano/DIB_analysis/DIB_pipeline_dir/ome_Sco/2017_07_29-HD_144470_pipeline_ver3.6/2017_07_29-HD_144470_pipeline_ver3.6--2017_07_29-HD_139129_pipeline_ver3.6-T3/sum/HD_144470_sum_m56_fsr1.30_AIR_tel_wscor_helio.fits,True,23040,HD_144470/ome_Sco_o24_c3T/HD_144470_sum_m56_fsr1.30_AIR_tel_wscor_helio.fits,HD_144470,/Users/hamano/DIB_analysis/DIB_pipeline_dir/ome_Sco/2017_07_29-HD_144470_pipeline_ver3.6/2017_07_29-HD_144470_pipeline_ver3.6--2017_07_29-HD_139129_pipeline_ver3.6-T3/,wide
True,paper_2206_03131_reddened_target,,,,,50,*  35 Aqr,HD 210191,B2III C,22:08:58.99,-18:31:10.5,0.04,HD 210191,35_Aqr_o50_c2T,61,WIDE,1,0,2017-07-31-07:24:01.808,9093.8563,9301.6526,9093.703282778959,9301.499547962861,/Users/hamano/DIB_analysis/DIB_pipeline_dir/35_Aqr/2017_07_30-HD_210191_pipeline_ver3.6/2017_07_30-HD_210191_pipeline_ver3.6--HR_8134_pipeline_ver3.6-T2/sum/HD_210191_sum_m61_fsr1.30_AIR_tel_wscor_helio.fits,True,23040,HD_210191/35_Aqr_o50_c2T/HD_210191_sum_m61_fsr1.30_AIR_tel_wscor_helio.fits,HD_210191,/Users/hamano/DIB_analysis/DIB_pipeline_dir/35_Aqr/2017_07_30-HD_210191_pipeline_ver3.6/2017_07_30-HD_210191_pipeline_ver3.6--HR_8134_pipeline_ver3.6-T2/,wide
True,paper_2206_03131_reddened_target,,,,,50,*  35 Aqr,HD 210191,B2III C,22:08:58.99,-18:31:10.5,0.04,HD 210191,35_Aqr_o50_c2T,48,WIDE,1,0,2017-07-31-07:24:01.808,11521.2554,11832.9847,11521.06035911677,11832.78963419991,/Users/hamano/DIB_analysis/DIB_pipeline_dir/35_Aqr/2017_07_30-HD_210191_pipeline_ver3.6/2017_07_30-HD_210191_pipeline_ver3.6--HR_8134_pipeline_ver3.6-T2/sum/HD_210191_sum_m48_fsr1.30_AIR_tel_wscor_helio.fits,True,25920,HD_210191/35_Aqr_o50_c2T/HD_210191_sum_m48_fsr1.30_AIR_tel_wscor_helio.fits,HD_210191,/Users/hamano/DIB_analysis/DIB_pipeline_dir/35_Aqr/2017_07_30-HD_210191_pipeline_ver3.6/2017_07_30-HD_210191_pipeline_ver3.6--HR_8134_pipeline_ver3.6-T2/,wide
True,paper_2206_03131_reddened_target,,,,,50,*  35 Aqr,HD 210191,B2III C,22:08:58.99,-18:31:10.5,0.04,HD 210191,35_Aqr_o50_c2T,54,WIDE,1,0,2017-07-31-07:24:01.808,10247.5709,10507.3342,10247.39752362095,10507.16077572687,/Users/hamano/DIB_analysis/DIB_pipeline_dir/35_Aqr/2017_07_30-HD_210191_pipeline_ver3.6/2017_07_30-HD_210191_pipeline_ver3.6--HR_8134_pipeline_ver3.6-T2/sum/HD_210191_sum_m54_fsr1.30_AIR_tel_wscor_helio.fits,True,25920,HD_210191/35_Aqr_o50_c2T/HD_210191_sum_m54_fsr1.30_AIR_tel_wscor_helio.fits,HD_210191,/Users/hamano/DIB_analysis/DIB_pipeline_dir/35_Aqr/2017_07_30-HD_210191_pipeline_ver3.6/2017_07_30-HD_210191_pipeline_ver3.6--HR_8134_pipeline_ver3.6-T2/,wide
True,paper_2206_03131_reddened_target,,,,,50,*  35 Aqr,HD 210191,B2III C,22:08:58.99,-18:31:10.5,0.04,HD 210191,35_Aqr_o50_c2T,60,WIDE,1,0,2017-07-31-07:24:01.808,9256.8161,9438.6167,9256.660446567088,9438.461076248275,/Users/hamano/DIB_analysis/DIB_pipeline_dir/35_Aqr/2017_07_30-HD_210191_pipeline_ver3.6/2017_07_30-HD_210191_pipeline_ver3.6--HR_8134_pipeline_ver3.6-T2/sum/HD_210191_sum_m60_fsr1.30_AIR_tel_wscor_helio.fits,True,23040,HD_210191/35_Aqr_o50_c2T/HD_210191_sum_m60_fsr1.30_AIR_tel_wscor_helio.fits,HD_210191,/Users/hamano/DIB_analysis/DIB_pipeline_dir/35_Aqr/2017_07_30-HD_210191_pipeline_ver3.6/2017_07_30-HD_210191_pipeline_ver3.6--HR_8134_pipeline_ver3.6-T2/,wide
True,paper_2206_03131_reddened_target,,,,,50,*  35 Aqr,HD 210191,B2III C,22:08:58.99,-18:31:10.5,0.04,HD 210191,35_Aqr_o50_c2T,57,WIDE,1,0,2017-07-31-07:24:01.808,9733.6982,9941.4837,9733.534037967554,9941.319611819195,/Users/hamano/DIB_analysis/DIB_pipeline_dir/35_Aqr/2017_07_30-HD_210191_pipeline_ver3.6/2017_07_30-HD_210191_pipeline_ver3.6--HR_8134_pipeline_ver3.6-T2/sum/HD_210191_sum_m57_fsr1.30_AIR_tel_wscor_helio.fits,True,23040,HD_210191/35_Aqr_o50_c2T/HD_210191_sum_m57_fsr1.30_AIR_tel_wscor_helio.fits,HD_210191,/Users/hamano/DIB_analysis/DIB_pipeline_dir/35_Aqr/2017_07_30-HD_210191_pipeline_ver3.6/2017_07_30-HD_210191_pipeline_ver3.6--HR_8134_pipeline_ver3.6-T2/,wide
True,paper_2206_03131_reddened_target,,,,,50,*  35 Aqr,HD 210191,B2III C,22:08:58.99,-18:31:10.5,0.04,HD 210191,35_Aqr_o50_c2T,51,WIDE,1,0,2017-07-31-07:24:01.808,10855.9203,11128.6707,10855.73665275903,11128.48703632777,/Users/hamano/DIB_analysis/DIB_pipeline_dir/35_Aqr/2017_07_30-HD_210191_pipeline_ver3.6/2017_07_30-HD_210191_pipeline_ver3.6--HR_8134_pipeline_ver3.6-T2/sum/HD_210191_sum_m51_fsr1.30_AIR_tel_wscor_helio.fits,True,25920,HD_210191/35_Aqr_o50_c2T/HD_210191_sum_m51_fsr1.30_AIR_tel_wscor_helio.fits,HD_210191,/Users/hamano/DIB_analysis/DIB_pipeline_dir/35_Aqr/2017_07_30-HD_210191_pipeline_ver3.6/2017_07_30-HD_210191_pipeline_ver3.6--HR_8134_pipeline_ver3.6-T2/,wide
True,paper_2206_03131_reddened_target,,,,,50,*  35 Aqr,HD 210191,B2III C,22:08:58.99,-18:31:10.5,0.04,HD 210191,35_Aqr_o50_c2T,56,WIDE,1,0,2017-07-31-07:24:01.808,9890.6593,10124.4356,9890.492183962418,10124.26854108883,/Users/hamano/DIB_analysis/DIB_pipeline_dir/35_Aqr/2017_07_30-HD_210191_pipeline_ver3.6/2017_07_30-HD_210191_pipeline_ver3.6--HR_8134_pipeline_ver3.6-T2/sum/HD_210191_sum_m56_fsr1.30_AIR_tel_wscor_helio.fits,True,23040,HD_210191/35_Aqr_o50_c2T/HD_210191_sum_m56_fsr1.30_AIR_tel_wscor_helio.fits,HD_210191,/Users/hamano/DIB_analysis/DIB_pipeline_dir/35_Aqr/2017_07_30-HD_210191_pipeline_ver3.6/2017_07_30-HD_210191_pipeline_ver3.6--HR_8134_pipeline_ver3.6-T2/,wide
True,paper_2206_03131_reddened_target,,,,,50,*  35 Aqr,HD 210191,B2III C,22:08:58.99,-18:31:10.5,0.04,HD 210191,35_Aqr_o50_c2T,52,WIDE,1,0,2017-07-31-07:24:01.808,10645.9723,10918.7256,10645.79214372721,10918.54544248323,/Users/hamano/DIB_analysis/DIB_pipeline_dir/35_Aqr/2017_07_30-HD_210191_pipeline_ver3.6/2017_07_30-HD_210191_pipeline_ver3.6--HR_8134_pipeline_ver3.6-T2/sum/HD_210191_sum_m52_fsr1.30_AIR_tel_wscor_helio.fits,True,25920,HD_210191/35_Aqr_o50_c2T/HD_210191_sum_m52_fsr1.30_AIR_tel_wscor_helio.fits,HD_210191,/Users/hamano/DIB_analysis/DIB_pipeline_dir/35_Aqr/2017_07_30-HD_210191_pipeline_ver3.6/2017_07_30-HD_210191_pipeline_ver3.6--HR_8134_pipeline_ver3.6-T2/,wide
True,paper_2206_03131_reddened_target,,,,,50,*  35 Aqr,HD 210191,B2III C,22:08:58.99,-18:31:10.5,0.04,HD 210191,35_Aqr_o50_c2T,42,WIDE,1,0,2017-07-31-07:24:01.808,13138.8541,13554.531,13138.63186112454,13554.30875656104,/Users/hamano/DIB_analysis/DIB_pipeline_dir/35_Aqr/2017_07_30-HD_210191_pipeline_ver3.6/2017_07_30-HD_210191_pipeline_ver3.6--HR_8134_pipeline_ver3.6-T2/sum/HD_210191_sum_m42_fsr1.30_AIR_tel_wscor_helio.fits,True,25920,HD_210191/35_Aqr_o50_c2T/HD_210191_sum_m42_fsr1.30_AIR_tel_wscor_helio.fits,HD_210191,/Users/hamano/DIB_analysis/DIB_pipeline_dir/35_Aqr/2017_07_30-HD_210191_pipeline_ver3.6/2017_07_30-HD_210191_pipeline_ver3.6--HR_8134_pipeline_ver3.6-T2/,wide
True,paper_2206_03131_reddened_target,,,,,50,*  35 Aqr,HD 210191,B2III C,22:08:58.99,-18:31:10.5,0.04,HD 210191,35_Aqr_o50_c2T,59,WIDE,1,0,2017-07-31-07:24:01.808,9393.7822,9601.5736,9393.623815085713,9601.41522248955,/Users/hamano/DIB_analysis/DIB_pipeline_dir/35_Aqr/2017_07_30-HD_210191_pipeline_ver3.6/2017_07_30-HD_210191_pipeline_ver3.6--HR_8134_pipeline_ver3.6-T2/sum/HD_210191_sum_m59_fsr1.30_AIR_tel_wscor_helio.fits,True,23040,HD_210191/35_Aqr_o50_c2T/HD_210191_sum_m59_fsr1.30_AIR_tel_wscor_helio.fits,HD_210191,/Users/hamano/DIB_analysis/DIB_pipeline_dir/35_Aqr/2017_07_30-HD_210191_pipeline_ver3.6/2017_07_30-HD_210191_pipeline_ver3.6--HR_8134_pipeline_ver3.6-T2/,wide
True,paper_2206_03131_reddened_target,,,,,50,*  35 Aqr,HD 210191,B2III C,22:08:58.99,-18:31:10.5,0.04,HD 210191,35_Aqr_o50_c2T,46,WIDE,1,0,2017-07-31-07:24:01.808,12006.635,12357.3471,12006.43173825473,12357.14380262901,/Users/hamano/DIB_analysis/DIB_pipeline_dir/35_Aqr/2017_07_30-HD_210191_pipeline_ver3.6/2017_07_30-HD_210191_pipeline_ver3.6--HR_8134_pipeline_ver3.6-T2/sum/HD_210191_sum_m46_fsr1.30_AIR_tel_wscor_helio.fits,True,25920,HD_210191/35_Aqr_o50_c2T/HD_210191_sum_m46_fsr1.30_AIR_tel_wscor_helio.fits,HD_210191,/Users/hamano/DIB_analysis/DIB_pipeline_dir/35_Aqr/2017_07_30-HD_210191_pipeline_ver3.6/2017_07_30-HD_210191_pipeline_ver3.6--HR_8134_pipeline_ver3.6-T2/,wide
True,paper_2206_03131_reddened_target,,,,,50,*  35 Aqr,HD 210191,B2III C,22:08:58.99,-18:31:10.5,0.04,HD 210191,35_Aqr_o50_c2T,50,WIDE,1,0,2017-07-31-07:24:01.808,11064.3687,11350.112,11064.18129999819,11349.92464616034,/Users/hamano/DIB_analysis/DIB_pipeline_dir/35_Aqr/2017_07_30-HD_210191_pipeline_ver3.6/2017_07_30-HD_210191_pipeline_ver3.6--HR_8134_pipeline_ver3.6-T2/sum/HD_210191_sum_m50_fsr1.30_AIR_tel_wscor_helio.fits,True,25920,HD_210191/35_Aqr_o50_c2T/HD_210191_sum_m50_fsr1.30_AIR_tel_wscor_helio.fits,HD_210191,/Users/hamano/DIB_analysis/DIB_pipeline_dir/35_Aqr/2017_07_30-HD_210191_pipeline_ver3.6/2017_07_30-HD_210191_pipeline_ver3.6--HR_8134_pipeline_ver3.6-T2/,wide
True,paper_2206_03131_reddened_target,,,,,50,*  35 Aqr,HD 210191,B2III C,22:08:58.99,-18:31:10.5,0.04,HD 210191,35_Aqr_o50_c2T,45,WIDE,1,0,2017-07-31-07:24:01.808,12275.0685,12638.7725,12274.86064767015,12638.56470402867,/Users/hamano/DIB_analysis/DIB_pipeline_dir/35_Aqr/2017_07_30-HD_210191_pipeline_ver3.6/2017_07_30-HD_210191_pipeline_ver3.6--HR_8134_pipeline_ver3.6-T2/sum/HD_210191_sum_m45_fsr1.30_AIR_tel_wscor_helio.fits,True,25920,HD_210191/35_Aqr_o50_c2T/HD_210191_sum_m45_fsr1.30_AIR_tel_wscor_helio.fits,HD_210191,/Users/hamano/DIB_analysis/DIB_pipeline_dir/35_Aqr/2017_07_30-HD_210191_pipeline_ver3.6/2017_07_30-HD_210191_pipeline_ver3.6--HR_8134_pipeline_ver3.6-T2/,wide
True,paper_2206_03131_reddened_target,,,,,50,*  35 Aqr,HD 210191,B2III C,22:08:58.99,-18:31:10.5,0.04,HD 210191,35_Aqr_o50_c2T,55,WIDE,1,0,2017-07-31-07:24:01.808,10070.6148,10304.3882,10070.44463515363,10304.21807603244,/Users/hamano/DIB_analysis/DIB_pipeline_dir/35_Aqr/2017_07_30-HD_210191_pipeline_ver3.6/2017_07_30-HD_210191_pipeline_ver3.6--HR_8134_pipeline_ver3.6-T2/sum/HD_210191_sum_m55_fsr1.30_AIR_tel_wscor_helio.fits,True,23040,HD_210191/35_Aqr_o50_c2T/HD_210191_sum_m55_fsr1.30_AIR_tel_wscor_helio.fits,HD_210191,/Users/hamano/DIB_analysis/DIB_pipeline_dir/35_Aqr/2017_07_30-HD_210191_pipeline_ver3.6/2017_07_30-HD_210191_pipeline_ver3.6--HR_8134_pipeline_ver3.6-T2/,wide
True,paper_2206_03131_reddened_target,,,,,50,*  35 Aqr,HD 210191,B2III C,22:08:58.99,-18:31:10.5,0.04,HD 210191,35_Aqr_o50_c2T,43,WIDE,1,0,2017-07-31-07:24:01.808,12853.4251,13230.1172,12853.2078136032,13229.8999736011,/Users/hamano/DIB_analysis/DIB_pipeline_dir/35_Aqr/2017_07_30-HD_210191_pipeline_ver3.6/2017_07_30-HD_210191_pipeline_ver3.6--HR_8134_pipeline_ver3.6-T2/sum/HD_210191_sum_m43_fsr1.30_AIR_tel_wscor_helio.fits,True,25920,HD_210191/35_Aqr_o50_c2T/HD_210191_sum_m43_fsr1.30_AIR_tel_wscor_helio.fits,HD_210191,/Users/hamano/DIB_analysis/DIB_pipeline_dir/35_Aqr/2017_07_30-HD_210191_pipeline_ver3.6/2017_07_30-HD_210191_pipeline_ver3.6--HR_8134_pipeline_ver3.6-T2/,wide
True,paper_2206_03131_reddened_target,,,,,50,*  35 Aqr,HD 210191,B2III C,22:08:58.99,-18:31:10.5,0.04,HD 210191,35_Aqr_o50_c2T,53,WIDE,1,0,2017-07-31-07:24:01.808,10447.5215,10707.2818,10447.34474373743,10707.10508091693,/Users/hamano/DIB_analysis/DIB_pipeline_dir/35_Aqr/2017_07_30-HD_210191_pipeline_ver3.6/2017_07_30-HD_210191_pipeline_ver3.6--HR_8134_pipeline_ver3.6-T2/sum/HD_210191_sum_m53_fsr1.30_AIR_tel_wscor_helio.fits,True,25920,HD_210191/35_Aqr_o50_c2T/HD_210191_sum_m53_fsr1.30_AIR_tel_wscor_helio.fits,HD_210191,/Users/hamano/DIB_analysis/DIB_pipeline_dir/35_Aqr/2017_07_30-HD_210191_pipeline_ver3.6/2017_07_30-HD_210191_pipeline_ver3.6--HR_8134_pipeline_ver3.6-T2/,wide
True,paper_2206_03131_reddened_target,,,,,50,*  35 Aqr,HD 210191,B2III C,22:08:58.99,-18:31:10.5,0.04,HD 210191,35_Aqr_o50_c2T,44,WIDE,1,0,2017-07-31-07:24:01.808,12551.9998,12939.5115,12551.78741947579,12939.29921352271,/Users/hamano/DIB_analysis/DIB_pipeline_dir/35_Aqr/2017_07_30-HD_210191_pipeline_ver3.6/2017_07_30-HD_210191_pipeline_ver3.6--HR_8134_pipeline_ver3.6-T2/sum/HD_210191_sum_m44_fsr1.30_AIR_tel_wscor_helio.fits,True,25920,HD_210191/35_Aqr_o50_c2T/HD_210191_sum_m44_fsr1.30_AIR_tel_wscor_helio.fits,HD_210191,/Users/hamano/DIB_analysis/DIB_pipeline_dir/35_Aqr/2017_07_30-HD_210191_pipeline_ver3.6/2017_07_30-HD_210191_pipeline_ver3.6--HR_8134_pipeline_ver3.6-T2/,wide
True,paper_2206_03131_reddened_target,,,,,50,*  35 Aqr,HD 210191,B2III C,22:08:58.99,-18:31:10.5,0.04,HD 210191,35_Aqr_o50_c2T,49,WIDE,1,0,2017-07-31-07:24:01.808,11281.3149,11593.048,11281.12373957691,11592.85690493011,/Users/hamano/DIB_analysis/DIB_pipeline_dir/35_Aqr/2017_07_30-HD_210191_pipeline_ver3.6/2017_07_30-HD_210191_pipeline_ver3.6--HR_8134_pipeline_ver3.6-T2/sum/HD_210191_sum_m49_fsr1.30_AIR_tel_wscor_helio.fits,True,25920,HD_210191/35_Aqr_o50_c2T/HD_210191_sum_m49_fsr1.30_AIR_tel_wscor_helio.fits,HD_210191,/Users/hamano/DIB_analysis/DIB_pipeline_dir/35_Aqr/2017_07_30-HD_210191_pipeline_ver3.6/2017_07_30-HD_210191_pipeline_ver3.6--HR_8134_pipeline_ver3.6-T2/,wide
True,paper_2206_03131_reddened_target,,,,,50,*  35 Aqr,HD 210191,B2III C,22:08:58.99,-18:31:10.5,0.04,HD 210191,35_Aqr_o50_c2T,47,WIDE,1,0,2017-07-31-07:24:01.808,11759.6963,12084.4186,11759.49722587348,12084.21946651367,/Users/hamano/DIB_analysis/DIB_pipeline_dir/35_Aqr/2017_07_30-HD_210191_pipeline_ver3.6/2017_07_30-HD_210191_pipeline_ver3.6--HR_8134_pipeline_ver3.6-T2/sum/HD_210191_sum_m47_fsr1.30_AIR_tel_wscor_helio.fits,True,25920,HD_210191/35_Aqr_o50_c2T/HD_210191_sum_m47_fsr1.30_AIR_tel_wscor_helio.fits,HD_210191,/Users/hamano/DIB_analysis/DIB_pipeline_dir/35_Aqr/2017_07_30-HD_210191_pipeline_ver3.6/2017_07_30-HD_210191_pipeline_ver3.6--HR_8134_pipeline_ver3.6-T2/,wide
True,paper_2206_03131_reddened_target,,,,,50,*  35 Aqr,HD 210191,B2III C,22:08:58.99,-18:31:10.5,0.04,HD 210191,35_Aqr_o50_c2T,58,WIDE,1,0,2017-07-31-07:24:01.808,9550.7433,9784.5255,9550.582217061687,9784.364406104178,/Users/hamano/DIB_analysis/DIB_pipeline_dir/35_Aqr/2017_07_30-HD_210191_pipeline_ver3.6/2017_07_30-HD_210191_pipeline_ver3.6--HR_8134_pipeline_ver3.6-T2/sum/HD_210191_sum_m58_fsr1.30_AIR_tel_wscor_helio.fits,True,25920,HD_210191/35_Aqr_o50_c2T/HD_210191_sum_m58_fsr1.30_AIR_tel_wscor_helio.fits,HD_210191,/Users/hamano/DIB_analysis/DIB_pipeline_dir/35_Aqr/2017_07_30-HD_210191_pipeline_ver3.6/2017_07_30-HD_210191_pipeline_ver3.6--HR_8134_pipeline_ver3.6-T2/,wide
True,extra_candidate_release_object,,,NTT17c_DIBanalysis_candidate,Found in 2017-07 NTT17c quality/telluric/DIBanalysis traces; not yet tied to a publication.,133,Herschel_36,Hersch36 | Her 36 | Hershel 36,O7:V D,18:03:40.32,-24:22:42.8,0.87,Hershel 36,Herschel_36_o133_c4T,53,WIDE,1,1,2017-07-30-03:16:11.636,10446.5586,10706.2959,10446.38190170599,10706.11920639349,/Users/hamano/DIB_analysis/DIB_pipeline_dir/Herschel_36/Herschel_36_o133_c4T/spectrum_files/Herschel_36_o133_c4T_m53.fits,True,25920,Hershel_36/Herschel_36_o133_c4T/Herschel_36_o133_c4T_m53.fits,Hershel_36,/Users/hamano/DIB_analysis/DIB_pipeline_dir/Herschel_36/Herschel_36_o133_c4T/,wide
True,extra_candidate_release_object,,,NTT17c_DIBanalysis_candidate,Found in 2017-07 NTT17c quality/telluric/DIBanalysis traces; not yet tied to a publication.,133,Herschel_36,Hersch36 | Her 36 | Hershel 36,O7:V D,18:03:40.32,-24:22:42.8,0.87,Hershel 36,Herschel_36_o133_c4T,56,WIDE,1,1,2017-07-30-03:16:11.636,9889.75,10123.5049,9889.582912878619,10123.33779569111,/Users/hamano/DIB_analysis/DIB_pipeline_dir/Herschel_36/Herschel_36_o133_c4T/spectrum_files/Herschel_36_o133_c4T_m56.fits,True,23040,Hershel_36/Herschel_36_o133_c4T/Herschel_36_o133_c4T_m56.fits,Hershel_36,/Users/hamano/DIB_analysis/DIB_pipeline_dir/Herschel_36/Herschel_36_o133_c4T/,wide
True,extra_candidate_release_object,,,NTT17c_DIBanalysis_candidate,Found in 2017-07 NTT17c quality/telluric/DIBanalysis traces; not yet tied to a publication.,133,Herschel_36,Hersch36 | Her 36 | Hershel 36,O7:V D,18:03:40.32,-24:22:42.8,0.87,Hershel 36,Herschel_36_o133_c4T,45,WIDE,1,1,2017-07-30-03:16:11.636,12273.9307,12637.6016,12273.72285212004,12637.39375055754,/Users/hamano/DIB_analysis/DIB_pipeline_dir/Herschel_36/Herschel_36_o133_c4T/spectrum_files/Herschel_36_o133_c4T_m45.fits,True,25920,Hershel_36/Herschel_36_o133_c4T/Herschel_36_o133_c4T_m45.fits,Hershel_36,/Users/hamano/DIB_analysis/DIB_pipeline_dir/Herschel_36/Herschel_36_o133_c4T/,wide
True,extra_candidate_release_object,,,NTT17c_DIBanalysis_candidate,Found in 2017-07 NTT17c quality/telluric/DIBanalysis traces; not yet tied to a publication.,133,Herschel_36,Hersch36 | Her 36 | Hershel 36,O7:V D,18:03:40.32,-24:22:42.8,0.87,Hershel 36,Herschel_36_o133_c4T,51,WIDE,1,1,2017-07-30-03:16:11.636,10854.9189,11127.6436,10854.73529237639,11127.45990175139,/Users/hamano/DIB_analysis/DIB_pipeline_dir/Herschel_36/Herschel_36_o133_c4T/spectrum_files/Herschel_36_o133_c4T_m51.fits,True,25920,Hershel_36/Herschel_36_o133_c4T/Herschel_36_o133_c4T_m51.fits,Hershel_36,/Users/hamano/DIB_analysis/DIB_pipeline_dir/Herschel_36/Herschel_36_o133_c4T/,wide
True,extra_candidate_release_object,,,NTT17c_DIBanalysis_candidate,Found in 2017-07 NTT17c quality/telluric/DIBanalysis traces; not yet tied to a publication.,133,Herschel_36,Hersch36 | Her 36 | Hershel 36,O7:V D,18:03:40.32,-24:22:42.8,0.87,Hershel 36,Herschel_36_o133_c4T,58,WIDE,1,1,2017-07-30-03:16:11.636,9549.8662,9783.627,9549.705107738208,9783.465849925713,/Users/hamano/DIB_analysis/DIB_pipeline_dir/Herschel_36/Herschel_36_o133_c4T/spectrum_files/Herschel_36_o133_c4T_m58.fits,True,25920,Hershel_36/Herschel_36_o133_c4T/Herschel_36_o133_c4T_m58.fits,Hershel_36,/Users/hamano/DIB_analysis/DIB_pipeline_dir/Herschel_36/Herschel_36_o133_c4T/,wide
True,extra_candidate_release_object,,,NTT17c_DIBanalysis_candidate,Found in 2017-07 NTT17c quality/telluric/DIBanalysis traces; not yet tied to a publication.,133,Herschel_36,Hersch36 | Her 36 | Hershel 36,O7:V D,18:03:40.32,-24:22:42.8,0.87,Hershel 36,Herschel_36_o133_c4T,43,WIDE,1,1,2017-07-30-03:16:11.636,12852.2324,13228.8896,12852.01520317456,13228.67242973705,/Users/hamano/DIB_analysis/DIB_pipeline_dir/Herschel_36/Herschel_36_o133_c4T/spectrum_files/Herschel_36_o133_c4T_m43.fits,True,25920,Hershel_36/Herschel_36_o133_c4T/Herschel_36_o133_c4T_m43.fits,Hershel_36,/Users/hamano/DIB_analysis/DIB_pipeline_dir/Herschel_36/Herschel_36_o133_c4T/,wide
True,extra_candidate_release_object,,,NTT17c_DIBanalysis_candidate,Found in 2017-07 NTT17c quality/telluric/DIBanalysis traces; not yet tied to a publication.,133,Herschel_36,Hersch36 | Her 36 | Hershel 36,O7:V D,18:03:40.32,-24:22:42.8,0.87,Hershel 36,Herschel_36_o133_c4T,42,WIDE,1,1,2017-07-30-03:16:11.636,13137.6338,13553.2734,13137.41152187032,13553.05117030783,/Users/hamano/DIB_analysis/DIB_pipeline_dir/Herschel_36/Herschel_36_o133_c4T/spectrum_files/Herschel_36_o133_c4T_m42.fits,True,25920,Hershel_36/Herschel_36_o133_c4T/Herschel_36_o133_c4T_m42.fits,Hershel_36,/Users/hamano/DIB_analysis/DIB_pipeline_dir/Herschel_36/Herschel_36_o133_c4T/,wide
True,extra_candidate_release_object,,,NTT17c_DIBanalysis_candidate,Found in 2017-07 NTT17c quality/telluric/DIBanalysis traces; not yet tied to a publication.,133,Herschel_36,Her 36 | Hersch36 | Hershel 36,O7:V D,18:03:40.32,-24:22:42.8,0.87,Hershel 36,Herschel_36_o133_c4T,44,WIDE,1,1,2017-07-30-03:16:11.636,12550.8359,12938.3115,12550.62362211044,12938.09920804794,/Users/hamano/DIB_analysis/DIB_pipeline_dir/Herschel_36/Herschel_36_o133_c4T/spectrum_files/Herschel_36_o133_c4T_m44.fits,True,25920,Hershel_36/Herschel_36_o133_c4T/Herschel_36_o133_c4T_m44.fits,Hershel_36,/Users/hamano/DIB_analysis/DIB_pipeline_dir/Herschel_36/Herschel_36_o133_c4T/,wide
True,extra_candidate_release_object,,,NTT17c_DIBanalysis_candidate,Found in 2017-07 NTT17c quality/telluric/DIBanalysis traces; not yet tied to a publication.,133,Herschel_36,Hersch36 | Her 36 | Hershel 36,O7:V D,18:03:40.32,-24:22:42.8,0.87,Hershel 36,Herschel_36_o133_c4T,55,WIDE,1,1,2017-07-30-03:16:11.636,10069.6885,10303.4404,10069.51835141516,10303.27030454017,/Users/hamano/DIB_analysis/DIB_pipeline_dir/Herschel_36/Herschel_36_o133_c4T/spectrum_files/Herschel_36_o133_c4T_m55.fits,True,23040,Hershel_36/Herschel_36_o133_c4T/Herschel_36_o133_c4T_m55.fits,Hershel_36,/Users/hamano/DIB_analysis/DIB_pipeline_dir/Herschel_36/Herschel_36_o133_c4T/,wide
True,extra_candidate_release_object,,,NTT17c_DIBanalysis_candidate,Found in 2017-07 NTT17c quality/telluric/DIBanalysis traces; not yet tied to a publication.,133,Herschel_36,Hersch36 | Her 36 | Hershel 36,O7:V D,18:03:40.32,-24:22:42.8,0.87,Hershel 36,Herschel_36_o133_c4T,60,WIDE,1,1,2017-07-30-03:16:11.636,9255.9678,9437.751,9255.812137133464,9437.595340258467,/Users/hamano/DIB_analysis/DIB_pipeline_dir/Herschel_36/Herschel_36_o133_c4T/spectrum_files/Herschel_36_o133_c4T_m60.fits,True,23040,Hershel_36/Herschel_36_o133_c4T/Herschel_36_o133_c4T_m60.fits,Hershel_36,/Users/hamano/DIB_analysis/DIB_pipeline_dir/Herschel_36/Herschel_36_o133_c4T/,wide
True,extra_candidate_release_object,,,NTT17c_DIBanalysis_candidate,Found in 2017-07 NTT17c quality/telluric/DIBanalysis traces; not yet tied to a publication.,133,Herschel_36,Hersch36 | Her 36 | Hershel 36,O7:V D,18:03:40.32,-24:22:42.8,0.87,Hershel 36,Herschel_36_o133_c4T,46,WIDE,1,1,2017-07-30-03:16:11.636,12005.5234,12356.2031,12005.32014492754,12355.99983242754,/Users/hamano/DIB_analysis/DIB_pipeline_dir/Herschel_36/Herschel_36_o133_c4T/spectrum_files/Herschel_36_o133_c4T_m46.fits,True,25920,Hershel_36/Herschel_36_o133_c4T/Herschel_36_o133_c4T_m46.fits,Hershel_36,/Users/hamano/DIB_analysis/DIB_pipeline_dir/Herschel_36/Herschel_36_o133_c4T/,wide
True,extra_candidate_release_object,,,NTT17c_DIBanalysis_candidate,Found in 2017-07 NTT17c quality/telluric/DIBanalysis traces; not yet tied to a publication.,133,Herschel_36,Hersch36 | Her 36 | Hershel 36,O7:V D,18:03:40.32,-24:22:42.8,0.87,Hershel 36,Herschel_36_o133_c4T,54,WIDE,1,1,2017-07-30-03:16:11.636,10246.627,10506.3672,10246.45356178029,10506.19379615529,/Users/hamano/DIB_analysis/DIB_pipeline_dir/Herschel_36/Herschel_36_o133_c4T/spectrum_files/Herschel_36_o133_c4T_m54.fits,True,25920,Hershel_36/Herschel_36_o133_c4T/Herschel_36_o133_c4T_m54.fits,Hershel_36,/Users/hamano/DIB_analysis/DIB_pipeline_dir/Herschel_36/Herschel_36_o133_c4T/,wide
True,extra_candidate_release_object,,,NTT17c_DIBanalysis_candidate,Found in 2017-07 NTT17c quality/telluric/DIBanalysis traces; not yet tied to a publication.,133,Herschel_36,Her 36 | Hersch36 | Hershel 36,O7:V D,18:03:40.32,-24:22:42.8,0.87,Hershel 36,Herschel_36_o133_c4T,49,WIDE,1,1,2017-07-30-03:16:11.636,11280.2725,11591.9775,11280.08134807487,11591.78642619987,/Users/hamano/DIB_analysis/DIB_pipeline_dir/Herschel_36/Herschel_36_o133_c4T/spectrum_files/Herschel_36_o133_c4T_m49.fits,True,25920,Hershel_36/Herschel_36_o133_c4T/Herschel_36_o133_c4T_m49.fits,Hershel_36,/Users/hamano/DIB_analysis/DIB_pipeline_dir/Herschel_36/Herschel_36_o133_c4T/,wide
True,extra_candidate_release_object,,,NTT17c_DIBanalysis_candidate,Found in 2017-07 NTT17c quality/telluric/DIBanalysis traces; not yet tied to a publication.,133,Herschel_36,Hersch36 | Her 36 | Hershel 36,O7:V D,18:03:40.32,-24:22:42.8,0.87,Hershel 36,Herschel_36_o133_c4T,47,WIDE,1,1,2017-07-30-03:16:11.636,11758.6084,12083.3008,11758.40932278843,12083.10170560093,/Users/hamano/DIB_analysis/DIB_pipeline_dir/Herschel_36/Herschel_36_o133_c4T/spectrum_files/Herschel_36_o133_c4T_m47.fits,True,25920,Hershel_36/Herschel_36_o133_c4T/Herschel_36_o133_c4T_m47.fits,Hershel_36,/Users/hamano/DIB_analysis/DIB_pipeline_dir/Herschel_36/Herschel_36_o133_c4T/,wide
True,extra_candidate_release_object,,,NTT17c_DIBanalysis_candidate,Found in 2017-07 NTT17c quality/telluric/DIBanalysis traces; not yet tied to a publication.,133,Herschel_36,Hersch36 | Her 36 | Hershel 36,O7:V D,18:03:40.32,-24:22:42.8,0.87,Hershel 36,Herschel_36_o133_c4T,57,WIDE,1,1,2017-07-30-03:16:11.636,9732.8037,9940.5703,9732.639598298045,9940.406199860545,/Users/hamano/DIB_analysis/DIB_pipeline_dir/Herschel_36/Herschel_36_o133_c4T/spectrum_files/Herschel_36_o133_c4T_m57.fits,True,23040,Hershel_36/Herschel_36_o133_c4T/Herschel_36_o133_c4T_m57.fits,Hershel_36,/Users/hamano/DIB_analysis/DIB_pipeline_dir/Herschel_36/Herschel_36_o133_c4T/,wide
True,extra_candidate_release_object,,,NTT17c_DIBanalysis_candidate,Found in 2017-07 NTT17c quality/telluric/DIBanalysis traces; not yet tied to a publication.,133,Herschel_36,Hersch36 | Her 36 | Hershel 36,O7:V D,18:03:40.32,-24:22:42.8,0.87,Hershel 36,Herschel_36_o133_c4T,50,WIDE,1,1,2017-07-30-03:16:11.636,11063.3467,11349.0645,11063.15932376999,11348.8770972075,/Users/hamano/DIB_analysis/DIB_pipeline_dir/Herschel_36/Herschel_36_o133_c4T/spectrum_files/Herschel_36_o133_c4T_m50.fits,True,25920,Hershel_36/Herschel_36_o133_c4T/Herschel_36_o133_c4T_m50.fits,Hershel_36,/Users/hamano/DIB_analysis/DIB_pipeline_dir/Herschel_36/Herschel_36_o133_c4T/,wide
True,extra_candidate_release_object,,,NTT17c_DIBanalysis_candidate,Found in 2017-07 NTT17c quality/telluric/DIBanalysis traces; not yet tied to a publication.,133,Herschel_36,Hersch36 | Her 36 | Hershel 36,O7:V D,18:03:40.32,-24:22:42.8,0.87,Hershel 36,Herschel_36_o133_c4T,48,WIDE,1,1,2017-07-30-03:16:11.636,11520.1895,11831.8906,11519.99439607126,11831.69556794626,/Users/hamano/DIB_analysis/DIB_pipeline_dir/Herschel_36/Herschel_36_o133_c4T/spectrum_files/Herschel_36_o133_c4T_m48.fits,True,25920,Hershel_36/Herschel_36_o133_c4T/Herschel_36_o133_c4T_m48.fits,Hershel_36,/Users/hamano/DIB_analysis/DIB_pipeline_dir/Herschel_36/Herschel_36_o133_c4T/,wide
True,extra_candidate_release_object,,,NTT17c_DIBanalysis_candidate,Found in 2017-07 NTT17c quality/telluric/DIBanalysis traces; not yet tied to a publication.,133,Herschel_36,Hersch36 | Her 36 | Hershel 36,O7:V D,18:03:40.32,-24:22:42.8,0.87,Hershel 36,Herschel_36_o133_c4T,59,WIDE,1,1,2017-07-30-03:16:11.636,9392.9199,9600.6924,9392.761558718807,9600.534019656303,/Users/hamano/DIB_analysis/DIB_pipeline_dir/Herschel_36/Herschel_36_o133_c4T/spectrum_files/Herschel_36_o133_c4T_m59.fits,True,23040,Hershel_36/Herschel_36_o133_c4T/Herschel_36_o133_c4T_m59.fits,Hershel_36,/Users/hamano/DIB_analysis/DIB_pipeline_dir/Herschel_36/Herschel_36_o133_c4T/,wide
True,extra_candidate_release_object,,,NTT17c_DIBanalysis_candidate,Found in 2017-07 NTT17c quality/telluric/DIBanalysis traces; not yet tied to a publication.,133,Herschel_36,Hersch36 | Her 36 | Hershel 36,O7:V D,18:03:40.32,-24:22:42.8,0.87,Hershel 36,Herschel_36_o133_c4T,61,WIDE,1,1,2017-07-30-03:16:11.636,9093.0234,9300.8008,9092.870435037748,9300.647778787752,/Users/hamano/DIB_analysis/DIB_pipeline_dir/Herschel_36/Herschel_36_o133_c4T/spectrum_files/Herschel_36_o133_c4T_m61.fits,True,23040,Hershel_36/Herschel_36_o133_c4T/Herschel_36_o133_c4T_m61.fits,Hershel_36,/Users/hamano/DIB_analysis/DIB_pipeline_dir/Herschel_36/Herschel_36_o133_c4T/,wide
True,extra_candidate_release_object,,,NTT17c_DIBanalysis_candidate,Found in 2017-07 NTT17c quality/telluric/DIBanalysis traces; not yet tied to a publication.,133,Herschel_36,Hersch36 | Her 36 | Hershel 36,O7:V D,18:03:40.32,-24:22:42.8,0.87,Hershel 36,Herschel_36_o133_c4T,52,WIDE,1,1,2017-07-30-03:16:11.636,10644.9902,10917.7197,10644.81009600499,10917.53958819249,/Users/hamano/DIB_analysis/DIB_pipeline_dir/Herschel_36/Herschel_36_o133_c4T/spectrum_files/Herschel_36_o133_c4T_m52.fits,True,25920,Hershel_36/Herschel_36_o133_c4T/Herschel_36_o133_c4T_m52.fits,Hershel_36,/Users/hamano/DIB_analysis/DIB_pipeline_dir/Herschel_36/Herschel_36_o133_c4T/,wide
True,paper_2206_03131_reddened_target,,,,,59,HD 147889,HD147889 | HD 147889,B2III/IV D,16:25:24.31,-24:27:56.5,1.07,HD147889,HD_147889_o59_c2T,46,WIDE,1,0,2017-07-30-01:27:16.560,12005.1993,12355.8707,12004.99603600542,12355.66740367923,/Users/hamano/DIB_analysis/DIB_pipeline_dir/HD_147889/2017_07_29-HD147889_pipeline_ver3.6/2017_07_29-HD147889_pipeline_ver3.6--2017_07_29-HD_163336_pipeline_ver3.6-T2/sum/HD147889_sum_m46_fsr1.30_AIR_tel_wscor_helio.fits,True,25920,HD_147889/HD_147889_o59_c2T/HD147889_sum_m46_fsr1.30_AIR_tel_wscor_helio.fits,HD_147889,/Users/hamano/DIB_analysis/DIB_pipeline_dir/HD_147889/2017_07_29-HD147889_pipeline_ver3.6/2017_07_29-HD147889_pipeline_ver3.6--2017_07_29-HD_163336_pipeline_ver3.6-T2/,wide
True,paper_2206_03131_reddened_target,,,,,59,HD 147889,HD147889 | HD 147889,B2III/IV D,16:25:24.31,-24:27:56.5,1.07,HD147889,HD_147889_o59_c2T,61,WIDE,1,0,2017-07-30-01:27:16.560,9092.7663,9300.5385,9092.613345800986,9300.385498261927,/Users/hamano/DIB_analysis/DIB_pipeline_dir/HD_147889/2017_07_29-HD147889_pipeline_ver3.6/2017_07_29-HD147889_pipeline_ver3.6--2017_07_29-HD_163336_pipeline_ver3.6-T2/sum/HD147889_sum_m61_fsr1.30_AIR_tel_wscor_helio.fits,True,23040,HD_147889/HD_147889_o59_c2T/HD147889_sum_m61_fsr1.30_AIR_tel_wscor_helio.fits,HD_147889,/Users/hamano/DIB_analysis/DIB_pipeline_dir/HD_147889/2017_07_29-HD147889_pipeline_ver3.6/2017_07_29-HD147889_pipeline_ver3.6--2017_07_29-HD_163336_pipeline_ver3.6-T2/,wide
True,paper_2206_03131_reddened_target,,,,,59,HD 147889,HD147889 | HD 147889,B2III/IV D,16:25:24.31,-24:27:56.5,1.07,HD147889,HD_147889_o59_c2T,56,WIDE,1,0,2017-07-30-01:27:16.560,9889.4748,10123.224,9889.307678356885,10123.0569080255,/Users/hamano/DIB_analysis/DIB_pipeline_dir/HD_147889/2017_07_29-HD147889_pipeline_ver3.6/2017_07_29-HD147889_pipeline_ver3.6--2017_07_29-HD_163336_pipeline_ver3.6-T2/sum/HD147889_sum_m56_fsr1.30_AIR_tel_wscor_helio.fits,True,23040,HD_147889/HD_147889_o59_c2T/HD147889_sum_m56_fsr1.30_AIR_tel_wscor_helio.fits,HD_147889,/Users/hamano/DIB_analysis/DIB_pipeline_dir/HD_147889/2017_07_29-HD147889_pipeline_ver3.6/2017_07_29-HD147889_pipeline_ver3.6--2017_07_29-HD_163336_pipeline_ver3.6-T2/,wide
True,paper_2206_03131_reddened_target,,,,,59,HD 147889,HD147889 | HD 147889,B2III/IV D,16:25:24.31,-24:27:56.5,1.07,HD147889,HD_147889_o59_c2T,47,WIDE,1,0,2017-07-30-01:27:16.560,11758.2899,12082.9745,11758.09085488368,12082.77541468781,/Users/hamano/DIB_analysis/DIB_pipeline_dir/HD_147889/2017_07_29-HD147889_pipeline_ver3.6/2017_07_29-HD147889_pipeline_ver3.6--2017_07_29-HD_163336_pipeline_ver3.6-T2/sum/HD147889_sum_m47_fsr1.30_AIR_tel_wscor_helio.fits,True,25920,HD_147889/HD_147889_o59_c2T/HD147889_sum_m47_fsr1.30_AIR_tel_wscor_helio.fits,HD_147889,/Users/hamano/DIB_analysis/DIB_pipeline_dir/HD_147889/2017_07_29-HD147889_pipeline_ver3.6/2017_07_29-HD147889_pipeline_ver3.6--2017_07_29-HD_163336_pipeline_ver3.6-T2/,wide
True,paper_2206_03131_reddened_target,,,,,59,HD 147889,HD147889 | HD 147889,B2III/IV D,16:25:24.31,-24:27:56.5,1.07,HD147889,HD_147889_o59_c2T,44,WIDE,1,0,2017-07-30-01:27:16.560,12550.4993,12937.9661,12550.28696586541,12937.75379296391,/Users/hamano/DIB_analysis/DIB_pipeline_dir/HD_147889/2017_07_29-HD147889_pipeline_ver3.6/2017_07_29-HD147889_pipeline_ver3.6--2017_07_29-HD_163336_pipeline_ver3.6-T2/sum/HD147889_sum_m44_fsr1.30_AIR_tel_wscor_helio.fits,True,25920,HD_147889/HD_147889_o59_c2T/HD147889_sum_m44_fsr1.30_AIR_tel_wscor_helio.fits,HD_147889,/Users/hamano/DIB_analysis/DIB_pipeline_dir/HD_147889/2017_07_29-HD147889_pipeline_ver3.6/2017_07_29-HD147889_pipeline_ver3.6--2017_07_29-HD_163336_pipeline_ver3.6-T2/,wide
True,paper_2206_03131_reddened_target,,,,,59,HD 147889,HD147889 | HD 147889,B2III/IV D,16:25:24.31,-24:27:56.5,1.07,HD147889,HD_147889_o59_c2T,43,WIDE,1,0,2017-07-30-01:27:16.560,12851.8888,13228.5373,12851.67161212994,13228.3200606921,/Users/hamano/DIB_analysis/DIB_pipeline_dir/HD_147889/2017_07_29-HD147889_pipeline_ver3.6/2017_07_29-HD147889_pipeline_ver3.6--2017_07_29-HD_163336_pipeline_ver3.6-T2/sum/HD147889_sum_m43_fsr1.30_AIR_tel_wscor_helio.fits,True,25920,HD_147889/HD_147889_o59_c2T/HD147889_sum_m43_fsr1.30_AIR_tel_wscor_helio.fits,HD_147889,/Users/hamano/DIB_analysis/DIB_pipeline_dir/HD_147889/2017_07_29-HD147889_pipeline_ver3.6/2017_07_29-HD147889_pipeline_ver3.6--2017_07_29-HD_163336_pipeline_ver3.6-T2/,wide
True,paper_2206_03131_reddened_target,,,,,59,HD 147889,HD147889 | HD 147889,B2III/IV D,16:25:24.31,-24:27:56.5,1.07,HD147889,HD_147889_o59_c2T,60,WIDE,1,0,2017-07-30-01:27:16.560,9255.7068,9437.4864,9255.551209471658,9437.330742969072,/Users/hamano/DIB_analysis/DIB_pipeline_dir/HD_147889/2017_07_29-HD147889_pipeline_ver3.6/2017_07_29-HD147889_pipeline_ver3.6--2017_07_29-HD_163336_pipeline_ver3.6-T2/sum/HD147889_sum_m60_fsr1.30_AIR_tel_wscor_helio.fits,True,23040,HD_147889/HD_147889_o59_c2T/HD147889_sum_m60_fsr1.30_AIR_tel_wscor_helio.fits,HD_147889,/Users/hamano/DIB_analysis/DIB_pipeline_dir/HD_147889/2017_07_29-HD147889_pipeline_ver3.6/2017_07_29-HD147889_pipeline_ver3.6--2017_07_29-HD_163336_pipeline_ver3.6-T2/,wide
True,paper_2206_03131_reddened_target,,,,,59,HD 147889,HD147889 | HD 147889,B2III/IV D,16:25:24.31,-24:27:56.5,1.07,HD147889,HD_147889_o59_c2T,59,WIDE,1,0,2017-07-30-01:27:16.560,9392.6567,9600.4239,9392.498294199324,9600.265589444107,/Users/hamano/DIB_analysis/DIB_pipeline_dir/HD_147889/2017_07_29-HD147889_pipeline_ver3.6/2017_07_29-HD147889_pipeline_ver3.6--2017_07_29-HD_163336_pipeline_ver3.6-T2/sum/HD147889_sum_m59_fsr1.30_AIR_tel_wscor_helio.fits,True,23040,HD_147889/HD_147889_o59_c2T/HD147889_sum_m59_fsr1.30_AIR_tel_wscor_helio.fits,HD_147889,/Users/hamano/DIB_analysis/DIB_pipeline_dir/HD_147889/2017_07_29-HD147889_pipeline_ver3.6/2017_07_29-HD147889_pipeline_ver3.6--2017_07_29-HD_163336_pipeline_ver3.6-T2/,wide
True,paper_2206_03131_reddened_target,,,,,59,HD 147889,HD147889 | HD 147889,B2III/IV D,16:25:24.31,-24:27:56.5,1.07,HD147889,HD_147889_o59_c2T,45,WIDE,1,0,2017-07-30-01:27:16.560,12273.6009,12637.2627,12273.39308092139,12637.05493298614,/Users/hamano/DIB_analysis/DIB_pipeline_dir/HD_147889/2017_07_29-HD147889_pipeline_ver3.6/2017_07_29-HD147889_pipeline_ver3.6--2017_07_29-HD_163336_pipeline_ver3.6-T2/sum/HD147889_sum_m45_fsr1.30_AIR_tel_wscor_helio.fits,True,25920,HD_147889/HD_147889_o59_c2T/HD147889_sum_m45_fsr1.30_AIR_tel_wscor_helio.fits,HD_147889,/Users/hamano/DIB_analysis/DIB_pipeline_dir/HD_147889/2017_07_29-HD147889_pipeline_ver3.6/2017_07_29-HD147889_pipeline_ver3.6--2017_07_29-HD_163336_pipeline_ver3.6-T2/,wide
True,paper_2206_03131_reddened_target,,,,,59,HD 147889,HD147889 | HD 147889,B2III/IV D,16:25:24.31,-24:27:56.5,1.07,HD147889,HD_147889_o59_c2T,57,WIDE,1,0,2017-07-30-01:27:16.560,9732.5323,9940.2938,9732.368188618579,9940.129650988305,/Users/hamano/DIB_analysis/DIB_pipeline_dir/HD_147889/2017_07_29-HD147889_pipeline_ver3.6/2017_07_29-HD147889_pipeline_ver3.6--2017_07_29-HD_163336_pipeline_ver3.6-T2/sum/HD147889_sum_m57_fsr1.30_AIR_tel_wscor_helio.fits,True,23040,HD_147889/HD_147889_o59_c2T/HD147889_sum_m57_fsr1.30_AIR_tel_wscor_helio.fits,HD_147889,/Users/hamano/DIB_analysis/DIB_pipeline_dir/HD_147889/2017_07_29-HD147889_pipeline_ver3.6/2017_07_29-HD147889_pipeline_ver3.6--2017_07_29-HD_163336_pipeline_ver3.6-T2/,wide
True,paper_2206_03131_reddened_target,,,,,59,HD 147889,HD147889 | HD 147889,B2III/IV D,16:25:24.31,-24:27:56.5,1.07,HD147889,HD_147889_o59_c2T,48,WIDE,1,0,2017-07-30-01:27:16.560,11519.8773,11831.5704,11519.68229428947,11831.37539624285,/Users/hamano/DIB_analysis/DIB_pipeline_dir/HD_147889/2017_07_29-HD147889_pipeline_ver3.6/2017_07_29-HD147889_pipeline_ver3.6--2017_07_29-HD_163336_pipeline_ver3.6-T2/sum/HD147889_sum_m48_fsr1.30_AIR_tel_wscor_helio.fits,True,25920,HD_147889/HD_147889_o59_c2T/HD147889_sum_m48_fsr1.30_AIR_tel_wscor_helio.fits,HD_147889,/Users/hamano/DIB_analysis/DIB_pipeline_dir/HD_147889/2017_07_29-HD147889_pipeline_ver3.6/2017_07_29-HD147889_pipeline_ver3.6--2017_07_29-HD_163336_pipeline_ver3.6-T2/,wide
True,paper_2206_03131_reddened_target,,,,,59,HD 147889,HD147889 | HD 147889,B2III/IV D,16:25:24.31,-24:27:56.5,1.07,HD147889,HD_147889_o59_c2T,52,WIDE,1,0,2017-07-30-01:27:16.560,10644.6981,10917.4198,10644.51797530033,10917.23962370652,/Users/hamano/DIB_analysis/DIB_pipeline_dir/HD_147889/2017_07_29-HD147889_pipeline_ver3.6/2017_07_29-HD147889_pipeline_ver3.6--2017_07_29-HD_163336_pipeline_ver3.6-T2/sum/HD147889_sum_m52_fsr1.30_AIR_tel_wscor_helio.fits,True,25920,HD_147889/HD_147889_o59_c2T/HD147889_sum_m52_fsr1.30_AIR_tel_wscor_helio.fits,HD_147889,/Users/hamano/DIB_analysis/DIB_pipeline_dir/HD_147889/2017_07_29-HD147889_pipeline_ver3.6/2017_07_29-HD147889_pipeline_ver3.6--2017_07_29-HD_163336_pipeline_ver3.6-T2/,wide
True,paper_2206_03131_reddened_target,,,,,59,HD 147889,HD147889 | HD 147889,B2III/IV D,16:25:24.31,-24:27:56.5,1.07,HD147889,HD_147889_o59_c2T,58,WIDE,1,0,2017-07-30-01:27:16.560,9549.5991,9783.3542,9549.438040063882,9783.193100971617,/Users/hamano/DIB_analysis/DIB_pipeline_dir/HD_147889/2017_07_29-HD147889_pipeline_ver3.6/2017_07_29-HD147889_pipeline_ver3.6--2017_07_29-HD_163336_pipeline_ver3.6-T2/sum/HD147889_sum_m58_fsr1.30_AIR_tel_wscor_helio.fits,True,25920,HD_147889/HD_147889_o59_c2T/HD147889_sum_m58_fsr1.30_AIR_tel_wscor_helio.fits,HD_147889,/Users/hamano/DIB_analysis/DIB_pipeline_dir/HD_147889/2017_07_29-HD147889_pipeline_ver3.6/2017_07_29-HD147889_pipeline_ver3.6--2017_07_29-HD_163336_pipeline_ver3.6-T2/,wide
True,paper_2206_03131_reddened_target,,,,,59,HD 147889,HD147889 | HD 147889,B2III/IV D,16:25:24.31,-24:27:56.5,1.07,HD147889,HD_147889_o59_c2T,53,WIDE,1,0,2017-07-30-01:27:16.560,10446.2708,10706.001,10446.09413701203,10705.82433154757,/Users/hamano/DIB_analysis/DIB_pipeline_dir/HD_147889/2017_07_29-HD147889_pipeline_ver3.6/2017_07_29-HD147889_pipeline_ver3.6--2017_07_29-HD_163336_pipeline_ver3.6-T2/sum/HD147889_sum_m53_fsr1.30_AIR_tel_wscor_helio.fits,True,25920,HD_147889/HD_147889_o59_c2T/HD147889_sum_m53_fsr1.30_AIR_tel_wscor_helio.fits,HD_147889,/Users/hamano/DIB_analysis/DIB_pipeline_dir/HD_147889/2017_07_29-HD147889_pipeline_ver3.6/2017_07_29-HD147889_pipeline_ver3.6--2017_07_29-HD_163336_pipeline_ver3.6-T2/,wide
True,paper_2206_03131_reddened_target,,,,,59,HD 147889,HD147889 | HD 147889,B2III/IV D,16:25:24.31,-24:27:56.5,1.07,HD147889,HD_147889_o59_c2T,49,WIDE,1,0,2017-07-30-01:27:16.560,11279.9652,11591.6622,11279.77414187559,11591.47113364746,/Users/hamano/DIB_analysis/DIB_pipeline_dir/HD_147889/2017_07_29-HD147889_pipeline_ver3.6/2017_07_29-HD147889_pipeline_ver3.6--2017_07_29-HD_163336_pipeline_ver3.6-T2/sum/HD147889_sum_m49_fsr1.30_AIR_tel_wscor_helio.fits,True,25920,HD_147889/HD_147889_o59_c2T/HD147889_sum_m49_fsr1.30_AIR_tel_wscor_helio.fits,HD_147889,/Users/hamano/DIB_analysis/DIB_pipeline_dir/HD_147889/2017_07_29-HD147889_pipeline_ver3.6/2017_07_29-HD147889_pipeline_ver3.6--2017_07_29-HD_163336_pipeline_ver3.6-T2/,wide
True,paper_2206_03131_reddened_target,,,,,59,HD 147889,HD147889 | HD 147889,B2III/IV D,16:25:24.31,-24:27:56.5,1.07,HD147889,HD_147889_o59_c2T,51,WIDE,1,0,2017-07-30-01:27:16.560,10854.6212,11127.34,10854.43757564937,11127.15630920668,/Users/hamano/DIB_analysis/DIB_pipeline_dir/HD_147889/2017_07_29-HD147889_pipeline_ver3.6/2017_07_29-HD147889_pipeline_ver3.6--2017_07_29-HD_163336_pipeline_ver3.6-T2/sum/HD147889_sum_m51_fsr1.30_AIR_tel_wscor_helio.fits,True,25920,HD_147889/HD_147889_o59_c2T/HD147889_sum_m51_fsr1.30_AIR_tel_wscor_helio.fits,HD_147889,/Users/hamano/DIB_analysis/DIB_pipeline_dir/HD_147889/2017_07_29-HD147889_pipeline_ver3.6/2017_07_29-HD147889_pipeline_ver3.6--2017_07_29-HD_163336_pipeline_ver3.6-T2/,wide
True,paper_2206_03131_reddened_target,,,,,59,HD 147889,HD147889 | HD 147889,B2III/IV D,16:25:24.31,-24:27:56.5,1.07,HD147889,HD_147889_o59_c2T,50,WIDE,1,0,2017-07-30-01:27:16.560,11063.0448,11348.755,11062.85747516226,11348.567663607,/Users/hamano/DIB_analysis/DIB_pipeline_dir/HD_147889/2017_07_29-HD147889_pipeline_ver3.6/2017_07_29-HD147889_pipeline_ver3.6--2017_07_29-HD_163336_pipeline_ver3.6-T2/sum/HD147889_sum_m50_fsr1.30_AIR_tel_wscor_helio.fits,True,25920,HD_147889/HD_147889_o59_c2T/HD147889_sum_m50_fsr1.30_AIR_tel_wscor_helio.fits,HD_147889,/Users/hamano/DIB_analysis/DIB_pipeline_dir/HD_147889/2017_07_29-HD147889_pipeline_ver3.6/2017_07_29-HD147889_pipeline_ver3.6--2017_07_29-HD_163336_pipeline_ver3.6-T2/,wide
True,paper_2206_03131_reddened_target,,,,,59,HD 147889,HD147889 | HD 147889,B2III/IV D,16:25:24.31,-24:27:56.5,1.07,HD147889,HD_147889_o59_c2T,42,WIDE,1,0,2017-07-30-01:27:16.560,13137.284,13552.9127,13137.06174501218,13552.69040521636,/Users/hamano/DIB_analysis/DIB_pipeline_dir/HD_147889/2017_07_29-HD147889_pipeline_ver3.6/2017_07_29-HD147889_pipeline_ver3.6--2017_07_29-HD_163336_pipeline_ver3.6-T2/sum/HD147889_sum_m42_fsr1.30_AIR_tel_wscor_helio.fits,True,25920,HD_147889/HD_147889_o59_c2T/HD147889_sum_m42_fsr1.30_AIR_tel_wscor_helio.fits,HD_147889,/Users/hamano/DIB_analysis/DIB_pipeline_dir/HD_147889/2017_07_29-HD147889_pipeline_ver3.6/2017_07_29-HD147889_pipeline_ver3.6--2017_07_29-HD_163336_pipeline_ver3.6-T2/,wide
True,paper_2206_03131_reddened_target,,,,,59,HD 147889,HD147889 | HD 147889,B2III/IV D,16:25:24.31,-24:27:56.5,1.07,HD147889,HD_147889_o59_c2T,55,WIDE,1,0,2017-07-30-01:27:16.560,10069.4089,10303.1552,10069.23877929441,10302.98509305393,/Users/hamano/DIB_analysis/DIB_pipeline_dir/HD_147889/2017_07_29-HD147889_pipeline_ver3.6/2017_07_29-HD147889_pipeline_ver3.6--2017_07_29-HD_163336_pipeline_ver3.6-T2/sum/HD147889_sum_m55_fsr1.30_AIR_tel_wscor_helio.fits,True,23040,HD_147889/HD_147889_o59_c2T/HD147889_sum_m55_fsr1.30_AIR_tel_wscor_helio.fits,HD_147889,/Users/hamano/DIB_analysis/DIB_pipeline_dir/HD_147889/2017_07_29-HD147889_pipeline_ver3.6/2017_07_29-HD147889_pipeline_ver3.6--2017_07_29-HD_163336_pipeline_ver3.6-T2/,wide
True,paper_2206_03131_reddened_target,,,,,59,HD 147889,HD147889 | HD 147889,B2III/IV D,16:25:24.31,-24:27:56.5,1.07,HD147889,HD_147889_o59_c2T,54,WIDE,1,0,2017-07-30-01:27:16.560,10246.344,10506.0771,10246.1706395251,10505.9037486487,/Users/hamano/DIB_analysis/DIB_pipeline_dir/HD_147889/2017_07_29-HD147889_pipeline_ver3.6/2017_07_29-HD147889_pipeline_ver3.6--2017_07_29-HD_163336_pipeline_ver3.6-T2/sum/HD147889_sum_m54_fsr1.30_AIR_tel_wscor_helio.fits,True,25920,HD_147889/HD_147889_o59_c2T/HD147889_sum_m54_fsr1.30_AIR_tel_wscor_helio.fits,HD_147889,/Users/hamano/DIB_analysis/DIB_pipeline_dir/HD_147889/2017_07_29-HD147889_pipeline_ver3.6/2017_07_29-HD147889_pipeline_ver3.6--2017_07_29-HD_163336_pipeline_ver3.6-T2/,wide
True,extra_candidate_release_object,Hamano2015_NIR_DIB_0p91_1p32um,10.1088/0004-637X/800/2/137,,,120,* zet Ori A,HD37742 | HD 37742,O9.2IbvarNwk C,05:40:45.52,-01:56:33.2,0.06,HD37742,zet_Ori_A_o120_c1T,45,WIDE,1,0,2014-01-23-12:46:56.32,12273.8999,12637.8725,12273.69206237136,12637.6645919878,/Users/hamano/DIB_analysis/DIB_pipeline_dir/zet_Ori_A/2014_01_23-HD37742_pipeline_ver3.5/2014_01_23-HD37742_pipeline_ver3.5--2014_01_23-50_Cas_pipeline_ver3.5-T1/sum/HD37742_sum_m45_fsr1.30_AIR_tel_wscor_helio.fits,True,20160,HD_37742/zet_Ori_A_o120_c1T/HD37742_sum_m45_fsr1.30_AIR_tel_wscor_helio.fits,HD_37742,/Users/hamano/DIB_analysis/DIB_pipeline_dir/zet_Ori_A/2014_01_23-HD37742_pipeline_ver3.5/2014_01_23-HD37742_pipeline_ver3.5--2014_01_23-50_Cas_pipeline_ver3.5-T1/,wide
True,extra_candidate_release_object,Hamano2015_NIR_DIB_0p91_1p32um,10.1088/0004-637X/800/2/137,,,120,* zet Ori A,HD37742 | HD 37742,O9.2IbvarNwk C,05:40:45.52,-01:56:33.2,0.06,HD37742,zet_Ori_A_o120_c1T,59,WIDE,1,0,2014-01-23-12:46:56.32,9393.0861,9600.9743,9392.927719875257,9600.815922073327,/Users/hamano/DIB_analysis/DIB_pipeline_dir/zet_Ori_A/2014_01_23-HD37742_pipeline_ver3.5/2014_01_23-HD37742_pipeline_ver3.5--2014_01_23-50_Cas_pipeline_ver3.5-T1/sum/HD37742_sum_m59_fsr1.30_AIR_tel_wscor_helio.fits,True,17280,HD_37742/zet_Ori_A_o120_c1T/HD37742_sum_m59_fsr1.30_AIR_tel_wscor_helio.fits,HD_37742,/Users/hamano/DIB_analysis/DIB_pipeline_dir/zet_Ori_A/2014_01_23-HD37742_pipeline_ver3.5/2014_01_23-HD37742_pipeline_ver3.5--2014_01_23-50_Cas_pipeline_ver3.5-T1/,wide
True,extra_candidate_release_object,Hamano2015_NIR_DIB_0p91_1p32um,10.1088/0004-637X/800/2/137,,,120,* zet Ori A,HD37742 | HD 37742,O9.2IbvarNwk C,05:40:45.52,-01:56:33.2,0.06,HD37742,zet_Ori_A_o120_c1T,46,WIDE,1,0,2014-01-23-12:46:56.32,12005.5944,12356.5898,12005.39093635088,12356.38629186916,/Users/hamano/DIB_analysis/DIB_pipeline_dir/zet_Ori_A/2014_01_23-HD37742_pipeline_ver3.5/2014_01_23-HD37742_pipeline_ver3.5--2014_01_23-50_Cas_pipeline_ver3.5-T1/sum/HD37742_sum_m46_fsr1.30_AIR_tel_wscor_helio.fits,True,20160,HD_37742/zet_Ori_A_o120_c1T/HD37742_sum_m46_fsr1.30_AIR_tel_wscor_helio.fits,HD_37742,/Users/hamano/DIB_analysis/DIB_pipeline_dir/zet_Ori_A/2014_01_23-HD37742_pipeline_ver3.5/2014_01_23-HD37742_pipeline_ver3.5--2014_01_23-50_Cas_pipeline_ver3.5-T1/,wide
True,extra_candidate_release_object,Hamano2015_NIR_DIB_0p91_1p32um,10.1088/0004-637X/800/2/137,,,120,* zet Ori A,HD37742 | HD 37742,O9.2IbvarNwk C,05:40:45.52,-01:56:33.2,0.06,HD37742,zet_Ori_A_o120_c1T,48,WIDE,1,0,2014-01-23-12:46:56.32,11520.2058,11832.2599,11520.01064941369,11832.06474117683,/Users/hamano/DIB_analysis/DIB_pipeline_dir/zet_Ori_A/2014_01_23-HD37742_pipeline_ver3.5/2014_01_23-HD37742_pipeline_ver3.5--2014_01_23-50_Cas_pipeline_ver3.5-T1/sum/HD37742_sum_m48_fsr1.30_AIR_tel_wscor_helio.fits,True,20160,HD_37742/zet_Ori_A_o120_c1T/HD37742_sum_m48_fsr1.30_AIR_tel_wscor_helio.fits,HD_37742,/Users/hamano/DIB_analysis/DIB_pipeline_dir/zet_Ori_A/2014_01_23-HD37742_pipeline_ver3.5/2014_01_23-HD37742_pipeline_ver3.5--2014_01_23-50_Cas_pipeline_ver3.5-T1/,wide
True,extra_candidate_release_object,Hamano2015_NIR_DIB_0p91_1p32um,10.1088/0004-637X/800/2/137,,,120,* zet Ori A,HD37742 | HD 37742,O9.2IbvarNwk C,05:40:45.52,-01:56:33.2,0.06,HD37742,zet_Ori_A_o120_c1T,51,WIDE,1,0,2014-01-23-12:46:56.32,10855.1757,11128.0132,10854.99195418382,11127.829475048,/Users/hamano/DIB_analysis/DIB_pipeline_dir/zet_Ori_A/2014_01_23-HD37742_pipeline_ver3.5/2014_01_23-HD37742_pipeline_ver3.5--2014_01_23-50_Cas_pipeline_ver3.5-T1/sum/HD37742_sum_m51_fsr1.30_AIR_tel_wscor_helio.fits,True,20160,HD_37742/zet_Ori_A_o120_c1T/HD37742_sum_m51_fsr1.30_AIR_tel_wscor_helio.fits,HD_37742,/Users/hamano/DIB_analysis/DIB_pipeline_dir/zet_Ori_A/2014_01_23-HD37742_pipeline_ver3.5/2014_01_23-HD37742_pipeline_ver3.5--2014_01_23-50_Cas_pipeline_ver3.5-T1/,wide
True,extra_candidate_release_object,Hamano2015_NIR_DIB_0p91_1p32um,10.1088/0004-637X/800/2/137,,,120,* zet Ori A,HD37742 | HD 37742,O9.2IbvarNwk C,05:40:45.52,-01:56:33.2,0.06,HD37742,zet_Ori_A_o120_c1T,44,WIDE,1,0,2014-01-23-12:46:56.32,12551.0471,12940.4087,12550.83470456715,12940.19632492033,/Users/hamano/DIB_analysis/DIB_pipeline_dir/zet_Ori_A/2014_01_23-HD37742_pipeline_ver3.5/2014_01_23-HD37742_pipeline_ver3.5--2014_01_23-50_Cas_pipeline_ver3.5-T1/sum/HD37742_sum_m44_fsr1.30_AIR_tel_wscor_helio.fits,True,20160,HD_37742/zet_Ori_A_o120_c1T/HD37742_sum_m44_fsr1.30_AIR_tel_wscor_helio.fits,HD_37742,/Users/hamano/DIB_analysis/DIB_pipeline_dir/zet_Ori_A/2014_01_23-HD37742_pipeline_ver3.5/2014_01_23-HD37742_pipeline_ver3.5--2014_01_23-50_Cas_pipeline_ver3.5-T1/,wide
True,extra_candidate_release_object,Hamano2015_NIR_DIB_0p91_1p32um,10.1088/0004-637X/800/2/137,,,120,* zet Ori A,HD37742 | HD 37742,O9.2IbvarNwk C,05:40:45.52,-01:56:33.2,0.06,HD37742,zet_Ori_A_o120_c1T,50,WIDE,1,0,2014-01-23-12:46:56.32,11063.6392,11349.4324,11063.4518037113,11349.24501568195,/Users/hamano/DIB_analysis/DIB_pipeline_dir/zet_Ori_A/2014_01_23-HD37742_pipeline_ver3.5/2014_01_23-HD37742_pipeline_ver3.5--2014_01_23-50_Cas_pipeline_ver3.5-T1/sum/HD37742_sum_m50_fsr1.30_AIR_tel_wscor_helio.fits,True,20160,HD_37742/zet_Ori_A_o120_c1T/HD37742_sum_m50_fsr1.30_AIR_tel_wscor_helio.fits,HD_37742,/Users/hamano/DIB_analysis/DIB_pipeline_dir/zet_Ori_A/2014_01_23-HD37742_pipeline_ver3.5/2014_01_23-HD37742_pipeline_ver3.5--2014_01_23-50_Cas_pipeline_ver3.5-T1/,wide
True,extra_candidate_release_object,Hamano2015_NIR_DIB_0p91_1p32um,10.1088/0004-637X/800/2/137,,,120,* zet Ori A,HD37742 | HD 37742,O9.2IbvarNwk C,05:40:45.52,-01:56:33.2,0.06,HD37742,zet_Ori_A_o120_c1T,56,WIDE,1,0,2014-01-23-12:46:56.32,9889.906,10123.8432,9889.738909189902,10123.67614425543,/Users/hamano/DIB_analysis/DIB_pipeline_dir/zet_Ori_A/2014_01_23-HD37742_pipeline_ver3.5/2014_01_23-HD37742_pipeline_ver3.5--2014_01_23-50_Cas_pipeline_ver3.5-T1/sum/HD37742_sum_m56_fsr1.30_AIR_tel_wscor_helio.fits,True,17280,HD_37742/zet_Ori_A_o120_c1T/HD37742_sum_m56_fsr1.30_AIR_tel_wscor_helio.fits,HD_37742,/Users/hamano/DIB_analysis/DIB_pipeline_dir/zet_Ori_A/2014_01_23-HD37742_pipeline_ver3.5/2014_01_23-HD37742_pipeline_ver3.5--2014_01_23-50_Cas_pipeline_ver3.5-T1/,wide
True,extra_candidate_release_object,Hamano2015_NIR_DIB_0p91_1p32um,10.1088/0004-637X/800/2/137,,,120,* zet Ori A,HD37742 | HD 37742,O9.2IbvarNwk C,05:40:45.52,-01:56:33.2,0.06,HD37742,zet_Ori_A_o120_c1T,42,WIDE,1,0,2014-01-23-12:46:56.32,13137.9911,13553.6497,13137.76901687867,13553.42764964192,/Users/hamano/DIB_analysis/DIB_pipeline_dir/zet_Ori_A/2014_01_23-HD37742_pipeline_ver3.5/2014_01_23-HD37742_pipeline_ver3.5--2014_01_23-50_Cas_pipeline_ver3.5-T1/sum/HD37742_sum_m42_fsr1.30_AIR_tel_wscor_helio.fits,True,20160,HD_37742/zet_Ori_A_o120_c1T/HD37742_sum_m42_fsr1.30_AIR_tel_wscor_helio.fits,HD_37742,/Users/hamano/DIB_analysis/DIB_pipeline_dir/zet_Ori_A/2014_01_23-HD37742_pipeline_ver3.5/2014_01_23-HD37742_pipeline_ver3.5--2014_01_23-50_Cas_pipeline_ver3.5-T1/,wide
True,extra_candidate_release_object,Hamano2015_NIR_DIB_0p91_1p32um,10.1088/0004-637X/800/2/137,,,120,* zet Ori A,HD37742 | HD 37742,O9.2IbvarNwk C,05:40:45.52,-01:56:33.2,0.06,HD37742,zet_Ori_A_o120_c1T,43,WIDE,1,0,2014-01-23-12:46:56.32,12852.198,13229.1536,12851.98086096002,13228.93643908595,/Users/hamano/DIB_analysis/DIB_pipeline_dir/zet_Ori_A/2014_01_23-HD37742_pipeline_ver3.5/2014_01_23-HD37742_pipeline_ver3.5--2014_01_23-50_Cas_pipeline_ver3.5-T1/sum/HD37742_sum_m43_fsr1.30_AIR_tel_wscor_helio.fits,True,20160,HD_37742/zet_Ori_A_o120_c1T/HD37742_sum_m43_fsr1.30_AIR_tel_wscor_helio.fits,HD_37742,/Users/hamano/DIB_analysis/DIB_pipeline_dir/zet_Ori_A/2014_01_23-HD37742_pipeline_ver3.5/2014_01_23-HD37742_pipeline_ver3.5--2014_01_23-50_Cas_pipeline_ver3.5-T1/,wide
True,extra_candidate_release_object,Hamano2015_NIR_DIB_0p91_1p32um,10.1088/0004-637X/800/2/137,,,120,* zet Ori A,HD37742 | HD 37742,O9.2IbvarNwk C,05:40:45.52,-01:56:33.2,0.06,HD37742,zet_Ori_A_o120_c1T,57,WIDE,1,0,2014-01-23-12:46:56.32,9732.9875,9940.8826,9732.823433056697,9940.718493344713,/Users/hamano/DIB_analysis/DIB_pipeline_dir/zet_Ori_A/2014_01_23-HD37742_pipeline_ver3.5/2014_01_23-HD37742_pipeline_ver3.5--2014_01_23-50_Cas_pipeline_ver3.5-T1/sum/HD37742_sum_m57_fsr1.30_AIR_tel_wscor_helio.fits,True,17280,HD_37742/zet_Ori_A_o120_c1T/HD37742_sum_m57_fsr1.30_AIR_tel_wscor_helio.fits,HD_37742,/Users/hamano/DIB_analysis/DIB_pipeline_dir/zet_Ori_A/2014_01_23-HD37742_pipeline_ver3.5/2014_01_23-HD37742_pipeline_ver3.5--2014_01_23-50_Cas_pipeline_ver3.5-T1/,wide
True,extra_candidate_release_object,Hamano2015_NIR_DIB_0p91_1p32um,10.1088/0004-637X/800/2/137,,,120,* zet Ori A,HD37742 | HD 37742,O9.2IbvarNwk C,05:40:45.52,-01:56:33.2,0.06,HD37742,zet_Ori_A_o120_c1T,47,WIDE,1,0,2014-01-23-12:46:56.32,11758.6369,12083.5989,11758.43766547744,12083.39961555854,/Users/hamano/DIB_analysis/DIB_pipeline_dir/zet_Ori_A/2014_01_23-HD37742_pipeline_ver3.5/2014_01_23-HD37742_pipeline_ver3.5--2014_01_23-50_Cas_pipeline_ver3.5-T1/sum/HD37742_sum_m47_fsr1.30_AIR_tel_wscor_helio.fits,True,20160,HD_37742/zet_Ori_A_o120_c1T/HD37742_sum_m47_fsr1.30_AIR_tel_wscor_helio.fits,HD_37742,/Users/hamano/DIB_analysis/DIB_pipeline_dir/zet_Ori_A/2014_01_23-HD37742_pipeline_ver3.5/2014_01_23-HD37742_pipeline_ver3.5--2014_01_23-50_Cas_pipeline_ver3.5-T1/,wide
True,extra_candidate_release_object,Hamano2015_NIR_DIB_0p91_1p32um,10.1088/0004-637X/800/2/137,,,120,* zet Ori A,HD37742 | HD 37742,O9.2IbvarNwk C,05:40:45.52,-01:56:33.2,0.06,HD37742,zet_Ori_A_o120_c1T,49,WIDE,1,0,2014-01-23-12:46:56.32,11280.3825,11592.2501,11280.19127215169,11592.05888706088,/Users/hamano/DIB_analysis/DIB_pipeline_dir/zet_Ori_A/2014_01_23-HD37742_pipeline_ver3.5/2014_01_23-HD37742_pipeline_ver3.5--2014_01_23-50_Cas_pipeline_ver3.5-T1/sum/HD37742_sum_m49_fsr1.30_AIR_tel_wscor_helio.fits,True,20160,HD_37742/zet_Ori_A_o120_c1T/HD37742_sum_m49_fsr1.30_AIR_tel_wscor_helio.fits,HD_37742,/Users/hamano/DIB_analysis/DIB_pipeline_dir/zet_Ori_A/2014_01_23-HD37742_pipeline_ver3.5/2014_01_23-HD37742_pipeline_ver3.5--2014_01_23-50_Cas_pipeline_ver3.5-T1/,wide
True,extra_candidate_release_object,Hamano2015_NIR_DIB_0p91_1p32um,10.1088/0004-637X/800/2/137,,,120,* zet Ori A,HD37742 | HD 37742,O9.2IbvarNwk C,05:40:45.52,-01:56:33.2,0.06,HD37742,zet_Ori_A_o120_c1T,60,WIDE,1,0,2014-01-23-12:46:56.32,9256.3028,9438.1762,9256.147241325802,9438.020609019253,/Users/hamano/DIB_analysis/DIB_pipeline_dir/zet_Ori_A/2014_01_23-HD37742_pipeline_ver3.5/2014_01_23-HD37742_pipeline_ver3.5--2014_01_23-50_Cas_pipeline_ver3.5-T1/sum/HD37742_sum_m60_fsr1.30_AIR_tel_wscor_helio.fits,True,17280,HD_37742/zet_Ori_A_o120_c1T/HD37742_sum_m60_fsr1.30_AIR_tel_wscor_helio.fits,HD_37742,/Users/hamano/DIB_analysis/DIB_pipeline_dir/zet_Ori_A/2014_01_23-HD37742_pipeline_ver3.5/2014_01_23-HD37742_pipeline_ver3.5--2014_01_23-50_Cas_pipeline_ver3.5-T1/,wide
True,extra_candidate_release_object,Hamano2015_NIR_DIB_0p91_1p32um,10.1088/0004-637X/800/2/137,,,120,* zet Ori A,HD37742 | HD 37742,O9.2IbvarNwk C,05:40:45.52,-01:56:33.2,0.06,HD37742,zet_Ori_A_o120_c1T,55,WIDE,1,0,2014-01-23-12:46:56.32,10069.8776,10303.9145,10069.70742954765,10303.74425378668,/Users/hamano/DIB_analysis/DIB_pipeline_dir/zet_Ori_A/2014_01_23-HD37742_pipeline_ver3.5/2014_01_23-HD37742_pipeline_ver3.5--2014_01_23-50_Cas_pipeline_ver3.5-T1/sum/HD37742_sum_m55_fsr1.30_AIR_tel_wscor_helio.fits,True,17280,HD_37742/zet_Ori_A_o120_c1T/HD37742_sum_m55_fsr1.30_AIR_tel_wscor_helio.fits,HD_37742,/Users/hamano/DIB_analysis/DIB_pipeline_dir/zet_Ori_A/2014_01_23-HD37742_pipeline_ver3.5/2014_01_23-HD37742_pipeline_ver3.5--2014_01_23-50_Cas_pipeline_ver3.5-T1/,wide
True,extra_candidate_release_object,Hamano2015_NIR_DIB_0p91_1p32um,10.1088/0004-637X/800/2/137,,,120,* zet Ori A,HD37742 | HD 37742,O9.2IbvarNwk C,05:40:45.52,-01:56:33.2,0.06,HD37742,zet_Ori_A_o120_c1T,54,WIDE,1,0,2014-01-23-12:46:56.32,10246.8114,10506.7703,10246.63796034516,10506.59688618613,/Users/hamano/DIB_analysis/DIB_pipeline_dir/zet_Ori_A/2014_01_23-HD37742_pipeline_ver3.5/2014_01_23-HD37742_pipeline_ver3.5--2014_01_23-50_Cas_pipeline_ver3.5-T1/sum/HD37742_sum_m54_fsr1.30_AIR_tel_wscor_helio.fits,True,20160,HD_37742/zet_Ori_A_o120_c1T/HD37742_sum_m54_fsr1.30_AIR_tel_wscor_helio.fits,HD_37742,/Users/hamano/DIB_analysis/DIB_pipeline_dir/zet_Ori_A/2014_01_23-HD37742_pipeline_ver3.5/2014_01_23-HD37742_pipeline_ver3.5--2014_01_23-50_Cas_pipeline_ver3.5-T1/,wide
True,extra_candidate_release_object,Hamano2015_NIR_DIB_0p91_1p32um,10.1088/0004-637X/800/2/137,,,120,* zet Ori A,HD37742 | HD 37742,O9.2IbvarNwk C,05:40:45.52,-01:56:33.2,0.06,HD37742,zet_Ori_A_o120_c1T,58,WIDE,1,0,2014-01-23-12:46:56.32,9550.079,9784.0894,9549.917806517289,9783.928233486273,/Users/hamano/DIB_analysis/DIB_pipeline_dir/zet_Ori_A/2014_01_23-HD37742_pipeline_ver3.5/2014_01_23-HD37742_pipeline_ver3.5--2014_01_23-50_Cas_pipeline_ver3.5-T1/sum/HD37742_sum_m58_fsr1.30_AIR_tel_wscor_helio.fits,True,20160,HD_37742/zet_Ori_A_o120_c1T/HD37742_sum_m58_fsr1.30_AIR_tel_wscor_helio.fits,HD_37742,/Users/hamano/DIB_analysis/DIB_pipeline_dir/zet_Ori_A/2014_01_23-HD37742_pipeline_ver3.5/2014_01_23-HD37742_pipeline_ver3.5--2014_01_23-50_Cas_pipeline_ver3.5-T1/,wide
True,extra_candidate_release_object,Hamano2015_NIR_DIB_0p91_1p32um,10.1088/0004-637X/800/2/137,,,120,* zet Ori A,HD37742 | HD 37742,O9.2IbvarNwk C,05:40:45.52,-01:56:33.2,0.06,HD37742,zet_Ori_A_o120_c1T,61,WIDE,1,0,2014-01-23-12:46:56.32,9093.2311,9301.1847,9093.07821455147,9301.031800922327,/Users/hamano/DIB_analysis/DIB_pipeline_dir/zet_Ori_A/2014_01_23-HD37742_pipeline_ver3.5/2014_01_23-HD37742_pipeline_ver3.5--2014_01_23-50_Cas_pipeline_ver3.5-T1/sum/HD37742_sum_m61_fsr1.30_AIR_tel_wscor_helio.fits,True,17280,HD_37742/zet_Ori_A_o120_c1T/HD37742_sum_m61_fsr1.30_AIR_tel_wscor_helio.fits,HD_37742,/Users/hamano/DIB_analysis/DIB_pipeline_dir/zet_Ori_A/2014_01_23-HD37742_pipeline_ver3.5/2014_01_23-HD37742_pipeline_ver3.5--2014_01_23-50_Cas_pipeline_ver3.5-T1/,wide
True,extra_candidate_release_object,Hamano2015_NIR_DIB_0p91_1p32um,10.1088/0004-637X/800/2/137,,,120,* zet Ori A,HD37742 | HD 37742,O9.2IbvarNwk C,05:40:45.52,-01:56:33.2,0.06,HD37742,zet_Ori_A_o120_c1T,52,WIDE,1,0,2014-01-23-12:46:56.32,10645.1142,10918.0815,10644.93401676337,10917.90136370236,/Users/hamano/DIB_analysis/DIB_pipeline_dir/zet_Ori_A/2014_01_23-HD37742_pipeline_ver3.5/2014_01_23-HD37742_pipeline_ver3.5--2014_01_23-50_Cas_pipeline_ver3.5-T1/sum/HD37742_sum_m52_fsr1.30_AIR_tel_wscor_helio.fits,True,20160,HD_37742/zet_Ori_A_o120_c1T/HD37742_sum_m52_fsr1.30_AIR_tel_wscor_helio.fits,HD_37742,/Users/hamano/DIB_analysis/DIB_pipeline_dir/zet_Ori_A/2014_01_23-HD37742_pipeline_ver3.5/2014_01_23-HD37742_pipeline_ver3.5--2014_01_23-50_Cas_pipeline_ver3.5-T1/,wide
True,extra_candidate_release_object,Hamano2015_NIR_DIB_0p91_1p32um,10.1088/0004-637X/800/2/137,,,120,* zet Ori A,HD37742 | HD 37742,O9.2IbvarNwk C,05:40:45.52,-01:56:33.2,0.06,HD37742,zet_Ori_A_o120_c1T,53,WIDE,1,0,2014-01-23-12:46:56.32,10446.701,10706.6892,10446.52423747608,10706.51246456494,/Users/hamano/DIB_analysis/DIB_pipeline_dir/zet_Ori_A/2014_01_23-HD37742_pipeline_ver3.5/2014_01_23-HD37742_pipeline_ver3.5--2014_01_23-50_Cas_pipeline_ver3.5-T1/sum/HD37742_sum_m53_fsr1.30_AIR_tel_wscor_helio.fits,True,20160,HD_37742/zet_Ori_A_o120_c1T/HD37742_sum_m53_fsr1.30_AIR_tel_wscor_helio.fits,HD_37742,/Users/hamano/DIB_analysis/DIB_pipeline_dir/zet_Ori_A/2014_01_23-HD37742_pipeline_ver3.5/2014_01_23-HD37742_pipeline_ver3.5--2014_01_23-50_Cas_pipeline_ver3.5-T1/,wide
True,extra_candidate_release_object,,,NTT17c_DIBanalysis_candidate,Found in 2017-07 NTT17c quality/telluric/DIBanalysis traces; not yet tied to a publication.,65,* mu. Sgr,HD166937 | mu Sgr | HD 166937,B8Iab(e) C,18:13:45.80,-21:03:31.7,0.25,HD166937,mu._Sgr_o65_c2T,57,WIDE,1,0,2017-07-31-03:05:22.628,9732.8213,9940.5885,9732.657194733985,9940.424360717909,/Users/hamano/DIB_analysis/DIB_pipeline_dir/mu._Sgr/2017_07_30-HD166937_pipeline_ver3.6/2017_07_30-HD166937_pipeline_ver3.6--HD_163336_pipeline_ver3.6-T4/sum/HD166937_sum_m57_fsr1.30_AIR_tel_wscor_helio.fits,True,23040,HD_166937/mu._Sgr_o65_c2T/HD166937_sum_m57_fsr1.30_AIR_tel_wscor_helio.fits,HD_166937,/Users/hamano/DIB_analysis/DIB_pipeline_dir/mu._Sgr/2017_07_30-HD166937_pipeline_ver3.6/2017_07_30-HD166937_pipeline_ver3.6--HD_163336_pipeline_ver3.6-T4/,wide
True,extra_candidate_release_object,,,NTT17c_DIBanalysis_candidate,Found in 2017-07 NTT17c quality/telluric/DIBanalysis traces; not yet tied to a publication.,65,* mu. Sgr,HD166937 | mu Sgr | HD 166937,B8Iab(e) C,18:13:45.80,-21:03:31.7,0.25,HD166937,mu._Sgr_o65_c2T,58,WIDE,1,0,2017-07-31-03:05:22.628,9549.8826,9783.6441,9549.72153083738,9783.483008953966,/Users/hamano/DIB_analysis/DIB_pipeline_dir/mu._Sgr/2017_07_30-HD166937_pipeline_ver3.6/2017_07_30-HD166937_pipeline_ver3.6--HD_163336_pipeline_ver3.6-T4/sum/HD166937_sum_m58_fsr1.30_AIR_tel_wscor_helio.fits,True,25920,HD_166937/mu._Sgr_o65_c2T/HD166937_sum_m58_fsr1.30_AIR_tel_wscor_helio.fits,HD_166937,/Users/hamano/DIB_analysis/DIB_pipeline_dir/mu._Sgr/2017_07_30-HD166937_pipeline_ver3.6/2017_07_30-HD166937_pipeline_ver3.6--HD_163336_pipeline_ver3.6-T4/,wide
True,extra_candidate_release_object,,,NTT17c_DIBanalysis_candidate,Found in 2017-07 NTT17c quality/telluric/DIBanalysis traces; not yet tied to a publication.,65,* mu. Sgr,HD166937 | mu Sgr | HD 166937,B8Iab(e) C,18:13:45.80,-21:03:31.7,0.25,HD166937,mu._Sgr_o65_c2T,53,WIDE,1,0,2017-07-31-03:05:22.628,10446.5816,10706.3189,10446.40488474229,10706.1422095741,/Users/hamano/DIB_analysis/DIB_pipeline_dir/mu._Sgr/2017_07_30-HD166937_pipeline_ver3.6/2017_07_30-HD166937_pipeline_ver3.6--HD_163336_pipeline_ver3.6-T4/sum/HD166937_sum_m53_fsr1.30_AIR_tel_wscor_helio.fits,True,25920,HD_166937/mu._Sgr_o65_c2T/HD166937_sum_m53_fsr1.30_AIR_tel_wscor_helio.fits,HD_166937,/Users/hamano/DIB_analysis/DIB_pipeline_dir/mu._Sgr/2017_07_30-HD166937_pipeline_ver3.6/2017_07_30-HD166937_pipeline_ver3.6--HD_163336_pipeline_ver3.6-T4/,wide
True,extra_candidate_release_object,,,NTT17c_DIBanalysis_candidate,Found in 2017-07 NTT17c quality/telluric/DIBanalysis traces; not yet tied to a publication.,65,* mu. Sgr,mu Sgr | HD166937 | HD 166937,B8Iab(e) C,18:13:45.80,-21:03:31.7,0.25,HD166937,mu._Sgr_o65_c2T,49,WIDE,1,0,2017-07-31-03:05:22.628,11280.3014,11592.0069,11280.11027262246,11591.81582131947,/Users/hamano/DIB_analysis/DIB_pipeline_dir/mu._Sgr/2017_07_30-HD166937_pipeline_ver3.6/2017_07_30-HD166937_pipeline_ver3.6--HD_163336_pipeline_ver3.6-T4/sum/HD166937_sum_m49_fsr1.30_AIR_tel_wscor_helio.fits,True,25920,HD_166937/mu._Sgr_o65_c2T/HD166937_sum_m49_fsr1.30_AIR_tel_wscor_helio.fits,HD_166937,/Users/hamano/DIB_analysis/DIB_pipeline_dir/mu._Sgr/2017_07_30-HD166937_pipeline_ver3.6/2017_07_30-HD166937_pipeline_ver3.6--HD_163336_pipeline_ver3.6-T4/,wide
True,extra_candidate_release_object,,,NTT17c_DIBanalysis_candidate,Found in 2017-07 NTT17c quality/telluric/DIBanalysis traces; not yet tied to a publication.,65,* mu. Sgr,HD166937 | mu Sgr | HD 166937,B8Iab(e) C,18:13:45.80,-21:03:31.7,0.25,HD166937,mu._Sgr_o65_c2T,43,WIDE,1,0,2017-07-31-03:05:22.628,12852.2728,13228.9316,12852.05555445424,13228.7143430342,/Users/hamano/DIB_analysis/DIB_pipeline_dir/mu._Sgr/2017_07_30-HD166937_pipeline_ver3.6/2017_07_30-HD166937_pipeline_ver3.6--HD_163336_pipeline_ver3.6-T4/sum/HD166937_sum_m43_fsr1.30_AIR_tel_wscor_helio.fits,True,25920,HD_166937/mu._Sgr_o65_c2T/HD166937_sum_m43_fsr1.30_AIR_tel_wscor_helio.fits,HD_166937,/Users/hamano/DIB_analysis/DIB_pipeline_dir/mu._Sgr/2017_07_30-HD166937_pipeline_ver3.6/2017_07_30-HD166937_pipeline_ver3.6--HD_163336_pipeline_ver3.6-T4/,wide
True,extra_candidate_release_object,,,NTT17c_DIBanalysis_candidate,Found in 2017-07 NTT17c quality/telluric/DIBanalysis traces; not yet tied to a publication.,65,* mu. Sgr,HD166937 | mu Sgr | HD 166937,B8Iab(e) C,18:13:45.80,-21:03:31.7,0.25,HD166937,mu._Sgr_o65_c2T,50,WIDE,1,0,2017-07-31-03:05:22.628,11063.3743,11349.0924,11063.18698336637,11348.9050153283,/Users/hamano/DIB_analysis/DIB_pipeline_dir/mu._Sgr/2017_07_30-HD166937_pipeline_ver3.6/2017_07_30-HD166937_pipeline_ver3.6--HD_163336_pipeline_ver3.6-T4/sum/HD166937_sum_m50_fsr1.30_AIR_tel_wscor_helio.fits,True,25920,HD_166937/mu._Sgr_o65_c2T/HD166937_sum_m50_fsr1.30_AIR_tel_wscor_helio.fits,HD_166937,/Users/hamano/DIB_analysis/DIB_pipeline_dir/mu._Sgr/2017_07_30-HD166937_pipeline_ver3.6/2017_07_30-HD166937_pipeline_ver3.6--HD_163336_pipeline_ver3.6-T4/,wide
True,extra_candidate_release_object,,,NTT17c_DIBanalysis_candidate,Found in 2017-07 NTT17c quality/telluric/DIBanalysis traces; not yet tied to a publication.,65,* mu. Sgr,HD166937 | mu Sgr | HD 166937,B8Iab(e) C,18:13:45.80,-21:03:31.7,0.25,HD166937,mu._Sgr_o65_c2T,59,WIDE,1,0,2017-07-31-03:05:22.628,9392.9353,9600.7083,9392.776983090784,9600.549982109987,/Users/hamano/DIB_analysis/DIB_pipeline_dir/mu._Sgr/2017_07_30-HD166937_pipeline_ver3.6/2017_07_30-HD166937_pipeline_ver3.6--HD_163336_pipeline_ver3.6-T4/sum/HD166937_sum_m59_fsr1.30_AIR_tel_wscor_helio.fits,True,23040,HD_166937/mu._Sgr_o65_c2T/HD166937_sum_m59_fsr1.30_AIR_tel_wscor_helio.fits,HD_166937,/Users/hamano/DIB_analysis/DIB_pipeline_dir/mu._Sgr/2017_07_30-HD166937_pipeline_ver3.6/2017_07_30-HD166937_pipeline_ver3.6--HD_163336_pipeline_ver3.6-T4/,wide
True,extra_candidate_release_object,,,NTT17c_DIBanalysis_candidate,Found in 2017-07 NTT17c quality/telluric/DIBanalysis traces; not yet tied to a publication.,65,* mu. Sgr,HD166937 | mu Sgr | HD 166937,B8Iab(e) C,18:13:45.80,-21:03:31.7,0.25,HD166937,mu._Sgr_o65_c2T,51,WIDE,1,0,2017-07-31-03:05:22.628,10854.9444,11127.6706,10854.76073810871,11127.48695853269,/Users/hamano/DIB_analysis/DIB_pipeline_dir/mu._Sgr/2017_07_30-HD166937_pipeline_ver3.6/2017_07_30-HD166937_pipeline_ver3.6--HD_163336_pipeline_ver3.6-T4/sum/HD166937_sum_m51_fsr1.30_AIR_tel_wscor_helio.fits,True,25920,HD_166937/mu._Sgr_o65_c2T/HD166937_sum_m51_fsr1.30_AIR_tel_wscor_helio.fits,HD_166937,/Users/hamano/DIB_analysis/DIB_pipeline_dir/mu._Sgr/2017_07_30-HD166937_pipeline_ver3.6/2017_07_30-HD166937_pipeline_ver3.6--HD_163336_pipeline_ver3.6-T4/,wide
True,extra_candidate_release_object,,,NTT17c_DIBanalysis_candidate,Found in 2017-07 NTT17c quality/telluric/DIBanalysis traces; not yet tied to a publication.,65,* mu. Sgr,HD166937 | mu Sgr | HD 166937,B8Iab(e) C,18:13:45.80,-21:03:31.7,0.25,HD166937,mu._Sgr_o65_c2T,52,WIDE,1,0,2017-07-31-03:05:22.628,10645.0149,10917.744,10644.83476543498,10917.56390078793,/Users/hamano/DIB_analysis/DIB_pipeline_dir/mu._Sgr/2017_07_30-HD166937_pipeline_ver3.6/2017_07_30-HD166937_pipeline_ver3.6--HD_163336_pipeline_ver3.6-T4/sum/HD166937_sum_m52_fsr1.30_AIR_tel_wscor_helio.fits,True,25920,HD_166937/mu._Sgr_o65_c2T/HD166937_sum_m52_fsr1.30_AIR_tel_wscor_helio.fits,HD_166937,/Users/hamano/DIB_analysis/DIB_pipeline_dir/mu._Sgr/2017_07_30-HD166937_pipeline_ver3.6/2017_07_30-HD166937_pipeline_ver3.6--HD_163336_pipeline_ver3.6-T4/,wide
True,extra_candidate_release_object,,,NTT17c_DIBanalysis_candidate,Found in 2017-07 NTT17c quality/telluric/DIBanalysis traces; not yet tied to a publication.,65,* mu. Sgr,HD166937 | mu Sgr | HD 166937,B8Iab(e) C,18:13:45.80,-21:03:31.7,0.25,HD166937,mu._Sgr_o65_c2T,48,WIDE,1,0,2017-07-31-03:05:22.628,11520.2208,11831.9224,11520.02570775597,11831.72736652763,/Users/hamano/DIB_analysis/DIB_pipeline_dir/mu._Sgr/2017_07_30-HD166937_pipeline_ver3.6/2017_07_30-HD166937_pipeline_ver3.6--HD_163336_pipeline_ver3.6-T4/sum/HD166937_sum_m48_fsr1.30_AIR_tel_wscor_helio.fits,True,25920,HD_166937/mu._Sgr_o65_c2T/HD166937_sum_m48_fsr1.30_AIR_tel_wscor_helio.fits,HD_166937,/Users/hamano/DIB_analysis/DIB_pipeline_dir/mu._Sgr/2017_07_30-HD166937_pipeline_ver3.6/2017_07_30-HD166937_pipeline_ver3.6--HD_163336_pipeline_ver3.6-T4/,wide
True,extra_candidate_release_object,,,NTT17c_DIBanalysis_candidate,Found in 2017-07 NTT17c quality/telluric/DIBanalysis traces; not yet tied to a publication.,65,* mu. Sgr,HD166937 | mu Sgr | HD 166937,B8Iab(e) C,18:13:45.80,-21:03:31.7,0.25,HD166937,mu._Sgr_o65_c2T,55,WIDE,1,0,2017-07-31-03:05:22.628,10069.7082,10303.4609,10069.53804941983,10303.29078014792,/Users/hamano/DIB_analysis/DIB_pipeline_dir/mu._Sgr/2017_07_30-HD166937_pipeline_ver3.6/2017_07_30-HD166937_pipeline_ver3.6--HD_163336_pipeline_ver3.6-T4/sum/HD166937_sum_m55_fsr1.30_AIR_tel_wscor_helio.fits,True,23040,HD_166937/mu._Sgr_o65_c2T/HD166937_sum_m55_fsr1.30_AIR_tel_wscor_helio.fits,HD_166937,/Users/hamano/DIB_analysis/DIB_pipeline_dir/mu._Sgr/2017_07_30-HD166937_pipeline_ver3.6/2017_07_30-HD166937_pipeline_ver3.6--HD_163336_pipeline_ver3.6-T4/,wide
True,extra_candidate_release_object,,,NTT17c_DIBanalysis_candidate,Found in 2017-07 NTT17c quality/telluric/DIBanalysis traces; not yet tied to a publication.,65,* mu. Sgr,HD166937 | mu Sgr | HD 166937,B8Iab(e) C,18:13:45.80,-21:03:31.7,0.25,HD166937,mu._Sgr_o65_c2T,60,WIDE,1,0,2017-07-31-03:05:22.628,9255.9813,9437.7659,9255.825703409128,9437.610227246621,/Users/hamano/DIB_analysis/DIB_pipeline_dir/mu._Sgr/2017_07_30-HD166937_pipeline_ver3.6/2017_07_30-HD166937_pipeline_ver3.6--HD_163336_pipeline_ver3.6-T4/sum/HD166937_sum_m60_fsr1.30_AIR_tel_wscor_helio.fits,True,23040,HD_166937/mu._Sgr_o65_c2T/HD166937_sum_m60_fsr1.30_AIR_tel_wscor_helio.fits,HD_166937,/Users/hamano/DIB_analysis/DIB_pipeline_dir/mu._Sgr/2017_07_30-HD166937_pipeline_ver3.6/2017_07_30-HD166937_pipeline_ver3.6--HD_163336_pipeline_ver3.6-T4/,wide
True,extra_candidate_release_object,,,NTT17c_DIBanalysis_candidate,Found in 2017-07 NTT17c quality/telluric/DIBanalysis traces; not yet tied to a publication.,65,* mu. Sgr,mu Sgr | HD166937 | HD 166937,B8Iab(e) C,18:13:45.80,-21:03:31.7,0.25,HD166937,mu._Sgr_o65_c2T,44,WIDE,1,0,2017-07-31-03:05:22.628,12550.8741,12938.3516,12550.66177484271,12938.13923895281,/Users/hamano/DIB_analysis/DIB_pipeline_dir/mu._Sgr/2017_07_30-HD166937_pipeline_ver3.6/2017_07_30-HD166937_pipeline_ver3.6--HD_163336_pipeline_ver3.6-T4/sum/HD166937_sum_m44_fsr1.30_AIR_tel_wscor_helio.fits,True,25920,HD_166937/mu._Sgr_o65_c2T/HD166937_sum_m44_fsr1.30_AIR_tel_wscor_helio.fits,HD_166937,/Users/hamano/DIB_analysis/DIB_pipeline_dir/mu._Sgr/2017_07_30-HD166937_pipeline_ver3.6/2017_07_30-HD166937_pipeline_ver3.6--HD_163336_pipeline_ver3.6-T4/,wide
True,extra_candidate_release_object,,,NTT17c_DIBanalysis_candidate,Found in 2017-07 NTT17c quality/telluric/DIBanalysis traces; not yet tied to a publication.,65,* mu. Sgr,HD166937 | mu Sgr | HD 166937,B8Iab(e) C,18:13:45.80,-21:03:31.7,0.25,HD166937,mu._Sgr_o65_c2T,45,WIDE,1,0,2017-07-31-03:05:22.628,12273.9673,12637.6391,12273.75944979953,12637.43128536505,/Users/hamano/DIB_analysis/DIB_pipeline_dir/mu._Sgr/2017_07_30-HD166937_pipeline_ver3.6/2017_07_30-HD166937_pipeline_ver3.6--HD_163336_pipeline_ver3.6-T4/sum/HD166937_sum_m45_fsr1.30_AIR_tel_wscor_helio.fits,True,25920,HD_166937/mu._Sgr_o65_c2T/HD166937_sum_m45_fsr1.30_AIR_tel_wscor_helio.fits,HD_166937,/Users/hamano/DIB_analysis/DIB_pipeline_dir/mu._Sgr/2017_07_30-HD166937_pipeline_ver3.6/2017_07_30-HD166937_pipeline_ver3.6--HD_163336_pipeline_ver3.6-T4/,wide
True,extra_candidate_release_object,,,NTT17c_DIBanalysis_candidate,Found in 2017-07 NTT17c quality/telluric/DIBanalysis traces; not yet tied to a publication.,65,* mu. Sgr,HD166937 | mu Sgr | HD 166937,B8Iab(e) C,18:13:45.80,-21:03:31.7,0.25,HD166937,mu._Sgr_o65_c2T,56,WIDE,1,0,2017-07-31-03:05:22.628,9889.7686,10123.5242,9889.601486542082,10123.35713325937,/Users/hamano/DIB_analysis/DIB_pipeline_dir/mu._Sgr/2017_07_30-HD166937_pipeline_ver3.6/2017_07_30-HD166937_pipeline_ver3.6--HD_163336_pipeline_ver3.6-T4/sum/HD166937_sum_m56_fsr1.30_AIR_tel_wscor_helio.fits,True,23040,HD_166937/mu._Sgr_o65_c2T/HD166937_sum_m56_fsr1.30_AIR_tel_wscor_helio.fits,HD_166937,/Users/hamano/DIB_analysis/DIB_pipeline_dir/mu._Sgr/2017_07_30-HD166937_pipeline_ver3.6/2017_07_30-HD166937_pipeline_ver3.6--HD_163336_pipeline_ver3.6-T4/,wide
True,extra_candidate_release_object,,,NTT17c_DIBanalysis_candidate,Found in 2017-07 NTT17c quality/telluric/DIBanalysis traces; not yet tied to a publication.,65,* mu. Sgr,HD166937 | mu Sgr | HD 166937,B8Iab(e) C,18:13:45.80,-21:03:31.7,0.25,HD166937,mu._Sgr_o65_c2T,54,WIDE,1,0,2017-07-31-03:05:22.628,10246.6487,10506.3889,10246.47531829837,10506.2155577983,/Users/hamano/DIB_analysis/DIB_pipeline_dir/mu._Sgr/2017_07_30-HD166937_pipeline_ver3.6/2017_07_30-HD166937_pipeline_ver3.6--HD_163336_pipeline_ver3.6-T4/sum/HD166937_sum_m54_fsr1.30_AIR_tel_wscor_helio.fits,True,25920,HD_166937/mu._Sgr_o65_c2T/HD166937_sum_m54_fsr1.30_AIR_tel_wscor_helio.fits,HD_166937,/Users/hamano/DIB_analysis/DIB_pipeline_dir/mu._Sgr/2017_07_30-HD166937_pipeline_ver3.6/2017_07_30-HD166937_pipeline_ver3.6--HD_163336_pipeline_ver3.6-T4/,wide
True,extra_candidate_release_object,,,NTT17c_DIBanalysis_candidate,Found in 2017-07 NTT17c quality/telluric/DIBanalysis traces; not yet tied to a publication.,65,* mu. Sgr,HD166937 | mu Sgr | HD 166937,B8Iab(e) C,18:13:45.80,-21:03:31.7,0.25,HD166937,mu._Sgr_o65_c2T,42,WIDE,1,0,2017-07-31-03:05:22.628,13137.6767,13553.3167,13137.45440722761,13553.09447756166,/Users/hamano/DIB_analysis/DIB_pipeline_dir/mu._Sgr/2017_07_30-HD166937_pipeline_ver3.6/2017_07_30-HD166937_pipeline_ver3.6--HD_163336_pipeline_ver3.6-T4/sum/HD166937_sum_m42_fsr1.30_AIR_tel_wscor_helio.fits,True,25920,HD_166937/mu._Sgr_o65_c2T/HD166937_sum_m42_fsr1.30_AIR_tel_wscor_helio.fits,HD_166937,/Users/hamano/DIB_analysis/DIB_pipeline_dir/mu._Sgr/2017_07_30-HD166937_pipeline_ver3.6/2017_07_30-HD166937_pipeline_ver3.6--HD_163336_pipeline_ver3.6-T4/,wide
True,extra_candidate_release_object,,,NTT17c_DIBanalysis_candidate,Found in 2017-07 NTT17c quality/telluric/DIBanalysis traces; not yet tied to a publication.,65,* mu. Sgr,HD166937 | mu Sgr | HD 166937,B8Iab(e) C,18:13:45.80,-21:03:31.7,0.25,HD166937,mu._Sgr_o65_c2T,61,WIDE,1,0,2017-07-31-03:05:22.628,9093.0359,9300.8138,9092.882931266118,9300.66078763491,/Users/hamano/DIB_analysis/DIB_pipeline_dir/mu._Sgr/2017_07_30-HD166937_pipeline_ver3.6/2017_07_30-HD166937_pipeline_ver3.6--HD_163336_pipeline_ver3.6-T4/sum/HD166937_sum_m61_fsr1.30_AIR_tel_wscor_helio.fits,True,23040,HD_166937/mu._Sgr_o65_c2T/HD166937_sum_m61_fsr1.30_AIR_tel_wscor_helio.fits,HD_166937,/Users/hamano/DIB_analysis/DIB_pipeline_dir/mu._Sgr/2017_07_30-HD166937_pipeline_ver3.6/2017_07_30-HD166937_pipeline_ver3.6--HD_163336_pipeline_ver3.6-T4/,wide
True,extra_candidate_release_object,,,NTT17c_DIBanalysis_candidate,Found in 2017-07 NTT17c quality/telluric/DIBanalysis traces; not yet tied to a publication.,65,* mu. Sgr,HD166937 | mu Sgr | HD 166937,B8Iab(e) C,18:13:45.80,-21:03:31.7,0.25,HD166937,mu._Sgr_o65_c2T,46,WIDE,1,0,2017-07-31-03:05:22.628,12005.5575,12356.2385,12005.35423847933,12356.03523303006,/Users/hamano/DIB_analysis/DIB_pipeline_dir/mu._Sgr/2017_07_30-HD166937_pipeline_ver3.6/2017_07_30-HD166937_pipeline_ver3.6--HD_163336_pipeline_ver3.6-T4/sum/HD166937_sum_m46_fsr1.30_AIR_tel_wscor_helio.fits,True,25920,HD_166937/mu._Sgr_o65_c2T/HD166937_sum_m46_fsr1.30_AIR_tel_wscor_helio.fits,HD_166937,/Users/hamano/DIB_analysis/DIB_pipeline_dir/mu._Sgr/2017_07_30-HD166937_pipeline_ver3.6/2017_07_30-HD166937_pipeline_ver3.6--HD_163336_pipeline_ver3.6-T4/,wide
True,extra_candidate_release_object,,,NTT17c_DIBanalysis_candidate,Found in 2017-07 NTT17c quality/telluric/DIBanalysis traces; not yet tied to a publication.,65,* mu. Sgr,HD166937 | mu Sgr | HD 166937,B8Iab(e) C,18:13:45.80,-21:03:31.7,0.25,HD166937,mu._Sgr_o65_c2T,47,WIDE,1,0,2017-07-31-03:05:22.628,11758.6406,12083.3341,11758.44152447105,12083.13499774405,/Users/hamano/DIB_analysis/DIB_pipeline_dir/mu._Sgr/2017_07_30-HD166937_pipeline_ver3.6/2017_07_30-HD166937_pipeline_ver3.6--HD_163336_pipeline_ver3.6-T4/sum/HD166937_sum_m47_fsr1.30_AIR_tel_wscor_helio.fits,True,25920,HD_166937/mu._Sgr_o65_c2T/HD166937_sum_m47_fsr1.30_AIR_tel_wscor_helio.fits,HD_166937,/Users/hamano/DIB_analysis/DIB_pipeline_dir/mu._Sgr/2017_07_30-HD166937_pipeline_ver3.6/2017_07_30-HD166937_pipeline_ver3.6--HD_163336_pipeline_ver3.6-T4/,wide
True,extra_candidate_release_object,,,NTT17c_DIBanalysis_candidate,Found in 2017-07 NTT17c quality/telluric/DIBanalysis traces; not yet tied to a publication.,52,HD 214080,HD 214080,B1/2Ib D,22:36:06.43,-16:23:16.7,0.06,HD 214080,HD_214080_o52_c2T,52,WIDE,1,0,2017-07-31-06:44:31.780,10646.093,10918.8493,10645.91284529475,10918.66912823417,/Users/hamano/DIB_analysis/DIB_pipeline_dir/HD_214080/2017_07_30-HD_214080_pipeline_ver3.6/2017_07_30-HD_214080_pipeline_ver3.6--HR_8134_pipeline_ver3.6-T2/sum/HD_214080_sum_m52_fsr1.30_AIR_tel_wscor_helio.fits,True,25920,HD_214080/HD_214080_o52_c2T/HD_214080_sum_m52_fsr1.30_AIR_tel_wscor_helio.fits,HD_214080,/Users/hamano/DIB_analysis/DIB_pipeline_dir/HD_214080/2017_07_30-HD_214080_pipeline_ver3.6/2017_07_30-HD_214080_pipeline_ver3.6--HR_8134_pipeline_ver3.6-T2/,wide
True,extra_candidate_release_object,,,NTT17c_DIBanalysis_candidate,Found in 2017-07 NTT17c quality/telluric/DIBanalysis traces; not yet tied to a publication.,52,HD 214080,HD 214080,B1/2Ib D,22:36:06.43,-16:23:16.7,0.06,HD 214080,HD_214080_o52_c2T,46,WIDE,1,0,2017-07-31-06:44:31.780,12006.7555,12357.4714,12006.55220473371,12357.26810623423,/Users/hamano/DIB_analysis/DIB_pipeline_dir/HD_214080/2017_07_30-HD_214080_pipeline_ver3.6/2017_07_30-HD_214080_pipeline_ver3.6--HR_8134_pipeline_ver3.6-T2/sum/HD_214080_sum_m46_fsr1.30_AIR_tel_wscor_helio.fits,True,25920,HD_214080/HD_214080_o52_c2T/HD_214080_sum_m46_fsr1.30_AIR_tel_wscor_helio.fits,HD_214080,/Users/hamano/DIB_analysis/DIB_pipeline_dir/HD_214080/2017_07_30-HD_214080_pipeline_ver3.6/2017_07_30-HD_214080_pipeline_ver3.6--HR_8134_pipeline_ver3.6-T2/,wide
True,extra_candidate_release_object,,,NTT17c_DIBanalysis_candidate,Found in 2017-07 NTT17c quality/telluric/DIBanalysis traces; not yet tied to a publication.,52,HD 214080,HD 214080,B1/2Ib D,22:36:06.43,-16:23:16.7,0.06,HD 214080,HD_214080_o52_c2T,57,WIDE,1,0,2017-07-31-06:44:31.780,9733.8191,9941.6069,9733.65496634263,9941.44281356904,/Users/hamano/DIB_analysis/DIB_pipeline_dir/HD_214080/2017_07_30-HD_214080_pipeline_ver3.6/2017_07_30-HD_214080_pipeline_ver3.6--HR_8134_pipeline_ver3.6-T2/sum/HD_214080_sum_m57_fsr1.30_AIR_tel_wscor_helio.fits,True,23040,HD_214080/HD_214080_o52_c2T/HD_214080_sum_m57_fsr1.30_AIR_tel_wscor_helio.fits,HD_214080,/Users/hamano/DIB_analysis/DIB_pipeline_dir/HD_214080/2017_07_30-HD_214080_pipeline_ver3.6/2017_07_30-HD_214080_pipeline_ver3.6--HR_8134_pipeline_ver3.6-T2/,wide
True,extra_candidate_release_object,,,NTT17c_DIBanalysis_candidate,Found in 2017-07 NTT17c quality/telluric/DIBanalysis traces; not yet tied to a publication.,52,HD 214080,HD 214080,B1/2Ib D,22:36:06.43,-16:23:16.7,0.06,HD 214080,HD_214080_o52_c2T,53,WIDE,1,0,2017-07-31-06:44:31.780,10447.6422,10707.4054,10447.46548879278,10707.22866800035,/Users/hamano/DIB_analysis/DIB_pipeline_dir/HD_214080/2017_07_30-HD_214080_pipeline_ver3.6/2017_07_30-HD_214080_pipeline_ver3.6--HR_8134_pipeline_ver3.6-T2/sum/HD_214080_sum_m53_fsr1.30_AIR_tel_wscor_helio.fits,True,25920,HD_214080/HD_214080_o52_c2T/HD_214080_sum_m53_fsr1.30_AIR_tel_wscor_helio.fits,HD_214080,/Users/hamano/DIB_analysis/DIB_pipeline_dir/HD_214080/2017_07_30-HD_214080_pipeline_ver3.6/2017_07_30-HD_214080_pipeline_ver3.6--HR_8134_pipeline_ver3.6-T2/,wide
True,extra_candidate_release_object,,,NTT17c_DIBanalysis_candidate,Found in 2017-07 NTT17c quality/telluric/DIBanalysis traces; not yet tied to a publication.,52,HD 214080,HD 214080,B1/2Ib D,22:36:06.43,-16:23:16.7,0.06,HD 214080,HD_214080_o52_c2T,49,WIDE,1,0,2017-07-31-06:44:31.780,11281.4354,11593.172,11281.24431760027,11592.98089361357,/Users/hamano/DIB_analysis/DIB_pipeline_dir/HD_214080/2017_07_30-HD_214080_pipeline_ver3.6/2017_07_30-HD_214080_pipeline_ver3.6--HR_8134_pipeline_ver3.6-T2/sum/HD_214080_sum_m49_fsr1.30_AIR_tel_wscor_helio.fits,True,25920,HD_214080/HD_214080_o52_c2T/HD_214080_sum_m49_fsr1.30_AIR_tel_wscor_helio.fits,HD_214080,/Users/hamano/DIB_analysis/DIB_pipeline_dir/HD_214080/2017_07_30-HD_214080_pipeline_ver3.6/2017_07_30-HD_214080_pipeline_ver3.6--HR_8134_pipeline_ver3.6-T2/,wide
True,extra_candidate_release_object,,,NTT17c_DIBanalysis_candidate,Found in 2017-07 NTT17c quality/telluric/DIBanalysis traces; not yet tied to a publication.,52,HD 214080,HD 214080,B1/2Ib D,22:36:06.43,-16:23:16.7,0.06,HD 214080,HD_214080_o52_c2T,50,WIDE,1,0,2017-07-31-06:44:31.780,11064.4894,11350.2358,11064.30198880425,11350.04846127309,/Users/hamano/DIB_analysis/DIB_pipeline_dir/HD_214080/2017_07_30-HD_214080_pipeline_ver3.6/2017_07_30-HD_214080_pipeline_ver3.6--HR_8134_pipeline_ver3.6-T2/sum/HD_214080_sum_m50_fsr1.30_AIR_tel_wscor_helio.fits,True,25920,HD_214080/HD_214080_o52_c2T/HD_214080_sum_m50_fsr1.30_AIR_tel_wscor_helio.fits,HD_214080,/Users/hamano/DIB_analysis/DIB_pipeline_dir/HD_214080/2017_07_30-HD_214080_pipeline_ver3.6/2017_07_30-HD_214080_pipeline_ver3.6--HR_8134_pipeline_ver3.6-T2/,wide
True,extra_candidate_release_object,,,NTT17c_DIBanalysis_candidate,Found in 2017-07 NTT17c quality/telluric/DIBanalysis traces; not yet tied to a publication.,52,HD 214080,HD 214080,B1/2Ib D,22:36:06.43,-16:23:16.7,0.06,HD 214080,HD_214080_o52_c2T,56,WIDE,1,0,2017-07-31-06:44:31.780,9890.7801,10124.559,9890.612992546467,10124.39190741172,/Users/hamano/DIB_analysis/DIB_pipeline_dir/HD_214080/2017_07_30-HD_214080_pipeline_ver3.6/2017_07_30-HD_214080_pipeline_ver3.6--HR_8134_pipeline_ver3.6-T2/sum/HD_214080_sum_m56_fsr1.30_AIR_tel_wscor_helio.fits,True,23040,HD_214080/HD_214080_o52_c2T/HD_214080_sum_m56_fsr1.30_AIR_tel_wscor_helio.fits,HD_214080,/Users/hamano/DIB_analysis/DIB_pipeline_dir/HD_214080/2017_07_30-HD_214080_pipeline_ver3.6/2017_07_30-HD_214080_pipeline_ver3.6--HR_8134_pipeline_ver3.6-T2/,wide
True,extra_candidate_release_object,,,NTT17c_DIBanalysis_candidate,Found in 2017-07 NTT17c quality/telluric/DIBanalysis traces; not yet tied to a publication.,52,HD 214080,HD 214080,B1/2Ib D,22:36:06.43,-16:23:16.7,0.06,HD 214080,HD_214080_o52_c2T,54,WIDE,1,0,2017-07-31-06:44:31.780,10247.6916,10507.4577,10247.51824135991,10507.28433552598,/Users/hamano/DIB_analysis/DIB_pipeline_dir/HD_214080/2017_07_30-HD_214080_pipeline_ver3.6/2017_07_30-HD_214080_pipeline_ver3.6--HR_8134_pipeline_ver3.6-T2/sum/HD_214080_sum_m54_fsr1.30_AIR_tel_wscor_helio.fits,True,25920,HD_214080/HD_214080_o52_c2T/HD_214080_sum_m54_fsr1.30_AIR_tel_wscor_helio.fits,HD_214080,/Users/hamano/DIB_analysis/DIB_pipeline_dir/HD_214080/2017_07_30-HD_214080_pipeline_ver3.6/2017_07_30-HD_214080_pipeline_ver3.6--HR_8134_pipeline_ver3.6-T2/,wide
True,extra_candidate_release_object,,,NTT17c_DIBanalysis_candidate,Found in 2017-07 NTT17c quality/telluric/DIBanalysis traces; not yet tied to a publication.,52,HD 214080,HD 214080,B1/2Ib D,22:36:06.43,-16:23:16.7,0.06,HD 214080,HD_214080_o52_c2T,48,WIDE,1,0,2017-07-31-06:44:31.780,11521.376,11833.1087,11521.18097002307,11832.91365572361,/Users/hamano/DIB_analysis/DIB_pipeline_dir/HD_214080/2017_07_30-HD_214080_pipeline_ver3.6/2017_07_30-HD_214080_pipeline_ver3.6--HR_8134_pipeline_ver3.6-T2/sum/HD_214080_sum_m48_fsr1.30_AIR_tel_wscor_helio.fits,True,25920,HD_214080/HD_214080_o52_c2T/HD_214080_sum_m48_fsr1.30_AIR_tel_wscor_helio.fits,HD_214080,/Users/hamano/DIB_analysis/DIB_pipeline_dir/HD_214080/2017_07_30-HD_214080_pipeline_ver3.6/2017_07_30-HD_214080_pipeline_ver3.6--HR_8134_pipeline_ver3.6-T2/,wide
True,extra_candidate_release_object,,,NTT17c_DIBanalysis_candidate,Found in 2017-07 NTT17c quality/telluric/DIBanalysis traces; not yet tied to a publication.,52,HD 214080,HD 214080,B1/2Ib D,22:36:06.43,-16:23:16.7,0.06,HD 214080,HD_214080_o52_c2T,43,WIDE,1,0,2017-07-31-06:44:31.780,12853.5455,13230.2418,12853.3282549956,13230.02453636654,/Users/hamano/DIB_analysis/DIB_pipeline_dir/HD_214080/2017_07_30-HD_214080_pipeline_ver3.6/2017_07_30-HD_214080_pipeline_ver3.6--HR_8134_pipeline_ver3.6-T2/sum/HD_214080_sum_m43_fsr1.30_AIR_tel_wscor_helio.fits,True,25920,HD_214080/HD_214080_o52_c2T/HD_214080_sum_m43_fsr1.30_AIR_tel_wscor_helio.fits,HD_214080,/Users/hamano/DIB_analysis/DIB_pipeline_dir/HD_214080/2017_07_30-HD_214080_pipeline_ver3.6/2017_07_30-HD_214080_pipeline_ver3.6--HR_8134_pipeline_ver3.6-T2/,wide
True,extra_candidate_release_object,,,NTT17c_DIBanalysis_candidate,Found in 2017-07 NTT17c quality/telluric/DIBanalysis traces; not yet tied to a publication.,52,HD 214080,HD 214080,B1/2Ib D,22:36:06.43,-16:23:16.7,0.06,HD 214080,HD_214080_o52_c2T,59,WIDE,1,0,2017-07-31-06:44:31.780,9393.9031,9601.6968,9393.74469702034,9601.53837786316,/Users/hamano/DIB_analysis/DIB_pipeline_dir/HD_214080/2017_07_30-HD_214080_pipeline_ver3.6/2017_07_30-HD_214080_pipeline_ver3.6--HR_8134_pipeline_ver3.6-T2/sum/HD_214080_sum_m59_fsr1.30_AIR_tel_wscor_helio.fits,True,23040,HD_214080/HD_214080_o52_c2T/HD_214080_sum_m59_fsr1.30_AIR_tel_wscor_helio.fits,HD_214080,/Users/hamano/DIB_analysis/DIB_pipeline_dir/HD_214080/2017_07_30-HD_214080_pipeline_ver3.6/2017_07_30-HD_214080_pipeline_ver3.6--HR_8134_pipeline_ver3.6-T2/,wide
True,extra_candidate_release_object,,,NTT17c_DIBanalysis_candidate,Found in 2017-07 NTT17c quality/telluric/DIBanalysis traces; not yet tied to a publication.,52,HD 214080,HD 214080,B1/2Ib D,22:36:06.43,-16:23:16.7,0.06,HD 214080,HD_214080_o52_c2T,47,WIDE,1,0,2017-07-31-06:44:31.780,11759.8169,12084.5427,11759.6177990388,12084.34359245177,/Users/hamano/DIB_analysis/DIB_pipeline_dir/HD_214080/2017_07_30-HD_214080_pipeline_ver3.6/2017_07_30-HD_214080_pipeline_ver3.6--HR_8134_pipeline_ver3.6-T2/sum/HD_214080_sum_m47_fsr1.30_AIR_tel_wscor_helio.fits,True,25920,HD_214080/HD_214080_o52_c2T/HD_214080_sum_m47_fsr1.30_AIR_tel_wscor_helio.fits,HD_214080,/Users/hamano/DIB_analysis/DIB_pipeline_dir/HD_214080/2017_07_30-HD_214080_pipeline_ver3.6/2017_07_30-HD_214080_pipeline_ver3.6--HR_8134_pipeline_ver3.6-T2/,wide
True,extra_candidate_release_object,,,NTT17c_DIBanalysis_candidate,Found in 2017-07 NTT17c quality/telluric/DIBanalysis traces; not yet tied to a publication.,52,HD 214080,HD 214080,B1/2Ib D,22:36:06.43,-16:23:16.7,0.06,HD 214080,HD_214080_o52_c2T,55,WIDE,1,0,2017-07-31-06:44:31.780,10070.7356,10304.5116,10070.56546876743,10304.34146735299,/Users/hamano/DIB_analysis/DIB_pipeline_dir/HD_214080/2017_07_30-HD_214080_pipeline_ver3.6/2017_07_30-HD_214080_pipeline_ver3.6--HR_8134_pipeline_ver3.6-T2/sum/HD_214080_sum_m55_fsr1.30_AIR_tel_wscor_helio.fits,True,23040,HD_214080/HD_214080_o52_c2T/HD_214080_sum_m55_fsr1.30_AIR_tel_wscor_helio.fits,HD_214080,/Users/hamano/DIB_analysis/DIB_pipeline_dir/HD_214080/2017_07_30-HD_214080_pipeline_ver3.6/2017_07_30-HD_214080_pipeline_ver3.6--HR_8134_pipeline_ver3.6-T2/,wide
True,extra_candidate_release_object,,,NTT17c_DIBanalysis_candidate,Found in 2017-07 NTT17c quality/telluric/DIBanalysis traces; not yet tied to a publication.,52,HD 214080,HD 214080,B1/2Ib D,22:36:06.43,-16:23:16.7,0.06,HD 214080,HD_214080_o52_c2T,60,WIDE,1,0,2017-07-31-06:44:31.780,9256.9371,9438.7397,9256.781450212284,9438.584068968381,/Users/hamano/DIB_analysis/DIB_pipeline_dir/HD_214080/2017_07_30-HD_214080_pipeline_ver3.6/2017_07_30-HD_214080_pipeline_ver3.6--HR_8134_pipeline_ver3.6-T2/sum/HD_214080_sum_m60_fsr1.30_AIR_tel_wscor_helio.fits,True,23040,HD_214080/HD_214080_o52_c2T/HD_214080_sum_m60_fsr1.30_AIR_tel_wscor_helio.fits,HD_214080,/Users/hamano/DIB_analysis/DIB_pipeline_dir/HD_214080/2017_07_30-HD_214080_pipeline_ver3.6/2017_07_30-HD_214080_pipeline_ver3.6--HR_8134_pipeline_ver3.6-T2/,wide
True,extra_candidate_release_object,,,NTT17c_DIBanalysis_candidate,Found in 2017-07 NTT17c quality/telluric/DIBanalysis traces; not yet tied to a publication.,52,HD 214080,HD 214080,B1/2Ib D,22:36:06.43,-16:23:16.7,0.06,HD 214080,HD_214080_o52_c2T,51,WIDE,1,0,2017-07-31-06:44:31.780,10856.0411,11128.7944,10855.8573832995,11128.61075101958,/Users/hamano/DIB_analysis/DIB_pipeline_dir/HD_214080/2017_07_30-HD_214080_pipeline_ver3.6/2017_07_30-HD_214080_pipeline_ver3.6--HR_8134_pipeline_ver3.6-T2/sum/HD_214080_sum_m51_fsr1.30_AIR_tel_wscor_helio.fits,True,25920,HD_214080/HD_214080_o52_c2T/HD_214080_sum_m51_fsr1.30_AIR_tel_wscor_helio.fits,HD_214080,/Users/hamano/DIB_analysis/DIB_pipeline_dir/HD_214080/2017_07_30-HD_214080_pipeline_ver3.6/2017_07_30-HD_214080_pipeline_ver3.6--HR_8134_pipeline_ver3.6-T2/,wide
True,extra_candidate_release_object,,,NTT17c_DIBanalysis_candidate,Found in 2017-07 NTT17c quality/telluric/DIBanalysis traces; not yet tied to a publication.,52,HD 214080,HD 214080,B1/2Ib D,22:36:06.43,-16:23:16.7,0.06,HD 214080,HD_214080_o52_c2T,44,WIDE,1,0,2017-07-31-06:44:31.780,12552.1201,12939.6361,12551.90776161483,12939.42379541207,/Users/hamano/DIB_analysis/DIB_pipeline_dir/HD_214080/2017_07_30-HD_214080_pipeline_ver3.6/2017_07_30-HD_214080_pipeline_ver3.6--HR_8134_pipeline_ver3.6-T2/sum/HD_214080_sum_m44_fsr1.30_AIR_tel_wscor_helio.fits,True,25920,HD_214080/HD_214080_o52_c2T/HD_214080_sum_m44_fsr1.30_AIR_tel_wscor_helio.fits,HD_214080,/Users/hamano/DIB_analysis/DIB_pipeline_dir/HD_214080/2017_07_30-HD_214080_pipeline_ver3.6/2017_07_30-HD_214080_pipeline_ver3.6--HR_8134_pipeline_ver3.6-T2/,wide
True,extra_candidate_release_object,,,NTT17c_DIBanalysis_candidate,Found in 2017-07 NTT17c quality/telluric/DIBanalysis traces; not yet tied to a publication.,52,HD 214080,HD 214080,B1/2Ib D,22:36:06.43,-16:23:16.7,0.06,HD 214080,HD_214080_o52_c2T,61,WIDE,1,0,2017-07-31-06:44:31.780,9093.9771,9301.7757,9093.824123742002,9301.622662418449,/Users/hamano/DIB_analysis/DIB_pipeline_dir/HD_214080/2017_07_30-HD_214080_pipeline_ver3.6/2017_07_30-HD_214080_pipeline_ver3.6--HR_8134_pipeline_ver3.6-T2/sum/HD_214080_sum_m61_fsr1.30_AIR_tel_wscor_helio.fits,True,23040,HD_214080/HD_214080_o52_c2T/HD_214080_sum_m61_fsr1.30_AIR_tel_wscor_helio.fits,HD_214080,/Users/hamano/DIB_analysis/DIB_pipeline_dir/HD_214080/2017_07_30-HD_214080_pipeline_ver3.6/2017_07_30-HD_214080_pipeline_ver3.6--HR_8134_pipeline_ver3.6-T2/,wide
True,extra_candidate_release_object,,,NTT17c_DIBanalysis_candidate,Found in 2017-07 NTT17c quality/telluric/DIBanalysis traces; not yet tied to a publication.,52,HD 214080,HD 214080,B1/2Ib D,22:36:06.43,-16:23:16.7,0.06,HD 214080,HD_214080_o52_c2T,42,WIDE,1,0,2017-07-31-06:44:31.780,13138.9744,13554.6559,13138.75213135311,13554.4335746929,/Users/hamano/DIB_analysis/DIB_pipeline_dir/HD_214080/2017_07_30-HD_214080_pipeline_ver3.6/2017_07_30-HD_214080_pipeline_ver3.6--HR_8134_pipeline_ver3.6-T2/sum/HD_214080_sum_m42_fsr1.30_AIR_tel_wscor_helio.fits,True,25920,HD_214080/HD_214080_o52_c2T/HD_214080_sum_m42_fsr1.30_AIR_tel_wscor_helio.fits,HD_214080,/Users/hamano/DIB_analysis/DIB_pipeline_dir/HD_214080/2017_07_30-HD_214080_pipeline_ver3.6/2017_07_30-HD_214080_pipeline_ver3.6--HR_8134_pipeline_ver3.6-T2/,wide
True,extra_candidate_release_object,,,NTT17c_DIBanalysis_candidate,Found in 2017-07 NTT17c quality/telluric/DIBanalysis traces; not yet tied to a publication.,52,HD 214080,HD 214080,B1/2Ib D,22:36:06.43,-16:23:16.7,0.06,HD 214080,HD_214080_o52_c2T,58,WIDE,1,0,2017-07-31-06:44:31.780,9550.8641,9784.6488,9550.70297993235,9784.487726777887,/Users/hamano/DIB_analysis/DIB_pipeline_dir/HD_214080/2017_07_30-HD_214080_pipeline_ver3.6/2017_07_30-HD_214080_pipeline_ver3.6--HR_8134_pipeline_ver3.6-T2/sum/HD_214080_sum_m58_fsr1.30_AIR_tel_wscor_helio.fits,True,25920,HD_214080/HD_214080_o52_c2T/HD_214080_sum_m58_fsr1.30_AIR_tel_wscor_helio.fits,HD_214080,/Users/hamano/DIB_analysis/DIB_pipeline_dir/HD_214080/2017_07_30-HD_214080_pipeline_ver3.6/2017_07_30-HD_214080_pipeline_ver3.6--HR_8134_pipeline_ver3.6-T2/,wide
True,extra_candidate_release_object,,,NTT17c_DIBanalysis_candidate,Found in 2017-07 NTT17c quality/telluric/DIBanalysis traces; not yet tied to a publication.,52,HD 214080,HD 214080,B1/2Ib D,22:36:06.43,-16:23:16.7,0.06,HD 214080,HD_214080_o52_c2T,45,WIDE,1,0,2017-07-31-06:44:31.780,12275.1889,12638.8969,12274.98108072558,12638.68911635507,/Users/hamano/DIB_analysis/DIB_pipeline_dir/HD_214080/2017_07_30-HD_214080_pipeline_ver3.6/2017_07_30-HD_214080_pipeline_ver3.6--HR_8134_pipeline_ver3.6-T2/sum/HD_214080_sum_m45_fsr1.30_AIR_tel_wscor_helio.fits,True,25920,HD_214080/HD_214080_o52_c2T/HD_214080_sum_m45_fsr1.30_AIR_tel_wscor_helio.fits,HD_214080,/Users/hamano/DIB_analysis/DIB_pipeline_dir/HD_214080/2017_07_30-HD_214080_pipeline_ver3.6/2017_07_30-HD_214080_pipeline_ver3.6--HR_8134_pipeline_ver3.6-T2/,wide
True,paper_2206_03131_reddened_target,,,,,144,Wd1_W33,Wd1_W33 | Westerlund 1 W 33,B5Ia+ C,16:47:04.12,-45:50:48.4,4.58,Cl* Westerlund 1 W 33,Wd1_W33_o144_c4T,49,WIDE,1,1,2017-07-30-01:56:49.581,11280.1074,11591.8086,11279.91631140788,11591.61748328288,/Users/hamano/DIB_analysis/DIB_pipeline_dir/Wd1_W33/Wd1_W33_o144_c4T/spectrum_files/Wd1_W33_o144_c4T_m49.fits,True,25920,Westerlund_1_W_33/Wd1_W33_o144_c4T/Wd1_W33_o144_c4T_m49.fits,Westerlund_1_W_33,/Users/hamano/DIB_analysis/DIB_pipeline_dir/Wd1_W33/Wd1_W33_o144_c4T/,wide
True,paper_2206_03131_reddened_target,,,,,144,Wd1_W33,Wd1_W33 | Westerlund 1 W 33,B5Ia+ C,16:47:04.12,-45:50:48.4,4.58,Cl* Westerlund 1 W 33,Wd1_W33_o144_c4T,53,WIDE,1,1,2017-07-30-01:56:49.581,10446.3975,10706.1309,10446.22077155031,10705.95416998781,/Users/hamano/DIB_analysis/DIB_pipeline_dir/Wd1_W33/Wd1_W33_o144_c4T/spectrum_files/Wd1_W33_o144_c4T_m53.fits,True,25920,Westerlund_1_W_33/Wd1_W33_o144_c4T/Wd1_W33_o144_c4T_m53.fits,Westerlund_1_W_33,/Users/hamano/DIB_analysis/DIB_pipeline_dir/Wd1_W33/Wd1_W33_o144_c4T/,wide
True,paper_2206_03131_reddened_target,,,,,144,Wd1_W33,Wd1_W33 | Westerlund 1 W 33,B5Ia+ C,16:47:04.12,-45:50:48.4,4.58,Cl* Westerlund 1 W 33,Wd1_W33_o144_c4T,51,WIDE,1,1,2017-07-30-01:56:49.581,10854.7549,11127.4775,10854.57123119163,11127.29388744163,/Users/hamano/DIB_analysis/DIB_pipeline_dir/Wd1_W33/Wd1_W33_o144_c4T/spectrum_files/Wd1_W33_o144_c4T_m51.fits,True,25920,Westerlund_1_W_33/Wd1_W33_o144_c4T/Wd1_W33_o144_c4T_m51.fits,Westerlund_1_W_33,/Users/hamano/DIB_analysis/DIB_pipeline_dir/Wd1_W33/Wd1_W33_o144_c4T/,wide
True,paper_2206_03131_reddened_target,,,,,144,Wd1_W33,Wd1_W33 | Westerlund 1 W 33,B5Ia+ C,16:47:04.12,-45:50:48.4,4.58,Cl* Westerlund 1 W 33,Wd1_W33_o144_c4T,43,WIDE,1,1,2017-07-30-01:56:49.581,12852.0596,13228.7129,12851.8423538643,13228.49567417679,/Users/hamano/DIB_analysis/DIB_pipeline_dir/Wd1_W33/Wd1_W33_o144_c4T/spectrum_files/Wd1_W33_o144_c4T_m43.fits,True,25920,Westerlund_1_W_33/Wd1_W33_o144_c4T/Wd1_W33_o144_c4T_m43.fits,Westerlund_1_W_33,/Users/hamano/DIB_analysis/DIB_pipeline_dir/Wd1_W33/Wd1_W33_o144_c4T/,wide
True,paper_2206_03131_reddened_target,,,,,144,Wd1_W33,Wd1_W33 | Westerlund 1 W 33,B5Ia+ C,16:47:04.12,-45:50:48.4,4.58,Cl* Westerlund 1 W 33,Wd1_W33_o144_c4T,61,WIDE,1,1,2017-07-30-01:56:49.581,9092.8682,9300.6426,9092.715163757603,9300.489577820101,/Users/hamano/DIB_analysis/DIB_pipeline_dir/Wd1_W33/Wd1_W33_o144_c4T/spectrum_files/Wd1_W33_o144_c4T_m61.fits,True,23040,Westerlund_1_W_33/Wd1_W33_o144_c4T/Wd1_W33_o144_c4T_m61.fits,Westerlund_1_W_33,/Users/hamano/DIB_analysis/DIB_pipeline_dir/Wd1_W33/Wd1_W33_o144_c4T/,wide
True,paper_2206_03131_reddened_target,,,,,144,Wd1_W33,Wd1_W33 | Westerlund 1 W 33,B5Ia+ C,16:47:04.12,-45:50:48.4,4.58,Cl* Westerlund 1 W 33,Wd1_W33_o144_c4T,45,WIDE,1,1,2017-07-30-01:56:49.581,12273.7607,12637.4277,12273.55293247818,12637.21992466568,/Users/hamano/DIB_analysis/DIB_pipeline_dir/Wd1_W33/Wd1_W33_o144_c4T/spectrum_files/Wd1_W33_o144_c4T_m45.fits,True,25920,Westerlund_1_W_33/Wd1_W33_o144_c4T/Wd1_W33_o144_c4T_m45.fits,Westerlund_1_W_33,/Users/hamano/DIB_analysis/DIB_pipeline_dir/Wd1_W33/Wd1_W33_o144_c4T/,wide
True,paper_2206_03131_reddened_target,,,,,144,Wd1_W33,Wd1_W33 | Westerlund 1 W 33,B5Ia+ C,16:47:04.12,-45:50:48.4,4.58,Cl* Westerlund 1 W 33,Wd1_W33_o144_c4T,50,WIDE,1,1,2017-07-30-01:56:49.581,11063.1826,11348.8965,11062.99526383147,11348.70913101897,/Users/hamano/DIB_analysis/DIB_pipeline_dir/Wd1_W33/Wd1_W33_o144_c4T/spectrum_files/Wd1_W33_o144_c4T_m50.fits,True,25920,Westerlund_1_W_33/Wd1_W33_o144_c4T/Wd1_W33_o144_c4T_m50.fits,Westerlund_1_W_33,/Users/hamano/DIB_analysis/DIB_pipeline_dir/Wd1_W33/Wd1_W33_o144_c4T/,wide
True,paper_2206_03131_reddened_target,,,,,144,Wd1_W33,Wd1_W33 | Westerlund 1 W 33,B5Ia+ C,16:47:04.12,-45:50:48.4,4.58,Cl* Westerlund 1 W 33,Wd1_W33_o144_c4T,46,WIDE,1,1,2017-07-30-01:56:49.581,12005.3545,12356.0303,12005.15120188003,12355.82698313002,/Users/hamano/DIB_analysis/DIB_pipeline_dir/Wd1_W33/Wd1_W33_o144_c4T/spectrum_files/Wd1_W33_o144_c4T_m46.fits,True,25920,Westerlund_1_W_33/Wd1_W33_o144_c4T/Wd1_W33_o144_c4T_m46.fits,Westerlund_1_W_33,/Users/hamano/DIB_analysis/DIB_pipeline_dir/Wd1_W33/Wd1_W33_o144_c4T/,wide
True,paper_2206_03131_reddened_target,,,,,144,Wd1_W33,Wd1_W33 | Westerlund 1 W 33,B5Ia+ C,16:47:04.12,-45:50:48.4,4.58,Cl* Westerlund 1 W 33,Wd1_W33_o144_c4T,44,WIDE,1,1,2017-07-30-01:56:49.581,12550.665,12938.1357,12550.45272634896,12937.92342947397,/Users/hamano/DIB_analysis/DIB_pipeline_dir/Wd1_W33/Wd1_W33_o144_c4T/spectrum_files/Wd1_W33_o144_c4T_m44.fits,True,25920,Westerlund_1_W_33/Wd1_W33_o144_c4T/Wd1_W33_o144_c4T_m44.fits,Westerlund_1_W_33,/Users/hamano/DIB_analysis/DIB_pipeline_dir/Wd1_W33/Wd1_W33_o144_c4T/,wide
True,paper_2206_03131_reddened_target,,,,,144,Wd1_W33,Wd1_W33 | Westerlund 1 W 33,B5Ia+ C,16:47:04.12,-45:50:48.4,4.58,Cl* Westerlund 1 W 33,Wd1_W33_o144_c4T,52,WIDE,1,1,2017-07-30-01:56:49.581,10644.8281,10917.5537,10644.64798921008,10917.37357514758,/Users/hamano/DIB_analysis/DIB_pipeline_dir/Wd1_W33/Wd1_W33_o144_c4T/spectrum_files/Wd1_W33_o144_c4T_m52.fits,True,25920,Westerlund_1_W_33/Wd1_W33_o144_c4T/Wd1_W33_o144_c4T_m52.fits,Westerlund_1_W_33,/Users/hamano/DIB_analysis/DIB_pipeline_dir/Wd1_W33/Wd1_W33_o144_c4T/,wide
True,paper_2206_03131_reddened_target,,,,,144,Wd1_W33,Wd1_W33 | Westerlund 1 W 33,B5Ia+ C,16:47:04.12,-45:50:48.4,4.58,Cl* Westerlund 1 W 33,Wd1_W33_o144_c4T,48,WIDE,1,1,2017-07-30-01:56:49.581,11520.0234,11831.7207,11519.82838289072,11831.52564851572,/Users/hamano/DIB_analysis/DIB_pipeline_dir/Wd1_W33/Wd1_W33_o144_c4T/spectrum_files/Wd1_W33_o144_c4T_m48.fits,True,25920,Westerlund_1_W_33/Wd1_W33_o144_c4T/Wd1_W33_o144_c4T_m48.fits,Westerlund_1_W_33,/Users/hamano/DIB_analysis/DIB_pipeline_dir/Wd1_W33/Wd1_W33_o144_c4T/,wide
True,paper_2206_03131_reddened_target,,,,,144,Wd1_W33,Wd1_W33 | Westerlund 1 W 33,B5Ia+ C,16:47:04.12,-45:50:48.4,4.58,Cl* Westerlund 1 W 33,Wd1_W33_o144_c4T,42,WIDE,1,1,2017-07-30-01:56:49.581,13137.46,13553.0947,13137.23769635745,13552.87246198246,/Users/hamano/DIB_analysis/DIB_pipeline_dir/Wd1_W33/Wd1_W33_o144_c4T/spectrum_files/Wd1_W33_o144_c4T_m42.fits,True,25920,Westerlund_1_W_33/Wd1_W33_o144_c4T/Wd1_W33_o144_c4T_m42.fits,Westerlund_1_W_33,/Users/hamano/DIB_analysis/DIB_pipeline_dir/Wd1_W33/Wd1_W33_o144_c4T/,wide
True,paper_2206_03131_reddened_target,,,,,144,Wd1_W33,Wd1_W33 | Westerlund 1 W 33,B5Ia+ C,16:47:04.12,-45:50:48.4,4.58,Cl* Westerlund 1 W 33,Wd1_W33_o144_c4T,55,WIDE,1,1,2017-07-30-01:56:49.581,10069.5283,10303.2773,10069.3581972964,10303.1072207339,/Users/hamano/DIB_analysis/DIB_pipeline_dir/Wd1_W33/Wd1_W33_o144_c4T/spectrum_files/Wd1_W33_o144_c4T_m55.fits,True,23040,Westerlund_1_W_33/Wd1_W33_o144_c4T/Wd1_W33_o144_c4T_m55.fits,Westerlund_1_W_33,/Users/hamano/DIB_analysis/DIB_pipeline_dir/Wd1_W33/Wd1_W33_o144_c4T/,wide
True,paper_2206_03131_reddened_target,,,,,144,Wd1_W33,Wd1_W33 | Westerlund 1 W 33,B5Ia+ C,16:47:04.12,-45:50:48.4,4.58,Cl* Westerlund 1 W 33,Wd1_W33_o144_c4T,54,WIDE,1,1,2017-07-30-01:56:49.581,10246.4668,10506.2031,10246.29340813793,10506.02973626294,/Users/hamano/DIB_analysis/DIB_pipeline_dir/Wd1_W33/Wd1_W33_o144_c4T/spectrum_files/Wd1_W33_o144_c4T_m54.fits,True,25920,Westerlund_1_W_33/Wd1_W33_o144_c4T/Wd1_W33_o144_c4T_m54.fits,Westerlund_1_W_33,/Users/hamano/DIB_analysis/DIB_pipeline_dir/Wd1_W33/Wd1_W33_o144_c4T/,wide
True,paper_2206_03131_reddened_target,,,,,144,Wd1_W33,Wd1_W33 | Westerlund 1 W 33,B5Ia+ C,16:47:04.12,-45:50:48.4,4.58,Cl* Westerlund 1 W 33,Wd1_W33_o144_c4T,57,WIDE,1,1,2017-07-30-01:56:49.581,9732.6455,9940.4092,9732.481397487174,9940.24506936217,/Users/hamano/DIB_analysis/DIB_pipeline_dir/Wd1_W33/Wd1_W33_o144_c4T/spectrum_files/Wd1_W33_o144_c4T_m57.fits,True,23040,Westerlund_1_W_33/Wd1_W33_o144_c4T/Wd1_W33_o144_c4T_m57.fits,Westerlund_1_W_33,/Users/hamano/DIB_analysis/DIB_pipeline_dir/Wd1_W33/Wd1_W33_o144_c4T/,wide
True,paper_2206_03131_reddened_target,,,,,144,Wd1_W33,Wd1_W33 | Westerlund 1 W 33,B5Ia+ C,16:47:04.12,-45:50:48.4,4.58,Cl* Westerlund 1 W 33,Wd1_W33_o144_c4T,56,WIDE,1,1,2017-07-30-01:56:49.581,9889.5908,10123.3428,9889.423735285258,10123.17568841026,/Users/hamano/DIB_analysis/DIB_pipeline_dir/Wd1_W33/Wd1_W33_o144_c4T/spectrum_files/Wd1_W33_o144_c4T_m56.fits,True,23040,Westerlund_1_W_33/Wd1_W33_o144_c4T/Wd1_W33_o144_c4T_m56.fits,Westerlund_1_W_33,/Users/hamano/DIB_analysis/DIB_pipeline_dir/Wd1_W33/Wd1_W33_o144_c4T/,wide
True,paper_2206_03131_reddened_target,,,,,144,Wd1_W33,Wd1_W33 | Westerlund 1 W 33,B5Ia+ C,16:47:04.12,-45:50:48.4,4.58,Cl* Westerlund 1 W 33,Wd1_W33_o144_c4T,60,WIDE,1,1,2017-07-30-01:56:49.581,9255.8115,9437.5928,9255.655888805661,9437.437138805666,/Users/hamano/DIB_analysis/DIB_pipeline_dir/Wd1_W33/Wd1_W33_o144_c4T/spectrum_files/Wd1_W33_o144_c4T_m60.fits,True,23040,Westerlund_1_W_33/Wd1_W33_o144_c4T/Wd1_W33_o144_c4T_m60.fits,Westerlund_1_W_33,/Users/hamano/DIB_analysis/DIB_pipeline_dir/Wd1_W33/Wd1_W33_o144_c4T/,wide
True,paper_2206_03131_reddened_target,,,,,144,Wd1_W33,Wd1_W33 | Westerlund 1 W 33,B5Ia+ C,16:47:04.12,-45:50:48.4,4.58,Cl* Westerlund 1 W 33,Wd1_W33_o144_c4T,58,WIDE,1,1,2017-07-30-01:56:49.581,9549.709,9783.4668,9549.547883194789,9783.305695694791,/Users/hamano/DIB_analysis/DIB_pipeline_dir/Wd1_W33/Wd1_W33_o144_c4T/spectrum_files/Wd1_W33_o144_c4T_m58.fits,True,25920,Westerlund_1_W_33/Wd1_W33_o144_c4T/Wd1_W33_o144_c4T_m58.fits,Westerlund_1_W_33,/Users/hamano/DIB_analysis/DIB_pipeline_dir/Wd1_W33/Wd1_W33_o144_c4T/,wide
True,paper_2206_03131_reddened_target,,,,,144,Wd1_W33,Wd1_W33 | Westerlund 1 W 33,B5Ia+ C,16:47:04.12,-45:50:48.4,4.58,Cl* Westerlund 1 W 33,Wd1_W33_o144_c4T,59,WIDE,1,1,2017-07-30-01:56:49.581,9392.7637,9600.5332,9392.6053109518,9600.374842201798,/Users/hamano/DIB_analysis/DIB_pipeline_dir/Wd1_W33/Wd1_W33_o144_c4T/spectrum_files/Wd1_W33_o144_c4T_m59.fits,True,23040,Westerlund_1_W_33/Wd1_W33_o144_c4T/Wd1_W33_o144_c4T_m59.fits,Westerlund_1_W_33,/Users/hamano/DIB_analysis/DIB_pipeline_dir/Wd1_W33/Wd1_W33_o144_c4T/,wide
True,paper_2206_03131_reddened_target,,,,,144,Wd1_W33,Wd1_W33 | Westerlund 1 W 33,B5Ia+ C,16:47:04.12,-45:50:48.4,4.58,Cl* Westerlund 1 W 33,Wd1_W33_o144_c4T,47,WIDE,1,1,2017-07-30-01:56:49.581,11758.4404,12083.1299,11758.24135583469,12082.93080895968,/Users/hamano/DIB_analysis/DIB_pipeline_dir/Wd1_W33/Wd1_W33_o144_c4T/spectrum_files/Wd1_W33_o144_c4T_m47.fits,True,25920,Westerlund_1_W_33/Wd1_W33_o144_c4T/Wd1_W33_o144_c4T_m47.fits,Westerlund_1_W_33,/Users/hamano/DIB_analysis/DIB_pipeline_dir/Wd1_W33/Wd1_W33_o144_c4T/,wide
True,paper_2206_03131_reddened_target,Hamano2015_NIR_DIB_0p91_1p32um,10.1088/0004-637X/800/2/137,,,124,*   9 Gem,HD43384 | HD 43384,B3Iab C,06:16:58.70,+23:44:27.2,0.58,HD43384,9_Gem_o124_c4T,42,WIDE,1,0,2014-01-23-14:26:38.101,13138.2685,13553.93,13138.04641094092,13553.70792761879,/Users/hamano/DIB_analysis/DIB_pipeline_dir/9_Gem/2014_01_23-HD43384_pipeline_ver3.5/2014_01_23-HD43384_pipeline_ver3.5--21_Lyn_pipeline_ver3.5-T5/sum/HD43384_sum_m42_fsr1.30_AIR_tel_wscor_helio.fits,True,20160,HD_43384/9_Gem_o124_c4T/HD43384_sum_m42_fsr1.30_AIR_tel_wscor_helio.fits,HD_43384,/Users/hamano/DIB_analysis/DIB_pipeline_dir/9_Gem/2014_01_23-HD43384_pipeline_ver3.5/2014_01_23-HD43384_pipeline_ver3.5--21_Lyn_pipeline_ver3.5-T5/,wide
True,paper_2206_03131_reddened_target,Hamano2015_NIR_DIB_0p91_1p32um,10.1088/0004-637X/800/2/137,,,124,*   9 Gem,HD43384 | HD 43384,B3Iab C,06:16:58.70,+23:44:27.2,0.58,HD43384,9_Gem_o124_c4T,43,WIDE,1,0,2014-01-23-14:26:38.101,12852.4642,13229.4224,12852.24706477256,13229.20525828452,/Users/hamano/DIB_analysis/DIB_pipeline_dir/9_Gem/2014_01_23-HD43384_pipeline_ver3.5/2014_01_23-HD43384_pipeline_ver3.5--21_Lyn_pipeline_ver3.5-T5/sum/HD43384_sum_m43_fsr1.30_AIR_tel_wscor_helio.fits,True,20160,HD_43384/9_Gem_o124_c4T/HD43384_sum_m43_fsr1.30_AIR_tel_wscor_helio.fits,HD_43384,/Users/hamano/DIB_analysis/DIB_pipeline_dir/9_Gem/2014_01_23-HD43384_pipeline_ver3.5/2014_01_23-HD43384_pipeline_ver3.5--21_Lyn_pipeline_ver3.5-T5/,wide
True,paper_2206_03131_reddened_target,Hamano2015_NIR_DIB_0p91_1p32um,10.1088/0004-637X/800/2/137,,,124,*   9 Gem,HD43384 | HD 43384,B3Iab C,06:16:58.70,+23:44:27.2,0.58,HD43384,9_Gem_o124_c4T,60,WIDE,1,0,2014-01-23-14:26:38.101,9256.4325,9438.3072,9256.276966506408,9438.151596070265,/Users/hamano/DIB_analysis/DIB_pipeline_dir/9_Gem/2014_01_23-HD43384_pipeline_ver3.5/2014_01_23-HD43384_pipeline_ver3.5--21_Lyn_pipeline_ver3.5-T5/sum/HD43384_sum_m60_fsr1.30_AIR_tel_wscor_helio.fits,True,17280,HD_43384/9_Gem_o124_c4T/HD43384_sum_m60_fsr1.30_AIR_tel_wscor_helio.fits,HD_43384,/Users/hamano/DIB_analysis/DIB_pipeline_dir/9_Gem/2014_01_23-HD43384_pipeline_ver3.5/2014_01_23-HD43384_pipeline_ver3.5--21_Lyn_pipeline_ver3.5-T5/,wide
True,paper_2206_03131_reddened_target,Hamano2015_NIR_DIB_0p91_1p32um,10.1088/0004-637X/800/2/137,,,124,*   9 Gem,HD43384 | HD 43384,B3Iab C,06:16:58.70,+23:44:27.2,0.58,HD43384,9_Gem_o124_c4T,57,WIDE,1,0,2014-01-23-14:26:38.101,9733.1353,9941.0318,9732.971252805208,9940.867755507112,/Users/hamano/DIB_analysis/DIB_pipeline_dir/9_Gem/2014_01_23-HD43384_pipeline_ver3.5/2014_01_23-HD43384_pipeline_ver3.5--21_Lyn_pipeline_ver3.5-T5/sum/HD43384_sum_m57_fsr1.30_AIR_tel_wscor_helio.fits,True,17280,HD_43384/9_Gem_o124_c4T/HD43384_sum_m57_fsr1.30_AIR_tel_wscor_helio.fits,HD_43384,/Users/hamano/DIB_analysis/DIB_pipeline_dir/9_Gem/2014_01_23-HD43384_pipeline_ver3.5/2014_01_23-HD43384_pipeline_ver3.5--21_Lyn_pipeline_ver3.5-T5/,wide
True,paper_2206_03131_reddened_target,Hamano2015_NIR_DIB_0p91_1p32um,10.1088/0004-637X/800/2/137,,,124,*   9 Gem,HD43384 | HD 43384,B3Iab C,06:16:58.70,+23:44:27.2,0.58,HD43384,9_Gem_o124_c4T,50,WIDE,1,0,2014-01-23-14:26:38.101,11063.8376,11349.6328,11063.65020936115,11349.44540421744,/Users/hamano/DIB_analysis/DIB_pipeline_dir/9_Gem/2014_01_23-HD43384_pipeline_ver3.5/2014_01_23-HD43384_pipeline_ver3.5--21_Lyn_pipeline_ver3.5-T5/sum/HD43384_sum_m50_fsr1.30_AIR_tel_wscor_helio.fits,True,20160,HD_43384/9_Gem_o124_c4T/HD43384_sum_m50_fsr1.30_AIR_tel_wscor_helio.fits,HD_43384,/Users/hamano/DIB_analysis/DIB_pipeline_dir/9_Gem/2014_01_23-HD43384_pipeline_ver3.5/2014_01_23-HD43384_pipeline_ver3.5--21_Lyn_pipeline_ver3.5-T5/,wide
True,paper_2206_03131_reddened_target,Hamano2015_NIR_DIB_0p91_1p32um,10.1088/0004-637X/800/2/137,,,124,*   9 Gem,HD43384 | HD 43384,B3Iab C,06:16:58.70,+23:44:27.2,0.58,HD43384,9_Gem_o124_c4T,52,WIDE,1,0,2014-01-23-14:26:38.101,10645.2969,10918.2661,10645.11668965348,10918.08593048994,/Users/hamano/DIB_analysis/DIB_pipeline_dir/9_Gem/2014_01_23-HD43384_pipeline_ver3.5/2014_01_23-HD43384_pipeline_ver3.5--21_Lyn_pipeline_ver3.5-T5/sum/HD43384_sum_m52_fsr1.30_AIR_tel_wscor_helio.fits,True,20160,HD_43384/9_Gem_o124_c4T/HD43384_sum_m52_fsr1.30_AIR_tel_wscor_helio.fits,HD_43384,/Users/hamano/DIB_analysis/DIB_pipeline_dir/9_Gem/2014_01_23-HD43384_pipeline_ver3.5/2014_01_23-HD43384_pipeline_ver3.5--21_Lyn_pipeline_ver3.5-T5/,wide
True,paper_2206_03131_reddened_target,Hamano2015_NIR_DIB_0p91_1p32um,10.1088/0004-637X/800/2/137,,,124,*   9 Gem,HD43384 | HD 43384,B3Iab C,06:16:58.70,+23:44:27.2,0.58,HD43384,9_Gem_o124_c4T,54,WIDE,1,0,2014-01-23-14:26:38.101,10246.9791,10506.9398,10246.80564837603,10506.76637785965,/Users/hamano/DIB_analysis/DIB_pipeline_dir/9_Gem/2014_01_23-HD43384_pipeline_ver3.5/2014_01_23-HD43384_pipeline_ver3.5--21_Lyn_pipeline_ver3.5-T5/sum/HD43384_sum_m54_fsr1.30_AIR_tel_wscor_helio.fits,True,20160,HD_43384/9_Gem_o124_c4T/HD43384_sum_m54_fsr1.30_AIR_tel_wscor_helio.fits,HD_43384,/Users/hamano/DIB_analysis/DIB_pipeline_dir/9_Gem/2014_01_23-HD43384_pipeline_ver3.5/2014_01_23-HD43384_pipeline_ver3.5--21_Lyn_pipeline_ver3.5-T5/,wide
True,paper_2206_03131_reddened_target,Hamano2015_NIR_DIB_0p91_1p32um,10.1088/0004-637X/800/2/137,,,124,*   9 Gem,HD43384 | HD 43384,B3Iab C,06:16:58.70,+23:44:27.2,0.58,HD43384,9_Gem_o124_c4T,61,WIDE,1,0,2014-01-23-14:26:38.101,9093.3552,9301.3102,9093.20227682823,9301.157306018666,/Users/hamano/DIB_analysis/DIB_pipeline_dir/9_Gem/2014_01_23-HD43384_pipeline_ver3.5/2014_01_23-HD43384_pipeline_ver3.5--21_Lyn_pipeline_ver3.5-T5/sum/HD43384_sum_m61_fsr1.30_AIR_tel_wscor_helio.fits,True,17280,HD_43384/9_Gem_o124_c4T/HD43384_sum_m61_fsr1.30_AIR_tel_wscor_helio.fits,HD_43384,/Users/hamano/DIB_analysis/DIB_pipeline_dir/9_Gem/2014_01_23-HD43384_pipeline_ver3.5/2014_01_23-HD43384_pipeline_ver3.5--21_Lyn_pipeline_ver3.5-T5/,wide
True,paper_2206_03131_reddened_target,Hamano2015_NIR_DIB_0p91_1p32um,10.1088/0004-637X/800/2/137,,,124,*   9 Gem,HD43384 | HD 43384,B3Iab C,06:16:58.70,+23:44:27.2,0.58,HD43384,9_Gem_o124_c4T,44,WIDE,1,0,2014-01-23-14:26:38.101,12551.3023,12940.6667,12551.08991086336,12940.4542326781,/Users/hamano/DIB_analysis/DIB_pipeline_dir/9_Gem/2014_01_23-HD43384_pipeline_ver3.5/2014_01_23-HD43384_pipeline_ver3.5--21_Lyn_pipeline_ver3.5-T5/sum/HD43384_sum_m44_fsr1.30_AIR_tel_wscor_helio.fits,True,20160,HD_43384/9_Gem_o124_c4T/HD43384_sum_m44_fsr1.30_AIR_tel_wscor_helio.fits,HD_43384,/Users/hamano/DIB_analysis/DIB_pipeline_dir/9_Gem/2014_01_23-HD43384_pipeline_ver3.5/2014_01_23-HD43384_pipeline_ver3.5--21_Lyn_pipeline_ver3.5-T5/,wide
True,paper_2206_03131_reddened_target,Hamano2015_NIR_DIB_0p91_1p32um,10.1088/0004-637X/800/2/137,,,124,*   9 Gem,HD43384 | HD 43384,B3Iab C,06:16:58.70,+23:44:27.2,0.58,HD43384,9_Gem_o124_c4T,47,WIDE,1,0,2014-01-23-14:26:38.101,11758.8617,12083.8259,11758.66247684577,12083.62668157218,/Users/hamano/DIB_analysis/DIB_pipeline_dir/9_Gem/2014_01_23-HD43384_pipeline_ver3.5/2014_01_23-HD43384_pipeline_ver3.5--21_Lyn_pipeline_ver3.5-T5/sum/HD43384_sum_m47_fsr1.30_AIR_tel_wscor_helio.fits,True,20160,HD_43384/9_Gem_o124_c4T/HD43384_sum_m47_fsr1.30_AIR_tel_wscor_helio.fits,HD_43384,/Users/hamano/DIB_analysis/DIB_pipeline_dir/9_Gem/2014_01_23-HD43384_pipeline_ver3.5/2014_01_23-HD43384_pipeline_ver3.5--21_Lyn_pipeline_ver3.5-T5/,wide
True,paper_2206_03131_reddened_target,Hamano2015_NIR_DIB_0p91_1p32um,10.1088/0004-637X/800/2/137,,,124,*   9 Gem,HD43384 | HD 43384,B3Iab C,06:16:58.70,+23:44:27.2,0.58,HD43384,9_Gem_o124_c4T,45,WIDE,1,0,2014-01-23-14:26:38.101,12274.1445,12638.1195,12273.93659703225,12637.91165195628,/Users/hamano/DIB_analysis/DIB_pipeline_dir/9_Gem/2014_01_23-HD43384_pipeline_ver3.5/2014_01_23-HD43384_pipeline_ver3.5--21_Lyn_pipeline_ver3.5-T5/sum/HD43384_sum_m45_fsr1.30_AIR_tel_wscor_helio.fits,True,20160,HD_43384/9_Gem_o124_c4T/HD43384_sum_m45_fsr1.30_AIR_tel_wscor_helio.fits,HD_43384,/Users/hamano/DIB_analysis/DIB_pipeline_dir/9_Gem/2014_01_23-HD43384_pipeline_ver3.5/2014_01_23-HD43384_pipeline_ver3.5--21_Lyn_pipeline_ver3.5-T5/,wide
True,paper_2206_03131_reddened_target,Hamano2015_NIR_DIB_0p91_1p32um,10.1088/0004-637X/800/2/137,,,124,*   9 Gem,HD43384 | HD 43384,B3Iab C,06:16:58.70,+23:44:27.2,0.58,HD43384,9_Gem_o124_c4T,58,WIDE,1,0,2014-01-23-14:26:38.101,9550.2204,9784.2324,9550.059227444992,9784.071278020967,/Users/hamano/DIB_analysis/DIB_pipeline_dir/9_Gem/2014_01_23-HD43384_pipeline_ver3.5/2014_01_23-HD43384_pipeline_ver3.5--21_Lyn_pipeline_ver3.5-T5/sum/HD43384_sum_m58_fsr1.30_AIR_tel_wscor_helio.fits,True,20160,HD_43384/9_Gem_o124_c4T/HD43384_sum_m58_fsr1.30_AIR_tel_wscor_helio.fits,HD_43384,/Users/hamano/DIB_analysis/DIB_pipeline_dir/9_Gem/2014_01_23-HD43384_pipeline_ver3.5/2014_01_23-HD43384_pipeline_ver3.5--21_Lyn_pipeline_ver3.5-T5/,wide
True,paper_2206_03131_reddened_target,Hamano2015_NIR_DIB_0p91_1p32um,10.1088/0004-637X/800/2/137,,,124,*   9 Gem,HD43384 | HD 43384,B3Iab C,06:16:58.70,+23:44:27.2,0.58,HD43384,9_Gem_o124_c4T,55,WIDE,1,0,2014-01-23-14:26:38.101,10070.0384,10304.0768,10069.86815366551,10303.90660169487,/Users/hamano/DIB_analysis/DIB_pipeline_dir/9_Gem/2014_01_23-HD43384_pipeline_ver3.5/2014_01_23-HD43384_pipeline_ver3.5--21_Lyn_pipeline_ver3.5-T5/sum/HD43384_sum_m55_fsr1.30_AIR_tel_wscor_helio.fits,True,17280,HD_43384/9_Gem_o124_c4T/HD43384_sum_m55_fsr1.30_AIR_tel_wscor_helio.fits,HD_43384,/Users/hamano/DIB_analysis/DIB_pipeline_dir/9_Gem/2014_01_23-HD43384_pipeline_ver3.5/2014_01_23-HD43384_pipeline_ver3.5--21_Lyn_pipeline_ver3.5-T5/,wide
True,paper_2206_03131_reddened_target,Hamano2015_NIR_DIB_0p91_1p32um,10.1088/0004-637X/800/2/137,,,124,*   9 Gem,HD43384 | HD 43384,B3Iab C,06:16:58.70,+23:44:27.2,0.58,HD43384,9_Gem_o124_c4T,56,WIDE,1,0,2014-01-23-14:26:38.101,9890.06,10123.9989,9889.892948515117,10123.83180667996,/Users/hamano/DIB_analysis/DIB_pipeline_dir/9_Gem/2014_01_23-HD43384_pipeline_ver3.5/2014_01_23-HD43384_pipeline_ver3.5--21_Lyn_pipeline_ver3.5-T5/sum/HD43384_sum_m56_fsr1.30_AIR_tel_wscor_helio.fits,True,17280,HD_43384/9_Gem_o124_c4T/HD43384_sum_m56_fsr1.30_AIR_tel_wscor_helio.fits,HD_43384,/Users/hamano/DIB_analysis/DIB_pipeline_dir/9_Gem/2014_01_23-HD43384_pipeline_ver3.5/2014_01_23-HD43384_pipeline_ver3.5--21_Lyn_pipeline_ver3.5-T5/,wide
True,paper_2206_03131_reddened_target,Hamano2015_NIR_DIB_0p91_1p32um,10.1088/0004-637X/800/2/137,,,124,*   9 Gem,HD43384 | HD 43384,B3Iab C,06:16:58.70,+23:44:27.2,0.58,HD43384,9_Gem_o124_c4T,59,WIDE,1,0,2014-01-23-14:26:38.101,9393.2213,9601.1109,9393.062919162419,9600.952563726634,/Users/hamano/DIB_analysis/DIB_pipeline_dir/9_Gem/2014_01_23-HD43384_pipeline_ver3.5/2014_01_23-HD43384_pipeline_ver3.5--21_Lyn_pipeline_ver3.5-T5/sum/HD43384_sum_m59_fsr1.30_AIR_tel_wscor_helio.fits,True,17280,HD_43384/9_Gem_o124_c4T/HD43384_sum_m59_fsr1.30_AIR_tel_wscor_helio.fits,HD_43384,/Users/hamano/DIB_analysis/DIB_pipeline_dir/9_Gem/2014_01_23-HD43384_pipeline_ver3.5/2014_01_23-HD43384_pipeline_ver3.5--21_Lyn_pipeline_ver3.5-T5/,wide
True,paper_2206_03131_reddened_target,Hamano2015_NIR_DIB_0p91_1p32um,10.1088/0004-637X/800/2/137,,,124,*   9 Gem,HD43384 | HD 43384,B3Iab C,06:16:58.70,+23:44:27.2,0.58,HD43384,9_Gem_o124_c4T,48,WIDE,1,0,2014-01-23-14:26:38.101,11520.4216,11832.4778,11520.22641272716,11832.28266957862,/Users/hamano/DIB_analysis/DIB_pipeline_dir/9_Gem/2014_01_23-HD43384_pipeline_ver3.5/2014_01_23-HD43384_pipeline_ver3.5--21_Lyn_pipeline_ver3.5-T5/sum/HD43384_sum_m48_fsr1.30_AIR_tel_wscor_helio.fits,True,20160,HD_43384/9_Gem_o124_c4T/HD43384_sum_m48_fsr1.30_AIR_tel_wscor_helio.fits,HD_43384,/Users/hamano/DIB_analysis/DIB_pipeline_dir/9_Gem/2014_01_23-HD43384_pipeline_ver3.5/2014_01_23-HD43384_pipeline_ver3.5--21_Lyn_pipeline_ver3.5-T5/,wide
True,paper_2206_03131_reddened_target,Hamano2015_NIR_DIB_0p91_1p32um,10.1088/0004-637X/800/2/137,,,124,*   9 Gem,HD43384 | HD 43384,B3Iab C,06:16:58.70,+23:44:27.2,0.58,HD43384,9_Gem_o124_c4T,53,WIDE,1,0,2014-01-23-14:26:38.101,10446.8761,10706.8661,10446.69934657151,10706.68937750634,/Users/hamano/DIB_analysis/DIB_pipeline_dir/9_Gem/2014_01_23-HD43384_pipeline_ver3.5/2014_01_23-HD43384_pipeline_ver3.5--21_Lyn_pipeline_ver3.5-T5/sum/HD43384_sum_m53_fsr1.30_AIR_tel_wscor_helio.fits,True,20160,HD_43384/9_Gem_o124_c4T/HD43384_sum_m53_fsr1.30_AIR_tel_wscor_helio.fits,HD_43384,/Users/hamano/DIB_analysis/DIB_pipeline_dir/9_Gem/2014_01_23-HD43384_pipeline_ver3.5/2014_01_23-HD43384_pipeline_ver3.5--21_Lyn_pipeline_ver3.5-T5/,wide
True,paper_2206_03131_reddened_target,Hamano2015_NIR_DIB_0p91_1p32um,10.1088/0004-637X/800/2/137,,,124,*   9 Gem,HD43384 | HD 43384,B3Iab C,06:16:58.70,+23:44:27.2,0.58,HD43384,9_Gem_o124_c4T,49,WIDE,1,0,2014-01-23-14:26:38.101,11280.5893,11592.4591,11280.39812480163,11592.26790350538,/Users/hamano/DIB_analysis/DIB_pipeline_dir/9_Gem/2014_01_23-HD43384_pipeline_ver3.5/2014_01_23-HD43384_pipeline_ver3.5--21_Lyn_pipeline_ver3.5-T5/sum/HD43384_sum_m49_fsr1.30_AIR_tel_wscor_helio.fits,True,20160,HD_43384/9_Gem_o124_c4T/HD43384_sum_m49_fsr1.30_AIR_tel_wscor_helio.fits,HD_43384,/Users/hamano/DIB_analysis/DIB_pipeline_dir/9_Gem/2014_01_23-HD43384_pipeline_ver3.5/2014_01_23-HD43384_pipeline_ver3.5--21_Lyn_pipeline_ver3.5-T5/,wide
True,paper_2206_03131_reddened_target,Hamano2015_NIR_DIB_0p91_1p32um,10.1088/0004-637X/800/2/137,,,124,*   9 Gem,HD43384 | HD 43384,B3Iab C,06:16:58.70,+23:44:27.2,0.58,HD43384,9_Gem_o124_c4T,51,WIDE,1,0,2014-01-23-14:26:38.101,10855.3662,11128.2056,10855.18242581898,11128.02183967986,/Users/hamano/DIB_analysis/DIB_pipeline_dir/9_Gem/2014_01_23-HD43384_pipeline_ver3.5/2014_01_23-HD43384_pipeline_ver3.5--21_Lyn_pipeline_ver3.5-T5/sum/HD43384_sum_m51_fsr1.30_AIR_tel_wscor_helio.fits,True,20160,HD_43384/9_Gem_o124_c4T/HD43384_sum_m51_fsr1.30_AIR_tel_wscor_helio.fits,HD_43384,/Users/hamano/DIB_analysis/DIB_pipeline_dir/9_Gem/2014_01_23-HD43384_pipeline_ver3.5/2014_01_23-HD43384_pipeline_ver3.5--21_Lyn_pipeline_ver3.5-T5/,wide
True,paper_2206_03131_reddened_target,Hamano2015_NIR_DIB_0p91_1p32um,10.1088/0004-637X/800/2/137,,,124,*   9 Gem,HD43384 | HD 43384,B3Iab C,06:16:58.70,+23:44:27.2,0.58,HD43384,9_Gem_o124_c4T,46,WIDE,1,0,2014-01-23-14:26:38.101,12005.8288,12356.8266,12005.62530779913,12356.62309858714,/Users/hamano/DIB_analysis/DIB_pipeline_dir/9_Gem/2014_01_23-HD43384_pipeline_ver3.5/2014_01_23-HD43384_pipeline_ver3.5--21_Lyn_pipeline_ver3.5-T5/sum/HD43384_sum_m46_fsr1.30_AIR_tel_wscor_helio.fits,True,20160,HD_43384/9_Gem_o124_c4T/HD43384_sum_m46_fsr1.30_AIR_tel_wscor_helio.fits,HD_43384,/Users/hamano/DIB_analysis/DIB_pipeline_dir/9_Gem/2014_01_23-HD43384_pipeline_ver3.5/2014_01_23-HD43384_pipeline_ver3.5--21_Lyn_pipeline_ver3.5-T5/,wide
True,extra_candidate_release_object,Hamano2016_CygOB2_DIB,10.3847/0004-637X/821/1/42,,,11,BD+41  3807,VI Cyg 11 | CygOB2No11,O5.5Ifc C,20:34:08.51,+41:36:59.4,1.78,Cyg OB2 11,BD+41_3807_o11_c2T,44,WIDE,1,0,2014-09-14-14:53:27.120,12551.1837,12938.052,12550.97150291715,12937.83981735456,/Users/hamano/DIB_analysis/DIB_pipeline_dir/BD+41_3807/2014_09_14-CygOB2No11_pipeline_ver3.5/2014_09_14-CygOB2No11_pipeline_ver3.5--2014_09_14-HR_8844_pipeline_ver3.5-T2/sum/CygOB2No11_sum_m44_fsr1.30_AIR_tel_wscor_helio.fits,True,20160,CygOB2No11/BD+41_3807_o11_c2T/CygOB2No11_sum_m44_fsr1.30_AIR_tel_wscor_helio.fits,CygOB2No11,/Users/hamano/DIB_analysis/DIB_pipeline_dir/BD+41_3807/2014_09_14-CygOB2No11_pipeline_ver3.5/2014_09_14-CygOB2No11_pipeline_ver3.5--2014_09_14-HR_8844_pipeline_ver3.5-T2/,wide
True,extra_candidate_release_object,Hamano2016_CygOB2_DIB,10.3847/0004-637X/821/1/42,,,11,BD+41  3807,VI Cyg 11 | CygOB2No11,O5.5Ifc C,20:34:08.51,+41:36:59.4,1.78,Cyg OB2 11,BD+41_3807_o11_c2T,51,WIDE,1,0,2014-09-14-14:53:27.120,10855.3943,11128.2835,10855.21058005744,11128.09972780508,/Users/hamano/DIB_analysis/DIB_pipeline_dir/BD+41_3807/2014_09_14-CygOB2No11_pipeline_ver3.5/2014_09_14-CygOB2No11_pipeline_ver3.5--2014_09_14-HR_8844_pipeline_ver3.5-T2/sum/CygOB2No11_sum_m51_fsr1.30_AIR_tel_wscor_helio.fits,True,20160,CygOB2No11/BD+41_3807_o11_c2T/CygOB2No11_sum_m51_fsr1.30_AIR_tel_wscor_helio.fits,CygOB2No11,/Users/hamano/DIB_analysis/DIB_pipeline_dir/BD+41_3807/2014_09_14-CygOB2No11_pipeline_ver3.5/2014_09_14-CygOB2No11_pipeline_ver3.5--2014_09_14-HR_8844_pipeline_ver3.5-T2/,wide
True,extra_candidate_release_object,Hamano2016_CygOB2_DIB,10.3847/0004-637X/821/1/42,,,11,BD+41  3807,VI Cyg 11 | CygOB2No11,O5.5Ifc C,20:34:08.51,+41:36:59.4,1.78,Cyg OB2 11,BD+41_3807_o11_c2T,56,WIDE,1,0,2014-09-14-14:53:27.120,9890.1609,10124.0771,9889.993667006127,10123.90988549467,/Users/hamano/DIB_analysis/DIB_pipeline_dir/BD+41_3807/2014_09_14-CygOB2No11_pipeline_ver3.5/2014_09_14-CygOB2No11_pipeline_ver3.5--2014_09_14-HR_8844_pipeline_ver3.5-T2/sum/CygOB2No11_sum_m56_fsr1.30_AIR_tel_wscor_helio.fits,True,17280,CygOB2No11/BD+41_3807_o11_c2T/CygOB2No11_sum_m56_fsr1.30_AIR_tel_wscor_helio.fits,CygOB2No11,/Users/hamano/DIB_analysis/DIB_pipeline_dir/BD+41_3807/2014_09_14-CygOB2No11_pipeline_ver3.5/2014_09_14-CygOB2No11_pipeline_ver3.5--2014_09_14-HR_8844_pipeline_ver3.5-T2/,wide
True,extra_candidate_release_object,Hamano2016_CygOB2_DIB,10.3847/0004-637X/821/1/42,,,11,BD+41  3807,VI Cyg 11 | CygOB2No11,O5.5Ifc C,20:34:08.51,+41:36:59.4,1.78,Cyg OB2 11,BD+41_3807_o11_c2T,58,WIDE,1,0,2014-09-14-14:53:27.120,9550.2582,9784.15,9550.096921387154,9783.988706973587,/Users/hamano/DIB_analysis/DIB_pipeline_dir/BD+41_3807/2014_09_14-CygOB2No11_pipeline_ver3.5/2014_09_14-CygOB2No11_pipeline_ver3.5--2014_09_14-HR_8844_pipeline_ver3.5-T2/sum/CygOB2No11_sum_m58_fsr1.30_AIR_tel_wscor_helio.fits,True,20160,CygOB2No11/BD+41_3807_o11_c2T/CygOB2No11_sum_m58_fsr1.30_AIR_tel_wscor_helio.fits,CygOB2No11,/Users/hamano/DIB_analysis/DIB_pipeline_dir/BD+41_3807/2014_09_14-CygOB2No11_pipeline_ver3.5/2014_09_14-CygOB2No11_pipeline_ver3.5--2014_09_14-HR_8844_pipeline_ver3.5-T2/,wide
True,extra_candidate_release_object,Hamano2016_CygOB2_DIB,10.3847/0004-637X/821/1/42,,,11,BD+41  3807,VI Cyg 11 | CygOB2No11,O5.5Ifc C,20:34:08.51,+41:36:59.4,1.78,Cyg OB2 11,BD+41_3807_o11_c2T,60,WIDE,1,0,2014-09-14-14:53:27.120,9256.3246,9438.2552,9256.168834334576,9438.099398995613,/Users/hamano/DIB_analysis/DIB_pipeline_dir/BD+41_3807/2014_09_14-CygOB2No11_pipeline_ver3.5/2014_09_14-CygOB2No11_pipeline_ver3.5--2014_09_14-HR_8844_pipeline_ver3.5-T2/sum/CygOB2No11_sum_m60_fsr1.30_AIR_tel_wscor_helio.fits,True,17280,CygOB2No11/BD+41_3807_o11_c2T/CygOB2No11_sum_m60_fsr1.30_AIR_tel_wscor_helio.fits,CygOB2No11,/Users/hamano/DIB_analysis/DIB_pipeline_dir/BD+41_3807/2014_09_14-CygOB2No11_pipeline_ver3.5/2014_09_14-CygOB2No11_pipeline_ver3.5--2014_09_14-HR_8844_pipeline_ver3.5-T2/,wide
True,extra_candidate_release_object,Hamano2016_CygOB2_DIB,10.3847/0004-637X/821/1/42,,,11,BD+41  3807,VI Cyg 11 | CygOB2No11,O5.5Ifc C,20:34:08.51,+41:36:59.4,1.78,Cyg OB2 11,BD+41_3807_o11_c2T,52,WIDE,1,0,2014-09-14-14:53:27.120,10645.4821,10918.34,10645.30185730189,10918.15975047872,/Users/hamano/DIB_analysis/DIB_pipeline_dir/BD+41_3807/2014_09_14-CygOB2No11_pipeline_ver3.5/2014_09_14-CygOB2No11_pipeline_ver3.5--2014_09_14-HR_8844_pipeline_ver3.5-T2/sum/CygOB2No11_sum_m52_fsr1.30_AIR_tel_wscor_helio.fits,True,20160,CygOB2No11/BD+41_3807_o11_c2T/CygOB2No11_sum_m52_fsr1.30_AIR_tel_wscor_helio.fits,CygOB2No11,/Users/hamano/DIB_analysis/DIB_pipeline_dir/BD+41_3807/2014_09_14-CygOB2No11_pipeline_ver3.5/2014_09_14-CygOB2No11_pipeline_ver3.5--2014_09_14-HR_8844_pipeline_ver3.5-T2/,wide
True,extra_candidate_release_object,Hamano2016_CygOB2_DIB,10.3847/0004-637X/821/1/42,,,11,BD+41  3807,VI Cyg 11 | CygOB2No11,O5.5Ifc C,20:34:08.51,+41:36:59.4,1.78,Cyg OB2 11,BD+41_3807_o11_c2T,55,WIDE,1,0,2014-09-14-14:53:27.120,10070.0364,10304.0239,10069.86613341933,10303.8536326466,/Users/hamano/DIB_analysis/DIB_pipeline_dir/BD+41_3807/2014_09_14-CygOB2No11_pipeline_ver3.5/2014_09_14-CygOB2No11_pipeline_ver3.5--2014_09_14-HR_8844_pipeline_ver3.5-T2/sum/CygOB2No11_sum_m55_fsr1.30_AIR_tel_wscor_helio.fits,True,17280,CygOB2No11/BD+41_3807_o11_c2T/CygOB2No11_sum_m55_fsr1.30_AIR_tel_wscor_helio.fits,CygOB2No11,/Users/hamano/DIB_analysis/DIB_pipeline_dir/BD+41_3807/2014_09_14-CygOB2No11_pipeline_ver3.5/2014_09_14-CygOB2No11_pipeline_ver3.5--2014_09_14-HR_8844_pipeline_ver3.5-T2/,wide
True,extra_candidate_release_object,Hamano2016_CygOB2_DIB,10.3847/0004-637X/821/1/42,,,11,BD+41  3807,VI Cyg 11 | CygOB2No11,O5.5Ifc C,20:34:08.51,+41:36:59.4,1.78,Cyg OB2 11,BD+41_3807_o11_c2T,43,WIDE,1,0,2014-09-14-14:53:27.120,12852.8607,13229.686,12852.64383601837,13229.46923033477,/Users/hamano/DIB_analysis/DIB_pipeline_dir/BD+41_3807/2014_09_14-CygOB2No11_pipeline_ver3.5/2014_09_14-CygOB2No11_pipeline_ver3.5--2014_09_14-HR_8844_pipeline_ver3.5-T2/sum/CygOB2No11_sum_m43_fsr1.30_AIR_tel_wscor_helio.fits,True,20160,CygOB2No11/BD+41_3807_o11_c2T/CygOB2No11_sum_m43_fsr1.30_AIR_tel_wscor_helio.fits,CygOB2No11,/Users/hamano/DIB_analysis/DIB_pipeline_dir/BD+41_3807/2014_09_14-CygOB2No11_pipeline_ver3.5/2014_09_14-CygOB2No11_pipeline_ver3.5--2014_09_14-HR_8844_pipeline_ver3.5-T2/,wide
True,extra_candidate_release_object,Hamano2016_CygOB2_DIB,10.3847/0004-637X/821/1/42,,,11,BD+41  3807,VI Cyg 11 | CygOB2No11,O5.5Ifc C,20:34:08.51,+41:36:59.4,1.78,Cyg OB2 11,BD+41_3807_o11_c2T,57,WIDE,1,0,2014-09-14-14:53:27.120,9733.1582,9941.043,9732.993991201089,9940.878829386846,/Users/hamano/DIB_analysis/DIB_pipeline_dir/BD+41_3807/2014_09_14-CygOB2No11_pipeline_ver3.5/2014_09_14-CygOB2No11_pipeline_ver3.5--2014_09_14-HR_8844_pipeline_ver3.5-T2/sum/CygOB2No11_sum_m57_fsr1.30_AIR_tel_wscor_helio.fits,True,17280,CygOB2No11/BD+41_3807_o11_c2T/CygOB2No11_sum_m57_fsr1.30_AIR_tel_wscor_helio.fits,CygOB2No11,/Users/hamano/DIB_analysis/DIB_pipeline_dir/BD+41_3807/2014_09_14-CygOB2No11_pipeline_ver3.5/2014_09_14-CygOB2No11_pipeline_ver3.5--2014_09_14-HR_8844_pipeline_ver3.5-T2/,wide
True,extra_candidate_release_object,Hamano2016_CygOB2_DIB,10.3847/0004-637X/821/1/42,,,11,BD+41  3807,VI Cyg 11 | CygOB2No11,O5.5Ifc C,20:34:08.51,+41:36:59.4,1.78,Cyg OB2 11,BD+41_3807_o11_c2T,49,WIDE,1,0,2014-09-14-14:53:27.120,11283.3956,11592.5631,11283.20752352583,11592.37505187005,/Users/hamano/DIB_analysis/DIB_pipeline_dir/BD+41_3807/2014_09_14-CygOB2No11_pipeline_ver3.5/2014_09_14-CygOB2No11_pipeline_ver3.5--2014_09_14-HR_8844_pipeline_ver3.5-T2/sum/CygOB2No11_sum_m49_fsr1.30_AIR_tel_wscor_helio.fits,True,20160,CygOB2No11/BD+41_3807_o11_c2T/CygOB2No11_sum_m49_fsr1.30_AIR_tel_wscor_helio.fits,CygOB2No11,/Users/hamano/DIB_analysis/DIB_pipeline_dir/BD+41_3807/2014_09_14-CygOB2No11_pipeline_ver3.5/2014_09_14-CygOB2No11_pipeline_ver3.5--2014_09_14-HR_8844_pipeline_ver3.5-T2/,wide
True,extra_candidate_release_object,Hamano2016_CygOB2_DIB,10.3847/0004-637X/821/1/42,,,11,BD+41  3807,VI Cyg 11 | CygOB2No11,O5.5Ifc C,20:34:08.51,+41:36:59.4,1.78,Cyg OB2 11,BD+41_3807_o11_c2T,54,WIDE,1,0,2014-09-14-14:53:27.120,10247.0465,10506.9414,10246.87304230001,10506.76793930897,/Users/hamano/DIB_analysis/DIB_pipeline_dir/BD+41_3807/2014_09_14-CygOB2No11_pipeline_ver3.5/2014_09_14-CygOB2No11_pipeline_ver3.5--2014_09_14-HR_8844_pipeline_ver3.5-T2/sum/CygOB2No11_sum_m54_fsr1.30_AIR_tel_wscor_helio.fits,True,20160,CygOB2No11/BD+41_3807_o11_c2T/CygOB2No11_sum_m54_fsr1.30_AIR_tel_wscor_helio.fits,CygOB2No11,/Users/hamano/DIB_analysis/DIB_pipeline_dir/BD+41_3807/2014_09_14-CygOB2No11_pipeline_ver3.5/2014_09_14-CygOB2No11_pipeline_ver3.5--2014_09_14-HR_8844_pipeline_ver3.5-T2/,wide
True,extra_candidate_release_object,Hamano2016_CygOB2_DIB,10.3847/0004-637X/821/1/42,,,11,BD+41  3807,VI Cyg 11 | CygOB2No11,O5.5Ifc C,20:34:08.51,+41:36:59.4,1.78,Cyg OB2 11,BD+41_3807_o11_c2T,53,WIDE,1,0,2014-09-14-14:53:27.120,10447.0049,10706.9027,10446.82810702907,10706.72594692055,/Users/hamano/DIB_analysis/DIB_pipeline_dir/BD+41_3807/2014_09_14-CygOB2No11_pipeline_ver3.5/2014_09_14-CygOB2No11_pipeline_ver3.5--2014_09_14-HR_8844_pipeline_ver3.5-T2/sum/CygOB2No11_sum_m53_fsr1.30_AIR_tel_wscor_helio.fits,True,20160,CygOB2No11/BD+41_3807_o11_c2T/CygOB2No11_sum_m53_fsr1.30_AIR_tel_wscor_helio.fits,CygOB2No11,/Users/hamano/DIB_analysis/DIB_pipeline_dir/BD+41_3807/2014_09_14-CygOB2No11_pipeline_ver3.5/2014_09_14-CygOB2No11_pipeline_ver3.5--2014_09_14-HR_8844_pipeline_ver3.5-T2/,wide
True,extra_candidate_release_object,Hamano2016_CygOB2_DIB,10.3847/0004-637X/821/1/42,,,11,BD+41  3807,VI Cyg 11 | CygOB2No11,O5.5Ifc C,20:34:08.51,+41:36:59.4,1.78,Cyg OB2 11,BD+41_3807_o11_c2T,47,WIDE,1,0,2014-09-14-14:53:27.120,11765.1254,12083.962,11764.92954136234,12083.76612079354,/Users/hamano/DIB_analysis/DIB_pipeline_dir/BD+41_3807/2014_09_14-CygOB2No11_pipeline_ver3.5/2014_09_14-CygOB2No11_pipeline_ver3.5--2014_09_14-HR_8844_pipeline_ver3.5-T2/sum/CygOB2No11_sum_m47_fsr1.30_AIR_tel_wscor_helio.fits,True,20160,CygOB2No11/BD+41_3807_o11_c2T/CygOB2No11_sum_m47_fsr1.30_AIR_tel_wscor_helio.fits,CygOB2No11,/Users/hamano/DIB_analysis/DIB_pipeline_dir/BD+41_3807/2014_09_14-CygOB2No11_pipeline_ver3.5/2014_09_14-CygOB2No11_pipeline_ver3.5--2014_09_14-HR_8844_pipeline_ver3.5-T2/,wide
True,extra_candidate_release_object,Hamano2016_CygOB2_DIB,10.3847/0004-637X/821/1/42,,,11,BD+41  3807,VI Cyg 11 | CygOB2No11,O5.5Ifc C,20:34:08.51,+41:36:59.4,1.78,Cyg OB2 11,BD+41_3807_o11_c2T,50,WIDE,1,0,2014-09-14-14:53:27.120,11063.8117,11349.6404,11063.62423320238,11349.45293348518,/Users/hamano/DIB_analysis/DIB_pipeline_dir/BD+41_3807/2014_09_14-CygOB2No11_pipeline_ver3.5/2014_09_14-CygOB2No11_pipeline_ver3.5--2014_09_14-HR_8844_pipeline_ver3.5-T2/sum/CygOB2No11_sum_m50_fsr1.30_AIR_tel_wscor_helio.fits,True,20160,CygOB2No11/BD+41_3807_o11_c2T/CygOB2No11_sum_m50_fsr1.30_AIR_tel_wscor_helio.fits,CygOB2No11,/Users/hamano/DIB_analysis/DIB_pipeline_dir/BD+41_3807/2014_09_14-CygOB2No11_pipeline_ver3.5/2014_09_14-CygOB2No11_pipeline_ver3.5--2014_09_14-HR_8844_pipeline_ver3.5-T2/,wide
True,extra_candidate_release_object,Hamano2016_CygOB2_DIB,10.3847/0004-637X/821/1/42,,,11,BD+41  3807,VI Cyg 11 | CygOB2No11,O5.5Ifc C,20:34:08.51,+41:36:59.4,1.78,Cyg OB2 11,BD+41_3807_o11_c2T,48,WIDE,1,0,2014-09-14-14:53:27.120,11520.6213,11832.4267,11520.42942398998,11832.23486049983,/Users/hamano/DIB_analysis/DIB_pipeline_dir/BD+41_3807/2014_09_14-CygOB2No11_pipeline_ver3.5/2014_09_14-CygOB2No11_pipeline_ver3.5--2014_09_14-HR_8844_pipeline_ver3.5-T2/sum/CygOB2No11_sum_m48_fsr1.30_AIR_tel_wscor_helio.fits,True,20160,CygOB2No11/BD+41_3807_o11_c2T/CygOB2No11_sum_m48_fsr1.30_AIR_tel_wscor_helio.fits,CygOB2No11,/Users/hamano/DIB_analysis/DIB_pipeline_dir/BD+41_3807/2014_09_14-CygOB2No11_pipeline_ver3.5/2014_09_14-CygOB2No11_pipeline_ver3.5--2014_09_14-HR_8844_pipeline_ver3.5-T2/,wide
True,extra_candidate_release_object,Hamano2016_CygOB2_DIB,10.3847/0004-637X/821/1/42,,,11,BD+41  3807,VI Cyg 11 | CygOB2No11,O5.5Ifc C,20:34:08.51,+41:36:59.4,1.78,Cyg OB2 11,BD+41_3807_o11_c2T,46,WIDE,1,0,2014-09-14-14:53:27.120,12005.8997,12356.7806,12005.69630429222,12356.57715475858,/Users/hamano/DIB_analysis/DIB_pipeline_dir/BD+41_3807/2014_09_14-CygOB2No11_pipeline_ver3.5/2014_09_14-CygOB2No11_pipeline_ver3.5--2014_09_14-HR_8844_pipeline_ver3.5-T2/sum/CygOB2No11_sum_m46_fsr1.30_AIR_tel_wscor_helio.fits,True,20160,CygOB2No11/BD+41_3807_o11_c2T/CygOB2No11_sum_m46_fsr1.30_AIR_tel_wscor_helio.fits,CygOB2No11,/Users/hamano/DIB_analysis/DIB_pipeline_dir/BD+41_3807/2014_09_14-CygOB2No11_pipeline_ver3.5/2014_09_14-CygOB2No11_pipeline_ver3.5--2014_09_14-HR_8844_pipeline_ver3.5-T2/,wide
True,extra_candidate_release_object,Hamano2016_CygOB2_DIB,10.3847/0004-637X/821/1/42,,,11,BD+41  3807,VI Cyg 11 | CygOB2No11,O5.5Ifc C,20:34:08.51,+41:36:59.4,1.78,Cyg OB2 11,BD+41_3807_o11_c2T,59,WIDE,1,0,2014-09-14-14:53:27.120,9393.2551,9601.1946,9393.096589095052,9601.036074200798,/Users/hamano/DIB_analysis/DIB_pipeline_dir/BD+41_3807/2014_09_14-CygOB2No11_pipeline_ver3.5/2014_09_14-CygOB2No11_pipeline_ver3.5--2014_09_14-HR_8844_pipeline_ver3.5-T2/sum/CygOB2No11_sum_m59_fsr1.30_AIR_tel_wscor_helio.fits,True,17280,CygOB2No11/BD+41_3807_o11_c2T/CygOB2No11_sum_m59_fsr1.30_AIR_tel_wscor_helio.fits,CygOB2No11,/Users/hamano/DIB_analysis/DIB_pipeline_dir/BD+41_3807/2014_09_14-CygOB2No11_pipeline_ver3.5/2014_09_14-CygOB2No11_pipeline_ver3.5--2014_09_14-HR_8844_pipeline_ver3.5-T2/,wide
True,extra_candidate_release_object,Hamano2016_CygOB2_DIB,10.3847/0004-637X/821/1/42,,,11,BD+41  3807,VI Cyg 11 | CygOB2No11,O5.5Ifc C,20:34:08.51,+41:36:59.4,1.78,Cyg OB2 11,BD+41_3807_o11_c2T,42,WIDE,1,0,2014-09-14-14:53:27.120,13138.2194,13553.6076,13137.99783988465,13553.38609747301,/Users/hamano/DIB_analysis/DIB_pipeline_dir/BD+41_3807/2014_09_14-CygOB2No11_pipeline_ver3.5/2014_09_14-CygOB2No11_pipeline_ver3.5--2014_09_14-HR_8844_pipeline_ver3.5-T2/sum/CygOB2No11_sum_m42_fsr1.30_AIR_tel_wscor_helio.fits,True,20160,CygOB2No11/BD+41_3807_o11_c2T/CygOB2No11_sum_m42_fsr1.30_AIR_tel_wscor_helio.fits,CygOB2No11,/Users/hamano/DIB_analysis/DIB_pipeline_dir/BD+41_3807/2014_09_14-CygOB2No11_pipeline_ver3.5/2014_09_14-CygOB2No11_pipeline_ver3.5--2014_09_14-HR_8844_pipeline_ver3.5-T2/,wide
True,extra_candidate_release_object,Hamano2016_CygOB2_DIB,10.3847/0004-637X/821/1/42,,,11,BD+41  3807,VI Cyg 11 | CygOB2No11,O5.5Ifc C,20:34:08.51,+41:36:59.4,1.78,Cyg OB2 11,BD+41_3807_o11_c2T,61,WIDE,1,0,2014-09-14-14:53:27.120,9093.4656,9301.3972,9093.312473659982,9301.244124717981,/Users/hamano/DIB_analysis/DIB_pipeline_dir/BD+41_3807/2014_09_14-CygOB2No11_pipeline_ver3.5/2014_09_14-CygOB2No11_pipeline_ver3.5--2014_09_14-HR_8844_pipeline_ver3.5-T2/sum/CygOB2No11_sum_m61_fsr1.30_AIR_tel_wscor_helio.fits,True,17280,CygOB2No11/BD+41_3807_o11_c2T/CygOB2No11_sum_m61_fsr1.30_AIR_tel_wscor_helio.fits,CygOB2No11,/Users/hamano/DIB_analysis/DIB_pipeline_dir/BD+41_3807/2014_09_14-CygOB2No11_pipeline_ver3.5/2014_09_14-CygOB2No11_pipeline_ver3.5--2014_09_14-HR_8844_pipeline_ver3.5-T2/,wide
True,extra_candidate_release_object,Hamano2016_CygOB2_DIB,10.3847/0004-637X/821/1/42,,,11,BD+41  3807,VI Cyg 11 | CygOB2No11,O5.5Ifc C,20:34:08.51,+41:36:59.4,1.78,Cyg OB2 11,BD+41_3807_o11_c2T,45,WIDE,1,0,2014-09-14-14:53:27.120,12289.9972,12638.2334,12289.79311874318,12638.02925800715,/Users/hamano/DIB_analysis/DIB_pipeline_dir/BD+41_3807/2014_09_14-CygOB2No11_pipeline_ver3.5/2014_09_14-CygOB2No11_pipeline_ver3.5--2014_09_14-HR_8844_pipeline_ver3.5-T2/sum/CygOB2No11_sum_m45_fsr1.30_AIR_tel_wscor_helio.fits,True,20160,CygOB2No11/BD+41_3807_o11_c2T/CygOB2No11_sum_m45_fsr1.30_AIR_tel_wscor_helio.fits,CygOB2No11,/Users/hamano/DIB_analysis/DIB_pipeline_dir/BD+41_3807/2014_09_14-CygOB2No11_pipeline_ver3.5/2014_09_14-CygOB2No11_pipeline_ver3.5--2014_09_14-HR_8844_pipeline_ver3.5-T2/,wide
True,paper_2206_03131_reddened_target,,,,,43,*  20 Aql,HD179406 | HD 179406,B2/3II D,19:12:40.71,-07:56:22.2,0.33,HD 179406,20_Aql_o43_c2T,48,WIDE,1,0,2017-07-31-04:14:30.676,11520.498,11832.2073,11520.30290343657,11832.01225626534,/Users/hamano/DIB_analysis/DIB_pipeline_dir/20_Aql/2017_07_30-HD_179406_pipeline_ver3.6/2017_07_30-HD_179406_pipeline_ver3.6--HR_8134_pipeline_ver3.6-T4/sum/HD_179406_sum_m48_fsr1.30_AIR_tel_wscor_helio.fits,True,25920,HD_179406/20_Aql_o43_c2T/HD_179406_sum_m48_fsr1.30_AIR_tel_wscor_helio.fits,HD_179406,/Users/hamano/DIB_analysis/DIB_pipeline_dir/20_Aql/2017_07_30-HD_179406_pipeline_ver3.6/2017_07_30-HD_179406_pipeline_ver3.6--HR_8134_pipeline_ver3.6-T4/,wide
True,paper_2206_03131_reddened_target,,,,,43,*  20 Aql,HD179406 | HD 179406,B2/3II D,19:12:40.71,-07:56:22.2,0.33,HD 179406,20_Aql_o43_c2T,57,WIDE,1,0,2017-07-31-04:14:30.676,9733.0556,9940.8279,9732.89146568021,9940.663760197651,/Users/hamano/DIB_analysis/DIB_pipeline_dir/20_Aql/2017_07_30-HD_179406_pipeline_ver3.6/2017_07_30-HD_179406_pipeline_ver3.6--HR_8134_pipeline_ver3.6-T4/sum/HD_179406_sum_m57_fsr1.30_AIR_tel_wscor_helio.fits,True,23040,HD_179406/20_Aql_o43_c2T/HD_179406_sum_m57_fsr1.30_AIR_tel_wscor_helio.fits,HD_179406,/Users/hamano/DIB_analysis/DIB_pipeline_dir/20_Aql/2017_07_30-HD_179406_pipeline_ver3.6/2017_07_30-HD_179406_pipeline_ver3.6--HR_8134_pipeline_ver3.6-T4/,wide
True,paper_2206_03131_reddened_target,,,,,43,*  20 Aql,HD179406 | HD 179406,B2/3II D,19:12:40.71,-07:56:22.2,0.33,HD 179406,20_Aql_o43_c2T,53,WIDE,1,0,2017-07-31-04:14:30.676,10446.833,10706.5767,10446.65629337142,10706.40002957041,/Users/hamano/DIB_analysis/DIB_pipeline_dir/20_Aql/2017_07_30-HD_179406_pipeline_ver3.6/2017_07_30-HD_179406_pipeline_ver3.6--HR_8134_pipeline_ver3.6-T4/sum/HD_179406_sum_m53_fsr1.30_AIR_tel_wscor_helio.fits,True,25920,HD_179406/20_Aql_o43_c2T/HD_179406_sum_m53_fsr1.30_AIR_tel_wscor_helio.fits,HD_179406,/Users/hamano/DIB_analysis/DIB_pipeline_dir/20_Aql/2017_07_30-HD_179406_pipeline_ver3.6/2017_07_30-HD_179406_pipeline_ver3.6--HR_8134_pipeline_ver3.6-T4/,wide
True,paper_2206_03131_reddened_target,,,,,43,*  20 Aql,HD179406 | HD 179406,B2/3II D,19:12:40.71,-07:56:22.2,0.33,HD 179406,20_Aql_o43_c2T,49,WIDE,1,0,2017-07-31-04:14:30.676,11280.5728,11592.2861,11280.38170205081,11592.09494490094,/Users/hamano/DIB_analysis/DIB_pipeline_dir/20_Aql/2017_07_30-HD_179406_pipeline_ver3.6/2017_07_30-HD_179406_pipeline_ver3.6--HR_8134_pipeline_ver3.6-T4/sum/HD_179406_sum_m49_fsr1.30_AIR_tel_wscor_helio.fits,True,25920,HD_179406/20_Aql_o43_c2T/HD_179406_sum_m49_fsr1.30_AIR_tel_wscor_helio.fits,HD_179406,/Users/hamano/DIB_analysis/DIB_pipeline_dir/20_Aql/2017_07_30-HD_179406_pipeline_ver3.6/2017_07_30-HD_179406_pipeline_ver3.6--HR_8134_pipeline_ver3.6-T4/,wide
True,paper_2206_03131_reddened_target,,,,,43,*  20 Aql,HD179406 | HD 179406,B2/3II D,19:12:40.71,-07:56:22.2,0.33,HD 179406,20_Aql_o43_c2T,51,WIDE,1,0,2017-07-31-04:14:30.676,10855.2056,11127.9386,10855.02195713799,11127.75490954765,/Users/hamano/DIB_analysis/DIB_pipeline_dir/20_Aql/2017_07_30-HD_179406_pipeline_ver3.6/2017_07_30-HD_179406_pipeline_ver3.6--HR_8134_pipeline_ver3.6-T4/sum/HD_179406_sum_m51_fsr1.30_AIR_tel_wscor_helio.fits,True,25920,HD_179406/20_Aql_o43_c2T/HD_179406_sum_m51_fsr1.30_AIR_tel_wscor_helio.fits,HD_179406,/Users/hamano/DIB_analysis/DIB_pipeline_dir/20_Aql/2017_07_30-HD_179406_pipeline_ver3.6/2017_07_30-HD_179406_pipeline_ver3.6--HR_8134_pipeline_ver3.6-T4/,wide
True,paper_2206_03131_reddened_target,,,,,43,*  20 Aql,HD179406 | HD 179406,B2/3II D,19:12:40.71,-07:56:22.2,0.33,HD 179406,20_Aql_o43_c2T,61,WIDE,1,0,2017-07-31-04:14:30.676,9093.2548,9301.0378,9093.101825560769,9300.884810726906,/Users/hamano/DIB_analysis/DIB_pipeline_dir/20_Aql/2017_07_30-HD_179406_pipeline_ver3.6/2017_07_30-HD_179406_pipeline_ver3.6--HR_8134_pipeline_ver3.6-T4/sum/HD_179406_sum_m61_fsr1.30_AIR_tel_wscor_helio.fits,True,23040,HD_179406/20_Aql_o43_c2T/HD_179406_sum_m61_fsr1.30_AIR_tel_wscor_helio.fits,HD_179406,/Users/hamano/DIB_analysis/DIB_pipeline_dir/20_Aql/2017_07_30-HD_179406_pipeline_ver3.6/2017_07_30-HD_179406_pipeline_ver3.6--HR_8134_pipeline_ver3.6-T4/,wide
True,paper_2206_03131_reddened_target,,,,,43,*  20 Aql,HD179406 | HD 179406,B2/3II D,19:12:40.71,-07:56:22.2,0.33,HD 179406,20_Aql_o43_c2T,59,WIDE,1,0,2017-07-31-04:14:30.676,9393.1615,9600.9396,9393.003085187502,9600.781212884178,/Users/hamano/DIB_analysis/DIB_pipeline_dir/20_Aql/2017_07_30-HD_179406_pipeline_ver3.6/2017_07_30-HD_179406_pipeline_ver3.6--HR_8134_pipeline_ver3.6-T4/sum/HD_179406_sum_m59_fsr1.30_AIR_tel_wscor_helio.fits,True,23040,HD_179406/20_Aql_o43_c2T/HD_179406_sum_m59_fsr1.30_AIR_tel_wscor_helio.fits,HD_179406,/Users/hamano/DIB_analysis/DIB_pipeline_dir/20_Aql/2017_07_30-HD_179406_pipeline_ver3.6/2017_07_30-HD_179406_pipeline_ver3.6--HR_8134_pipeline_ver3.6-T4/,wide
True,paper_2206_03131_reddened_target,,,,,43,*  20 Aql,HD179406 | HD 179406,B2/3II D,19:12:40.71,-07:56:22.2,0.33,HD 179406,20_Aql_o43_c2T,54,WIDE,1,0,2017-07-31-04:14:30.676,10246.8953,10506.642,10246.72192172137,10506.46857266042,/Users/hamano/DIB_analysis/DIB_pipeline_dir/20_Aql/2017_07_30-HD_179406_pipeline_ver3.6/2017_07_30-HD_179406_pipeline_ver3.6--HR_8134_pipeline_ver3.6-T4/sum/HD_179406_sum_m54_fsr1.30_AIR_tel_wscor_helio.fits,True,25920,HD_179406/20_Aql_o43_c2T/HD_179406_sum_m54_fsr1.30_AIR_tel_wscor_helio.fits,HD_179406,/Users/hamano/DIB_analysis/DIB_pipeline_dir/20_Aql/2017_07_30-HD_179406_pipeline_ver3.6/2017_07_30-HD_179406_pipeline_ver3.6--HR_8134_pipeline_ver3.6-T4/,wide
True,paper_2206_03131_reddened_target,,,,,43,*  20 Aql,HD179406 | HD 179406,B2/3II D,19:12:40.71,-07:56:22.2,0.33,HD 179406,20_Aql_o43_c2T,46,WIDE,1,0,2017-07-31-04:14:30.676,12005.8464,12356.536,12005.64308611732,12356.33273689281,/Users/hamano/DIB_analysis/DIB_pipeline_dir/20_Aql/2017_07_30-HD_179406_pipeline_ver3.6/2017_07_30-HD_179406_pipeline_ver3.6--HR_8134_pipeline_ver3.6-T4/sum/HD_179406_sum_m46_fsr1.30_AIR_tel_wscor_helio.fits,True,25920,HD_179406/20_Aql_o43_c2T/HD_179406_sum_m46_fsr1.30_AIR_tel_wscor_helio.fits,HD_179406,/Users/hamano/DIB_analysis/DIB_pipeline_dir/20_Aql/2017_07_30-HD_179406_pipeline_ver3.6/2017_07_30-HD_179406_pipeline_ver3.6--HR_8134_pipeline_ver3.6-T4/,wide
True,paper_2206_03131_reddened_target,,,,,43,*  20 Aql,HD179406 | HD 179406,B2/3II D,19:12:40.71,-07:56:22.2,0.33,HD 179406,20_Aql_o43_c2T,43,WIDE,1,0,2017-07-31-04:14:30.676,12852.582,13229.2501,12852.36474366779,13229.03282970954,/Users/hamano/DIB_analysis/DIB_pipeline_dir/20_Aql/2017_07_30-HD_179406_pipeline_ver3.6/2017_07_30-HD_179406_pipeline_ver3.6--HR_8134_pipeline_ver3.6-T4/sum/HD_179406_sum_m43_fsr1.30_AIR_tel_wscor_helio.fits,True,25920,HD_179406/20_Aql_o43_c2T/HD_179406_sum_m43_fsr1.30_AIR_tel_wscor_helio.fits,HD_179406,/Users/hamano/DIB_analysis/DIB_pipeline_dir/20_Aql/2017_07_30-HD_179406_pipeline_ver3.6/2017_07_30-HD_179406_pipeline_ver3.6--HR_8134_pipeline_ver3.6-T4/,wide
True,paper_2206_03131_reddened_target,,,,,43,*  20 Aql,HD179406 | HD 179406,B2/3II D,19:12:40.71,-07:56:22.2,0.33,HD 179406,20_Aql_o43_c2T,60,WIDE,1,0,2017-07-31-04:14:30.676,9256.2042,9437.9932,9256.048522392237,9437.837533406573,/Users/hamano/DIB_analysis/DIB_pipeline_dir/20_Aql/2017_07_30-HD_179406_pipeline_ver3.6/2017_07_30-HD_179406_pipeline_ver3.6--HR_8134_pipeline_ver3.6-T4/sum/HD_179406_sum_m60_fsr1.30_AIR_tel_wscor_helio.fits,True,23040,HD_179406/20_Aql_o43_c2T/HD_179406_sum_m60_fsr1.30_AIR_tel_wscor_helio.fits,HD_179406,/Users/hamano/DIB_analysis/DIB_pipeline_dir/20_Aql/2017_07_30-HD_179406_pipeline_ver3.6/2017_07_30-HD_179406_pipeline_ver3.6--HR_8134_pipeline_ver3.6-T4/,wide
True,paper_2206_03131_reddened_target,,,,,43,*  20 Aql,HD179406 | HD 179406,B2/3II D,19:12:40.71,-07:56:22.2,0.33,HD 179406,20_Aql_o43_c2T,44,WIDE,1,0,2017-07-31-04:14:30.676,12551.176,12938.6631,12550.96371671808,12938.4507453386,/Users/hamano/DIB_analysis/DIB_pipeline_dir/20_Aql/2017_07_30-HD_179406_pipeline_ver3.6/2017_07_30-HD_179406_pipeline_ver3.6--HR_8134_pipeline_ver3.6-T4/sum/HD_179406_sum_m44_fsr1.30_AIR_tel_wscor_helio.fits,True,25920,HD_179406/20_Aql_o43_c2T/HD_179406_sum_m44_fsr1.30_AIR_tel_wscor_helio.fits,HD_179406,/Users/hamano/DIB_analysis/DIB_pipeline_dir/20_Aql/2017_07_30-HD_179406_pipeline_ver3.6/2017_07_30-HD_179406_pipeline_ver3.6--HR_8134_pipeline_ver3.6-T4/,wide
True,paper_2206_03131_reddened_target,,,,,43,*  20 Aql,HD179406 | HD 179406,B2/3II D,19:12:40.71,-07:56:22.2,0.33,HD 179406,20_Aql_o43_c2T,47,WIDE,1,0,2017-07-31-04:14:30.676,11758.9235,12083.625,11758.72444612814,12083.42593414878,/Users/hamano/DIB_analysis/DIB_pipeline_dir/20_Aql/2017_07_30-HD_179406_pipeline_ver3.6/2017_07_30-HD_179406_pipeline_ver3.6--HR_8134_pipeline_ver3.6-T4/sum/HD_179406_sum_m47_fsr1.30_AIR_tel_wscor_helio.fits,True,25920,HD_179406/20_Aql_o43_c2T/HD_179406_sum_m47_fsr1.30_AIR_tel_wscor_helio.fits,HD_179406,/Users/hamano/DIB_analysis/DIB_pipeline_dir/20_Aql/2017_07_30-HD_179406_pipeline_ver3.6/2017_07_30-HD_179406_pipeline_ver3.6--HR_8134_pipeline_ver3.6-T4/,wide
True,paper_2206_03131_reddened_target,,,,,43,*  20 Aql,HD179406 | HD 179406,B2/3II D,19:12:40.71,-07:56:22.2,0.33,HD 179406,20_Aql_o43_c2T,58,WIDE,1,0,2017-07-31-04:14:30.676,9550.1125,9783.8798,9549.95139657069,9783.718644865479,/Users/hamano/DIB_analysis/DIB_pipeline_dir/20_Aql/2017_07_30-HD_179406_pipeline_ver3.6/2017_07_30-HD_179406_pipeline_ver3.6--HR_8134_pipeline_ver3.6-T4/sum/HD_179406_sum_m58_fsr1.30_AIR_tel_wscor_helio.fits,True,25920,HD_179406/20_Aql_o43_c2T/HD_179406_sum_m58_fsr1.30_AIR_tel_wscor_helio.fits,HD_179406,/Users/hamano/DIB_analysis/DIB_pipeline_dir/20_Aql/2017_07_30-HD_179406_pipeline_ver3.6/2017_07_30-HD_179406_pipeline_ver3.6--HR_8134_pipeline_ver3.6-T4/,wide
True,paper_2206_03131_reddened_target,,,,,43,*  20 Aql,HD179406 | HD 179406,B2/3II D,19:12:40.71,-07:56:22.2,0.33,HD 179406,20_Aql_o43_c2T,52,WIDE,1,0,2017-07-31-04:14:30.676,10645.2711,10918.0069,10645.09093898205,10917.8268063926,/Users/hamano/DIB_analysis/DIB_pipeline_dir/20_Aql/2017_07_30-HD_179406_pipeline_ver3.6/2017_07_30-HD_179406_pipeline_ver3.6--HR_8134_pipeline_ver3.6-T4/sum/HD_179406_sum_m52_fsr1.30_AIR_tel_wscor_helio.fits,True,25920,HD_179406/20_Aql_o43_c2T/HD_179406_sum_m52_fsr1.30_AIR_tel_wscor_helio.fits,HD_179406,/Users/hamano/DIB_analysis/DIB_pipeline_dir/20_Aql/2017_07_30-HD_179406_pipeline_ver3.6/2017_07_30-HD_179406_pipeline_ver3.6--HR_8134_pipeline_ver3.6-T4/,wide
True,paper_2206_03131_reddened_target,,,,,43,*  20 Aql,HD179406 | HD 179406,B2/3II D,19:12:40.71,-07:56:22.2,0.33,HD 179406,20_Aql_o43_c2T,56,WIDE,1,0,2017-07-31-04:14:30.676,9890.0066,10123.768,9889.839521074993,10123.60093782657,/Users/hamano/DIB_analysis/DIB_pipeline_dir/20_Aql/2017_07_30-HD_179406_pipeline_ver3.6/2017_07_30-HD_179406_pipeline_ver3.6--HR_8134_pipeline_ver3.6-T4/sum/HD_179406_sum_m56_fsr1.30_AIR_tel_wscor_helio.fits,True,23040,HD_179406/20_Aql_o43_c2T/HD_179406_sum_m56_fsr1.30_AIR_tel_wscor_helio.fits,HD_179406,/Users/hamano/DIB_analysis/DIB_pipeline_dir/20_Aql/2017_07_30-HD_179406_pipeline_ver3.6/2017_07_30-HD_179406_pipeline_ver3.6--HR_8134_pipeline_ver3.6-T4/,wide
True,paper_2206_03131_reddened_target,,,,,43,*  20 Aql,HD179406 | HD 179406,B2/3II D,19:12:40.71,-07:56:22.2,0.33,HD 179406,20_Aql_o43_c2T,45,WIDE,1,0,2017-07-31-04:14:30.676,12274.2626,12637.9434,12274.05474420718,12637.73555666395,/Users/hamano/DIB_analysis/DIB_pipeline_dir/20_Aql/2017_07_30-HD_179406_pipeline_ver3.6/2017_07_30-HD_179406_pipeline_ver3.6--HR_8134_pipeline_ver3.6-T4/sum/HD_179406_sum_m45_fsr1.30_AIR_tel_wscor_helio.fits,True,25920,HD_179406/20_Aql_o43_c2T/HD_179406_sum_m45_fsr1.30_AIR_tel_wscor_helio.fits,HD_179406,/Users/hamano/DIB_analysis/DIB_pipeline_dir/20_Aql/2017_07_30-HD_179406_pipeline_ver3.6/2017_07_30-HD_179406_pipeline_ver3.6--HR_8134_pipeline_ver3.6-T4/,wide
True,paper_2206_03131_reddened_target,,,,,43,*  20 Aql,HD179406 | HD 179406,B2/3II D,19:12:40.71,-07:56:22.2,0.33,HD 179406,20_Aql_o43_c2T,50,WIDE,1,0,2017-07-31-04:14:30.676,11063.6406,11349.3657,11063.45320759436,11349.17829223241,/Users/hamano/DIB_analysis/DIB_pipeline_dir/20_Aql/2017_07_30-HD_179406_pipeline_ver3.6/2017_07_30-HD_179406_pipeline_ver3.6--HR_8134_pipeline_ver3.6-T4/sum/HD_179406_sum_m50_fsr1.30_AIR_tel_wscor_helio.fits,True,25920,HD_179406/20_Aql_o43_c2T/HD_179406_sum_m50_fsr1.30_AIR_tel_wscor_helio.fits,HD_179406,/Users/hamano/DIB_analysis/DIB_pipeline_dir/20_Aql/2017_07_30-HD_179406_pipeline_ver3.6/2017_07_30-HD_179406_pipeline_ver3.6--HR_8134_pipeline_ver3.6-T4/,wide
True,paper_2206_03131_reddened_target,,,,,43,*  20 Aql,HD179406 | HD 179406,B2/3II D,19:12:40.71,-07:56:22.2,0.33,HD 179406,20_Aql_o43_c2T,42,WIDE,1,0,2017-07-31-04:14:30.676,13137.9927,13553.643,13137.77044322455,13553.42077323606,/Users/hamano/DIB_analysis/DIB_pipeline_dir/20_Aql/2017_07_30-HD_179406_pipeline_ver3.6/2017_07_30-HD_179406_pipeline_ver3.6--HR_8134_pipeline_ver3.6-T4/sum/HD_179406_sum_m42_fsr1.30_AIR_tel_wscor_helio.fits,True,25920,HD_179406/20_Aql_o43_c2T/HD_179406_sum_m42_fsr1.30_AIR_tel_wscor_helio.fits,HD_179406,/Users/hamano/DIB_analysis/DIB_pipeline_dir/20_Aql/2017_07_30-HD_179406_pipeline_ver3.6/2017_07_30-HD_179406_pipeline_ver3.6--HR_8134_pipeline_ver3.6-T4/,wide
True,paper_2206_03131_reddened_target,,,,,43,*  20 Aql,HD179406 | HD 179406,B2/3II D,19:12:40.71,-07:56:22.2,0.33,HD 179406,20_Aql_o43_c2T,55,WIDE,1,0,2017-07-31-04:14:30.676,10069.9505,10303.709,10069.78040866394,10303.53890935436,/Users/hamano/DIB_analysis/DIB_pipeline_dir/20_Aql/2017_07_30-HD_179406_pipeline_ver3.6/2017_07_30-HD_179406_pipeline_ver3.6--HR_8134_pipeline_ver3.6-T4/sum/HD_179406_sum_m55_fsr1.30_AIR_tel_wscor_helio.fits,True,23040,HD_179406/20_Aql_o43_c2T/HD_179406_sum_m55_fsr1.30_AIR_tel_wscor_helio.fits,HD_179406,/Users/hamano/DIB_analysis/DIB_pipeline_dir/20_Aql/2017_07_30-HD_179406_pipeline_ver3.6/2017_07_30-HD_179406_pipeline_ver3.6--HR_8134_pipeline_ver3.6-T4/,wide
True,paper_2206_03131_reddened_target,,,,,39,HD 168607,HD168607 | HD 168607,B9Iaep C,18:21:14.88,-16:22:31.7,1.56,HD 168607,HD_168607_o39_c2T,55,WIDE,1,0,2017-07-31-02:27:34.602,10069.736,10303.4895,10069.56590065757,10303.3194188988,/Users/hamano/DIB_analysis/DIB_pipeline_dir/HD_168607/2017_07_30-HD_168607_pipeline_ver3.6/2017_07_30-HD_168607_pipeline_ver3.6--HD_163336_pipeline_ver3.6-T5/sum/HD_168607_sum_m55_fsr1.30_AIR_tel_wscor_helio.fits,True,23040,HD_168607/HD_168607_o39_c2T/HD_168607_sum_m55_fsr1.30_AIR_tel_wscor_helio.fits,HD_168607,/Users/hamano/DIB_analysis/DIB_pipeline_dir/HD_168607/2017_07_30-HD_168607_pipeline_ver3.6/2017_07_30-HD_168607_pipeline_ver3.6--HD_163336_pipeline_ver3.6-T5/,wide
True,paper_2206_03131_reddened_target,,,,,39,HD 168607,HD168607 | HD 168607,B9Iaep C,18:21:14.88,-16:22:31.7,1.56,HD 168607,HD_168607_o39_c2T,59,WIDE,1,0,2017-07-31-02:27:34.602,9392.9603,9600.734,9392.801980061648,9600.575679068115,/Users/hamano/DIB_analysis/DIB_pipeline_dir/HD_168607/2017_07_30-HD_168607_pipeline_ver3.6/2017_07_30-HD_168607_pipeline_ver3.6--HD_163336_pipeline_ver3.6-T5/sum/HD_168607_sum_m59_fsr1.30_AIR_tel_wscor_helio.fits,True,23040,HD_168607/HD_168607_o39_c2T/HD_168607_sum_m59_fsr1.30_AIR_tel_wscor_helio.fits,HD_168607,/Users/hamano/DIB_analysis/DIB_pipeline_dir/HD_168607/2017_07_30-HD_168607_pipeline_ver3.6/2017_07_30-HD_168607_pipeline_ver3.6--HD_163336_pipeline_ver3.6-T5/,wide
True,paper_2206_03131_reddened_target,,,,,39,HD 168607,HD168607 | HD 168607,B9Iaep C,18:21:14.88,-16:22:31.7,1.56,HD 168607,HD_168607_o39_c2T,42,WIDE,1,0,2017-07-31-02:27:34.602,13137.7175,13553.359,13137.49522405309,13553.13669467942,/Users/hamano/DIB_analysis/DIB_pipeline_dir/HD_168607/2017_07_30-HD_168607_pipeline_ver3.6/2017_07_30-HD_168607_pipeline_ver3.6--HD_163336_pipeline_ver3.6-T5/sum/HD_168607_sum_m42_fsr1.30_AIR_tel_wscor_helio.fits,True,25920,HD_168607/HD_168607_o39_c2T/HD_168607_sum_m42_fsr1.30_AIR_tel_wscor_helio.fits,HD_168607,/Users/hamano/DIB_analysis/DIB_pipeline_dir/HD_168607/2017_07_30-HD_168607_pipeline_ver3.6/2017_07_30-HD_168607_pipeline_ver3.6--HD_163336_pipeline_ver3.6-T5/,wide
True,paper_2206_03131_reddened_target,,,,,39,HD 168607,HD168607 | HD 168607,B9Iaep C,18:21:14.88,-16:22:31.7,1.56,HD 168607,HD_168607_o39_c2T,50,WIDE,1,0,2017-07-31-02:27:34.602,11063.4064,11349.1254,11063.21903104866,11348.93802559505,/Users/hamano/DIB_analysis/DIB_pipeline_dir/HD_168607/2017_07_30-HD_168607_pipeline_ver3.6/2017_07_30-HD_168607_pipeline_ver3.6--HD_163336_pipeline_ver3.6-T5/sum/HD_168607_sum_m50_fsr1.30_AIR_tel_wscor_helio.fits,True,25920,HD_168607/HD_168607_o39_c2T/HD_168607_sum_m50_fsr1.30_AIR_tel_wscor_helio.fits,HD_168607,/Users/hamano/DIB_analysis/DIB_pipeline_dir/HD_168607/2017_07_30-HD_168607_pipeline_ver3.6/2017_07_30-HD_168607_pipeline_ver3.6--HD_163336_pipeline_ver3.6-T5/,wide
True,paper_2206_03131_reddened_target,,,,,39,HD 168607,HD168607 | HD 168607,B9Iaep C,18:21:14.88,-16:22:31.7,1.56,HD 168607,HD_168607_o39_c2T,43,WIDE,1,0,2017-07-31-02:27:34.602,12852.3124,13228.9724,12852.09515598153,13228.75521352572,/Users/hamano/DIB_analysis/DIB_pipeline_dir/HD_168607/2017_07_30-HD_168607_pipeline_ver3.6/2017_07_30-HD_168607_pipeline_ver3.6--HD_163336_pipeline_ver3.6-T5/sum/HD_168607_sum_m43_fsr1.30_AIR_tel_wscor_helio.fits,True,25920,HD_168607/HD_168607_o39_c2T/HD_168607_sum_m43_fsr1.30_AIR_tel_wscor_helio.fits,HD_168607,/Users/hamano/DIB_analysis/DIB_pipeline_dir/HD_168607/2017_07_30-HD_168607_pipeline_ver3.6/2017_07_30-HD_168607_pipeline_ver3.6--HD_163336_pipeline_ver3.6-T5/,wide
True,paper_2206_03131_reddened_target,,,,,39,HD 168607,HD168607 | HD 168607,B9Iaep C,18:21:14.88,-16:22:31.7,1.56,HD 168607,HD_168607_o39_c2T,45,WIDE,1,0,2017-07-31-02:27:34.602,12274.0044,12637.6775,12273.79661616391,12637.46967694054,/Users/hamano/DIB_analysis/DIB_pipeline_dir/HD_168607/2017_07_30-HD_168607_pipeline_ver3.6/2017_07_30-HD_168607_pipeline_ver3.6--HD_163336_pipeline_ver3.6-T5/sum/HD_168607_sum_m45_fsr1.30_AIR_tel_wscor_helio.fits,True,25920,HD_168607/HD_168607_o39_c2T/HD_168607_sum_m45_fsr1.30_AIR_tel_wscor_helio.fits,HD_168607,/Users/hamano/DIB_analysis/DIB_pipeline_dir/HD_168607/2017_07_30-HD_168607_pipeline_ver3.6/2017_07_30-HD_168607_pipeline_ver3.6--HD_163336_pipeline_ver3.6-T5/,wide
True,paper_2206_03131_reddened_target,,,,,39,HD 168607,HD168607 | HD 168607,B9Iaep C,18:21:14.88,-16:22:31.7,1.56,HD 168607,HD_168607_o39_c2T,57,WIDE,1,0,2017-07-31-02:27:34.602,9732.8477,9940.6156,9732.683619715486,9940.451485667094,/Users/hamano/DIB_analysis/DIB_pipeline_dir/HD_168607/2017_07_30-HD_168607_pipeline_ver3.6/2017_07_30-HD_168607_pipeline_ver3.6--HD_163336_pipeline_ver3.6-T5/sum/HD_168607_sum_m57_fsr1.30_AIR_tel_wscor_helio.fits,True,23040,HD_168607/HD_168607_o39_c2T/HD_168607_sum_m57_fsr1.30_AIR_tel_wscor_helio.fits,HD_168607,/Users/hamano/DIB_analysis/DIB_pipeline_dir/HD_168607/2017_07_30-HD_168607_pipeline_ver3.6/2017_07_30-HD_168607_pipeline_ver3.6--HD_163336_pipeline_ver3.6-T5/,wide
True,paper_2206_03131_reddened_target,,,,,39,HD 168607,HD168607 | HD 168607,B9Iaep C,18:21:14.88,-16:22:31.7,1.56,HD 168607,HD_168607_o39_c2T,51,WIDE,1,0,2017-07-31-02:27:34.602,10854.9756,11127.7027,10854.79190467628,11127.51904391526,/Users/hamano/DIB_analysis/DIB_pipeline_dir/HD_168607/2017_07_30-HD_168607_pipeline_ver3.6/2017_07_30-HD_168607_pipeline_ver3.6--HD_163336_pipeline_ver3.6-T5/sum/HD_168607_sum_m51_fsr1.30_AIR_tel_wscor_helio.fits,True,25920,HD_168607/HD_168607_o39_c2T/HD_168607_sum_m51_fsr1.30_AIR_tel_wscor_helio.fits,HD_168607,/Users/hamano/DIB_analysis/DIB_pipeline_dir/HD_168607/2017_07_30-HD_168607_pipeline_ver3.6/2017_07_30-HD_168607_pipeline_ver3.6--HD_163336_pipeline_ver3.6-T5/,wide
True,paper_2206_03131_reddened_target,,,,,39,HD 168607,HD168607 | HD 168607,B9Iaep C,18:21:14.88,-16:22:31.7,1.56,HD 168607,HD_168607_o39_c2T,61,WIDE,1,0,2017-07-31-02:27:34.602,9093.0597,9300.8382,9092.906668228192,9300.685224600542,/Users/hamano/DIB_analysis/DIB_pipeline_dir/HD_168607/2017_07_30-HD_168607_pipeline_ver3.6/2017_07_30-HD_168607_pipeline_ver3.6--HD_163336_pipeline_ver3.6-T5/sum/HD_168607_sum_m61_fsr1.30_AIR_tel_wscor_helio.fits,True,23040,HD_168607/HD_168607_o39_c2T/HD_168607_sum_m61_fsr1.30_AIR_tel_wscor_helio.fits,HD_168607,/Users/hamano/DIB_analysis/DIB_pipeline_dir/HD_168607/2017_07_30-HD_168607_pipeline_ver3.6/2017_07_30-HD_168607_pipeline_ver3.6--HD_163336_pipeline_ver3.6-T5/,wide
True,paper_2206_03131_reddened_target,,,,,39,HD 168607,HD168607 | HD 168607,B9Iaep C,18:21:14.88,-16:22:31.7,1.56,HD 168607,HD_168607_o39_c2T,46,WIDE,1,0,2017-07-31-02:27:34.602,12005.5936,12356.2757,12005.39027173553,12356.07244773117,/Users/hamano/DIB_analysis/DIB_pipeline_dir/HD_168607/2017_07_30-HD_168607_pipeline_ver3.6/2017_07_30-HD_168607_pipeline_ver3.6--HD_163336_pipeline_ver3.6-T5/sum/HD_168607_sum_m46_fsr1.30_AIR_tel_wscor_helio.fits,True,25920,HD_168607/HD_168607_o39_c2T/HD_168607_sum_m46_fsr1.30_AIR_tel_wscor_helio.fits,HD_168607,/Users/hamano/DIB_analysis/DIB_pipeline_dir/HD_168607/2017_07_30-HD_168607_pipeline_ver3.6/2017_07_30-HD_168607_pipeline_ver3.6--HD_163336_pipeline_ver3.6-T5/,wide
True,paper_2206_03131_reddened_target,,,,,39,HD 168607,HD168607 | HD 168607,B9Iaep C,18:21:14.88,-16:22:31.7,1.56,HD 168607,HD_168607_o39_c2T,60,WIDE,1,0,2017-07-31-02:27:34.602,9256.0058,9437.7909,9255.850114158446,9437.635250427998,/Users/hamano/DIB_analysis/DIB_pipeline_dir/HD_168607/2017_07_30-HD_168607_pipeline_ver3.6/2017_07_30-HD_168607_pipeline_ver3.6--HD_163336_pipeline_ver3.6-T5/sum/HD_168607_sum_m60_fsr1.30_AIR_tel_wscor_helio.fits,True,23040,HD_168607/HD_168607_o39_c2T/HD_168607_sum_m60_fsr1.30_AIR_tel_wscor_helio.fits,HD_168607,/Users/hamano/DIB_analysis/DIB_pipeline_dir/HD_168607/2017_07_30-HD_168607_pipeline_ver3.6/2017_07_30-HD_168607_pipeline_ver3.6--HD_163336_pipeline_ver3.6-T5/,wide
True,paper_2206_03131_reddened_target,,,,,39,HD 168607,HD168607 | HD 168607,B9Iaep C,18:21:14.88,-16:22:31.7,1.56,HD 168607,HD_168607_o39_c2T,58,WIDE,1,0,2017-07-31-02:27:34.602,9549.9083,9783.6706,9549.747198038292,9783.509463697375,/Users/hamano/DIB_analysis/DIB_pipeline_dir/HD_168607/2017_07_30-HD_168607_pipeline_ver3.6/2017_07_30-HD_168607_pipeline_ver3.6--HD_163336_pipeline_ver3.6-T5/sum/HD_168607_sum_m58_fsr1.30_AIR_tel_wscor_helio.fits,True,25920,HD_168607/HD_168607_o39_c2T/HD_168607_sum_m58_fsr1.30_AIR_tel_wscor_helio.fits,HD_168607,/Users/hamano/DIB_analysis/DIB_pipeline_dir/HD_168607/2017_07_30-HD_168607_pipeline_ver3.6/2017_07_30-HD_168607_pipeline_ver3.6--HD_163336_pipeline_ver3.6-T5/,wide
True,paper_2206_03131_reddened_target,,,,,39,HD 168607,HD168607 | HD 168607,B9Iaep C,18:21:14.88,-16:22:31.7,1.56,HD 168607,HD_168607_o39_c2T,48,WIDE,1,0,2017-07-31-02:27:34.602,11520.2547,11831.9575,11520.05968566232,11831.76239455738,/Users/hamano/DIB_analysis/DIB_pipeline_dir/HD_168607/2017_07_30-HD_168607_pipeline_ver3.6/2017_07_30-HD_168607_pipeline_ver3.6--HD_163336_pipeline_ver3.6-T5/sum/HD_168607_sum_m48_fsr1.30_AIR_tel_wscor_helio.fits,True,25920,HD_168607/HD_168607_o39_c2T/HD_168607_sum_m48_fsr1.30_AIR_tel_wscor_helio.fits,HD_168607,/Users/hamano/DIB_analysis/DIB_pipeline_dir/HD_168607/2017_07_30-HD_168607_pipeline_ver3.6/2017_07_30-HD_168607_pipeline_ver3.6--HD_163336_pipeline_ver3.6-T5/,wide
True,paper_2206_03131_reddened_target,,,,,39,HD 168607,HD168607 | HD 168607,B9Iaep C,18:21:14.88,-16:22:31.7,1.56,HD 168607,HD_168607_o39_c2T,54,WIDE,1,0,2017-07-31-02:27:34.602,10246.6773,10506.4184,10246.50392373061,10506.24503829566,/Users/hamano/DIB_analysis/DIB_pipeline_dir/HD_168607/2017_07_30-HD_168607_pipeline_ver3.6/2017_07_30-HD_168607_pipeline_ver3.6--HD_163336_pipeline_ver3.6-T5/sum/HD_168607_sum_m54_fsr1.30_AIR_tel_wscor_helio.fits,True,25920,HD_168607/HD_168607_o39_c2T/HD_168607_sum_m54_fsr1.30_AIR_tel_wscor_helio.fits,HD_168607,/Users/hamano/DIB_analysis/DIB_pipeline_dir/HD_168607/2017_07_30-HD_168607_pipeline_ver3.6/2017_07_30-HD_168607_pipeline_ver3.6--HD_163336_pipeline_ver3.6-T5/,wide
True,paper_2206_03131_reddened_target,,,,,39,HD 168607,HD168607 | HD 168607,B9Iaep C,18:21:14.88,-16:22:31.7,1.56,HD 168607,HD_168607_o39_c2T,49,WIDE,1,0,2017-07-31-02:27:34.602,11280.3344,11592.041,11280.1432425295,11591.84984136299,/Users/hamano/DIB_analysis/DIB_pipeline_dir/HD_168607/2017_07_30-HD_168607_pipeline_ver3.6/2017_07_30-HD_168607_pipeline_ver3.6--HD_163336_pipeline_ver3.6-T5/sum/HD_168607_sum_m49_fsr1.30_AIR_tel_wscor_helio.fits,True,25920,HD_168607/HD_168607_o39_c2T/HD_168607_sum_m49_fsr1.30_AIR_tel_wscor_helio.fits,HD_168607,/Users/hamano/DIB_analysis/DIB_pipeline_dir/HD_168607/2017_07_30-HD_168607_pipeline_ver3.6/2017_07_30-HD_168607_pipeline_ver3.6--HD_163336_pipeline_ver3.6-T5/,wide
True,paper_2206_03131_reddened_target,,,,,39,HD 168607,HD168607 | HD 168607,B9Iaep C,18:21:14.88,-16:22:31.7,1.56,HD 168607,HD_168607_o39_c2T,52,WIDE,1,0,2017-07-31-02:27:34.602,10645.0452,10917.7752,10644.8650500185,10917.59510419623,/Users/hamano/DIB_analysis/DIB_pipeline_dir/HD_168607/2017_07_30-HD_168607_pipeline_ver3.6/2017_07_30-HD_168607_pipeline_ver3.6--HD_163336_pipeline_ver3.6-T5/sum/HD_168607_sum_m52_fsr1.30_AIR_tel_wscor_helio.fits,True,25920,HD_168607/HD_168607_o39_c2T/HD_168607_sum_m52_fsr1.30_AIR_tel_wscor_helio.fits,HD_168607,/Users/hamano/DIB_analysis/DIB_pipeline_dir/HD_168607/2017_07_30-HD_168607_pipeline_ver3.6/2017_07_30-HD_168607_pipeline_ver3.6--HD_163336_pipeline_ver3.6-T5/,wide
True,paper_2206_03131_reddened_target,,,,,39,HD 168607,HD168607 | HD 168607,B9Iaep C,18:21:14.88,-16:22:31.7,1.56,HD 168607,HD_168607_o39_c2T,47,WIDE,1,0,2017-07-31-02:27:34.602,11758.6756,12083.3702,11758.47650950166,12083.17107666753,/Users/hamano/DIB_analysis/DIB_pipeline_dir/HD_168607/2017_07_30-HD_168607_pipeline_ver3.6/2017_07_30-HD_168607_pipeline_ver3.6--HD_163336_pipeline_ver3.6-T5/sum/HD_168607_sum_m47_fsr1.30_AIR_tel_wscor_helio.fits,True,25920,HD_168607/HD_168607_o39_c2T/HD_168607_sum_m47_fsr1.30_AIR_tel_wscor_helio.fits,HD_168607,/Users/hamano/DIB_analysis/DIB_pipeline_dir/HD_168607/2017_07_30-HD_168607_pipeline_ver3.6/2017_07_30-HD_168607_pipeline_ver3.6--HD_163336_pipeline_ver3.6-T5/,wide
True,paper_2206_03131_reddened_target,,,,,39,HD 168607,HD168607 | HD 168607,B9Iaep C,18:21:14.88,-16:22:31.7,1.56,HD 168607,HD_168607_o39_c2T,56,WIDE,1,0,2017-07-31-02:27:34.602,9889.7957,10123.5521,9889.628581808543,10123.38501604875,/Users/hamano/DIB_analysis/DIB_pipeline_dir/HD_168607/2017_07_30-HD_168607_pipeline_ver3.6/2017_07_30-HD_168607_pipeline_ver3.6--HD_163336_pipeline_ver3.6-T5/sum/HD_168607_sum_m56_fsr1.30_AIR_tel_wscor_helio.fits,True,23040,HD_168607/HD_168607_o39_c2T/HD_168607_sum_m56_fsr1.30_AIR_tel_wscor_helio.fits,HD_168607,/Users/hamano/DIB_analysis/DIB_pipeline_dir/HD_168607/2017_07_30-HD_168607_pipeline_ver3.6/2017_07_30-HD_168607_pipeline_ver3.6--HD_163336_pipeline_ver3.6-T5/,wide
True,paper_2206_03131_reddened_target,,,,,39,HD 168607,HD168607 | HD 168607,B9Iaep C,18:21:14.88,-16:22:31.7,1.56,HD 168607,HD_168607_o39_c2T,53,WIDE,1,0,2017-07-31-02:27:34.602,10446.611,10706.3492,10446.43433018092,10706.17253006805,/Users/hamano/DIB_analysis/DIB_pipeline_dir/HD_168607/2017_07_30-HD_168607_pipeline_ver3.6/2017_07_30-HD_168607_pipeline_ver3.6--HD_163336_pipeline_ver3.6-T5/sum/HD_168607_sum_m53_fsr1.30_AIR_tel_wscor_helio.fits,True,25920,HD_168607/HD_168607_o39_c2T/HD_168607_sum_m53_fsr1.30_AIR_tel_wscor_helio.fits,HD_168607,/Users/hamano/DIB_analysis/DIB_pipeline_dir/HD_168607/2017_07_30-HD_168607_pipeline_ver3.6/2017_07_30-HD_168607_pipeline_ver3.6--HD_163336_pipeline_ver3.6-T5/,wide
True,paper_2206_03131_reddened_target,,,,,39,HD 168607,HD168607 | HD 168607,B9Iaep C,18:21:14.88,-16:22:31.7,1.56,HD 168607,HD_168607_o39_c2T,44,WIDE,1,0,2017-07-31-02:27:34.602,12550.9124,12938.3912,12550.70011453502,12938.17888405746,/Users/hamano/DIB_analysis/DIB_pipeline_dir/HD_168607/2017_07_30-HD_168607_pipeline_ver3.6/2017_07_30-HD_168607_pipeline_ver3.6--HD_163336_pipeline_ver3.6-T5/sum/HD_168607_sum_m44_fsr1.30_AIR_tel_wscor_helio.fits,True,25920,HD_168607/HD_168607_o39_c2T/HD_168607_sum_m44_fsr1.30_AIR_tel_wscor_helio.fits,HD_168607,/Users/hamano/DIB_analysis/DIB_pipeline_dir/HD_168607/2017_07_30-HD_168607_pipeline_ver3.6/2017_07_30-HD_168607_pipeline_ver3.6--HD_163336_pipeline_ver3.6-T5/,wide
True,extra_candidate_release_object,,,NTT17c_DIBanalysis_candidate,Found in 2017-07 NTT17c quality/telluric/DIBanalysis traces; not yet tied to a publication.,37,*  15 Sgr,HD 167264,O9.7Iab C,18:15:12.90,-20:43:41.7,0.29,HD 167264,15_Sgr_o37_c2T,60,WIDE,1,0,2017-07-31-02:09:34.589,9255.9831,9437.7678,9255.827503807166,9437.612197427252,/Users/hamano/DIB_analysis/DIB_pipeline_dir/15_Sgr/2017_07_30-HD_167264_pipeline_ver3.6/2017_07_30-HD_167264_pipeline_ver3.6--HD_163336_pipeline_ver3.6-T2/sum/HD_167264_sum_m60_fsr1.30_AIR_tel_wscor_helio.fits,True,23040,HD_167264/15_Sgr_o37_c2T/HD_167264_sum_m60_fsr1.30_AIR_tel_wscor_helio.fits,HD_167264,/Users/hamano/DIB_analysis/DIB_pipeline_dir/15_Sgr/2017_07_30-HD_167264_pipeline_ver3.6/2017_07_30-HD_167264_pipeline_ver3.6--HD_163336_pipeline_ver3.6-T2/,wide
True,extra_candidate_release_object,,,NTT17c_DIBanalysis_candidate,Found in 2017-07 NTT17c quality/telluric/DIBanalysis traces; not yet tied to a publication.,37,*  15 Sgr,HD 167264,O9.7Iab C,18:15:12.90,-20:43:41.7,0.29,HD 167264,15_Sgr_o37_c2T,59,WIDE,1,0,2017-07-31-02:09:34.589,9392.9369,9600.7101,9392.778497975896,9600.551691050328,/Users/hamano/DIB_analysis/DIB_pipeline_dir/15_Sgr/2017_07_30-HD_167264_pipeline_ver3.6/2017_07_30-HD_167264_pipeline_ver3.6--HD_163336_pipeline_ver3.6-T2/sum/HD_167264_sum_m59_fsr1.30_AIR_tel_wscor_helio.fits,True,23040,HD_167264/15_Sgr_o37_c2T/HD_167264_sum_m59_fsr1.30_AIR_tel_wscor_helio.fits,HD_167264,/Users/hamano/DIB_analysis/DIB_pipeline_dir/15_Sgr/2017_07_30-HD_167264_pipeline_ver3.6/2017_07_30-HD_167264_pipeline_ver3.6--HD_163336_pipeline_ver3.6-T2/,wide
True,extra_candidate_release_object,,,NTT17c_DIBanalysis_candidate,Found in 2017-07 NTT17c quality/telluric/DIBanalysis traces; not yet tied to a publication.,37,*  15 Sgr,HD 167264,O9.7Iab C,18:15:12.90,-20:43:41.7,0.29,HD 167264,15_Sgr_o37_c2T,47,WIDE,1,0,2017-07-31-02:09:34.589,11758.6376,12083.3314,11758.43856513852,12083.13234166782,/Users/hamano/DIB_analysis/DIB_pipeline_dir/15_Sgr/2017_07_30-HD_167264_pipeline_ver3.6/2017_07_30-HD_167264_pipeline_ver3.6--HD_163336_pipeline_ver3.6-T2/sum/HD_167264_sum_m47_fsr1.30_AIR_tel_wscor_helio.fits,True,25920,HD_167264/15_Sgr_o37_c2T/HD_167264_sum_m47_fsr1.30_AIR_tel_wscor_helio.fits,HD_167264,/Users/hamano/DIB_analysis/DIB_pipeline_dir/15_Sgr/2017_07_30-HD_167264_pipeline_ver3.6/2017_07_30-HD_167264_pipeline_ver3.6--HD_163336_pipeline_ver3.6-T2/,wide
True,extra_candidate_release_object,,,NTT17c_DIBanalysis_candidate,Found in 2017-07 NTT17c quality/telluric/DIBanalysis traces; not yet tied to a publication.,37,*  15 Sgr,HD 167264,O9.7Iab C,18:15:12.90,-20:43:41.7,0.29,HD 167264,15_Sgr_o37_c2T,48,WIDE,1,0,2017-07-31-02:09:34.589,11520.2183,11831.9202,11520.02320103309,11831.72515092699,/Users/hamano/DIB_analysis/DIB_pipeline_dir/15_Sgr/2017_07_30-HD_167264_pipeline_ver3.6/2017_07_30-HD_167264_pipeline_ver3.6--HD_163336_pipeline_ver3.6-T2/sum/HD_167264_sum_m48_fsr1.30_AIR_tel_wscor_helio.fits,True,25920,HD_167264/15_Sgr_o37_c2T/HD_167264_sum_m48_fsr1.30_AIR_tel_wscor_helio.fits,HD_167264,/Users/hamano/DIB_analysis/DIB_pipeline_dir/15_Sgr/2017_07_30-HD_167264_pipeline_ver3.6/2017_07_30-HD_167264_pipeline_ver3.6--HD_163336_pipeline_ver3.6-T2/,wide
True,extra_candidate_release_object,,,NTT17c_DIBanalysis_candidate,Found in 2017-07 NTT17c quality/telluric/DIBanalysis traces; not yet tied to a publication.,37,*  15 Sgr,HD 167264,O9.7Iab C,18:15:12.90,-20:43:41.7,0.29,HD 167264,15_Sgr_o37_c2T,44,WIDE,1,0,2017-07-31-02:09:34.589,12550.8696,12938.3474,12550.65728460581,12938.13511061108,/Users/hamano/DIB_analysis/DIB_pipeline_dir/15_Sgr/2017_07_30-HD_167264_pipeline_ver3.6/2017_07_30-HD_167264_pipeline_ver3.6--HD_163336_pipeline_ver3.6-T2/sum/HD_167264_sum_m44_fsr1.30_AIR_tel_wscor_helio.fits,True,25920,HD_167264/15_Sgr_o37_c2T/HD_167264_sum_m44_fsr1.30_AIR_tel_wscor_helio.fits,HD_167264,/Users/hamano/DIB_analysis/DIB_pipeline_dir/15_Sgr/2017_07_30-HD_167264_pipeline_ver3.6/2017_07_30-HD_167264_pipeline_ver3.6--HD_163336_pipeline_ver3.6-T2/,wide
True,extra_candidate_release_object,,,NTT17c_DIBanalysis_candidate,Found in 2017-07 NTT17c quality/telluric/DIBanalysis traces; not yet tied to a publication.,37,*  15 Sgr,HD 167264,O9.7Iab C,18:15:12.90,-20:43:41.7,0.29,HD 167264,15_Sgr_o37_c2T,58,WIDE,1,0,2017-07-31-02:09:34.589,9549.8838,9783.6455,9549.722723737163,9783.484420181618,/Users/hamano/DIB_analysis/DIB_pipeline_dir/15_Sgr/2017_07_30-HD_167264_pipeline_ver3.6/2017_07_30-HD_167264_pipeline_ver3.6--HD_163336_pipeline_ver3.6-T2/sum/HD_167264_sum_m58_fsr1.30_AIR_tel_wscor_helio.fits,True,25920,HD_167264/15_Sgr_o37_c2T/HD_167264_sum_m58_fsr1.30_AIR_tel_wscor_helio.fits,HD_167264,/Users/hamano/DIB_analysis/DIB_pipeline_dir/15_Sgr/2017_07_30-HD_167264_pipeline_ver3.6/2017_07_30-HD_167264_pipeline_ver3.6--HD_163336_pipeline_ver3.6-T2/,wide
True,extra_candidate_release_object,,,NTT17c_DIBanalysis_candidate,Found in 2017-07 NTT17c quality/telluric/DIBanalysis traces; not yet tied to a publication.,37,*  15 Sgr,HD 167264,O9.7Iab C,18:15:12.90,-20:43:41.7,0.29,HD 167264,15_Sgr_o37_c2T,50,WIDE,1,0,2017-07-31-02:09:34.589,11063.3727,11349.091,11063.18534533238,11348.90364414842,/Users/hamano/DIB_analysis/DIB_pipeline_dir/15_Sgr/2017_07_30-HD_167264_pipeline_ver3.6/2017_07_30-HD_167264_pipeline_ver3.6--HD_163336_pipeline_ver3.6-T2/sum/HD_167264_sum_m50_fsr1.30_AIR_tel_wscor_helio.fits,True,25920,HD_167264/15_Sgr_o37_c2T/HD_167264_sum_m50_fsr1.30_AIR_tel_wscor_helio.fits,HD_167264,/Users/hamano/DIB_analysis/DIB_pipeline_dir/15_Sgr/2017_07_30-HD_167264_pipeline_ver3.6/2017_07_30-HD_167264_pipeline_ver3.6--HD_163336_pipeline_ver3.6-T2/,wide
True,extra_candidate_release_object,,,NTT17c_DIBanalysis_candidate,Found in 2017-07 NTT17c quality/telluric/DIBanalysis traces; not yet tied to a publication.,37,*  15 Sgr,HD 167264,O9.7Iab C,18:15:12.90,-20:43:41.7,0.29,HD 167264,15_Sgr_o37_c2T,46,WIDE,1,0,2017-07-31-02:09:34.589,12005.5541,12356.2354,12005.35079315765,12356.03211523646,/Users/hamano/DIB_analysis/DIB_pipeline_dir/15_Sgr/2017_07_30-HD_167264_pipeline_ver3.6/2017_07_30-HD_167264_pipeline_ver3.6--HD_163336_pipeline_ver3.6-T2/sum/HD_167264_sum_m46_fsr1.30_AIR_tel_wscor_helio.fits,True,25920,HD_167264/15_Sgr_o37_c2T/HD_167264_sum_m46_fsr1.30_AIR_tel_wscor_helio.fits,HD_167264,/Users/hamano/DIB_analysis/DIB_pipeline_dir/15_Sgr/2017_07_30-HD_167264_pipeline_ver3.6/2017_07_30-HD_167264_pipeline_ver3.6--HD_163336_pipeline_ver3.6-T2/,wide
True,extra_candidate_release_object,,,NTT17c_DIBanalysis_candidate,Found in 2017-07 NTT17c quality/telluric/DIBanalysis traces; not yet tied to a publication.,37,*  15 Sgr,HD 167264,O9.7Iab C,18:15:12.90,-20:43:41.7,0.29,HD 167264,15_Sgr_o37_c2T,51,WIDE,1,0,2017-07-31-02:09:34.589,10854.9432,11127.6696,10854.75949798228,11127.48597312632,/Users/hamano/DIB_analysis/DIB_pipeline_dir/15_Sgr/2017_07_30-HD_167264_pipeline_ver3.6/2017_07_30-HD_167264_pipeline_ver3.6--HD_163336_pipeline_ver3.6-T2/sum/HD_167264_sum_m51_fsr1.30_AIR_tel_wscor_helio.fits,True,25920,HD_167264/15_Sgr_o37_c2T/HD_167264_sum_m51_fsr1.30_AIR_tel_wscor_helio.fits,HD_167264,/Users/hamano/DIB_analysis/DIB_pipeline_dir/15_Sgr/2017_07_30-HD_167264_pipeline_ver3.6/2017_07_30-HD_167264_pipeline_ver3.6--HD_163336_pipeline_ver3.6-T2/,wide
True,extra_candidate_release_object,,,NTT17c_DIBanalysis_candidate,Found in 2017-07 NTT17c quality/telluric/DIBanalysis traces; not yet tied to a publication.,37,*  15 Sgr,HD 167264,O9.7Iab C,18:15:12.90,-20:43:41.7,0.29,HD 167264,15_Sgr_o37_c2T,53,WIDE,1,0,2017-07-31-02:09:34.589,10446.5811,10706.3187,10446.40440704917,10706.14197446968,/Users/hamano/DIB_analysis/DIB_pipeline_dir/15_Sgr/2017_07_30-HD_167264_pipeline_ver3.6/2017_07_30-HD_167264_pipeline_ver3.6--HD_163336_pipeline_ver3.6-T2/sum/HD_167264_sum_m53_fsr1.30_AIR_tel_wscor_helio.fits,True,25920,HD_167264/15_Sgr_o37_c2T/HD_167264_sum_m53_fsr1.30_AIR_tel_wscor_helio.fits,HD_167264,/Users/hamano/DIB_analysis/DIB_pipeline_dir/15_Sgr/2017_07_30-HD_167264_pipeline_ver3.6/2017_07_30-HD_167264_pipeline_ver3.6--HD_163336_pipeline_ver3.6-T2/,wide
True,extra_candidate_release_object,,,NTT17c_DIBanalysis_candidate,Found in 2017-07 NTT17c quality/telluric/DIBanalysis traces; not yet tied to a publication.,37,*  15 Sgr,HD 167264,O9.7Iab C,18:15:12.90,-20:43:41.7,0.29,HD 167264,15_Sgr_o37_c2T,52,WIDE,1,0,2017-07-31-02:09:34.589,10645.014,10917.7434,10644.83390796054,10917.56329803626,/Users/hamano/DIB_analysis/DIB_pipeline_dir/15_Sgr/2017_07_30-HD_167264_pipeline_ver3.6/2017_07_30-HD_167264_pipeline_ver3.6--HD_163336_pipeline_ver3.6-T2/sum/HD_167264_sum_m52_fsr1.30_AIR_tel_wscor_helio.fits,True,25920,HD_167264/15_Sgr_o37_c2T/HD_167264_sum_m52_fsr1.30_AIR_tel_wscor_helio.fits,HD_167264,/Users/hamano/DIB_analysis/DIB_pipeline_dir/15_Sgr/2017_07_30-HD_167264_pipeline_ver3.6/2017_07_30-HD_167264_pipeline_ver3.6--HD_163336_pipeline_ver3.6-T2/,wide
True,extra_candidate_release_object,,,NTT17c_DIBanalysis_candidate,Found in 2017-07 NTT17c quality/telluric/DIBanalysis traces; not yet tied to a publication.,37,*  15 Sgr,HD 167264,O9.7Iab C,18:15:12.90,-20:43:41.7,0.29,HD 167264,15_Sgr_o37_c2T,61,WIDE,1,0,2017-07-31-02:09:34.589,9093.038,9300.816,9092.884992902747,9300.66304333132,/Users/hamano/DIB_analysis/DIB_pipeline_dir/15_Sgr/2017_07_30-HD_167264_pipeline_ver3.6/2017_07_30-HD_167264_pipeline_ver3.6--HD_163336_pipeline_ver3.6-T2/sum/HD_167264_sum_m61_fsr1.30_AIR_tel_wscor_helio.fits,True,23040,HD_167264/15_Sgr_o37_c2T/HD_167264_sum_m61_fsr1.30_AIR_tel_wscor_helio.fits,HD_167264,/Users/hamano/DIB_analysis/DIB_pipeline_dir/15_Sgr/2017_07_30-HD_167264_pipeline_ver3.6/2017_07_30-HD_167264_pipeline_ver3.6--HD_163336_pipeline_ver3.6-T2/,wide
True,extra_candidate_release_object,,,NTT17c_DIBanalysis_candidate,Found in 2017-07 NTT17c quality/telluric/DIBanalysis traces; not yet tied to a publication.,37,*  15 Sgr,HD 167264,O9.7Iab C,18:15:12.90,-20:43:41.7,0.29,HD 167264,15_Sgr_o37_c2T,42,WIDE,1,0,2017-07-31-02:09:34.589,13137.6711,13553.3115,13137.44880837362,13553.08926690612,/Users/hamano/DIB_analysis/DIB_pipeline_dir/15_Sgr/2017_07_30-HD_167264_pipeline_ver3.6/2017_07_30-HD_167264_pipeline_ver3.6--HD_163336_pipeline_ver3.6-T2/sum/HD_167264_sum_m42_fsr1.30_AIR_tel_wscor_helio.fits,True,25920,HD_167264/15_Sgr_o37_c2T/HD_167264_sum_m42_fsr1.30_AIR_tel_wscor_helio.fits,HD_167264,/Users/hamano/DIB_analysis/DIB_pipeline_dir/15_Sgr/2017_07_30-HD_167264_pipeline_ver3.6/2017_07_30-HD_167264_pipeline_ver3.6--HD_163336_pipeline_ver3.6-T2/,wide
True,extra_candidate_release_object,,,NTT17c_DIBanalysis_candidate,Found in 2017-07 NTT17c quality/telluric/DIBanalysis traces; not yet tied to a publication.,37,*  15 Sgr,HD 167264,O9.7Iab C,18:15:12.90,-20:43:41.7,0.29,HD 167264,15_Sgr_o37_c2T,55,WIDE,1,0,2017-07-31-02:09:34.589,10069.7084,10303.4614,10069.53829454623,10303.29124359402,/Users/hamano/DIB_analysis/DIB_pipeline_dir/15_Sgr/2017_07_30-HD_167264_pipeline_ver3.6/2017_07_30-HD_167264_pipeline_ver3.6--HD_163336_pipeline_ver3.6-T2/sum/HD_167264_sum_m55_fsr1.30_AIR_tel_wscor_helio.fits,True,23040,HD_167264/15_Sgr_o37_c2T/HD_167264_sum_m55_fsr1.30_AIR_tel_wscor_helio.fits,HD_167264,/Users/hamano/DIB_analysis/DIB_pipeline_dir/15_Sgr/2017_07_30-HD_167264_pipeline_ver3.6/2017_07_30-HD_167264_pipeline_ver3.6--HD_163336_pipeline_ver3.6-T2/,wide
True,extra_candidate_release_object,,,NTT17c_DIBanalysis_candidate,Found in 2017-07 NTT17c quality/telluric/DIBanalysis traces; not yet tied to a publication.,37,*  15 Sgr,HD 167264,O9.7Iab C,18:15:12.90,-20:43:41.7,0.29,HD 167264,15_Sgr_o37_c2T,43,WIDE,1,0,2017-07-31-02:09:34.589,12852.2677,13228.9269,12852.05052954986,13228.70966992062,/Users/hamano/DIB_analysis/DIB_pipeline_dir/15_Sgr/2017_07_30-HD_167264_pipeline_ver3.6/2017_07_30-HD_167264_pipeline_ver3.6--HD_163336_pipeline_ver3.6-T2/sum/HD_167264_sum_m43_fsr1.30_AIR_tel_wscor_helio.fits,True,25920,HD_167264/15_Sgr_o37_c2T/HD_167264_sum_m43_fsr1.30_AIR_tel_wscor_helio.fits,HD_167264,/Users/hamano/DIB_analysis/DIB_pipeline_dir/15_Sgr/2017_07_30-HD_167264_pipeline_ver3.6/2017_07_30-HD_167264_pipeline_ver3.6--HD_163336_pipeline_ver3.6-T2/,wide
True,extra_candidate_release_object,,,NTT17c_DIBanalysis_candidate,Found in 2017-07 NTT17c quality/telluric/DIBanalysis traces; not yet tied to a publication.,37,*  15 Sgr,HD 167264,O9.7Iab C,18:15:12.90,-20:43:41.7,0.29,HD 167264,15_Sgr_o37_c2T,54,WIDE,1,0,2017-07-31-02:09:34.589,10246.6486,10506.3891,10246.47520510643,10506.21568719779,/Users/hamano/DIB_analysis/DIB_pipeline_dir/15_Sgr/2017_07_30-HD_167264_pipeline_ver3.6/2017_07_30-HD_167264_pipeline_ver3.6--HD_163336_pipeline_ver3.6-T2/sum/HD_167264_sum_m54_fsr1.30_AIR_tel_wscor_helio.fits,True,25920,HD_167264/15_Sgr_o37_c2T/HD_167264_sum_m54_fsr1.30_AIR_tel_wscor_helio.fits,HD_167264,/Users/hamano/DIB_analysis/DIB_pipeline_dir/15_Sgr/2017_07_30-HD_167264_pipeline_ver3.6/2017_07_30-HD_167264_pipeline_ver3.6--HD_163336_pipeline_ver3.6-T2/,wide
True,extra_candidate_release_object,,,NTT17c_DIBanalysis_candidate,Found in 2017-07 NTT17c quality/telluric/DIBanalysis traces; not yet tied to a publication.,37,*  15 Sgr,HD 167264,O9.7Iab C,18:15:12.90,-20:43:41.7,0.29,HD 167264,15_Sgr_o37_c2T,45,WIDE,1,0,2017-07-31-02:09:34.589,12273.9633,12637.6355,12273.75549724914,12637.4276724759,/Users/hamano/DIB_analysis/DIB_pipeline_dir/15_Sgr/2017_07_30-HD_167264_pipeline_ver3.6/2017_07_30-HD_167264_pipeline_ver3.6--HD_163336_pipeline_ver3.6-T2/sum/HD_167264_sum_m45_fsr1.30_AIR_tel_wscor_helio.fits,True,25920,HD_167264/15_Sgr_o37_c2T/HD_167264_sum_m45_fsr1.30_AIR_tel_wscor_helio.fits,HD_167264,/Users/hamano/DIB_analysis/DIB_pipeline_dir/15_Sgr/2017_07_30-HD_167264_pipeline_ver3.6/2017_07_30-HD_167264_pipeline_ver3.6--HD_163336_pipeline_ver3.6-T2/,wide
True,extra_candidate_release_object,,,NTT17c_DIBanalysis_candidate,Found in 2017-07 NTT17c quality/telluric/DIBanalysis traces; not yet tied to a publication.,37,*  15 Sgr,HD 167264,O9.7Iab C,18:15:12.90,-20:43:41.7,0.29,HD 167264,15_Sgr_o37_c2T,57,WIDE,1,0,2017-07-31-02:09:34.589,9732.8222,9940.5896,9732.658089968227,9940.425450001923,/Users/hamano/DIB_analysis/DIB_pipeline_dir/15_Sgr/2017_07_30-HD_167264_pipeline_ver3.6/2017_07_30-HD_167264_pipeline_ver3.6--HD_163336_pipeline_ver3.6-T2/sum/HD_167264_sum_m57_fsr1.30_AIR_tel_wscor_helio.fits,True,23040,HD_167264/15_Sgr_o37_c2T/HD_167264_sum_m57_fsr1.30_AIR_tel_wscor_helio.fits,HD_167264,/Users/hamano/DIB_analysis/DIB_pipeline_dir/15_Sgr/2017_07_30-HD_167264_pipeline_ver3.6/2017_07_30-HD_167264_pipeline_ver3.6--HD_163336_pipeline_ver3.6-T2/,wide
True,extra_candidate_release_object,,,NTT17c_DIBanalysis_candidate,Found in 2017-07 NTT17c quality/telluric/DIBanalysis traces; not yet tied to a publication.,37,*  15 Sgr,HD 167264,O9.7Iab C,18:15:12.90,-20:43:41.7,0.29,HD 167264,15_Sgr_o37_c2T,49,WIDE,1,0,2017-07-31-02:09:34.589,11280.2993,11592.0052,11280.10820327476,11591.81404309765,/Users/hamano/DIB_analysis/DIB_pipeline_dir/15_Sgr/2017_07_30-HD_167264_pipeline_ver3.6/2017_07_30-HD_167264_pipeline_ver3.6--HD_163336_pipeline_ver3.6-T2/sum/HD_167264_sum_m49_fsr1.30_AIR_tel_wscor_helio.fits,True,25920,HD_167264/15_Sgr_o37_c2T/HD_167264_sum_m49_fsr1.30_AIR_tel_wscor_helio.fits,HD_167264,/Users/hamano/DIB_analysis/DIB_pipeline_dir/15_Sgr/2017_07_30-HD_167264_pipeline_ver3.6/2017_07_30-HD_167264_pipeline_ver3.6--HD_163336_pipeline_ver3.6-T2/,wide
True,extra_candidate_release_object,,,NTT17c_DIBanalysis_candidate,Found in 2017-07 NTT17c quality/telluric/DIBanalysis traces; not yet tied to a publication.,37,*  15 Sgr,HD 167264,O9.7Iab C,18:15:12.90,-20:43:41.7,0.29,HD 167264,15_Sgr_o37_c2T,56,WIDE,1,0,2017-07-31-02:09:34.589,9889.7691,10123.525,9889.602059605866,10123.35792464557,/Users/hamano/DIB_analysis/DIB_pipeline_dir/15_Sgr/2017_07_30-HD_167264_pipeline_ver3.6/2017_07_30-HD_167264_pipeline_ver3.6--HD_163336_pipeline_ver3.6-T2/sum/HD_167264_sum_m56_fsr1.30_AIR_tel_wscor_helio.fits,True,23040,HD_167264/15_Sgr_o37_c2T/HD_167264_sum_m56_fsr1.30_AIR_tel_wscor_helio.fits,HD_167264,/Users/hamano/DIB_analysis/DIB_pipeline_dir/15_Sgr/2017_07_30-HD_167264_pipeline_ver3.6/2017_07_30-HD_167264_pipeline_ver3.6--HD_163336_pipeline_ver3.6-T2/,wide
True,extra_candidate_release_object,,,NTT17c_DIBanalysis_candidate,Found in 2017-07 NTT17c quality/telluric/DIBanalysis traces; not yet tied to a publication.,8,BD-16  4818,BD-16 4818,O8.5V C,18:20:35.38,-16:10:48.5,0.95,BD-16 4818,BD-16_4818_o8_c2T,46,WIDE,1,0,2017-07-31-01:23:41.558,12005.599,12356.2812,12005.39568513764,12356.07793131846,/Users/hamano/DIB_analysis/DIB_pipeline_dir/BD-16_4818/2017_07_30-BD-16_4818_pipeline_ver3.6/2017_07_30-BD-16_4818_pipeline_ver3.6--HD_163336_pipeline_ver3.6-T4/sum/BD-16_4818_sum_m46_fsr1.30_AIR_tel_wscor_helio.fits,True,25920,BD-16_4818/BD-16_4818_o8_c2T/BD-16_4818_sum_m46_fsr1.30_AIR_tel_wscor_helio.fits,BD-16_4818,/Users/hamano/DIB_analysis/DIB_pipeline_dir/BD-16_4818/2017_07_30-BD-16_4818_pipeline_ver3.6/2017_07_30-BD-16_4818_pipeline_ver3.6--HD_163336_pipeline_ver3.6-T4/,wide
True,extra_candidate_release_object,,,NTT17c_DIBanalysis_candidate,Found in 2017-07 NTT17c quality/telluric/DIBanalysis traces; not yet tied to a publication.,8,BD-16  4818,BD-16 4818,O8.5V C,18:20:35.38,-16:10:48.5,0.95,BD-16 4818,BD-16_4818_o8_c2T,57,WIDE,1,0,2017-07-31-01:23:41.558,9732.8957,9940.6636,9732.731571945509,9940.499479482585,/Users/hamano/DIB_analysis/DIB_pipeline_dir/BD-16_4818/2017_07_30-BD-16_4818_pipeline_ver3.6/2017_07_30-BD-16_4818_pipeline_ver3.6--HD_163336_pipeline_ver3.6-T4/sum/BD-16_4818_sum_m57_fsr1.30_AIR_tel_wscor_helio.fits,True,23040,BD-16_4818/BD-16_4818_o8_c2T/BD-16_4818_sum_m57_fsr1.30_AIR_tel_wscor_helio.fits,BD-16_4818,/Users/hamano/DIB_analysis/DIB_pipeline_dir/BD-16_4818/2017_07_30-BD-16_4818_pipeline_ver3.6/2017_07_30-BD-16_4818_pipeline_ver3.6--HD_163336_pipeline_ver3.6-T4/,wide
True,extra_candidate_release_object,,,NTT17c_DIBanalysis_candidate,Found in 2017-07 NTT17c quality/telluric/DIBanalysis traces; not yet tied to a publication.,8,BD-16  4818,BD-16 4818,O8.5V C,18:20:35.38,-16:10:48.5,0.95,BD-16 4818,BD-16_4818_o8_c2T,53,WIDE,1,0,2017-07-31-01:23:41.558,10446.6456,10706.3838,10446.46885801545,10706.2071098884,/Users/hamano/DIB_analysis/DIB_pipeline_dir/BD-16_4818/2017_07_30-BD-16_4818_pipeline_ver3.6/2017_07_30-BD-16_4818_pipeline_ver3.6--HD_163336_pipeline_ver3.6-T4/sum/BD-16_4818_sum_m53_fsr1.30_AIR_tel_wscor_helio.fits,True,25920,BD-16_4818/BD-16_4818_o8_c2T/BD-16_4818_sum_m53_fsr1.30_AIR_tel_wscor_helio.fits,BD-16_4818,/Users/hamano/DIB_analysis/DIB_pipeline_dir/BD-16_4818/2017_07_30-BD-16_4818_pipeline_ver3.6/2017_07_30-BD-16_4818_pipeline_ver3.6--HD_163336_pipeline_ver3.6-T4/,wide
True,extra_candidate_release_object,,,NTT17c_DIBanalysis_candidate,Found in 2017-07 NTT17c quality/telluric/DIBanalysis traces; not yet tied to a publication.,8,BD-16  4818,BD-16 4818,O8.5V C,18:20:35.38,-16:10:48.5,0.95,BD-16 4818,BD-16_4818_o8_c2T,45,WIDE,1,0,2017-07-31-01:23:41.558,12274.0049,12637.678,12273.79704159572,12637.47017515719,/Users/hamano/DIB_analysis/DIB_pipeline_dir/BD-16_4818/2017_07_30-BD-16_4818_pipeline_ver3.6/2017_07_30-BD-16_4818_pipeline_ver3.6--HD_163336_pipeline_ver3.6-T4/sum/BD-16_4818_sum_m45_fsr1.30_AIR_tel_wscor_helio.fits,True,25920,BD-16_4818/BD-16_4818_o8_c2T/BD-16_4818_sum_m45_fsr1.30_AIR_tel_wscor_helio.fits,BD-16_4818,/Users/hamano/DIB_analysis/DIB_pipeline_dir/BD-16_4818/2017_07_30-BD-16_4818_pipeline_ver3.6/2017_07_30-BD-16_4818_pipeline_ver3.6--HD_163336_pipeline_ver3.6-T4/,wide
True,extra_candidate_release_object,,,NTT17c_DIBanalysis_candidate,Found in 2017-07 NTT17c quality/telluric/DIBanalysis traces; not yet tied to a publication.,8,BD-16  4818,BD-16 4818,O8.5V C,18:20:35.38,-16:10:48.5,0.95,BD-16 4818,BD-16_4818_o8_c2T,44,WIDE,1,0,2017-07-31-01:23:41.558,12550.9076,12938.3865,12550.69529829792,12938.17414536934,/Users/hamano/DIB_analysis/DIB_pipeline_dir/BD-16_4818/2017_07_30-BD-16_4818_pipeline_ver3.6/2017_07_30-BD-16_4818_pipeline_ver3.6--HD_163336_pipeline_ver3.6-T4/sum/BD-16_4818_sum_m44_fsr1.30_AIR_tel_wscor_helio.fits,True,25920,BD-16_4818/BD-16_4818_o8_c2T/BD-16_4818_sum_m44_fsr1.30_AIR_tel_wscor_helio.fits,BD-16_4818,/Users/hamano/DIB_analysis/DIB_pipeline_dir/BD-16_4818/2017_07_30-BD-16_4818_pipeline_ver3.6/2017_07_30-BD-16_4818_pipeline_ver3.6--HD_163336_pipeline_ver3.6-T4/,wide
True,extra_candidate_release_object,,,NTT17c_DIBanalysis_candidate,Found in 2017-07 NTT17c quality/telluric/DIBanalysis traces; not yet tied to a publication.,8,BD-16  4818,BD-16 4818,O8.5V C,18:20:35.38,-16:10:48.5,0.95,BD-16 4818,BD-16_4818_o8_c2T,56,WIDE,1,0,2017-07-31-01:23:41.558,9889.8405,10123.597,9889.673447270701,10123.42992829768,/Users/hamano/DIB_analysis/DIB_pipeline_dir/BD-16_4818/2017_07_30-BD-16_4818_pipeline_ver3.6/2017_07_30-BD-16_4818_pipeline_ver3.6--HD_163336_pipeline_ver3.6-T4/sum/BD-16_4818_sum_m56_fsr1.30_AIR_tel_wscor_helio.fits,True,23040,BD-16_4818/BD-16_4818_o8_c2T/BD-16_4818_sum_m56_fsr1.30_AIR_tel_wscor_helio.fits,BD-16_4818,/Users/hamano/DIB_analysis/DIB_pipeline_dir/BD-16_4818/2017_07_30-BD-16_4818_pipeline_ver3.6/2017_07_30-BD-16_4818_pipeline_ver3.6--HD_163336_pipeline_ver3.6-T4/,wide
True,extra_candidate_release_object,,,NTT17c_DIBanalysis_candidate,Found in 2017-07 NTT17c quality/telluric/DIBanalysis traces; not yet tied to a publication.,8,BD-16  4818,BD-16 4818,O8.5V C,18:20:35.38,-16:10:48.5,0.95,BD-16 4818,BD-16_4818_o8_c2T,59,WIDE,1,0,2017-07-31-01:23:41.558,9393.0145,9600.7882,9392.856097869129,9600.629838463059,/Users/hamano/DIB_analysis/DIB_pipeline_dir/BD-16_4818/2017_07_30-BD-16_4818_pipeline_ver3.6/2017_07_30-BD-16_4818_pipeline_ver3.6--HD_163336_pipeline_ver3.6-T4/sum/BD-16_4818_sum_m59_fsr1.30_AIR_tel_wscor_helio.fits,True,23040,BD-16_4818/BD-16_4818_o8_c2T/BD-16_4818_sum_m59_fsr1.30_AIR_tel_wscor_helio.fits,BD-16_4818,/Users/hamano/DIB_analysis/DIB_pipeline_dir/BD-16_4818/2017_07_30-BD-16_4818_pipeline_ver3.6/2017_07_30-BD-16_4818_pipeline_ver3.6--HD_163336_pipeline_ver3.6-T4/,wide
True,extra_candidate_release_object,,,NTT17c_DIBanalysis_candidate,Found in 2017-07 NTT17c quality/telluric/DIBanalysis traces; not yet tied to a publication.,8,BD-16  4818,BD-16 4818,O8.5V C,18:20:35.38,-16:10:48.5,0.95,BD-16 4818,BD-16_4818_o8_c2T,58,WIDE,1,0,2017-07-31-01:23:41.558,9549.9593,9783.7216,9549.798230307126,9783.560542754991,/Users/hamano/DIB_analysis/DIB_pipeline_dir/BD-16_4818/2017_07_30-BD-16_4818_pipeline_ver3.6/2017_07_30-BD-16_4818_pipeline_ver3.6--HD_163336_pipeline_ver3.6-T4/sum/BD-16_4818_sum_m58_fsr1.30_AIR_tel_wscor_helio.fits,True,25920,BD-16_4818/BD-16_4818_o8_c2T/BD-16_4818_sum_m58_fsr1.30_AIR_tel_wscor_helio.fits,BD-16_4818,/Users/hamano/DIB_analysis/DIB_pipeline_dir/BD-16_4818/2017_07_30-BD-16_4818_pipeline_ver3.6/2017_07_30-BD-16_4818_pipeline_ver3.6--HD_163336_pipeline_ver3.6-T4/,wide
True,extra_candidate_release_object,,,NTT17c_DIBanalysis_candidate,Found in 2017-07 NTT17c quality/telluric/DIBanalysis traces; not yet tied to a publication.,8,BD-16  4818,BD-16 4818,O8.5V C,18:20:35.38,-16:10:48.5,0.95,BD-16 4818,BD-16_4818_o8_c2T,54,WIDE,1,0,2017-07-31-01:23:41.558,10246.7155,10506.4566,10246.54207837831,10506.28324493015,/Users/hamano/DIB_analysis/DIB_pipeline_dir/BD-16_4818/2017_07_30-BD-16_4818_pipeline_ver3.6/2017_07_30-BD-16_4818_pipeline_ver3.6--HD_163336_pipeline_ver3.6-T4/sum/BD-16_4818_sum_m54_fsr1.30_AIR_tel_wscor_helio.fits,True,25920,BD-16_4818/BD-16_4818_o8_c2T/BD-16_4818_sum_m54_fsr1.30_AIR_tel_wscor_helio.fits,BD-16_4818,/Users/hamano/DIB_analysis/DIB_pipeline_dir/BD-16_4818/2017_07_30-BD-16_4818_pipeline_ver3.6/2017_07_30-BD-16_4818_pipeline_ver3.6--HD_163336_pipeline_ver3.6-T4/,wide
True,extra_candidate_release_object,,,NTT17c_DIBanalysis_candidate,Found in 2017-07 NTT17c quality/telluric/DIBanalysis traces; not yet tied to a publication.,8,BD-16  4818,BD-16 4818,O8.5V C,18:20:35.38,-16:10:48.5,0.95,BD-16 4818,BD-16_4818_o8_c2T,43,WIDE,1,0,2017-07-31-01:23:41.558,12852.3022,13228.9623,12852.08497089836,13228.74510382604,/Users/hamano/DIB_analysis/DIB_pipeline_dir/BD-16_4818/2017_07_30-BD-16_4818_pipeline_ver3.6/2017_07_30-BD-16_4818_pipeline_ver3.6--HD_163336_pipeline_ver3.6-T4/sum/BD-16_4818_sum_m43_fsr1.30_AIR_tel_wscor_helio.fits,True,25920,BD-16_4818/BD-16_4818_o8_c2T/BD-16_4818_sum_m43_fsr1.30_AIR_tel_wscor_helio.fits,BD-16_4818,/Users/hamano/DIB_analysis/DIB_pipeline_dir/BD-16_4818/2017_07_30-BD-16_4818_pipeline_ver3.6/2017_07_30-BD-16_4818_pipeline_ver3.6--HD_163336_pipeline_ver3.6-T4/,wide
True,extra_candidate_release_object,,,NTT17c_DIBanalysis_candidate,Found in 2017-07 NTT17c quality/telluric/DIBanalysis traces; not yet tied to a publication.,8,BD-16  4818,BD-16 4818,O8.5V C,18:20:35.38,-16:10:48.5,0.95,BD-16 4818,BD-16_4818_o8_c2T,52,WIDE,1,0,2017-07-31-01:23:41.558,10645.076,10917.8061,10644.89585841185,10917.62596717529,/Users/hamano/DIB_analysis/DIB_pipeline_dir/BD-16_4818/2017_07_30-BD-16_4818_pipeline_ver3.6/2017_07_30-BD-16_4818_pipeline_ver3.6--HD_163336_pipeline_ver3.6-T4/sum/BD-16_4818_sum_m52_fsr1.30_AIR_tel_wscor_helio.fits,True,25920,BD-16_4818/BD-16_4818_o8_c2T/BD-16_4818_sum_m52_fsr1.30_AIR_tel_wscor_helio.fits,BD-16_4818,/Users/hamano/DIB_analysis/DIB_pipeline_dir/BD-16_4818/2017_07_30-BD-16_4818_pipeline_ver3.6/2017_07_30-BD-16_4818_pipeline_ver3.6--HD_163336_pipeline_ver3.6-T4/,wide
True,extra_candidate_release_object,,,NTT17c_DIBanalysis_candidate,Found in 2017-07 NTT17c quality/telluric/DIBanalysis traces; not yet tied to a publication.,8,BD-16  4818,BD-16 4818,O8.5V C,18:20:35.38,-16:10:48.5,0.95,BD-16 4818,BD-16_4818_o8_c2T,60,WIDE,1,0,2017-07-31-01:23:41.558,9256.0626,9437.8478,9255.906954673213,9437.692127328784,/Users/hamano/DIB_analysis/DIB_pipeline_dir/BD-16_4818/2017_07_30-BD-16_4818_pipeline_ver3.6/2017_07_30-BD-16_4818_pipeline_ver3.6--HD_163336_pipeline_ver3.6-T4/sum/BD-16_4818_sum_m60_fsr1.30_AIR_tel_wscor_helio.fits,True,23040,BD-16_4818/BD-16_4818_o8_c2T/BD-16_4818_sum_m60_fsr1.30_AIR_tel_wscor_helio.fits,BD-16_4818,/Users/hamano/DIB_analysis/DIB_pipeline_dir/BD-16_4818/2017_07_30-BD-16_4818_pipeline_ver3.6/2017_07_30-BD-16_4818_pipeline_ver3.6--HD_163336_pipeline_ver3.6-T4/,wide
True,extra_candidate_release_object,,,NTT17c_DIBanalysis_candidate,Found in 2017-07 NTT17c quality/telluric/DIBanalysis traces; not yet tied to a publication.,8,BD-16  4818,BD-16 4818,O8.5V C,18:20:35.38,-16:10:48.5,0.95,BD-16 4818,BD-16_4818_o8_c2T,50,WIDE,1,0,2017-07-31-01:23:41.558,11063.4295,11349.1485,11063.24213166147,11348.96118339252,/Users/hamano/DIB_analysis/DIB_pipeline_dir/BD-16_4818/2017_07_30-BD-16_4818_pipeline_ver3.6/2017_07_30-BD-16_4818_pipeline_ver3.6--HD_163336_pipeline_ver3.6-T4/sum/BD-16_4818_sum_m50_fsr1.30_AIR_tel_wscor_helio.fits,True,25920,BD-16_4818/BD-16_4818_o8_c2T/BD-16_4818_sum_m50_fsr1.30_AIR_tel_wscor_helio.fits,BD-16_4818,/Users/hamano/DIB_analysis/DIB_pipeline_dir/BD-16_4818/2017_07_30-BD-16_4818_pipeline_ver3.6/2017_07_30-BD-16_4818_pipeline_ver3.6--HD_163336_pipeline_ver3.6-T4/,wide
True,extra_candidate_release_object,,,NTT17c_DIBanalysis_candidate,Found in 2017-07 NTT17c quality/telluric/DIBanalysis traces; not yet tied to a publication.,8,BD-16  4818,BD-16 4818,O8.5V C,18:20:35.38,-16:10:48.5,0.95,BD-16 4818,BD-16_4818_o8_c2T,42,WIDE,1,0,2017-07-31-01:23:41.558,13137.7018,13553.3433,13137.47950499021,13553.12105880139,/Users/hamano/DIB_analysis/DIB_pipeline_dir/BD-16_4818/2017_07_30-BD-16_4818_pipeline_ver3.6/2017_07_30-BD-16_4818_pipeline_ver3.6--HD_163336_pipeline_ver3.6-T4/sum/BD-16_4818_sum_m42_fsr1.30_AIR_tel_wscor_helio.fits,True,25920,BD-16_4818/BD-16_4818_o8_c2T/BD-16_4818_sum_m42_fsr1.30_AIR_tel_wscor_helio.fits,BD-16_4818,/Users/hamano/DIB_analysis/DIB_pipeline_dir/BD-16_4818/2017_07_30-BD-16_4818_pipeline_ver3.6/2017_07_30-BD-16_4818_pipeline_ver3.6--HD_163336_pipeline_ver3.6-T4/,wide
True,extra_candidate_release_object,,,NTT17c_DIBanalysis_candidate,Found in 2017-07 NTT17c quality/telluric/DIBanalysis traces; not yet tied to a publication.,8,BD-16  4818,BD-16 4818,O8.5V C,18:20:35.38,-16:10:48.5,0.95,BD-16 4818,BD-16_4818_o8_c2T,47,WIDE,1,0,2017-07-31-01:23:41.558,11758.6857,12083.3803,11758.48664035982,12083.18127251002,/Users/hamano/DIB_analysis/DIB_pipeline_dir/BD-16_4818/2017_07_30-BD-16_4818_pipeline_ver3.6/2017_07_30-BD-16_4818_pipeline_ver3.6--HD_163336_pipeline_ver3.6-T4/sum/BD-16_4818_sum_m47_fsr1.30_AIR_tel_wscor_helio.fits,True,25920,BD-16_4818/BD-16_4818_o8_c2T/BD-16_4818_sum_m47_fsr1.30_AIR_tel_wscor_helio.fits,BD-16_4818,/Users/hamano/DIB_analysis/DIB_pipeline_dir/BD-16_4818/2017_07_30-BD-16_4818_pipeline_ver3.6/2017_07_30-BD-16_4818_pipeline_ver3.6--HD_163336_pipeline_ver3.6-T4/,wide
True,extra_candidate_release_object,,,NTT17c_DIBanalysis_candidate,Found in 2017-07 NTT17c quality/telluric/DIBanalysis traces; not yet tied to a publication.,8,BD-16  4818,BD-16 4818,O8.5V C,18:20:35.38,-16:10:48.5,0.95,BD-16 4818,BD-16_4818_o8_c2T,61,WIDE,1,0,2017-07-31-01:23:41.558,9093.1192,9300.8978,9092.966226255598,9300.744824217245,/Users/hamano/DIB_analysis/DIB_pipeline_dir/BD-16_4818/2017_07_30-BD-16_4818_pipeline_ver3.6/2017_07_30-BD-16_4818_pipeline_ver3.6--HD_163336_pipeline_ver3.6-T4/sum/BD-16_4818_sum_m61_fsr1.30_AIR_tel_wscor_helio.fits,True,23040,BD-16_4818/BD-16_4818_o8_c2T/BD-16_4818_sum_m61_fsr1.30_AIR_tel_wscor_helio.fits,BD-16_4818,/Users/hamano/DIB_analysis/DIB_pipeline_dir/BD-16_4818/2017_07_30-BD-16_4818_pipeline_ver3.6/2017_07_30-BD-16_4818_pipeline_ver3.6--HD_163336_pipeline_ver3.6-T4/,wide
True,extra_candidate_release_object,,,NTT17c_DIBanalysis_candidate,Found in 2017-07 NTT17c quality/telluric/DIBanalysis traces; not yet tied to a publication.,8,BD-16  4818,BD-16 4818,O8.5V C,18:20:35.38,-16:10:48.5,0.95,BD-16 4818,BD-16_4818_o8_c2T,55,WIDE,1,0,2017-07-31-01:23:41.558,10069.7776,10303.5312,10069.60750274412,10303.36106777114,/Users/hamano/DIB_analysis/DIB_pipeline_dir/BD-16_4818/2017_07_30-BD-16_4818_pipeline_ver3.6/2017_07_30-BD-16_4818_pipeline_ver3.6--HD_163336_pipeline_ver3.6-T4/sum/BD-16_4818_sum_m55_fsr1.30_AIR_tel_wscor_helio.fits,True,23040,BD-16_4818/BD-16_4818_o8_c2T/BD-16_4818_sum_m55_fsr1.30_AIR_tel_wscor_helio.fits,BD-16_4818,/Users/hamano/DIB_analysis/DIB_pipeline_dir/BD-16_4818/2017_07_30-BD-16_4818_pipeline_ver3.6/2017_07_30-BD-16_4818_pipeline_ver3.6--HD_163336_pipeline_ver3.6-T4/,wide
True,extra_candidate_release_object,,,NTT17c_DIBanalysis_candidate,Found in 2017-07 NTT17c quality/telluric/DIBanalysis traces; not yet tied to a publication.,8,BD-16  4818,BD-16 4818,O8.5V C,18:20:35.38,-16:10:48.5,0.95,BD-16 4818,BD-16_4818_o8_c2T,51,WIDE,1,0,2017-07-31-01:23:41.558,10855.0026,11127.7298,10854.81890541082,11127.54609923457,/Users/hamano/DIB_analysis/DIB_pipeline_dir/BD-16_4818/2017_07_30-BD-16_4818_pipeline_ver3.6/2017_07_30-BD-16_4818_pipeline_ver3.6--HD_163336_pipeline_ver3.6-T4/sum/BD-16_4818_sum_m51_fsr1.30_AIR_tel_wscor_helio.fits,True,25920,BD-16_4818/BD-16_4818_o8_c2T/BD-16_4818_sum_m51_fsr1.30_AIR_tel_wscor_helio.fits,BD-16_4818,/Users/hamano/DIB_analysis/DIB_pipeline_dir/BD-16_4818/2017_07_30-BD-16_4818_pipeline_ver3.6/2017_07_30-BD-16_4818_pipeline_ver3.6--HD_163336_pipeline_ver3.6-T4/,wide
True,extra_candidate_release_object,,,NTT17c_DIBanalysis_candidate,Found in 2017-07 NTT17c quality/telluric/DIBanalysis traces; not yet tied to a publication.,8,BD-16  4818,BD-16 4818,O8.5V C,18:20:35.38,-16:10:48.5,0.95,BD-16 4818,BD-16_4818_o8_c2T,49,WIDE,1,0,2017-07-31-01:23:41.558,11280.3533,11592.0599,11280.16216970915,11591.86883092819,/Users/hamano/DIB_analysis/DIB_pipeline_dir/BD-16_4818/2017_07_30-BD-16_4818_pipeline_ver3.6/2017_07_30-BD-16_4818_pipeline_ver3.6--HD_163336_pipeline_ver3.6-T4/sum/BD-16_4818_sum_m49_fsr1.30_AIR_tel_wscor_helio.fits,True,25920,BD-16_4818/BD-16_4818_o8_c2T/BD-16_4818_sum_m49_fsr1.30_AIR_tel_wscor_helio.fits,BD-16_4818,/Users/hamano/DIB_analysis/DIB_pipeline_dir/BD-16_4818/2017_07_30-BD-16_4818_pipeline_ver3.6/2017_07_30-BD-16_4818_pipeline_ver3.6--HD_163336_pipeline_ver3.6-T4/,wide
True,extra_candidate_release_object,,,NTT17c_DIBanalysis_candidate,Found in 2017-07 NTT17c quality/telluric/DIBanalysis traces; not yet tied to a publication.,8,BD-16  4818,BD-16 4818,O8.5V C,18:20:35.38,-16:10:48.5,0.95,BD-16 4818,BD-16_4818_o8_c2T,48,WIDE,1,0,2017-07-31-01:23:41.558,11520.2693,11831.9721,11520.07426084308,11831.77703212258,/Users/hamano/DIB_analysis/DIB_pipeline_dir/BD-16_4818/2017_07_30-BD-16_4818_pipeline_ver3.6/2017_07_30-BD-16_4818_pipeline_ver3.6--HD_163336_pipeline_ver3.6-T4/sum/BD-16_4818_sum_m48_fsr1.30_AIR_tel_wscor_helio.fits,True,25920,BD-16_4818/BD-16_4818_o8_c2T/BD-16_4818_sum_m48_fsr1.30_AIR_tel_wscor_helio.fits,BD-16_4818,/Users/hamano/DIB_analysis/DIB_pipeline_dir/BD-16_4818/2017_07_30-BD-16_4818_pipeline_ver3.6/2017_07_30-BD-16_4818_pipeline_ver3.6--HD_163336_pipeline_ver3.6-T4/,wide
True,paper_2206_03131_reddened_target,Hamano2016_CygOB2_DIB,10.3847/0004-637X/821/1/42,,,14,BD+40  4227A,CygOB_8 | Cyg OB2 8 | VI Cyg 8A | CygOB2No8A,O6Ib(fc)+O4.5:III:(fc) C,20:33:15.07,+41:18:50.4,1.59,Cyg OB2 8A,BD+40_4227A_o14_c3T,56,WIDE,1,0,2014-09-16-15:25:39.142,9890.2617,10124.1774,9890.09452470309,10124.01017361131,/Users/hamano/DIB_analysis/DIB_pipeline_dir/BD+40_4227A/2014_09_16-CygOB2No8A_pipeline_ver3.5/2014_09_16-CygOB2No8A_pipeline_ver3.5--2014_09_16-35_Vul_pipeline_ver3.5-T6/sum/CygOB2No8A_sum_m56_fsr1.30_AIR_tel_wscor_helio.fits,True,17280,CygOB2No8A/BD+40_4227A_o14_c3T/CygOB2No8A_sum_m56_fsr1.30_AIR_tel_wscor_helio.fits,CygOB2No8A,/Users/hamano/DIB_analysis/DIB_pipeline_dir/BD+40_4227A/2014_09_16-CygOB2No8A_pipeline_ver3.5/2014_09_16-CygOB2No8A_pipeline_ver3.5--2014_09_16-35_Vul_pipeline_ver3.5-T6/,wide
True,paper_2206_03131_reddened_target,Hamano2016_CygOB2_DIB,10.3847/0004-637X/821/1/42,,,14,BD+40  4227A,CygOB_8 | Cyg OB2 8 | VI Cyg 8A | CygOB2No8A,O6Ib(fc)+O4.5:III:(fc) C,20:33:15.07,+41:18:50.4,1.59,Cyg OB2 8A,BD+40_4227A_o14_c3T,53,WIDE,1,0,2014-09-16-15:25:39.142,10447.1073,10707.0045,10446.93045016918,10706.82765721436,/Users/hamano/DIB_analysis/DIB_pipeline_dir/BD+40_4227A/2014_09_16-CygOB2No8A_pipeline_ver3.5/2014_09_16-CygOB2No8A_pipeline_ver3.5--2014_09_16-35_Vul_pipeline_ver3.5-T6/sum/CygOB2No8A_sum_m53_fsr1.30_AIR_tel_wscor_helio.fits,True,20160,CygOB2No8A/BD+40_4227A_o14_c3T/CygOB2No8A_sum_m53_fsr1.30_AIR_tel_wscor_helio.fits,CygOB2No8A,/Users/hamano/DIB_analysis/DIB_pipeline_dir/BD+40_4227A/2014_09_16-CygOB2No8A_pipeline_ver3.5/2014_09_16-CygOB2No8A_pipeline_ver3.5--2014_09_16-35_Vul_pipeline_ver3.5-T6/,wide
True,paper_2206_03131_reddened_target,Hamano2016_CygOB2_DIB,10.3847/0004-637X/821/1/42,,,14,BD+40  4227A,VI Cyg 8A | CygOB_8 | Cyg OB2 8 | CygOB2No8A,O6Ib(fc)+O4.5:III:(fc) C,20:33:15.07,+41:18:50.4,1.59,Cyg OB2 8A,BD+40_4227A_o14_c3T,44,WIDE,1,0,2014-09-16-15:25:39.142,12551.2917,12938.1591,12551.07953378839,12937.94690620383,/Users/hamano/DIB_analysis/DIB_pipeline_dir/BD+40_4227A/2014_09_16-CygOB2No8A_pipeline_ver3.5/2014_09_16-CygOB2No8A_pipeline_ver3.5--2014_09_16-35_Vul_pipeline_ver3.5-T6/sum/CygOB2No8A_sum_m44_fsr1.30_AIR_tel_wscor_helio.fits,True,20160,CygOB2No8A/BD+40_4227A_o14_c3T/CygOB2No8A_sum_m44_fsr1.30_AIR_tel_wscor_helio.fits,CygOB2No8A,/Users/hamano/DIB_analysis/DIB_pipeline_dir/BD+40_4227A/2014_09_16-CygOB2No8A_pipeline_ver3.5/2014_09_16-CygOB2No8A_pipeline_ver3.5--2014_09_16-35_Vul_pipeline_ver3.5-T6/,wide
True,paper_2206_03131_reddened_target,Hamano2016_CygOB2_DIB,10.3847/0004-637X/821/1/42,,,14,BD+40  4227A,VI Cyg 8A | CygOB_8 | Cyg OB2 8 | CygOB2No8A,O6Ib(fc)+O4.5:III:(fc) C,20:33:15.07,+41:18:50.4,1.59,Cyg OB2 8A,BD+40_4227A_o14_c3T,49,WIDE,1,0,2014-09-16-15:25:39.142,11283.5002,11592.667,11283.31212497145,11592.47890049669,/Users/hamano/DIB_analysis/DIB_pipeline_dir/BD+40_4227A/2014_09_16-CygOB2No8A_pipeline_ver3.5/2014_09_16-CygOB2No8A_pipeline_ver3.5--2014_09_16-35_Vul_pipeline_ver3.5-T6/sum/CygOB2No8A_sum_m49_fsr1.30_AIR_tel_wscor_helio.fits,True,20160,CygOB2No8A/BD+40_4227A_o14_c3T/CygOB2No8A_sum_m49_fsr1.30_AIR_tel_wscor_helio.fits,CygOB2No8A,/Users/hamano/DIB_analysis/DIB_pipeline_dir/BD+40_4227A/2014_09_16-CygOB2No8A_pipeline_ver3.5/2014_09_16-CygOB2No8A_pipeline_ver3.5--2014_09_16-35_Vul_pipeline_ver3.5-T6/,wide
True,paper_2206_03131_reddened_target,Hamano2016_CygOB2_DIB,10.3847/0004-637X/821/1/42,,,14,BD+40  4227A,CygOB_8 | Cyg OB2 8 | VI Cyg 8A | CygOB2No8A,O6Ib(fc)+O4.5:III:(fc) C,20:33:15.07,+41:18:50.4,1.59,Cyg OB2 8A,BD+40_4227A_o14_c3T,50,WIDE,1,0,2014-09-16-15:25:39.142,11063.9156,11349.7436,11063.72821529056,11349.55621958457,/Users/hamano/DIB_analysis/DIB_pipeline_dir/BD+40_4227A/2014_09_16-CygOB2No8A_pipeline_ver3.5/2014_09_16-CygOB2No8A_pipeline_ver3.5--2014_09_16-35_Vul_pipeline_ver3.5-T6/sum/CygOB2No8A_sum_m50_fsr1.30_AIR_tel_wscor_helio.fits,True,20160,CygOB2No8A/BD+40_4227A_o14_c3T/CygOB2No8A_sum_m50_fsr1.30_AIR_tel_wscor_helio.fits,CygOB2No8A,/Users/hamano/DIB_analysis/DIB_pipeline_dir/BD+40_4227A/2014_09_16-CygOB2No8A_pipeline_ver3.5/2014_09_16-CygOB2No8A_pipeline_ver3.5--2014_09_16-35_Vul_pipeline_ver3.5-T6/,wide
True,paper_2206_03131_reddened_target,Hamano2016_CygOB2_DIB,10.3847/0004-637X/821/1/42,,,14,BD+40  4227A,CygOB_8 | Cyg OB2 8 | VI Cyg 8A | CygOB2No8A,O6Ib(fc)+O4.5:III:(fc) C,20:33:15.07,+41:18:50.4,1.59,Cyg OB2 8A,BD+40_4227A_o14_c3T,52,WIDE,1,0,2014-09-16-15:25:39.142,10645.585,10918.4422,10645.40473942023,10918.26196819282,/Users/hamano/DIB_analysis/DIB_pipeline_dir/BD+40_4227A/2014_09_16-CygOB2No8A_pipeline_ver3.5/2014_09_16-CygOB2No8A_pipeline_ver3.5--2014_09_16-35_Vul_pipeline_ver3.5-T6/sum/CygOB2No8A_sum_m52_fsr1.30_AIR_tel_wscor_helio.fits,True,20160,CygOB2No8A/BD+40_4227A_o14_c3T/CygOB2No8A_sum_m52_fsr1.30_AIR_tel_wscor_helio.fits,CygOB2No8A,/Users/hamano/DIB_analysis/DIB_pipeline_dir/BD+40_4227A/2014_09_16-CygOB2No8A_pipeline_ver3.5/2014_09_16-CygOB2No8A_pipeline_ver3.5--2014_09_16-35_Vul_pipeline_ver3.5-T6/,wide
True,paper_2206_03131_reddened_target,Hamano2016_CygOB2_DIB,10.3847/0004-637X/821/1/42,,,14,BD+40  4227A,CygOB_8 | Cyg OB2 8 | VI Cyg 8A | CygOB2No8A,O6Ib(fc)+O4.5:III:(fc) C,20:33:15.07,+41:18:50.4,1.59,Cyg OB2 8A,BD+40_4227A_o14_c3T,42,WIDE,1,0,2014-09-16-15:25:39.142,13138.329,13553.7162,13138.1074394955,13553.49468561504,/Users/hamano/DIB_analysis/DIB_pipeline_dir/BD+40_4227A/2014_09_16-CygOB2No8A_pipeline_ver3.5/2014_09_16-CygOB2No8A_pipeline_ver3.5--2014_09_16-35_Vul_pipeline_ver3.5-T6/sum/CygOB2No8A_sum_m42_fsr1.30_AIR_tel_wscor_helio.fits,True,20160,CygOB2No8A/BD+40_4227A_o14_c3T/CygOB2No8A_sum_m42_fsr1.30_AIR_tel_wscor_helio.fits,CygOB2No8A,/Users/hamano/DIB_analysis/DIB_pipeline_dir/BD+40_4227A/2014_09_16-CygOB2No8A_pipeline_ver3.5/2014_09_16-CygOB2No8A_pipeline_ver3.5--2014_09_16-35_Vul_pipeline_ver3.5-T6/,wide
True,paper_2206_03131_reddened_target,Hamano2016_CygOB2_DIB,10.3847/0004-637X/821/1/42,,,14,BD+40  4227A,CygOB_8 | Cyg OB2 8 | VI Cyg 8A | CygOB2No8A,O6Ib(fc)+O4.5:III:(fc) C,20:33:15.07,+41:18:50.4,1.59,Cyg OB2 8A,BD+40_4227A_o14_c3T,45,WIDE,1,0,2014-09-16-15:25:39.142,12290.1045,12638.3398,12289.90038658962,12638.13567790115,/Users/hamano/DIB_analysis/DIB_pipeline_dir/BD+40_4227A/2014_09_16-CygOB2No8A_pipeline_ver3.5/2014_09_16-CygOB2No8A_pipeline_ver3.5--2014_09_16-35_Vul_pipeline_ver3.5-T6/sum/CygOB2No8A_sum_m45_fsr1.30_AIR_tel_wscor_helio.fits,True,20160,CygOB2No8A/BD+40_4227A_o14_c3T/CygOB2No8A_sum_m45_fsr1.30_AIR_tel_wscor_helio.fits,CygOB2No8A,/Users/hamano/DIB_analysis/DIB_pipeline_dir/BD+40_4227A/2014_09_16-CygOB2No8A_pipeline_ver3.5/2014_09_16-CygOB2No8A_pipeline_ver3.5--2014_09_16-35_Vul_pipeline_ver3.5-T6/,wide
True,paper_2206_03131_reddened_target,Hamano2016_CygOB2_DIB,10.3847/0004-637X/821/1/42,,,14,BD+40  4227A,CygOB_8 | Cyg OB2 8 | VI Cyg 8A | CygOB2No8A,O6Ib(fc)+O4.5:III:(fc) C,20:33:15.07,+41:18:50.4,1.59,Cyg OB2 8A,BD+40_4227A_o14_c3T,58,WIDE,1,0,2014-09-16-15:25:39.142,9550.3582,9784.2494,9550.196910900217,9784.088126966693,/Users/hamano/DIB_analysis/DIB_pipeline_dir/BD+40_4227A/2014_09_16-CygOB2No8A_pipeline_ver3.5/2014_09_16-CygOB2No8A_pipeline_ver3.5--2014_09_16-35_Vul_pipeline_ver3.5-T6/sum/CygOB2No8A_sum_m58_fsr1.30_AIR_tel_wscor_helio.fits,True,20160,CygOB2No8A/BD+40_4227A_o14_c3T/CygOB2No8A_sum_m58_fsr1.30_AIR_tel_wscor_helio.fits,CygOB2No8A,/Users/hamano/DIB_analysis/DIB_pipeline_dir/BD+40_4227A/2014_09_16-CygOB2No8A_pipeline_ver3.5/2014_09_16-CygOB2No8A_pipeline_ver3.5--2014_09_16-35_Vul_pipeline_ver3.5-T6/,wide
True,paper_2206_03131_reddened_target,Hamano2016_CygOB2_DIB,10.3847/0004-637X/821/1/42,,,14,BD+40  4227A,VI Cyg 8A | CygOB_8 | Cyg OB2 8 | CygOB2No8A,O6Ib(fc)+O4.5:III:(fc) C,20:33:15.07,+41:18:50.4,1.59,Cyg OB2 8A,BD+40_4227A_o14_c3T,59,WIDE,1,0,2014-09-16-15:25:39.142,9393.3546,9601.2936,9393.19611348959,9601.135092268931,/Users/hamano/DIB_analysis/DIB_pipeline_dir/BD+40_4227A/2014_09_16-CygOB2No8A_pipeline_ver3.5/2014_09_16-CygOB2No8A_pipeline_ver3.5--2014_09_16-35_Vul_pipeline_ver3.5-T6/sum/CygOB2No8A_sum_m59_fsr1.30_AIR_tel_wscor_helio.fits,True,17280,CygOB2No8A/BD+40_4227A_o14_c3T/CygOB2No8A_sum_m59_fsr1.30_AIR_tel_wscor_helio.fits,CygOB2No8A,/Users/hamano/DIB_analysis/DIB_pipeline_dir/BD+40_4227A/2014_09_16-CygOB2No8A_pipeline_ver3.5/2014_09_16-CygOB2No8A_pipeline_ver3.5--2014_09_16-35_Vul_pipeline_ver3.5-T6/,wide
True,paper_2206_03131_reddened_target,Hamano2016_CygOB2_DIB,10.3847/0004-637X/821/1/42,,,14,BD+40  4227A,CygOB_8 | Cyg OB2 8 | VI Cyg 8A | CygOB2No8A,O6Ib(fc)+O4.5:III:(fc) C,20:33:15.07,+41:18:50.4,1.59,Cyg OB2 8A,BD+40_4227A_o14_c3T,60,WIDE,1,0,2014-09-16-15:25:39.142,9256.4237,9438.3538,9256.267943828003,9438.198065493927,/Users/hamano/DIB_analysis/DIB_pipeline_dir/BD+40_4227A/2014_09_16-CygOB2No8A_pipeline_ver3.5/2014_09_16-CygOB2No8A_pipeline_ver3.5--2014_09_16-35_Vul_pipeline_ver3.5-T6/sum/CygOB2No8A_sum_m60_fsr1.30_AIR_tel_wscor_helio.fits,True,17280,CygOB2No8A/BD+40_4227A_o14_c3T/CygOB2No8A_sum_m60_fsr1.30_AIR_tel_wscor_helio.fits,CygOB2No8A,/Users/hamano/DIB_analysis/DIB_pipeline_dir/BD+40_4227A/2014_09_16-CygOB2No8A_pipeline_ver3.5/2014_09_16-CygOB2No8A_pipeline_ver3.5--2014_09_16-35_Vul_pipeline_ver3.5-T6/,wide
True,paper_2206_03131_reddened_target,Hamano2016_CygOB2_DIB,10.3847/0004-637X/821/1/42,,,14,BD+40  4227A,CygOB_8 | Cyg OB2 8 | VI Cyg 8A | CygOB2No8A,O6Ib(fc)+O4.5:III:(fc) C,20:33:15.07,+41:18:50.4,1.59,Cyg OB2 8A,BD+40_4227A_o14_c3T,43,WIDE,1,0,2014-09-16-15:25:39.142,12852.9694,13229.7939,12852.75261118862,13229.57708793704,/Users/hamano/DIB_analysis/DIB_pipeline_dir/BD+40_4227A/2014_09_16-CygOB2No8A_pipeline_ver3.5/2014_09_16-CygOB2No8A_pipeline_ver3.5--2014_09_16-35_Vul_pipeline_ver3.5-T6/sum/CygOB2No8A_sum_m43_fsr1.30_AIR_tel_wscor_helio.fits,True,20160,CygOB2No8A/BD+40_4227A_o14_c3T/CygOB2No8A_sum_m43_fsr1.30_AIR_tel_wscor_helio.fits,CygOB2No8A,/Users/hamano/DIB_analysis/DIB_pipeline_dir/BD+40_4227A/2014_09_16-CygOB2No8A_pipeline_ver3.5/2014_09_16-CygOB2No8A_pipeline_ver3.5--2014_09_16-35_Vul_pipeline_ver3.5-T6/,wide
True,paper_2206_03131_reddened_target,Hamano2016_CygOB2_DIB,10.3847/0004-637X/821/1/42,,,14,BD+40  4227A,CygOB_8 | Cyg OB2 8 | VI Cyg 8A | CygOB2No8A,O6Ib(fc)+O4.5:III:(fc) C,20:33:15.07,+41:18:50.4,1.59,Cyg OB2 8A,BD+40_4227A_o14_c3T,46,WIDE,1,0,2014-09-16-15:25:39.142,12006.0063,12356.8863,12005.80285386072,12356.68284993525,/Users/hamano/DIB_analysis/DIB_pipeline_dir/BD+40_4227A/2014_09_16-CygOB2No8A_pipeline_ver3.5/2014_09_16-CygOB2No8A_pipeline_ver3.5--2014_09_16-35_Vul_pipeline_ver3.5-T6/sum/CygOB2No8A_sum_m46_fsr1.30_AIR_tel_wscor_helio.fits,True,20160,CygOB2No8A/BD+40_4227A_o14_c3T/CygOB2No8A_sum_m46_fsr1.30_AIR_tel_wscor_helio.fits,CygOB2No8A,/Users/hamano/DIB_analysis/DIB_pipeline_dir/BD+40_4227A/2014_09_16-CygOB2No8A_pipeline_ver3.5/2014_09_16-CygOB2No8A_pipeline_ver3.5--2014_09_16-35_Vul_pipeline_ver3.5-T6/,wide
True,paper_2206_03131_reddened_target,Hamano2016_CygOB2_DIB,10.3847/0004-637X/821/1/42,,,14,BD+40  4227A,CygOB_8 | Cyg OB2 8 | VI Cyg 8A | CygOB2No8A,O6Ib(fc)+O4.5:III:(fc) C,20:33:15.07,+41:18:50.4,1.59,Cyg OB2 8A,BD+40_4227A_o14_c3T,47,WIDE,1,0,2014-09-16-15:25:39.142,11765.2312,12084.067,11765.03539562652,12083.87119869384,/Users/hamano/DIB_analysis/DIB_pipeline_dir/BD+40_4227A/2014_09_16-CygOB2No8A_pipeline_ver3.5/2014_09_16-CygOB2No8A_pipeline_ver3.5--2014_09_16-35_Vul_pipeline_ver3.5-T6/sum/CygOB2No8A_sum_m47_fsr1.30_AIR_tel_wscor_helio.fits,True,20160,CygOB2No8A/BD+40_4227A_o14_c3T/CygOB2No8A_sum_m47_fsr1.30_AIR_tel_wscor_helio.fits,CygOB2No8A,/Users/hamano/DIB_analysis/DIB_pipeline_dir/BD+40_4227A/2014_09_16-CygOB2No8A_pipeline_ver3.5/2014_09_16-CygOB2No8A_pipeline_ver3.5--2014_09_16-35_Vul_pipeline_ver3.5-T6/,wide
True,paper_2206_03131_reddened_target,Hamano2016_CygOB2_DIB,10.3847/0004-637X/821/1/42,,,14,BD+40  4227A,CygOB_8 | Cyg OB2 8 | VI Cyg 8A | CygOB2No8A,O6Ib(fc)+O4.5:III:(fc) C,20:33:15.07,+41:18:50.4,1.59,Cyg OB2 8A,BD+40_4227A_o14_c3T,55,WIDE,1,0,2014-09-16-15:25:39.142,10070.1377,10304.1247,10069.9674501221,10303.95437959506,/Users/hamano/DIB_analysis/DIB_pipeline_dir/BD+40_4227A/2014_09_16-CygOB2No8A_pipeline_ver3.5/2014_09_16-CygOB2No8A_pipeline_ver3.5--2014_09_16-35_Vul_pipeline_ver3.5-T6/sum/CygOB2No8A_sum_m55_fsr1.30_AIR_tel_wscor_helio.fits,True,17280,CygOB2No8A/BD+40_4227A_o14_c3T/CygOB2No8A_sum_m55_fsr1.30_AIR_tel_wscor_helio.fits,CygOB2No8A,/Users/hamano/DIB_analysis/DIB_pipeline_dir/BD+40_4227A/2014_09_16-CygOB2No8A_pipeline_ver3.5/2014_09_16-CygOB2No8A_pipeline_ver3.5--2014_09_16-35_Vul_pipeline_ver3.5-T6/,wide
True,paper_2206_03131_reddened_target,Hamano2016_CygOB2_DIB,10.3847/0004-637X/821/1/42,,,14,BD+40  4227A,CygOB_8 | Cyg OB2 8 | VI Cyg 8A | CygOB2No8A,O6Ib(fc)+O4.5:III:(fc) C,20:33:15.07,+41:18:50.4,1.59,Cyg OB2 8A,BD+40_4227A_o14_c3T,48,WIDE,1,0,2014-09-16-15:25:39.142,11520.7265,11832.5312,11520.5346373278,11832.33931459496,/Users/hamano/DIB_analysis/DIB_pipeline_dir/BD+40_4227A/2014_09_16-CygOB2No8A_pipeline_ver3.5/2014_09_16-CygOB2No8A_pipeline_ver3.5--2014_09_16-35_Vul_pipeline_ver3.5-T6/sum/CygOB2No8A_sum_m48_fsr1.30_AIR_tel_wscor_helio.fits,True,20160,CygOB2No8A/BD+40_4227A_o14_c3T/CygOB2No8A_sum_m48_fsr1.30_AIR_tel_wscor_helio.fits,CygOB2No8A,/Users/hamano/DIB_analysis/DIB_pipeline_dir/BD+40_4227A/2014_09_16-CygOB2No8A_pipeline_ver3.5/2014_09_16-CygOB2No8A_pipeline_ver3.5--2014_09_16-35_Vul_pipeline_ver3.5-T6/,wide
True,paper_2206_03131_reddened_target,Hamano2016_CygOB2_DIB,10.3847/0004-637X/821/1/42,,,14,BD+40  4227A,VI Cyg 8A | CygOB_8 | Cyg OB2 8 | CygOB2No8A,O6Ib(fc)+O4.5:III:(fc) C,20:33:15.07,+41:18:50.4,1.59,Cyg OB2 8A,BD+40_4227A_o14_c3T,57,WIDE,1,0,2014-09-16-15:25:39.142,9733.2586,9941.1429,9733.094383141106,9940.978715132698,/Users/hamano/DIB_analysis/DIB_pipeline_dir/BD+40_4227A/2014_09_16-CygOB2No8A_pipeline_ver3.5/2014_09_16-CygOB2No8A_pipeline_ver3.5--2014_09_16-35_Vul_pipeline_ver3.5-T6/sum/CygOB2No8A_sum_m57_fsr1.30_AIR_tel_wscor_helio.fits,True,17280,CygOB2No8A/BD+40_4227A_o14_c3T/CygOB2No8A_sum_m57_fsr1.30_AIR_tel_wscor_helio.fits,CygOB2No8A,/Users/hamano/DIB_analysis/DIB_pipeline_dir/BD+40_4227A/2014_09_16-CygOB2No8A_pipeline_ver3.5/2014_09_16-CygOB2No8A_pipeline_ver3.5--2014_09_16-35_Vul_pipeline_ver3.5-T6/,wide
True,paper_2206_03131_reddened_target,Hamano2016_CygOB2_DIB,10.3847/0004-637X/821/1/42,,,14,BD+40  4227A,VI Cyg 8A | CygOB_8 | Cyg OB2 8 | CygOB2No8A,O6Ib(fc)+O4.5:III:(fc) C,20:33:15.07,+41:18:50.4,1.59,Cyg OB2 8A,BD+40_4227A_o14_c3T,54,WIDE,1,0,2014-09-16-15:25:39.142,10247.1484,10507.0426,10246.97487513916,10506.86913930943,/Users/hamano/DIB_analysis/DIB_pipeline_dir/BD+40_4227A/2014_09_16-CygOB2No8A_pipeline_ver3.5/2014_09_16-CygOB2No8A_pipeline_ver3.5--2014_09_16-35_Vul_pipeline_ver3.5-T6/sum/CygOB2No8A_sum_m54_fsr1.30_AIR_tel_wscor_helio.fits,True,20160,CygOB2No8A/BD+40_4227A_o14_c3T/CygOB2No8A_sum_m54_fsr1.30_AIR_tel_wscor_helio.fits,CygOB2No8A,/Users/hamano/DIB_analysis/DIB_pipeline_dir/BD+40_4227A/2014_09_16-CygOB2No8A_pipeline_ver3.5/2014_09_16-CygOB2No8A_pipeline_ver3.5--2014_09_16-35_Vul_pipeline_ver3.5-T6/,wide
True,paper_2206_03131_reddened_target,Hamano2016_CygOB2_DIB,10.3847/0004-637X/821/1/42,,,14,BD+40  4227A,CygOB_8 | Cyg OB2 8 | VI Cyg 8A | CygOB2No8A,O6Ib(fc)+O4.5:III:(fc) C,20:33:15.07,+41:18:50.4,1.59,Cyg OB2 8A,BD+40_4227A_o14_c3T,61,WIDE,1,0,2014-09-16-15:25:39.142,9093.5643,9301.4955,9093.411232376075,9301.342377127568,/Users/hamano/DIB_analysis/DIB_pipeline_dir/BD+40_4227A/2014_09_16-CygOB2No8A_pipeline_ver3.5/2014_09_16-CygOB2No8A_pipeline_ver3.5--2014_09_16-35_Vul_pipeline_ver3.5-T6/sum/CygOB2No8A_sum_m61_fsr1.30_AIR_tel_wscor_helio.fits,True,17280,CygOB2No8A/BD+40_4227A_o14_c3T/CygOB2No8A_sum_m61_fsr1.30_AIR_tel_wscor_helio.fits,CygOB2No8A,/Users/hamano/DIB_analysis/DIB_pipeline_dir/BD+40_4227A/2014_09_16-CygOB2No8A_pipeline_ver3.5/2014_09_16-CygOB2No8A_pipeline_ver3.5--2014_09_16-35_Vul_pipeline_ver3.5-T6/,wide
True,paper_2206_03131_reddened_target,Hamano2016_CygOB2_DIB,10.3847/0004-637X/821/1/42,,,14,BD+40  4227A,CygOB_8 | Cyg OB2 8 | VI Cyg 8A | CygOB2No8A,O6Ib(fc)+O4.5:III:(fc) C,20:33:15.07,+41:18:50.4,1.59,Cyg OB2 8A,BD+40_4227A_o14_c3T,51,WIDE,1,0,2014-09-16-15:25:39.142,10855.4978,11128.3862,10855.31399797291,11128.20248123978,/Users/hamano/DIB_analysis/DIB_pipeline_dir/BD+40_4227A/2014_09_16-CygOB2No8A_pipeline_ver3.5/2014_09_16-CygOB2No8A_pipeline_ver3.5--2014_09_16-35_Vul_pipeline_ver3.5-T6/sum/CygOB2No8A_sum_m51_fsr1.30_AIR_tel_wscor_helio.fits,True,20160,CygOB2No8A/BD+40_4227A_o14_c3T/CygOB2No8A_sum_m51_fsr1.30_AIR_tel_wscor_helio.fits,CygOB2No8A,/Users/hamano/DIB_analysis/DIB_pipeline_dir/BD+40_4227A/2014_09_16-CygOB2No8A_pipeline_ver3.5/2014_09_16-CygOB2No8A_pipeline_ver3.5--2014_09_16-35_Vul_pipeline_ver3.5-T6/,wide
True,paper_2206_03131_reddened_target,,,,,42,HD 170740,HD 170740,B2/3II D,18:31:25.69,-10:47:45.0,0.48,HD 170740,HD_170740_o42_c3T,46,WIDE,1,0,2017-07-31-03:17:21.637,12005.6646,12356.3484,12005.46126604986,12356.1451381874,/Users/hamano/DIB_analysis/DIB_pipeline_dir/HD_170740/2017_07_30-HD_170740_pipeline_ver3.6/2017_07_30-HD_170740_pipeline_ver3.6--HD_163336_pipeline_ver3.6-T3/sum/HD_170740_sum_m46_fsr1.30_AIR_tel_wscor_helio.fits,True,25920,HD_170740/HD_170740_o42_c3T/HD_170740_sum_m46_fsr1.30_AIR_tel_wscor_helio.fits,HD_170740,/Users/hamano/DIB_analysis/DIB_pipeline_dir/HD_170740/2017_07_30-HD_170740_pipeline_ver3.6/2017_07_30-HD_170740_pipeline_ver3.6--HD_163336_pipeline_ver3.6-T3/,wide
True,paper_2206_03131_reddened_target,,,,,42,HD 170740,HD 170740,B2/3II D,18:31:25.69,-10:47:45.0,0.48,HD 170740,HD_170740_o42_c3T,60,WIDE,1,0,2017-07-31-03:17:21.637,9256.0677,9437.8537,9255.912027985651,9437.698043494822,/Users/hamano/DIB_analysis/DIB_pipeline_dir/HD_170740/2017_07_30-HD_170740_pipeline_ver3.6/2017_07_30-HD_170740_pipeline_ver3.6--HD_163336_pipeline_ver3.6-T3/sum/HD_170740_sum_m60_fsr1.30_AIR_tel_wscor_helio.fits,True,23040,HD_170740/HD_170740_o42_c3T/HD_170740_sum_m60_fsr1.30_AIR_tel_wscor_helio.fits,HD_170740,/Users/hamano/DIB_analysis/DIB_pipeline_dir/HD_170740/2017_07_30-HD_170740_pipeline_ver3.6/2017_07_30-HD_170740_pipeline_ver3.6--HD_163336_pipeline_ver3.6-T3/,wide
True,paper_2206_03131_reddened_target,,,,,42,HD 170740,HD 170740,B2/3II D,18:31:25.69,-10:47:45.0,0.48,HD 170740,HD_170740_o42_c3T,54,WIDE,1,0,2017-07-31-03:17:21.637,10246.7425,10506.4849,10246.56909651457,10506.3114673681,/Users/hamano/DIB_analysis/DIB_pipeline_dir/HD_170740/2017_07_30-HD_170740_pipeline_ver3.6/2017_07_30-HD_170740_pipeline_ver3.6--HD_163336_pipeline_ver3.6-T3/sum/HD_170740_sum_m54_fsr1.30_AIR_tel_wscor_helio.fits,True,25920,HD_170740/HD_170740_o42_c3T/HD_170740_sum_m54_fsr1.30_AIR_tel_wscor_helio.fits,HD_170740,/Users/hamano/DIB_analysis/DIB_pipeline_dir/HD_170740/2017_07_30-HD_170740_pipeline_ver3.6/2017_07_30-HD_170740_pipeline_ver3.6--HD_163336_pipeline_ver3.6-T3/,wide
True,paper_2206_03131_reddened_target,,,,,42,HD 170740,HD 170740,B2/3II D,18:31:25.69,-10:47:45.0,0.48,HD 170740,HD_170740_o42_c3T,50,WIDE,1,0,2017-07-31-03:17:21.637,11063.4743,11349.1947,11063.28691906678,11349.00729554839,/Users/hamano/DIB_analysis/DIB_pipeline_dir/HD_170740/2017_07_30-HD_170740_pipeline_ver3.6/2017_07_30-HD_170740_pipeline_ver3.6--HD_163336_pipeline_ver3.6-T3/sum/HD_170740_sum_m50_fsr1.30_AIR_tel_wscor_helio.fits,True,25920,HD_170740/HD_170740_o42_c3T/HD_170740_sum_m50_fsr1.30_AIR_tel_wscor_helio.fits,HD_170740,/Users/hamano/DIB_analysis/DIB_pipeline_dir/HD_170740/2017_07_30-HD_170740_pipeline_ver3.6/2017_07_30-HD_170740_pipeline_ver3.6--HD_163336_pipeline_ver3.6-T3/,wide
True,paper_2206_03131_reddened_target,,,,,42,HD 170740,HD 170740,B2/3II D,18:31:25.69,-10:47:45.0,0.48,HD 170740,HD_170740_o42_c3T,52,WIDE,1,0,2017-07-31-03:17:21.637,10645.1117,10917.8431,10644.93154690192,10917.66292019151,/Users/hamano/DIB_analysis/DIB_pipeline_dir/HD_170740/2017_07_30-HD_170740_pipeline_ver3.6/2017_07_30-HD_170740_pipeline_ver3.6--HD_163336_pipeline_ver3.6-T3/sum/HD_170740_sum_m52_fsr1.30_AIR_tel_wscor_helio.fits,True,25920,HD_170740/HD_170740_o42_c3T/HD_170740_sum_m52_fsr1.30_AIR_tel_wscor_helio.fits,HD_170740,/Users/hamano/DIB_analysis/DIB_pipeline_dir/HD_170740/2017_07_30-HD_170740_pipeline_ver3.6/2017_07_30-HD_170740_pipeline_ver3.6--HD_163336_pipeline_ver3.6-T3/,wide
True,paper_2206_03131_reddened_target,,,,,42,HD 170740,HD 170740,B2/3II D,18:31:25.69,-10:47:45.0,0.48,HD 170740,HD_170740_o42_c3T,57,WIDE,1,0,2017-07-31-03:17:21.637,9732.9112,9940.6801,9732.747110771179,9940.515981632749,/Users/hamano/DIB_analysis/DIB_pipeline_dir/HD_170740/2017_07_30-HD_170740_pipeline_ver3.6/2017_07_30-HD_170740_pipeline_ver3.6--HD_163336_pipeline_ver3.6-T3/sum/HD_170740_sum_m57_fsr1.30_AIR_tel_wscor_helio.fits,True,23040,HD_170740/HD_170740_o42_c3T/HD_170740_sum_m57_fsr1.30_AIR_tel_wscor_helio.fits,HD_170740,/Users/hamano/DIB_analysis/DIB_pipeline_dir/HD_170740/2017_07_30-HD_170740_pipeline_ver3.6/2017_07_30-HD_170740_pipeline_ver3.6--HD_163336_pipeline_ver3.6-T3/,wide
True,paper_2206_03131_reddened_target,,,,,42,HD 170740,HD 170740,B2/3II D,18:31:25.69,-10:47:45.0,0.48,HD 170740,HD_170740_o42_c3T,59,WIDE,1,0,2017-07-31-03:17:21.637,9393.0227,9600.7974,9392.864333098678,9600.639037043486,/Users/hamano/DIB_analysis/DIB_pipeline_dir/HD_170740/2017_07_30-HD_170740_pipeline_ver3.6/2017_07_30-HD_170740_pipeline_ver3.6--HD_163336_pipeline_ver3.6-T3/sum/HD_170740_sum_m59_fsr1.30_AIR_tel_wscor_helio.fits,True,23040,HD_170740/HD_170740_o42_c3T/HD_170740_sum_m59_fsr1.30_AIR_tel_wscor_helio.fits,HD_170740,/Users/hamano/DIB_analysis/DIB_pipeline_dir/HD_170740/2017_07_30-HD_170740_pipeline_ver3.6/2017_07_30-HD_170740_pipeline_ver3.6--HD_163336_pipeline_ver3.6-T3/,wide
True,paper_2206_03131_reddened_target,,,,,42,HD 170740,HD 170740,B2/3II D,18:31:25.69,-10:47:45.0,0.48,HD 170740,HD_170740_o42_c3T,53,WIDE,1,0,2017-07-31-03:17:21.637,10446.6769,10706.4163,10446.50017238781,10706.23962854925,/Users/hamano/DIB_analysis/DIB_pipeline_dir/HD_170740/2017_07_30-HD_170740_pipeline_ver3.6/2017_07_30-HD_170740_pipeline_ver3.6--HD_163336_pipeline_ver3.6-T3/sum/HD_170740_sum_m53_fsr1.30_AIR_tel_wscor_helio.fits,True,25920,HD_170740/HD_170740_o42_c3T/HD_170740_sum_m53_fsr1.30_AIR_tel_wscor_helio.fits,HD_170740,/Users/hamano/DIB_analysis/DIB_pipeline_dir/HD_170740/2017_07_30-HD_170740_pipeline_ver3.6/2017_07_30-HD_170740_pipeline_ver3.6--HD_163336_pipeline_ver3.6-T3/,wide
True,paper_2206_03131_reddened_target,,,,,42,HD 170740,HD 170740,B2/3II D,18:31:25.69,-10:47:45.0,0.48,HD 170740,HD_170740_o42_c3T,42,WIDE,1,0,2017-07-31-03:17:21.637,13137.7922,13553.4357,13137.56996063295,13553.213441589,/Users/hamano/DIB_analysis/DIB_pipeline_dir/HD_170740/2017_07_30-HD_170740_pipeline_ver3.6/2017_07_30-HD_170740_pipeline_ver3.6--HD_163336_pipeline_ver3.6-T3/sum/HD_170740_sum_m42_fsr1.30_AIR_tel_wscor_helio.fits,True,25920,HD_170740/HD_170740_o42_c3T/HD_170740_sum_m42_fsr1.30_AIR_tel_wscor_helio.fits,HD_170740,/Users/hamano/DIB_analysis/DIB_pipeline_dir/HD_170740/2017_07_30-HD_170740_pipeline_ver3.6/2017_07_30-HD_170740_pipeline_ver3.6--HD_163336_pipeline_ver3.6-T3/,wide
True,paper_2206_03131_reddened_target,,,,,42,HD 170740,HD 170740,B2/3II D,18:31:25.69,-10:47:45.0,0.48,HD 170740,HD_170740_o42_c3T,58,WIDE,1,0,2017-07-31-03:17:21.637,9549.9712,9783.7346,9549.81005721677,9783.573453512909,/Users/hamano/DIB_analysis/DIB_pipeline_dir/HD_170740/2017_07_30-HD_170740_pipeline_ver3.6/2017_07_30-HD_170740_pipeline_ver3.6--HD_163336_pipeline_ver3.6-T3/sum/HD_170740_sum_m58_fsr1.30_AIR_tel_wscor_helio.fits,True,25920,HD_170740/HD_170740_o42_c3T/HD_170740_sum_m58_fsr1.30_AIR_tel_wscor_helio.fits,HD_170740,/Users/hamano/DIB_analysis/DIB_pipeline_dir/HD_170740/2017_07_30-HD_170740_pipeline_ver3.6/2017_07_30-HD_170740_pipeline_ver3.6--HD_163336_pipeline_ver3.6-T3/,wide
True,paper_2206_03131_reddened_target,,,,,42,HD 170740,HD 170740,B2/3II D,18:31:25.69,-10:47:45.0,0.48,HD 170740,HD_170740_o42_c3T,55,WIDE,1,0,2017-07-31-03:17:21.637,10069.8006,10303.5553,10069.63050029542,10303.38514913115,/Users/hamano/DIB_analysis/DIB_pipeline_dir/HD_170740/2017_07_30-HD_170740_pipeline_ver3.6/2017_07_30-HD_170740_pipeline_ver3.6--HD_163336_pipeline_ver3.6-T3/sum/HD_170740_sum_m55_fsr1.30_AIR_tel_wscor_helio.fits,True,23040,HD_170740/HD_170740_o42_c3T/HD_170740_sum_m55_fsr1.30_AIR_tel_wscor_helio.fits,HD_170740,/Users/hamano/DIB_analysis/DIB_pipeline_dir/HD_170740/2017_07_30-HD_170740_pipeline_ver3.6/2017_07_30-HD_170740_pipeline_ver3.6--HD_163336_pipeline_ver3.6-T3/,wide
True,paper_2206_03131_reddened_target,,,,,42,HD 170740,HD 170740,B2/3II D,18:31:25.69,-10:47:45.0,0.48,HD 170740,HD_170740_o42_c3T,61,WIDE,1,0,2017-07-31-03:17:21.637,9093.121,9300.9006,9092.968017132842,9300.747578467193,/Users/hamano/DIB_analysis/DIB_pipeline_dir/HD_170740/2017_07_30-HD_170740_pipeline_ver3.6/2017_07_30-HD_170740_pipeline_ver3.6--HD_163336_pipeline_ver3.6-T3/sum/HD_170740_sum_m61_fsr1.30_AIR_tel_wscor_helio.fits,True,23040,HD_170740/HD_170740_o42_c3T/HD_170740_sum_m61_fsr1.30_AIR_tel_wscor_helio.fits,HD_170740,/Users/hamano/DIB_analysis/DIB_pipeline_dir/HD_170740/2017_07_30-HD_170740_pipeline_ver3.6/2017_07_30-HD_170740_pipeline_ver3.6--HD_163336_pipeline_ver3.6-T3/,wide
True,paper_2206_03131_reddened_target,,,,,42,HD 170740,HD 170740,B2/3II D,18:31:25.69,-10:47:45.0,0.48,HD 170740,HD_170740_o42_c3T,48,WIDE,1,0,2017-07-31-03:17:21.637,11520.3241,11832.0284,11520.12908398239,11831.83330048778,/Users/hamano/DIB_analysis/DIB_pipeline_dir/HD_170740/2017_07_30-HD_170740_pipeline_ver3.6/2017_07_30-HD_170740_pipeline_ver3.6--HD_163336_pipeline_ver3.6-T3/sum/HD_170740_sum_m48_fsr1.30_AIR_tel_wscor_helio.fits,True,25920,HD_170740/HD_170740_o42_c3T/HD_170740_sum_m48_fsr1.30_AIR_tel_wscor_helio.fits,HD_170740,/Users/hamano/DIB_analysis/DIB_pipeline_dir/HD_170740/2017_07_30-HD_170740_pipeline_ver3.6/2017_07_30-HD_170740_pipeline_ver3.6--HD_163336_pipeline_ver3.6-T3/,wide
True,paper_2206_03131_reddened_target,,,,,42,HD 170740,HD 170740,B2/3II D,18:31:25.69,-10:47:45.0,0.48,HD 170740,HD_170740_o42_c3T,47,WIDE,1,0,2017-07-31-03:17:21.637,11758.7458,12083.4419,11758.54669642239,12083.24283403615,/Users/hamano/DIB_analysis/DIB_pipeline_dir/HD_170740/2017_07_30-HD_170740_pipeline_ver3.6/2017_07_30-HD_170740_pipeline_ver3.6--HD_163336_pipeline_ver3.6-T3/sum/HD_170740_sum_m47_fsr1.30_AIR_tel_wscor_helio.fits,True,25920,HD_170740/HD_170740_o42_c3T/HD_170740_sum_m47_fsr1.30_AIR_tel_wscor_helio.fits,HD_170740,/Users/hamano/DIB_analysis/DIB_pipeline_dir/HD_170740/2017_07_30-HD_170740_pipeline_ver3.6/2017_07_30-HD_170740_pipeline_ver3.6--HD_163336_pipeline_ver3.6-T3/,wide
True,paper_2206_03131_reddened_target,,,,,42,HD 170740,HD 170740,B2/3II D,18:31:25.69,-10:47:45.0,0.48,HD 170740,HD_170740_o42_c3T,51,WIDE,1,0,2017-07-31-03:17:21.637,10855.0428,11127.7712,10854.8591044935,11127.58756283015,/Users/hamano/DIB_analysis/DIB_pipeline_dir/HD_170740/2017_07_30-HD_170740_pipeline_ver3.6/2017_07_30-HD_170740_pipeline_ver3.6--HD_163336_pipeline_ver3.6-T3/sum/HD_170740_sum_m51_fsr1.30_AIR_tel_wscor_helio.fits,True,25920,HD_170740/HD_170740_o42_c3T/HD_170740_sum_m51_fsr1.30_AIR_tel_wscor_helio.fits,HD_170740,/Users/hamano/DIB_analysis/DIB_pipeline_dir/HD_170740/2017_07_30-HD_170740_pipeline_ver3.6/2017_07_30-HD_170740_pipeline_ver3.6--HD_163336_pipeline_ver3.6-T3/,wide
True,paper_2206_03131_reddened_target,,,,,42,HD 170740,HD 170740,B2/3II D,18:31:25.69,-10:47:45.0,0.48,HD 170740,HD_170740_o42_c3T,45,WIDE,1,0,2017-07-31-03:17:21.637,12274.0763,12637.7511,12273.86849952238,12637.54331927374,/Users/hamano/DIB_analysis/DIB_pipeline_dir/HD_170740/2017_07_30-HD_170740_pipeline_ver3.6/2017_07_30-HD_170740_pipeline_ver3.6--HD_163336_pipeline_ver3.6-T3/sum/HD_170740_sum_m45_fsr1.30_AIR_tel_wscor_helio.fits,True,25920,HD_170740/HD_170740_o42_c3T/HD_170740_sum_m45_fsr1.30_AIR_tel_wscor_helio.fits,HD_170740,/Users/hamano/DIB_analysis/DIB_pipeline_dir/HD_170740/2017_07_30-HD_170740_pipeline_ver3.6/2017_07_30-HD_170740_pipeline_ver3.6--HD_163336_pipeline_ver3.6-T3/,wide
True,paper_2206_03131_reddened_target,,,,,42,HD 170740,HD 170740,B2/3II D,18:31:25.69,-10:47:45.0,0.48,HD 170740,HD_170740_o42_c3T,43,WIDE,1,0,2017-07-31-03:17:21.637,12852.3862,13229.0481,12852.1689659106,13228.8308452435,/Users/hamano/DIB_analysis/DIB_pipeline_dir/HD_170740/2017_07_30-HD_170740_pipeline_ver3.6/2017_07_30-HD_170740_pipeline_ver3.6--HD_163336_pipeline_ver3.6-T3/sum/HD_170740_sum_m43_fsr1.30_AIR_tel_wscor_helio.fits,True,25920,HD_170740/HD_170740_o42_c3T/HD_170740_sum_m43_fsr1.30_AIR_tel_wscor_helio.fits,HD_170740,/Users/hamano/DIB_analysis/DIB_pipeline_dir/HD_170740/2017_07_30-HD_170740_pipeline_ver3.6/2017_07_30-HD_170740_pipeline_ver3.6--HD_163336_pipeline_ver3.6-T3/,wide
True,paper_2206_03131_reddened_target,,,,,42,HD 170740,HD 170740,B2/3II D,18:31:25.69,-10:47:45.0,0.48,HD 170740,HD_170740_o42_c3T,44,WIDE,1,0,2017-07-31-03:17:21.637,12550.9852,12938.4659,12550.7729073092,12938.2535509472,/Users/hamano/DIB_analysis/DIB_pipeline_dir/HD_170740/2017_07_30-HD_170740_pipeline_ver3.6/2017_07_30-HD_170740_pipeline_ver3.6--HD_163336_pipeline_ver3.6-T3/sum/HD_170740_sum_m44_fsr1.30_AIR_tel_wscor_helio.fits,True,25920,HD_170740/HD_170740_o42_c3T/HD_170740_sum_m44_fsr1.30_AIR_tel_wscor_helio.fits,HD_170740,/Users/hamano/DIB_analysis/DIB_pipeline_dir/HD_170740/2017_07_30-HD_170740_pipeline_ver3.6/2017_07_30-HD_170740_pipeline_ver3.6--HD_163336_pipeline_ver3.6-T3/,wide
True,paper_2206_03131_reddened_target,,,,,42,HD 170740,HD 170740,B2/3II D,18:31:25.69,-10:47:45.0,0.48,HD 170740,HD_170740_o42_c3T,56,WIDE,1,0,2017-07-31-03:17:21.637,9889.8597,10123.6172,9889.69257890478,10123.45014375367,/Users/hamano/DIB_analysis/DIB_pipeline_dir/HD_170740/2017_07_30-HD_170740_pipeline_ver3.6/2017_07_30-HD_170740_pipeline_ver3.6--HD_163336_pipeline_ver3.6-T3/sum/HD_170740_sum_m56_fsr1.30_AIR_tel_wscor_helio.fits,True,23040,HD_170740/HD_170740_o42_c3T/HD_170740_sum_m56_fsr1.30_AIR_tel_wscor_helio.fits,HD_170740,/Users/hamano/DIB_analysis/DIB_pipeline_dir/HD_170740/2017_07_30-HD_170740_pipeline_ver3.6/2017_07_30-HD_170740_pipeline_ver3.6--HD_163336_pipeline_ver3.6-T3/,wide
True,paper_2206_03131_reddened_target,,,,,42,HD 170740,HD 170740,B2/3II D,18:31:25.69,-10:47:45.0,0.48,HD 170740,HD_170740_o42_c3T,49,WIDE,1,0,2017-07-31-03:17:21.637,11280.403,11592.1111,11280.21183752774,11591.91994399045,/Users/hamano/DIB_analysis/DIB_pipeline_dir/HD_170740/2017_07_30-HD_170740_pipeline_ver3.6/2017_07_30-HD_170740_pipeline_ver3.6--HD_163336_pipeline_ver3.6-T3/sum/HD_170740_sum_m49_fsr1.30_AIR_tel_wscor_helio.fits,True,25920,HD_170740/HD_170740_o42_c3T/HD_170740_sum_m49_fsr1.30_AIR_tel_wscor_helio.fits,HD_170740,/Users/hamano/DIB_analysis/DIB_pipeline_dir/HD_170740/2017_07_30-HD_170740_pipeline_ver3.6/2017_07_30-HD_170740_pipeline_ver3.6--HD_163336_pipeline_ver3.6-T3/,wide
True,paper_2206_03131_reddened_target,,,,,63,HD 152235,HD152235,B0.5Ia C,16:53:58.85,-41:59:39.5,0.76,HD152235,HD_152235_o63_c3T,45,WIDE,1,0,2017-07-30-02:49:04.617,12273.7317,12637.3977,12273.52391915641,12637.18993198945,/Users/hamano/DIB_analysis/DIB_pipeline_dir/HD_152235/2017_07_29-HD152235_pipeline_ver3.6/2017_07_29-HD152235_pipeline_ver3.6--2017_07_29-HR_7159_pipeline_ver3.6-T3/sum/HD152235_sum_m45_fsr1.30_AIR_tel_wscor_helio.fits,True,25920,HD152235/HD_152235_o63_c3T/HD152235_sum_m45_fsr1.30_AIR_tel_wscor_helio.fits,HD152235,/Users/hamano/DIB_analysis/DIB_pipeline_dir/HD_152235/2017_07_29-HD152235_pipeline_ver3.6/2017_07_29-HD152235_pipeline_ver3.6--2017_07_29-HR_7159_pipeline_ver3.6-T3/,wide
True,paper_2206_03131_reddened_target,,,,,63,HD 152235,HD152235,B0.5Ia C,16:53:58.85,-41:59:39.5,0.76,HD152235,HD_152235_o63_c3T,58,WIDE,1,0,2017-07-30-02:49:04.617,9549.7454,9783.5032,9549.584333993304,9783.342069368704,/Users/hamano/DIB_analysis/DIB_pipeline_dir/HD_152235/2017_07_29-HD152235_pipeline_ver3.6/2017_07_29-HD152235_pipeline_ver3.6--2017_07_29-HR_7159_pipeline_ver3.6-T3/sum/HD152235_sum_m58_fsr1.30_AIR_tel_wscor_helio.fits,True,25920,HD152235/HD_152235_o63_c3T/HD152235_sum_m58_fsr1.30_AIR_tel_wscor_helio.fits,HD152235,/Users/hamano/DIB_analysis/DIB_pipeline_dir/HD_152235/2017_07_29-HD152235_pipeline_ver3.6/2017_07_29-HD152235_pipeline_ver3.6--2017_07_29-HR_7159_pipeline_ver3.6-T3/,wide
True,paper_2206_03131_reddened_target,,,,,63,HD 152235,HD152235,B0.5Ia C,16:53:58.85,-41:59:39.5,0.76,HD152235,HD_152235_o63_c3T,44,WIDE,1,0,2017-07-30-02:49:04.617,12550.6285,12938.0997,12550.4161442227,12937.88740444937,/Users/hamano/DIB_analysis/DIB_pipeline_dir/HD_152235/2017_07_29-HD152235_pipeline_ver3.6/2017_07_29-HD152235_pipeline_ver3.6--2017_07_29-HR_7159_pipeline_ver3.6-T3/sum/HD152235_sum_m44_fsr1.30_AIR_tel_wscor_helio.fits,True,25920,HD152235/HD_152235_o63_c3T/HD152235_sum_m44_fsr1.30_AIR_tel_wscor_helio.fits,HD152235,/Users/hamano/DIB_analysis/DIB_pipeline_dir/HD_152235/2017_07_29-HD152235_pipeline_ver3.6/2017_07_29-HD152235_pipeline_ver3.6--2017_07_29-HR_7159_pipeline_ver3.6-T3/,wide
True,paper_2206_03131_reddened_target,,,,,63,HD 152235,HD152235,B0.5Ia C,16:53:58.85,-41:59:39.5,0.76,HD152235,HD_152235_o63_c3T,43,WIDE,1,0,2017-07-30-02:49:04.617,12852.0165,13228.6693,12851.79929043593,13228.45204834964,/Users/hamano/DIB_analysis/DIB_pipeline_dir/HD_152235/2017_07_29-HD152235_pipeline_ver3.6/2017_07_29-HD152235_pipeline_ver3.6--2017_07_29-HR_7159_pipeline_ver3.6-T3/sum/HD152235_sum_m43_fsr1.30_AIR_tel_wscor_helio.fits,True,25920,HD152235/HD_152235_o63_c3T/HD152235_sum_m43_fsr1.30_AIR_tel_wscor_helio.fits,HD152235,/Users/hamano/DIB_analysis/DIB_pipeline_dir/HD_152235/2017_07_29-HD152235_pipeline_ver3.6/2017_07_29-HD152235_pipeline_ver3.6--2017_07_29-HR_7159_pipeline_ver3.6-T3/,wide
True,paper_2206_03131_reddened_target,,,,,63,HD 152235,HD152235,B0.5Ia C,16:53:58.85,-41:59:39.5,0.76,HD152235,HD_152235_o63_c3T,53,WIDE,1,0,2017-07-30-02:49:04.617,10446.4122,10706.1453,10446.2354837181,10705.96864990942,/Users/hamano/DIB_analysis/DIB_pipeline_dir/HD_152235/2017_07_29-HD152235_pipeline_ver3.6/2017_07_29-HD152235_pipeline_ver3.6--2017_07_29-HR_7159_pipeline_ver3.6-T3/sum/HD152235_sum_m53_fsr1.30_AIR_tel_wscor_helio.fits,True,25920,HD152235/HD_152235_o63_c3T/HD152235_sum_m53_fsr1.30_AIR_tel_wscor_helio.fits,HD152235,/Users/hamano/DIB_analysis/DIB_pipeline_dir/HD_152235/2017_07_29-HD152235_pipeline_ver3.6/2017_07_29-HD152235_pipeline_ver3.6--2017_07_29-HR_7159_pipeline_ver3.6-T3/,wide
True,paper_2206_03131_reddened_target,,,,,63,HD 152235,HD152235,B0.5Ia C,16:53:58.85,-41:59:39.5,0.76,HD152235,HD_152235_o63_c3T,46,WIDE,1,0,2017-07-30-02:49:04.617,12005.3317,12356.0071,12005.12839855515,12355.80377836932,/Users/hamano/DIB_analysis/DIB_pipeline_dir/HD_152235/2017_07_29-HD152235_pipeline_ver3.6/2017_07_29-HD152235_pipeline_ver3.6--2017_07_29-HR_7159_pipeline_ver3.6-T3/sum/HD152235_sum_m46_fsr1.30_AIR_tel_wscor_helio.fits,True,25920,HD152235/HD_152235_o63_c3T/HD152235_sum_m46_fsr1.30_AIR_tel_wscor_helio.fits,HD152235,/Users/hamano/DIB_analysis/DIB_pipeline_dir/HD_152235/2017_07_29-HD152235_pipeline_ver3.6/2017_07_29-HD152235_pipeline_ver3.6--2017_07_29-HR_7159_pipeline_ver3.6-T3/,wide
True,paper_2206_03131_reddened_target,,,,,63,HD 152235,HD152235,B0.5Ia C,16:53:58.85,-41:59:39.5,0.76,HD152235,HD_152235_o63_c3T,54,WIDE,1,0,2017-07-30-02:49:04.617,10246.4864,10506.2225,10246.31304088753,10506.04912170059,/Users/hamano/DIB_analysis/DIB_pipeline_dir/HD_152235/2017_07_29-HD152235_pipeline_ver3.6/2017_07_29-HD152235_pipeline_ver3.6--2017_07_29-HR_7159_pipeline_ver3.6-T3/sum/HD152235_sum_m54_fsr1.30_AIR_tel_wscor_helio.fits,True,25920,HD152235/HD_152235_o63_c3T/HD152235_sum_m54_fsr1.30_AIR_tel_wscor_helio.fits,HD152235,/Users/hamano/DIB_analysis/DIB_pipeline_dir/HD_152235/2017_07_29-HD152235_pipeline_ver3.6/2017_07_29-HD152235_pipeline_ver3.6--2017_07_29-HR_7159_pipeline_ver3.6-T3/,wide
True,paper_2206_03131_reddened_target,,,,,63,HD 152235,HD152235,B0.5Ia C,16:53:58.85,-41:59:39.5,0.76,HD152235,HD_152235_o63_c3T,59,WIDE,1,0,2017-07-30-02:49:04.617,9392.804,9600.5737,9392.645633402495,9600.415305780825,/Users/hamano/DIB_analysis/DIB_pipeline_dir/HD_152235/2017_07_29-HD152235_pipeline_ver3.6/2017_07_29-HD152235_pipeline_ver3.6--2017_07_29-HR_7159_pipeline_ver3.6-T3/sum/HD152235_sum_m59_fsr1.30_AIR_tel_wscor_helio.fits,True,23040,HD152235/HD_152235_o63_c3T/HD152235_sum_m59_fsr1.30_AIR_tel_wscor_helio.fits,HD152235,/Users/hamano/DIB_analysis/DIB_pipeline_dir/HD_152235/2017_07_29-HD152235_pipeline_ver3.6/2017_07_29-HD152235_pipeline_ver3.6--2017_07_29-HR_7159_pipeline_ver3.6-T3/,wide
True,paper_2206_03131_reddened_target,,,,,63,HD 152235,HD152235,B0.5Ia C,16:53:58.85,-41:59:39.5,0.76,HD152235,HD_152235_o63_c3T,56,WIDE,1,0,2017-07-30-02:49:04.617,9889.6193,10123.3712,9889.452178251353,10123.20408232021,/Users/hamano/DIB_analysis/DIB_pipeline_dir/HD_152235/2017_07_29-HD152235_pipeline_ver3.6/2017_07_29-HD152235_pipeline_ver3.6--2017_07_29-HR_7159_pipeline_ver3.6-T3/sum/HD152235_sum_m56_fsr1.30_AIR_tel_wscor_helio.fits,True,23040,HD152235/HD_152235_o63_c3T/HD152235_sum_m56_fsr1.30_AIR_tel_wscor_helio.fits,HD152235,/Users/hamano/DIB_analysis/DIB_pipeline_dir/HD_152235/2017_07_29-HD152235_pipeline_ver3.6/2017_07_29-HD152235_pipeline_ver3.6--2017_07_29-HR_7159_pipeline_ver3.6-T3/,wide
True,paper_2206_03131_reddened_target,,,,,63,HD 152235,HD152235,B0.5Ia C,16:53:58.85,-41:59:39.5,0.76,HD152235,HD_152235_o63_c3T,57,WIDE,1,0,2017-07-30-02:49:04.617,9732.6778,9940.4417,9732.51373491009,9940.277574345933,/Users/hamano/DIB_analysis/DIB_pipeline_dir/HD_152235/2017_07_29-HD152235_pipeline_ver3.6/2017_07_29-HD152235_pipeline_ver3.6--2017_07_29-HR_7159_pipeline_ver3.6-T3/sum/HD152235_sum_m57_fsr1.30_AIR_tel_wscor_helio.fits,True,23040,HD152235/HD_152235_o63_c3T/HD152235_sum_m57_fsr1.30_AIR_tel_wscor_helio.fits,HD152235,/Users/hamano/DIB_analysis/DIB_pipeline_dir/HD_152235/2017_07_29-HD152235_pipeline_ver3.6/2017_07_29-HD152235_pipeline_ver3.6--2017_07_29-HR_7159_pipeline_ver3.6-T3/,wide
True,paper_2206_03131_reddened_target,,,,,63,HD 152235,HD152235,B0.5Ia C,16:53:58.85,-41:59:39.5,0.76,HD152235,HD_152235_o63_c3T,51,WIDE,1,0,2017-07-30-02:49:04.617,10854.7603,11127.4822,10854.57665945219,11127.29851327067,/Users/hamano/DIB_analysis/DIB_pipeline_dir/HD_152235/2017_07_29-HD152235_pipeline_ver3.6/2017_07_29-HD152235_pipeline_ver3.6--2017_07_29-HR_7159_pipeline_ver3.6-T3/sum/HD152235_sum_m51_fsr1.30_AIR_tel_wscor_helio.fits,True,25920,HD152235/HD_152235_o63_c3T/HD152235_sum_m51_fsr1.30_AIR_tel_wscor_helio.fits,HD152235,/Users/hamano/DIB_analysis/DIB_pipeline_dir/HD_152235/2017_07_29-HD152235_pipeline_ver3.6/2017_07_29-HD152235_pipeline_ver3.6--2017_07_29-HR_7159_pipeline_ver3.6-T3/,wide
True,paper_2206_03131_reddened_target,,,,,63,HD 152235,HD152235,B0.5Ia C,16:53:58.85,-41:59:39.5,0.76,HD152235,HD_152235_o63_c3T,61,WIDE,1,0,2017-07-30-02:49:04.617,9092.9153,9300.6898,9092.762266991918,9300.536796642707,/Users/hamano/DIB_analysis/DIB_pipeline_dir/HD_152235/2017_07_29-HD152235_pipeline_ver3.6/2017_07_29-HD152235_pipeline_ver3.6--2017_07_29-HR_7159_pipeline_ver3.6-T3/sum/HD152235_sum_m61_fsr1.30_AIR_tel_wscor_helio.fits,True,23040,HD152235/HD_152235_o63_c3T/HD152235_sum_m61_fsr1.30_AIR_tel_wscor_helio.fits,HD152235,/Users/hamano/DIB_analysis/DIB_pipeline_dir/HD_152235/2017_07_29-HD152235_pipeline_ver3.6/2017_07_29-HD152235_pipeline_ver3.6--2017_07_29-HR_7159_pipeline_ver3.6-T3/,wide
True,paper_2206_03131_reddened_target,,,,,63,HD 152235,HD152235,B0.5Ia C,16:53:58.85,-41:59:39.5,0.76,HD152235,HD_152235_o63_c3T,47,WIDE,1,0,2017-07-30-02:49:04.617,11758.4238,12083.1121,11758.22473716915,12082.91301179072,/Users/hamano/DIB_analysis/DIB_pipeline_dir/HD_152235/2017_07_29-HD152235_pipeline_ver3.6/2017_07_29-HD152235_pipeline_ver3.6--2017_07_29-HR_7159_pipeline_ver3.6-T3/sum/HD152235_sum_m47_fsr1.30_AIR_tel_wscor_helio.fits,True,25920,HD152235/HD_152235_o63_c3T/HD152235_sum_m47_fsr1.30_AIR_tel_wscor_helio.fits,HD152235,/Users/hamano/DIB_analysis/DIB_pipeline_dir/HD_152235/2017_07_29-HD152235_pipeline_ver3.6/2017_07_29-HD152235_pipeline_ver3.6--2017_07_29-HR_7159_pipeline_ver3.6-T3/,wide
True,paper_2206_03131_reddened_target,,,,,63,HD 152235,HD152235,B0.5Ia C,16:53:58.85,-41:59:39.5,0.76,HD152235,HD_152235_o63_c3T,48,WIDE,1,0,2017-07-30-02:49:04.617,11520.0126,11831.7093,11519.81754303192,11831.51421116365,/Users/hamano/DIB_analysis/DIB_pipeline_dir/HD_152235/2017_07_29-HD152235_pipeline_ver3.6/2017_07_29-HD152235_pipeline_ver3.6--2017_07_29-HR_7159_pipeline_ver3.6-T3/sum/HD152235_sum_m48_fsr1.30_AIR_tel_wscor_helio.fits,True,25920,HD152235/HD_152235_o63_c3T/HD152235_sum_m48_fsr1.30_AIR_tel_wscor_helio.fits,HD152235,/Users/hamano/DIB_analysis/DIB_pipeline_dir/HD_152235/2017_07_29-HD152235_pipeline_ver3.6/2017_07_29-HD152235_pipeline_ver3.6--2017_07_29-HR_7159_pipeline_ver3.6-T3/,wide
True,paper_2206_03131_reddened_target,,,,,63,HD 152235,HD152235,B0.5Ia C,16:53:58.85,-41:59:39.5,0.76,HD152235,HD_152235_o63_c3T,60,WIDE,1,0,2017-07-30-02:49:04.617,9255.8551,9437.6367,9255.699488349668,9437.481101646455,/Users/hamano/DIB_analysis/DIB_pipeline_dir/HD_152235/2017_07_29-HD152235_pipeline_ver3.6/2017_07_29-HD152235_pipeline_ver3.6--2017_07_29-HR_7159_pipeline_ver3.6-T3/sum/HD152235_sum_m60_fsr1.30_AIR_tel_wscor_helio.fits,True,23040,HD152235/HD_152235_o63_c3T/HD152235_sum_m60_fsr1.30_AIR_tel_wscor_helio.fits,HD152235,/Users/hamano/DIB_analysis/DIB_pipeline_dir/HD_152235/2017_07_29-HD152235_pipeline_ver3.6/2017_07_29-HD152235_pipeline_ver3.6--2017_07_29-HR_7159_pipeline_ver3.6-T3/,wide
True,paper_2206_03131_reddened_target,,,,,63,HD 152235,HD152235,B0.5Ia C,16:53:58.85,-41:59:39.5,0.76,HD152235,HD_152235_o63_c3T,52,WIDE,1,0,2017-07-30-02:49:04.617,10644.8383,10917.5631,10644.65816604187,10917.38293474288,/Users/hamano/DIB_analysis/DIB_pipeline_dir/HD_152235/2017_07_29-HD152235_pipeline_ver3.6/2017_07_29-HD152235_pipeline_ver3.6--2017_07_29-HR_7159_pipeline_ver3.6-T3/sum/HD152235_sum_m52_fsr1.30_AIR_tel_wscor_helio.fits,True,25920,HD152235/HD_152235_o63_c3T/HD152235_sum_m52_fsr1.30_AIR_tel_wscor_helio.fits,HD152235,/Users/hamano/DIB_analysis/DIB_pipeline_dir/HD_152235/2017_07_29-HD152235_pipeline_ver3.6/2017_07_29-HD152235_pipeline_ver3.6--2017_07_29-HR_7159_pipeline_ver3.6-T3/,wide
True,paper_2206_03131_reddened_target,,,,,63,HD 152235,HD152235,B0.5Ia C,16:53:58.85,-41:59:39.5,0.76,HD152235,HD_152235_o63_c3T,49,WIDE,1,0,2017-07-30-02:49:04.617,11280.1018,11591.8023,11279.91065604516,11591.61121404017,/Users/hamano/DIB_analysis/DIB_pipeline_dir/HD_152235/2017_07_29-HD152235_pipeline_ver3.6/2017_07_29-HD152235_pipeline_ver3.6--2017_07_29-HR_7159_pipeline_ver3.6-T3/sum/HD152235_sum_m49_fsr1.30_AIR_tel_wscor_helio.fits,True,25920,HD152235/HD_152235_o63_c3T/HD152235_sum_m49_fsr1.30_AIR_tel_wscor_helio.fits,HD152235,/Users/hamano/DIB_analysis/DIB_pipeline_dir/HD_152235/2017_07_29-HD152235_pipeline_ver3.6/2017_07_29-HD152235_pipeline_ver3.6--2017_07_29-HR_7159_pipeline_ver3.6-T3/,wide
True,paper_2206_03131_reddened_target,,,,,63,HD 152235,HD152235,B0.5Ia C,16:53:58.85,-41:59:39.5,0.76,HD152235,HD_152235_o63_c3T,55,WIDE,1,0,2017-07-30-02:49:04.617,10069.5525,10303.3014,10069.382330687,10303.13131881307,/Users/hamano/DIB_analysis/DIB_pipeline_dir/HD_152235/2017_07_29-HD152235_pipeline_ver3.6/2017_07_29-HD152235_pipeline_ver3.6--2017_07_29-HR_7159_pipeline_ver3.6-T3/sum/HD152235_sum_m55_fsr1.30_AIR_tel_wscor_helio.fits,True,23040,HD152235/HD_152235_o63_c3T/HD152235_sum_m55_fsr1.30_AIR_tel_wscor_helio.fits,HD152235,/Users/hamano/DIB_analysis/DIB_pipeline_dir/HD_152235/2017_07_29-HD152235_pipeline_ver3.6/2017_07_29-HD152235_pipeline_ver3.6--2017_07_29-HR_7159_pipeline_ver3.6-T3/,wide
True,paper_2206_03131_reddened_target,,,,,63,HD 152235,HD152235,B0.5Ia C,16:53:58.85,-41:59:39.5,0.76,HD152235,HD_152235_o63_c3T,42,WIDE,1,0,2017-07-30-02:49:04.617,13137.4099,13553.0433,13137.18759267902,13552.82100821921,/Users/hamano/DIB_analysis/DIB_pipeline_dir/HD_152235/2017_07_29-HD152235_pipeline_ver3.6/2017_07_29-HD152235_pipeline_ver3.6--2017_07_29-HR_7159_pipeline_ver3.6-T3/sum/HD152235_sum_m42_fsr1.30_AIR_tel_wscor_helio.fits,True,25920,HD152235/HD_152235_o63_c3T/HD152235_sum_m42_fsr1.30_AIR_tel_wscor_helio.fits,HD152235,/Users/hamano/DIB_analysis/DIB_pipeline_dir/HD_152235/2017_07_29-HD152235_pipeline_ver3.6/2017_07_29-HD152235_pipeline_ver3.6--2017_07_29-HR_7159_pipeline_ver3.6-T3/,wide
True,paper_2206_03131_reddened_target,,,,,63,HD 152235,HD152235,B0.5Ia C,16:53:58.85,-41:59:39.5,0.76,HD152235,HD_152235_o63_c3T,50,WIDE,1,0,2017-07-30-02:49:04.617,11063.1827,11348.8962,11062.99535086802,11348.70880821299,/Users/hamano/DIB_analysis/DIB_pipeline_dir/HD_152235/2017_07_29-HD152235_pipeline_ver3.6/2017_07_29-HD152235_pipeline_ver3.6--2017_07_29-HR_7159_pipeline_ver3.6-T3/sum/HD152235_sum_m50_fsr1.30_AIR_tel_wscor_helio.fits,True,25920,HD152235/HD_152235_o63_c3T/HD152235_sum_m50_fsr1.30_AIR_tel_wscor_helio.fits,HD152235,/Users/hamano/DIB_analysis/DIB_pipeline_dir/HD_152235/2017_07_29-HD152235_pipeline_ver3.6/2017_07_29-HD152235_pipeline_ver3.6--2017_07_29-HR_7159_pipeline_ver3.6-T3/,wide
True,paper_2206_03131_reddened_target,Hamano2015_NIR_DIB_0p91_1p32um,10.1088/0004-637X/800/2/137,,,123,* chi02 Ori,HD41117 | HD 41117,B2Ia C,06:03:55.18,+20:08:18.4,0.45,HD41117,chi02_Ori_o123_c2T,57,WIDE,1,0,2014-01-23-13:49:34.76,9733.1104,9941.006,9732.946292022689,9940.841948696361,/Users/hamano/DIB_analysis/DIB_pipeline_dir/chi02_Ori/2014_01_23-HD41117_pipeline_ver3.5/2014_01_23-HD41117_pipeline_ver3.5--2014_01_23-21_Lyn_pipeline_ver3.5-T2/sum/HD41117_sum_m57_fsr1.30_AIR_tel_wscor_helio.fits,True,17280,HD_41117/chi02_Ori_o123_c2T/HD41117_sum_m57_fsr1.30_AIR_tel_wscor_helio.fits,HD_41117,/Users/hamano/DIB_analysis/DIB_pipeline_dir/chi02_Ori/2014_01_23-HD41117_pipeline_ver3.5/2014_01_23-HD41117_pipeline_ver3.5--2014_01_23-21_Lyn_pipeline_ver3.5-T2/,wide
True,paper_2206_03131_reddened_target,Hamano2015_NIR_DIB_0p91_1p32um,10.1088/0004-637X/800/2/137,,,123,* chi02 Ori,HD41117 | HD 41117,B2Ia C,06:03:55.18,+20:08:18.4,0.45,HD41117,chi02_Ori_o123_c2T,59,WIDE,1,0,2014-01-23-13:49:34.76,9393.2005,9601.0893,9393.042201362405,9600.930999926626,/Users/hamano/DIB_analysis/DIB_pipeline_dir/chi02_Ori/2014_01_23-HD41117_pipeline_ver3.5/2014_01_23-HD41117_pipeline_ver3.5--2014_01_23-21_Lyn_pipeline_ver3.5-T2/sum/HD41117_sum_m59_fsr1.30_AIR_tel_wscor_helio.fits,True,17280,HD_41117/chi02_Ori_o123_c2T/HD41117_sum_m59_fsr1.30_AIR_tel_wscor_helio.fits,HD_41117,/Users/hamano/DIB_analysis/DIB_pipeline_dir/chi02_Ori/2014_01_23-HD41117_pipeline_ver3.5/2014_01_23-HD41117_pipeline_ver3.5--2014_01_23-21_Lyn_pipeline_ver3.5-T2/,wide
True,paper_2206_03131_reddened_target,Hamano2015_NIR_DIB_0p91_1p32um,10.1088/0004-637X/800/2/137,,,123,* chi02 Ori,HD41117 | HD 41117,B2Ia C,06:03:55.18,+20:08:18.4,0.45,HD41117,chi02_Ori_o123_c2T,53,WIDE,1,0,2014-01-23-13:49:34.76,10446.842,10706.831,10446.66525655776,10706.65422947073,/Users/hamano/DIB_analysis/DIB_pipeline_dir/chi02_Ori/2014_01_23-HD41117_pipeline_ver3.5/2014_01_23-HD41117_pipeline_ver3.5--2014_01_23-21_Lyn_pipeline_ver3.5-T2/sum/HD41117_sum_m53_fsr1.30_AIR_tel_wscor_helio.fits,True,20160,HD_41117/chi02_Ori_o123_c2T/HD41117_sum_m53_fsr1.30_AIR_tel_wscor_helio.fits,HD_41117,/Users/hamano/DIB_analysis/DIB_pipeline_dir/chi02_Ori/2014_01_23-HD41117_pipeline_ver3.5/2014_01_23-HD41117_pipeline_ver3.5--2014_01_23-21_Lyn_pipeline_ver3.5-T2/,wide
True,paper_2206_03131_reddened_target,Hamano2015_NIR_DIB_0p91_1p32um,10.1088/0004-637X/800/2/137,,,123,* chi02 Ori,HD41117 | HD 41117,B2Ia C,06:03:55.18,+20:08:18.4,0.45,HD41117,chi02_Ori_o123_c2T,43,WIDE,1,0,2014-01-23-13:49:34.76,12852.3996,13229.3563,12852.18245120091,13229.13911069099,/Users/hamano/DIB_analysis/DIB_pipeline_dir/chi02_Ori/2014_01_23-HD41117_pipeline_ver3.5/2014_01_23-HD41117_pipeline_ver3.5--2014_01_23-21_Lyn_pipeline_ver3.5-T2/sum/HD41117_sum_m43_fsr1.30_AIR_tel_wscor_helio.fits,True,20160,HD_41117/chi02_Ori_o123_c2T/HD41117_sum_m43_fsr1.30_AIR_tel_wscor_helio.fits,HD_41117,/Users/hamano/DIB_analysis/DIB_pipeline_dir/chi02_Ori/2014_01_23-HD41117_pipeline_ver3.5/2014_01_23-HD41117_pipeline_ver3.5--2014_01_23-21_Lyn_pipeline_ver3.5-T2/,wide
True,paper_2206_03131_reddened_target,Hamano2015_NIR_DIB_0p91_1p32um,10.1088/0004-637X/800/2/137,,,123,* chi02 Ori,HD41117 | HD 41117,B2Ia C,06:03:55.18,+20:08:18.4,0.45,HD41117,chi02_Ori_o123_c2T,48,WIDE,1,0,2014-01-23-13:49:34.76,11520.3739,11832.4288,11520.17870057265,11832.23368751951,/Users/hamano/DIB_analysis/DIB_pipeline_dir/chi02_Ori/2014_01_23-HD41117_pipeline_ver3.5/2014_01_23-HD41117_pipeline_ver3.5--2014_01_23-21_Lyn_pipeline_ver3.5-T2/sum/HD41117_sum_m48_fsr1.30_AIR_tel_wscor_helio.fits,True,20160,HD_41117/chi02_Ori_o123_c2T/HD41117_sum_m48_fsr1.30_AIR_tel_wscor_helio.fits,HD_41117,/Users/hamano/DIB_analysis/DIB_pipeline_dir/chi02_Ori/2014_01_23-HD41117_pipeline_ver3.5/2014_01_23-HD41117_pipeline_ver3.5--2014_01_23-21_Lyn_pipeline_ver3.5-T2/,wide
True,paper_2206_03131_reddened_target,Hamano2015_NIR_DIB_0p91_1p32um,10.1088/0004-637X/800/2/137,,,123,* chi02 Ori,HD41117 | HD 41117,B2Ia C,06:03:55.18,+20:08:18.4,0.45,HD41117,chi02_Ori_o123_c2T,56,WIDE,1,0,2014-01-23-13:49:34.76,9890.033,10123.9709,9889.865919341662,10123.80382549957,/Users/hamano/DIB_analysis/DIB_pipeline_dir/chi02_Ori/2014_01_23-HD41117_pipeline_ver3.5/2014_01_23-HD41117_pipeline_ver3.5--2014_01_23-21_Lyn_pipeline_ver3.5-T2/sum/HD41117_sum_m56_fsr1.30_AIR_tel_wscor_helio.fits,True,17280,HD_41117/chi02_Ori_o123_c2T/HD41117_sum_m56_fsr1.30_AIR_tel_wscor_helio.fits,HD_41117,/Users/hamano/DIB_analysis/DIB_pipeline_dir/chi02_Ori/2014_01_23-HD41117_pipeline_ver3.5/2014_01_23-HD41117_pipeline_ver3.5--2014_01_23-21_Lyn_pipeline_ver3.5-T2/,wide
True,paper_2206_03131_reddened_target,Hamano2015_NIR_DIB_0p91_1p32um,10.1088/0004-637X/800/2/137,,,123,* chi02 Ori,HD41117 | HD 41117,B2Ia C,06:03:55.18,+20:08:18.4,0.45,HD41117,chi02_Ori_o123_c2T,42,WIDE,1,0,2014-01-23-13:49:34.76,13138.2001,13553.8599,13137.97806852311,13553.63789367681,/Users/hamano/DIB_analysis/DIB_pipeline_dir/chi02_Ori/2014_01_23-HD41117_pipeline_ver3.5/2014_01_23-HD41117_pipeline_ver3.5--2014_01_23-21_Lyn_pipeline_ver3.5-T2/sum/HD41117_sum_m42_fsr1.30_AIR_tel_wscor_helio.fits,True,20160,HD_41117/chi02_Ori_o123_c2T/HD41117_sum_m42_fsr1.30_AIR_tel_wscor_helio.fits,HD_41117,/Users/hamano/DIB_analysis/DIB_pipeline_dir/chi02_Ori/2014_01_23-HD41117_pipeline_ver3.5/2014_01_23-HD41117_pipeline_ver3.5--2014_01_23-21_Lyn_pipeline_ver3.5-T2/,wide
True,paper_2206_03131_reddened_target,Hamano2015_NIR_DIB_0p91_1p32um,10.1088/0004-637X/800/2/137,,,123,* chi02 Ori,HD41117 | HD 41117,B2Ia C,06:03:55.18,+20:08:18.4,0.45,HD41117,chi02_Ori_o123_c2T,51,WIDE,1,0,2014-01-23-13:49:34.76,10855.3269,11128.1652,10855.14318221506,11127.9814857636,/Users/hamano/DIB_analysis/DIB_pipeline_dir/chi02_Ori/2014_01_23-HD41117_pipeline_ver3.5/2014_01_23-HD41117_pipeline_ver3.5--2014_01_23-21_Lyn_pipeline_ver3.5-T2/sum/HD41117_sum_m51_fsr1.30_AIR_tel_wscor_helio.fits,True,20160,HD_41117/chi02_Ori_o123_c2T/HD41117_sum_m51_fsr1.30_AIR_tel_wscor_helio.fits,HD_41117,/Users/hamano/DIB_analysis/DIB_pipeline_dir/chi02_Ori/2014_01_23-HD41117_pipeline_ver3.5/2014_01_23-HD41117_pipeline_ver3.5--2014_01_23-21_Lyn_pipeline_ver3.5-T2/,wide
True,paper_2206_03131_reddened_target,Hamano2015_NIR_DIB_0p91_1p32um,10.1088/0004-637X/800/2/137,,,123,* chi02 Ori,HD41117 | HD 41117,B2Ia C,06:03:55.18,+20:08:18.4,0.45,HD41117,chi02_Ori_o123_c2T,49,WIDE,1,0,2014-01-23-13:49:34.76,11280.5446,11592.4131,11280.35340804957,11592.22191760772,/Users/hamano/DIB_analysis/DIB_pipeline_dir/chi02_Ori/2014_01_23-HD41117_pipeline_ver3.5/2014_01_23-HD41117_pipeline_ver3.5--2014_01_23-21_Lyn_pipeline_ver3.5-T2/sum/HD41117_sum_m49_fsr1.30_AIR_tel_wscor_helio.fits,True,20160,HD_41117/chi02_Ori_o123_c2T/HD41117_sum_m49_fsr1.30_AIR_tel_wscor_helio.fits,HD_41117,/Users/hamano/DIB_analysis/DIB_pipeline_dir/chi02_Ori/2014_01_23-HD41117_pipeline_ver3.5/2014_01_23-HD41117_pipeline_ver3.5--2014_01_23-21_Lyn_pipeline_ver3.5-T2/,wide
True,paper_2206_03131_reddened_target,Hamano2015_NIR_DIB_0p91_1p32um,10.1088/0004-637X/800/2/137,,,123,* chi02 Ori,HD41117 | HD 41117,B2Ia C,06:03:55.18,+20:08:18.4,0.45,HD41117,chi02_Ori_o123_c2T,61,WIDE,1,0,2014-01-23-13:49:34.76,9093.3382,9301.2924,9093.185303076634,9301.139486001342,/Users/hamano/DIB_analysis/DIB_pipeline_dir/chi02_Ori/2014_01_23-HD41117_pipeline_ver3.5/2014_01_23-HD41117_pipeline_ver3.5--2014_01_23-21_Lyn_pipeline_ver3.5-T2/sum/HD41117_sum_m61_fsr1.30_AIR_tel_wscor_helio.fits,True,17280,HD_41117/chi02_Ori_o123_c2T/HD41117_sum_m61_fsr1.30_AIR_tel_wscor_helio.fits,HD_41117,/Users/hamano/DIB_analysis/DIB_pipeline_dir/chi02_Ori/2014_01_23-HD41117_pipeline_ver3.5/2014_01_23-HD41117_pipeline_ver3.5--2014_01_23-21_Lyn_pipeline_ver3.5-T2/,wide
True,paper_2206_03131_reddened_target,Hamano2015_NIR_DIB_0p91_1p32um,10.1088/0004-637X/800/2/137,,,123,* chi02 Ori,HD41117 | HD 41117,B2Ia C,06:03:55.18,+20:08:18.4,0.45,HD41117,chi02_Ori_o123_c2T,44,WIDE,1,0,2014-01-23-13:49:34.76,12551.2414,12940.6042,12551.0290052343,12940.39174254081,/Users/hamano/DIB_analysis/DIB_pipeline_dir/chi02_Ori/2014_01_23-HD41117_pipeline_ver3.5/2014_01_23-HD41117_pipeline_ver3.5--2014_01_23-21_Lyn_pipeline_ver3.5-T2/sum/HD41117_sum_m44_fsr1.30_AIR_tel_wscor_helio.fits,True,20160,HD_41117/chi02_Ori_o123_c2T/HD41117_sum_m44_fsr1.30_AIR_tel_wscor_helio.fits,HD_41117,/Users/hamano/DIB_analysis/DIB_pipeline_dir/chi02_Ori/2014_01_23-HD41117_pipeline_ver3.5/2014_01_23-HD41117_pipeline_ver3.5--2014_01_23-21_Lyn_pipeline_ver3.5-T2/,wide
True,paper_2206_03131_reddened_target,Hamano2015_NIR_DIB_0p91_1p32um,10.1088/0004-637X/800/2/137,,,123,* chi02 Ori,HD41117 | HD 41117,B2Ia C,06:03:55.18,+20:08:18.4,0.45,HD41117,chi02_Ori_o123_c2T,60,WIDE,1,0,2014-01-23-13:49:34.76,9256.4136,9438.2875,9256.258066347909,9438.131955779156,/Users/hamano/DIB_analysis/DIB_pipeline_dir/chi02_Ori/2014_01_23-HD41117_pipeline_ver3.5/2014_01_23-HD41117_pipeline_ver3.5--2014_01_23-21_Lyn_pipeline_ver3.5-T2/sum/HD41117_sum_m60_fsr1.30_AIR_tel_wscor_helio.fits,True,17280,HD_41117/chi02_Ori_o123_c2T/HD41117_sum_m60_fsr1.30_AIR_tel_wscor_helio.fits,HD_41117,/Users/hamano/DIB_analysis/DIB_pipeline_dir/chi02_Ori/2014_01_23-HD41117_pipeline_ver3.5/2014_01_23-HD41117_pipeline_ver3.5--2014_01_23-21_Lyn_pipeline_ver3.5-T2/,wide
True,paper_2206_03131_reddened_target,Hamano2015_NIR_DIB_0p91_1p32um,10.1088/0004-637X/800/2/137,,,123,* chi02 Ori,HD41117 | HD 41117,B2Ia C,06:03:55.18,+20:08:18.4,0.45,HD41117,chi02_Ori_o123_c2T,52,WIDE,1,0,2014-01-23-13:49:34.76,10645.2602,10918.2284,10645.0800680219,10918.04819801784,/Users/hamano/DIB_analysis/DIB_pipeline_dir/chi02_Ori/2014_01_23-HD41117_pipeline_ver3.5/2014_01_23-HD41117_pipeline_ver3.5--2014_01_23-21_Lyn_pipeline_ver3.5-T2/sum/HD41117_sum_m52_fsr1.30_AIR_tel_wscor_helio.fits,True,20160,HD_41117/chi02_Ori_o123_c2T/HD41117_sum_m52_fsr1.30_AIR_tel_wscor_helio.fits,HD_41117,/Users/hamano/DIB_analysis/DIB_pipeline_dir/chi02_Ori/2014_01_23-HD41117_pipeline_ver3.5/2014_01_23-HD41117_pipeline_ver3.5--2014_01_23-21_Lyn_pipeline_ver3.5-T2/,wide
True,paper_2206_03131_reddened_target,Hamano2015_NIR_DIB_0p91_1p32um,10.1088/0004-637X/800/2/137,,,123,* chi02 Ori,HD41117 | HD 41117,B2Ia C,06:03:55.18,+20:08:18.4,0.45,HD41117,chi02_Ori_o123_c2T,46,WIDE,1,0,2014-01-23-13:49:34.76,12005.7748,12356.7712,12005.57137331568,12356.5677357273,/Users/hamano/DIB_analysis/DIB_pipeline_dir/chi02_Ori/2014_01_23-HD41117_pipeline_ver3.5/2014_01_23-HD41117_pipeline_ver3.5--2014_01_23-21_Lyn_pipeline_ver3.5-T2/sum/HD41117_sum_m46_fsr1.30_AIR_tel_wscor_helio.fits,True,20160,HD_41117/chi02_Ori_o123_c2T/HD41117_sum_m46_fsr1.30_AIR_tel_wscor_helio.fits,HD_41117,/Users/hamano/DIB_analysis/DIB_pipeline_dir/chi02_Ori/2014_01_23-HD41117_pipeline_ver3.5/2014_01_23-HD41117_pipeline_ver3.5--2014_01_23-21_Lyn_pipeline_ver3.5-T2/,wide
True,paper_2206_03131_reddened_target,Hamano2015_NIR_DIB_0p91_1p32um,10.1088/0004-637X/800/2/137,,,123,* chi02 Ori,HD41117 | HD 41117,B2Ia C,06:03:55.18,+20:08:18.4,0.45,HD41117,chi02_Ori_o123_c2T,54,WIDE,1,0,2014-01-23-13:49:34.76,10246.9475,10506.9071,10246.77405335937,10506.73372494052,/Users/hamano/DIB_analysis/DIB_pipeline_dir/chi02_Ori/2014_01_23-HD41117_pipeline_ver3.5/2014_01_23-HD41117_pipeline_ver3.5--2014_01_23-21_Lyn_pipeline_ver3.5-T2/sum/HD41117_sum_m54_fsr1.30_AIR_tel_wscor_helio.fits,True,20160,HD_41117/chi02_Ori_o123_c2T/HD41117_sum_m54_fsr1.30_AIR_tel_wscor_helio.fits,HD_41117,/Users/hamano/DIB_analysis/DIB_pipeline_dir/chi02_Ori/2014_01_23-HD41117_pipeline_ver3.5/2014_01_23-HD41117_pipeline_ver3.5--2014_01_23-21_Lyn_pipeline_ver3.5-T2/,wide
True,paper_2206_03131_reddened_target,Hamano2015_NIR_DIB_0p91_1p32um,10.1088/0004-637X/800/2/137,,,123,* chi02 Ori,HD41117 | HD 41117,B2Ia C,06:03:55.18,+20:08:18.4,0.45,HD41117,chi02_Ori_o123_c2T,45,WIDE,1,0,2014-01-23-13:49:34.76,12274.0871,12638.0607,12273.87925726006,12637.85283099696,/Users/hamano/DIB_analysis/DIB_pipeline_dir/chi02_Ori/2014_01_23-HD41117_pipeline_ver3.5/2014_01_23-HD41117_pipeline_ver3.5--2014_01_23-21_Lyn_pipeline_ver3.5-T2/sum/HD41117_sum_m45_fsr1.30_AIR_tel_wscor_helio.fits,True,20160,HD_41117/chi02_Ori_o123_c2T/HD41117_sum_m45_fsr1.30_AIR_tel_wscor_helio.fits,HD_41117,/Users/hamano/DIB_analysis/DIB_pipeline_dir/chi02_Ori/2014_01_23-HD41117_pipeline_ver3.5/2014_01_23-HD41117_pipeline_ver3.5--2014_01_23-21_Lyn_pipeline_ver3.5-T2/,wide
True,paper_2206_03131_reddened_target,Hamano2015_NIR_DIB_0p91_1p32um,10.1088/0004-637X/800/2/137,,,123,* chi02 Ori,HD41117 | HD 41117,B2Ia C,06:03:55.18,+20:08:18.4,0.45,HD41117,chi02_Ori_o123_c2T,47,WIDE,1,0,2014-01-23-13:49:34.76,11758.811,12083.7739,11758.61173397608,12083.57461626922,/Users/hamano/DIB_analysis/DIB_pipeline_dir/chi02_Ori/2014_01_23-HD41117_pipeline_ver3.5/2014_01_23-HD41117_pipeline_ver3.5--2014_01_23-21_Lyn_pipeline_ver3.5-T2/sum/HD41117_sum_m47_fsr1.30_AIR_tel_wscor_helio.fits,True,20160,HD_41117/chi02_Ori_o123_c2T/HD41117_sum_m47_fsr1.30_AIR_tel_wscor_helio.fits,HD_41117,/Users/hamano/DIB_analysis/DIB_pipeline_dir/chi02_Ori/2014_01_23-HD41117_pipeline_ver3.5/2014_01_23-HD41117_pipeline_ver3.5--2014_01_23-21_Lyn_pipeline_ver3.5-T2/,wide
True,paper_2206_03131_reddened_target,Hamano2015_NIR_DIB_0p91_1p32um,10.1088/0004-637X/800/2/137,,,123,* chi02 Ori,HD41117 | HD 41117,B2Ia C,06:03:55.18,+20:08:18.4,0.45,HD41117,chi02_Ori_o123_c2T,55,WIDE,1,0,2014-01-23-13:49:34.76,10070.0091,10304.0466,10069.83887721718,10303.87637283417,/Users/hamano/DIB_analysis/DIB_pipeline_dir/chi02_Ori/2014_01_23-HD41117_pipeline_ver3.5/2014_01_23-HD41117_pipeline_ver3.5--2014_01_23-21_Lyn_pipeline_ver3.5-T2/sum/HD41117_sum_m55_fsr1.30_AIR_tel_wscor_helio.fits,True,17280,HD_41117/chi02_Ori_o123_c2T/HD41117_sum_m55_fsr1.30_AIR_tel_wscor_helio.fits,HD_41117,/Users/hamano/DIB_analysis/DIB_pipeline_dir/chi02_Ori/2014_01_23-HD41117_pipeline_ver3.5/2014_01_23-HD41117_pipeline_ver3.5--2014_01_23-21_Lyn_pipeline_ver3.5-T2/,wide
True,paper_2206_03131_reddened_target,Hamano2015_NIR_DIB_0p91_1p32um,10.1088/0004-637X/800/2/137,,,123,* chi02 Ori,HD41117 | HD 41117,B2Ia C,06:03:55.18,+20:08:18.4,0.45,HD41117,chi02_Ori_o123_c2T,50,WIDE,1,0,2014-01-23-13:49:34.76,11063.7957,11349.5897,11063.6083095028,11349.40234132342,/Users/hamano/DIB_analysis/DIB_pipeline_dir/chi02_Ori/2014_01_23-HD41117_pipeline_ver3.5/2014_01_23-HD41117_pipeline_ver3.5--2014_01_23-21_Lyn_pipeline_ver3.5-T2/sum/HD41117_sum_m50_fsr1.30_AIR_tel_wscor_helio.fits,True,20160,HD_41117/chi02_Ori_o123_c2T/HD41117_sum_m50_fsr1.30_AIR_tel_wscor_helio.fits,HD_41117,/Users/hamano/DIB_analysis/DIB_pipeline_dir/chi02_Ori/2014_01_23-HD41117_pipeline_ver3.5/2014_01_23-HD41117_pipeline_ver3.5--2014_01_23-21_Lyn_pipeline_ver3.5-T2/,wide
True,paper_2206_03131_reddened_target,Hamano2015_NIR_DIB_0p91_1p32um,10.1088/0004-637X/800/2/137,,,123,* chi02 Ori,HD41117 | HD 41117,B2Ia C,06:03:55.18,+20:08:18.4,0.45,HD41117,chi02_Ori_o123_c2T,58,WIDE,1,0,2014-01-23-13:49:34.76,9550.1976,9784.2087,9550.0364405193,9784.047538790821,/Users/hamano/DIB_analysis/DIB_pipeline_dir/chi02_Ori/2014_01_23-HD41117_pipeline_ver3.5/2014_01_23-HD41117_pipeline_ver3.5--2014_01_23-21_Lyn_pipeline_ver3.5-T2/sum/HD41117_sum_m58_fsr1.30_AIR_tel_wscor_helio.fits,True,20160,HD_41117/chi02_Ori_o123_c2T/HD41117_sum_m58_fsr1.30_AIR_tel_wscor_helio.fits,HD_41117,/Users/hamano/DIB_analysis/DIB_pipeline_dir/chi02_Ori/2014_01_23-HD41117_pipeline_ver3.5/2014_01_23-HD41117_pipeline_ver3.5--2014_01_23-21_Lyn_pipeline_ver3.5-T2/,wide
True,paper_2206_03131_reddened_target,Hamano2016_CygOB2_DIB,10.3847/0004-637X/821/1/42,,,12,BD+40  4212,VI Cyg 3 | CygOB2No3,O9: D,20:31:37.50,+41:13:20.9,2.05,Cyg OB2 3,BD+40_4212_o12_c1T,57,WIDE,1,0,2014-09-11-14:32:06.105,9733.2903,9941.1755,9733.126089425707,9941.011274334182,/Users/hamano/DIB_analysis/DIB_pipeline_dir/BD+40_4212/2014_09_11-CygOB2No3_pipeline_ver3.5/2014_09_11-CygOB2No3_pipeline_ver3.5--2014_09_11-rho_Peg_pipeline_ver3.5-T1/sum/CygOB2No3_sum_m57_fsr1.30_AIR_tel_wscor_helio.fits,True,17280,CygOB2No3/BD+40_4212_o12_c1T/CygOB2No3_sum_m57_fsr1.30_AIR_tel_wscor_helio.fits,CygOB2No3,/Users/hamano/DIB_analysis/DIB_pipeline_dir/BD+40_4212/2014_09_11-CygOB2No3_pipeline_ver3.5/2014_09_11-CygOB2No3_pipeline_ver3.5--2014_09_11-rho_Peg_pipeline_ver3.5-T1/,wide
True,paper_2206_03131_reddened_target,Hamano2016_CygOB2_DIB,10.3847/0004-637X/821/1/42,,,12,BD+40  4212,VI Cyg 3 | CygOB2No3,O9: D,20:31:37.50,+41:13:20.9,2.05,Cyg OB2 3,BD+40_4212_o12_c1T,47,WIDE,1,0,2014-09-11-14:32:06.105,11765.2745,12084.1116,11765.0786755603,12083.91578676159,/Users/hamano/DIB_analysis/DIB_pipeline_dir/BD+40_4212/2014_09_11-CygOB2No3_pipeline_ver3.5/2014_09_11-CygOB2No3_pipeline_ver3.5--2014_09_11-rho_Peg_pipeline_ver3.5-T1/sum/CygOB2No3_sum_m47_fsr1.30_AIR_tel_wscor_helio.fits,True,20160,CygOB2No3/BD+40_4212_o12_c1T/CygOB2No3_sum_m47_fsr1.30_AIR_tel_wscor_helio.fits,CygOB2No3,/Users/hamano/DIB_analysis/DIB_pipeline_dir/BD+40_4212/2014_09_11-CygOB2No3_pipeline_ver3.5/2014_09_11-CygOB2No3_pipeline_ver3.5--2014_09_11-rho_Peg_pipeline_ver3.5-T1/,wide
True,paper_2206_03131_reddened_target,Hamano2016_CygOB2_DIB,10.3847/0004-637X/821/1/42,,,12,BD+40  4212,VI Cyg 3 | CygOB2No3,O9: D,20:31:37.50,+41:13:20.9,2.05,Cyg OB2 3,BD+40_4212_o12_c1T,51,WIDE,1,0,2014-09-11-14:32:06.105,10855.5359,11128.4255,10855.35209912165,11128.24170200759,/Users/hamano/DIB_analysis/DIB_pipeline_dir/BD+40_4212/2014_09_11-CygOB2No3_pipeline_ver3.5/2014_09_11-CygOB2No3_pipeline_ver3.5--2014_09_11-rho_Peg_pipeline_ver3.5-T1/sum/CygOB2No3_sum_m51_fsr1.30_AIR_tel_wscor_helio.fits,True,20160,CygOB2No3/BD+40_4212_o12_c1T/CygOB2No3_sum_m51_fsr1.30_AIR_tel_wscor_helio.fits,CygOB2No3,/Users/hamano/DIB_analysis/DIB_pipeline_dir/BD+40_4212/2014_09_11-CygOB2No3_pipeline_ver3.5/2014_09_11-CygOB2No3_pipeline_ver3.5--2014_09_11-rho_Peg_pipeline_ver3.5-T1/,wide
True,paper_2206_03131_reddened_target,Hamano2016_CygOB2_DIB,10.3847/0004-637X/821/1/42,,,12,BD+40  4212,VI Cyg 3 | CygOB2No3,O9: D,20:31:37.50,+41:13:20.9,2.05,Cyg OB2 3,BD+40_4212_o12_c1T,58,WIDE,1,0,2014-09-11-14:32:06.105,9550.3889,9784.2811,9550.227603175332,9784.119778860813,/Users/hamano/DIB_analysis/DIB_pipeline_dir/BD+40_4212/2014_09_11-CygOB2No3_pipeline_ver3.5/2014_09_11-CygOB2No3_pipeline_ver3.5--2014_09_11-rho_Peg_pipeline_ver3.5-T1/sum/CygOB2No3_sum_m58_fsr1.30_AIR_tel_wscor_helio.fits,True,20160,CygOB2No3/BD+40_4212_o12_c1T/CygOB2No3_sum_m58_fsr1.30_AIR_tel_wscor_helio.fits,CygOB2No3,/Users/hamano/DIB_analysis/DIB_pipeline_dir/BD+40_4212/2014_09_11-CygOB2No3_pipeline_ver3.5/2014_09_11-CygOB2No3_pipeline_ver3.5--2014_09_11-rho_Peg_pipeline_ver3.5-T1/,wide
True,paper_2206_03131_reddened_target,Hamano2016_CygOB2_DIB,10.3847/0004-637X/821/1/42,,,12,BD+40  4212,VI Cyg 3 | CygOB2No3,O9: D,20:31:37.50,+41:13:20.9,2.05,Cyg OB2 3,BD+40_4212_o12_c1T,48,WIDE,1,0,2014-09-11-14:32:06.105,11520.7684,11832.5744,11520.57652970375,11832.38248625722,/Users/hamano/DIB_analysis/DIB_pipeline_dir/BD+40_4212/2014_09_11-CygOB2No3_pipeline_ver3.5/2014_09_11-CygOB2No3_pipeline_ver3.5--2014_09_11-rho_Peg_pipeline_ver3.5-T1/sum/CygOB2No3_sum_m48_fsr1.30_AIR_tel_wscor_helio.fits,True,20160,CygOB2No3/BD+40_4212_o12_c1T/CygOB2No3_sum_m48_fsr1.30_AIR_tel_wscor_helio.fits,CygOB2No3,/Users/hamano/DIB_analysis/DIB_pipeline_dir/BD+40_4212/2014_09_11-CygOB2No3_pipeline_ver3.5/2014_09_11-CygOB2No3_pipeline_ver3.5--2014_09_11-rho_Peg_pipeline_ver3.5-T1/,wide
True,paper_2206_03131_reddened_target,Hamano2016_CygOB2_DIB,10.3847/0004-637X/821/1/42,,,12,BD+40  4212,VI Cyg 3 | CygOB2No3,O9: D,20:31:37.50,+41:13:20.9,2.05,Cyg OB2 3,BD+40_4212_o12_c1T,46,WIDE,1,0,2014-09-11-14:32:06.105,12006.0509,12356.9324,12005.84752011667,12356.72895579759,/Users/hamano/DIB_analysis/DIB_pipeline_dir/BD+40_4212/2014_09_11-CygOB2No3_pipeline_ver3.5/2014_09_11-CygOB2No3_pipeline_ver3.5--2014_09_11-rho_Peg_pipeline_ver3.5-T1/sum/CygOB2No3_sum_m46_fsr1.30_AIR_tel_wscor_helio.fits,True,20160,CygOB2No3/BD+40_4212_o12_c1T/CygOB2No3_sum_m46_fsr1.30_AIR_tel_wscor_helio.fits,CygOB2No3,/Users/hamano/DIB_analysis/DIB_pipeline_dir/BD+40_4212/2014_09_11-CygOB2No3_pipeline_ver3.5/2014_09_11-CygOB2No3_pipeline_ver3.5--2014_09_11-rho_Peg_pipeline_ver3.5-T1/,wide
True,paper_2206_03131_reddened_target,Hamano2016_CygOB2_DIB,10.3847/0004-637X/821/1/42,,,12,BD+40  4212,VI Cyg 3 | CygOB2No3,O9: D,20:31:37.50,+41:13:20.9,2.05,Cyg OB2 3,BD+40_4212_o12_c1T,49,WIDE,1,0,2014-09-11-14:32:06.105,11283.5407,11592.7088,11283.35267418918,11592.52071817778,/Users/hamano/DIB_analysis/DIB_pipeline_dir/BD+40_4212/2014_09_11-CygOB2No3_pipeline_ver3.5/2014_09_11-CygOB2No3_pipeline_ver3.5--2014_09_11-rho_Peg_pipeline_ver3.5-T1/sum/CygOB2No3_sum_m49_fsr1.30_AIR_tel_wscor_helio.fits,True,20160,CygOB2No3/BD+40_4212_o12_c1T/CygOB2No3_sum_m49_fsr1.30_AIR_tel_wscor_helio.fits,CygOB2No3,/Users/hamano/DIB_analysis/DIB_pipeline_dir/BD+40_4212/2014_09_11-CygOB2No3_pipeline_ver3.5/2014_09_11-CygOB2No3_pipeline_ver3.5--2014_09_11-rho_Peg_pipeline_ver3.5-T1/,wide
True,paper_2206_03131_reddened_target,Hamano2016_CygOB2_DIB,10.3847/0004-637X/821/1/42,,,12,BD+40  4212,VI Cyg 3 | CygOB2No3,O9: D,20:31:37.50,+41:13:20.9,2.05,Cyg OB2 3,BD+40_4212_o12_c1T,61,WIDE,1,0,2014-09-11-14:32:06.105,9093.5924,9301.5244,9093.439321974665,9301.371319834901,/Users/hamano/DIB_analysis/DIB_pipeline_dir/BD+40_4212/2014_09_11-CygOB2No3_pipeline_ver3.5/2014_09_11-CygOB2No3_pipeline_ver3.5--2014_09_11-rho_Peg_pipeline_ver3.5-T1/sum/CygOB2No3_sum_m61_fsr1.30_AIR_tel_wscor_helio.fits,True,17280,CygOB2No3/BD+40_4212_o12_c1T/CygOB2No3_sum_m61_fsr1.30_AIR_tel_wscor_helio.fits,CygOB2No3,/Users/hamano/DIB_analysis/DIB_pipeline_dir/BD+40_4212/2014_09_11-CygOB2No3_pipeline_ver3.5/2014_09_11-CygOB2No3_pipeline_ver3.5--2014_09_11-rho_Peg_pipeline_ver3.5-T1/,wide
True,paper_2206_03131_reddened_target,Hamano2016_CygOB2_DIB,10.3847/0004-637X/821/1/42,,,12,BD+40  4212,VI Cyg 3 | CygOB2No3,O9: D,20:31:37.50,+41:13:20.9,2.05,Cyg OB2 3,BD+40_4212_o12_c1T,44,WIDE,1,0,2014-09-11-14:32:06.105,12551.3395,12938.2085,12551.1273106723,12937.99627034487,/Users/hamano/DIB_analysis/DIB_pipeline_dir/BD+40_4212/2014_09_11-CygOB2No3_pipeline_ver3.5/2014_09_11-CygOB2No3_pipeline_ver3.5--2014_09_11-rho_Peg_pipeline_ver3.5-T1/sum/CygOB2No3_sum_m44_fsr1.30_AIR_tel_wscor_helio.fits,True,20160,CygOB2No3/BD+40_4212_o12_c1T/CygOB2No3_sum_m44_fsr1.30_AIR_tel_wscor_helio.fits,CygOB2No3,/Users/hamano/DIB_analysis/DIB_pipeline_dir/BD+40_4212/2014_09_11-CygOB2No3_pipeline_ver3.5/2014_09_11-CygOB2No3_pipeline_ver3.5--2014_09_11-rho_Peg_pipeline_ver3.5-T1/,wide
True,paper_2206_03131_reddened_target,Hamano2016_CygOB2_DIB,10.3847/0004-637X/821/1/42,,,12,BD+40  4212,VI Cyg 3 | CygOB2No3,O9: D,20:31:37.50,+41:13:20.9,2.05,Cyg OB2 3,BD+40_4212_o12_c1T,42,WIDE,1,0,2014-09-11-14:32:06.105,13138.3801,13553.769,13138.15855710446,13553.54750749384,/Users/hamano/DIB_analysis/DIB_pipeline_dir/BD+40_4212/2014_09_11-CygOB2No3_pipeline_ver3.5/2014_09_11-CygOB2No3_pipeline_ver3.5--2014_09_11-rho_Peg_pipeline_ver3.5-T1/sum/CygOB2No3_sum_m42_fsr1.30_AIR_tel_wscor_helio.fits,True,20160,CygOB2No3/BD+40_4212_o12_c1T/CygOB2No3_sum_m42_fsr1.30_AIR_tel_wscor_helio.fits,CygOB2No3,/Users/hamano/DIB_analysis/DIB_pipeline_dir/BD+40_4212/2014_09_11-CygOB2No3_pipeline_ver3.5/2014_09_11-CygOB2No3_pipeline_ver3.5--2014_09_11-rho_Peg_pipeline_ver3.5-T1/,wide
True,paper_2206_03131_reddened_target,Hamano2016_CygOB2_DIB,10.3847/0004-637X/821/1/42,,,12,BD+40  4212,VI Cyg 3 | CygOB2No3,O9: D,20:31:37.50,+41:13:20.9,2.05,Cyg OB2 3,BD+40_4212_o12_c1T,56,WIDE,1,0,2014-09-11-14:32:06.105,9890.2943,10124.211,9890.127138828459,10124.04374745603,/Users/hamano/DIB_analysis/DIB_pipeline_dir/BD+40_4212/2014_09_11-CygOB2No3_pipeline_ver3.5/2014_09_11-CygOB2No3_pipeline_ver3.5--2014_09_11-rho_Peg_pipeline_ver3.5-T1/sum/CygOB2No3_sum_m56_fsr1.30_AIR_tel_wscor_helio.fits,True,17280,CygOB2No3/BD+40_4212_o12_c1T/CygOB2No3_sum_m56_fsr1.30_AIR_tel_wscor_helio.fits,CygOB2No3,/Users/hamano/DIB_analysis/DIB_pipeline_dir/BD+40_4212/2014_09_11-CygOB2No3_pipeline_ver3.5/2014_09_11-CygOB2No3_pipeline_ver3.5--2014_09_11-rho_Peg_pipeline_ver3.5-T1/,wide
True,paper_2206_03131_reddened_target,Hamano2016_CygOB2_DIB,10.3847/0004-637X/821/1/42,,,12,BD+40  4212,VI Cyg 3 | CygOB2No3,O9: D,20:31:37.50,+41:13:20.9,2.05,Cyg OB2 3,BD+40_4212_o12_c1T,45,WIDE,1,0,2014-09-11-14:32:06.105,12290.1508,12638.3875,12289.94665689433,12638.18337696148,/Users/hamano/DIB_analysis/DIB_pipeline_dir/BD+40_4212/2014_09_11-CygOB2No3_pipeline_ver3.5/2014_09_11-CygOB2No3_pipeline_ver3.5--2014_09_11-rho_Peg_pipeline_ver3.5-T1/sum/CygOB2No3_sum_m45_fsr1.30_AIR_tel_wscor_helio.fits,True,20160,CygOB2No3/BD+40_4212_o12_c1T/CygOB2No3_sum_m45_fsr1.30_AIR_tel_wscor_helio.fits,CygOB2No3,/Users/hamano/DIB_analysis/DIB_pipeline_dir/BD+40_4212/2014_09_11-CygOB2No3_pipeline_ver3.5/2014_09_11-CygOB2No3_pipeline_ver3.5--2014_09_11-rho_Peg_pipeline_ver3.5-T1/,wide
True,paper_2206_03131_reddened_target,Hamano2016_CygOB2_DIB,10.3847/0004-637X/821/1/42,,,12,BD+40  4212,VI Cyg 3 | CygOB2No3,O9: D,20:31:37.50,+41:13:20.9,2.05,Cyg OB2 3,BD+40_4212_o12_c1T,50,WIDE,1,0,2014-09-11-14:32:06.105,11063.9549,11349.7841,11063.76750475218,11349.59668175414,/Users/hamano/DIB_analysis/DIB_pipeline_dir/BD+40_4212/2014_09_11-CygOB2No3_pipeline_ver3.5/2014_09_11-CygOB2No3_pipeline_ver3.5--2014_09_11-rho_Peg_pipeline_ver3.5-T1/sum/CygOB2No3_sum_m50_fsr1.30_AIR_tel_wscor_helio.fits,True,20160,CygOB2No3/BD+40_4212_o12_c1T/CygOB2No3_sum_m50_fsr1.30_AIR_tel_wscor_helio.fits,CygOB2No3,/Users/hamano/DIB_analysis/DIB_pipeline_dir/BD+40_4212/2014_09_11-CygOB2No3_pipeline_ver3.5/2014_09_11-CygOB2No3_pipeline_ver3.5--2014_09_11-rho_Peg_pipeline_ver3.5-T1/,wide
True,paper_2206_03131_reddened_target,Hamano2016_CygOB2_DIB,10.3847/0004-637X/821/1/42,,,12,BD+40  4212,VI Cyg 3 | CygOB2No3,O9: D,20:31:37.50,+41:13:20.9,2.05,Cyg OB2 3,BD+40_4212_o12_c1T,60,WIDE,1,0,2014-09-11-14:32:06.105,9256.4527,9438.3836,9256.296933978734,9438.227802075344,/Users/hamano/DIB_analysis/DIB_pipeline_dir/BD+40_4212/2014_09_11-CygOB2No3_pipeline_ver3.5/2014_09_11-CygOB2No3_pipeline_ver3.5--2014_09_11-rho_Peg_pipeline_ver3.5-T1/sum/CygOB2No3_sum_m60_fsr1.30_AIR_tel_wscor_helio.fits,True,17280,CygOB2No3/BD+40_4212_o12_c1T/CygOB2No3_sum_m60_fsr1.30_AIR_tel_wscor_helio.fits,CygOB2No3,/Users/hamano/DIB_analysis/DIB_pipeline_dir/BD+40_4212/2014_09_11-CygOB2No3_pipeline_ver3.5/2014_09_11-CygOB2No3_pipeline_ver3.5--2014_09_11-rho_Peg_pipeline_ver3.5-T1/,wide
True,paper_2206_03131_reddened_target,Hamano2016_CygOB2_DIB,10.3847/0004-637X/821/1/42,,,12,BD+40  4212,VI Cyg 3 | CygOB2No3,O9: D,20:31:37.50,+41:13:20.9,2.05,Cyg OB2 3,BD+40_4212_o12_c1T,53,WIDE,1,0,2014-09-11-14:32:06.105,10447.143,10707.0413,10446.96623239109,10706.86450575406,/Users/hamano/DIB_analysis/DIB_pipeline_dir/BD+40_4212/2014_09_11-CygOB2No3_pipeline_ver3.5/2014_09_11-CygOB2No3_pipeline_ver3.5--2014_09_11-rho_Peg_pipeline_ver3.5-T1/sum/CygOB2No3_sum_m53_fsr1.30_AIR_tel_wscor_helio.fits,True,20160,CygOB2No3/BD+40_4212_o12_c1T/CygOB2No3_sum_m53_fsr1.30_AIR_tel_wscor_helio.fits,CygOB2No3,/Users/hamano/DIB_analysis/DIB_pipeline_dir/BD+40_4212/2014_09_11-CygOB2No3_pipeline_ver3.5/2014_09_11-CygOB2No3_pipeline_ver3.5--2014_09_11-rho_Peg_pipeline_ver3.5-T1/,wide
True,paper_2206_03131_reddened_target,Hamano2016_CygOB2_DIB,10.3847/0004-637X/821/1/42,,,12,BD+40  4212,VI Cyg 3 | CygOB2No3,O9: D,20:31:37.50,+41:13:20.9,2.05,Cyg OB2 3,BD+40_4212_o12_c1T,55,WIDE,1,0,2014-09-11-14:32:06.105,10070.1714,10304.1593,10070.0010811501,10303.98897063492,/Users/hamano/DIB_analysis/DIB_pipeline_dir/BD+40_4212/2014_09_11-CygOB2No3_pipeline_ver3.5/2014_09_11-CygOB2No3_pipeline_ver3.5--2014_09_11-rho_Peg_pipeline_ver3.5-T1/sum/CygOB2No3_sum_m55_fsr1.30_AIR_tel_wscor_helio.fits,True,17280,CygOB2No3/BD+40_4212_o12_c1T/CygOB2No3_sum_m55_fsr1.30_AIR_tel_wscor_helio.fits,CygOB2No3,/Users/hamano/DIB_analysis/DIB_pipeline_dir/BD+40_4212/2014_09_11-CygOB2No3_pipeline_ver3.5/2014_09_11-CygOB2No3_pipeline_ver3.5--2014_09_11-rho_Peg_pipeline_ver3.5-T1/,wide
True,paper_2206_03131_reddened_target,Hamano2016_CygOB2_DIB,10.3847/0004-637X/821/1/42,,,12,BD+40  4212,VI Cyg 3 | CygOB2No3,O9: D,20:31:37.50,+41:13:20.9,2.05,Cyg OB2 3,BD+40_4212_o12_c1T,59,WIDE,1,0,2014-09-11-14:32:06.105,9393.3844,9601.3242,9393.225898118952,9601.16573003928,/Users/hamano/DIB_analysis/DIB_pipeline_dir/BD+40_4212/2014_09_11-CygOB2No3_pipeline_ver3.5/2014_09_11-CygOB2No3_pipeline_ver3.5--2014_09_11-rho_Peg_pipeline_ver3.5-T1/sum/CygOB2No3_sum_m59_fsr1.30_AIR_tel_wscor_helio.fits,True,17280,CygOB2No3/BD+40_4212_o12_c1T/CygOB2No3_sum_m59_fsr1.30_AIR_tel_wscor_helio.fits,CygOB2No3,/Users/hamano/DIB_analysis/DIB_pipeline_dir/BD+40_4212/2014_09_11-CygOB2No3_pipeline_ver3.5/2014_09_11-CygOB2No3_pipeline_ver3.5--2014_09_11-rho_Peg_pipeline_ver3.5-T1/,wide
True,paper_2206_03131_reddened_target,Hamano2016_CygOB2_DIB,10.3847/0004-637X/821/1/42,,,12,BD+40  4212,VI Cyg 3 | CygOB2No3,O9: D,20:31:37.50,+41:13:20.9,2.05,Cyg OB2 3,BD+40_4212_o12_c1T,54,WIDE,1,0,2014-09-11-14:32:06.105,10247.183,10507.0784,10247.00952690764,10506.90485738358,/Users/hamano/DIB_analysis/DIB_pipeline_dir/BD+40_4212/2014_09_11-CygOB2No3_pipeline_ver3.5/2014_09_11-CygOB2No3_pipeline_ver3.5--2014_09_11-rho_Peg_pipeline_ver3.5-T1/sum/CygOB2No3_sum_m54_fsr1.30_AIR_tel_wscor_helio.fits,True,20160,CygOB2No3/BD+40_4212_o12_c1T/CygOB2No3_sum_m54_fsr1.30_AIR_tel_wscor_helio.fits,CygOB2No3,/Users/hamano/DIB_analysis/DIB_pipeline_dir/BD+40_4212/2014_09_11-CygOB2No3_pipeline_ver3.5/2014_09_11-CygOB2No3_pipeline_ver3.5--2014_09_11-rho_Peg_pipeline_ver3.5-T1/,wide
True,paper_2206_03131_reddened_target,Hamano2016_CygOB2_DIB,10.3847/0004-637X/821/1/42,,,12,BD+40  4212,VI Cyg 3 | CygOB2No3,O9: D,20:31:37.50,+41:13:20.9,2.05,Cyg OB2 3,BD+40_4212_o12_c1T,43,WIDE,1,0,2014-09-11-14:32:06.105,12853.0189,13229.8449,12852.80208562876,13229.62810842989,/Users/hamano/DIB_analysis/DIB_pipeline_dir/BD+40_4212/2014_09_11-CygOB2No3_pipeline_ver3.5/2014_09_11-CygOB2No3_pipeline_ver3.5--2014_09_11-rho_Peg_pipeline_ver3.5-T1/sum/CygOB2No3_sum_m43_fsr1.30_AIR_tel_wscor_helio.fits,True,20160,CygOB2No3/BD+40_4212_o12_c1T/CygOB2No3_sum_m43_fsr1.30_AIR_tel_wscor_helio.fits,CygOB2No3,/Users/hamano/DIB_analysis/DIB_pipeline_dir/BD+40_4212/2014_09_11-CygOB2No3_pipeline_ver3.5/2014_09_11-CygOB2No3_pipeline_ver3.5--2014_09_11-rho_Peg_pipeline_ver3.5-T1/,wide
True,paper_2206_03131_reddened_target,Hamano2016_CygOB2_DIB,10.3847/0004-637X/821/1/42,,,12,BD+40  4212,VI Cyg 3 | CygOB2No3,O9: D,20:31:37.50,+41:13:20.9,2.05,Cyg OB2 3,BD+40_4212_o12_c1T,52,WIDE,1,0,2014-09-11-14:32:06.105,10645.6219,10918.4802,10645.4416538133,10918.30000207669,/Users/hamano/DIB_analysis/DIB_pipeline_dir/BD+40_4212/2014_09_11-CygOB2No3_pipeline_ver3.5/2014_09_11-CygOB2No3_pipeline_ver3.5--2014_09_11-rho_Peg_pipeline_ver3.5-T1/sum/CygOB2No3_sum_m52_fsr1.30_AIR_tel_wscor_helio.fits,True,20160,CygOB2No3/BD+40_4212_o12_c1T/CygOB2No3_sum_m52_fsr1.30_AIR_tel_wscor_helio.fits,CygOB2No3,/Users/hamano/DIB_analysis/DIB_pipeline_dir/BD+40_4212/2014_09_11-CygOB2No3_pipeline_ver3.5/2014_09_11-CygOB2No3_pipeline_ver3.5--2014_09_11-rho_Peg_pipeline_ver3.5-T1/,wide
True,extra_candidate_release_object,,,NTT17c_DIBanalysis_candidate,Found in 2017-07 NTT17c quality/telluric/DIBanalysis traces; not yet tied to a publication.,44,* kap Aql,HD184915 | HD 184915,B0.5IIIn C,19:36:53.44,-07:01:38.9,0.22,HD 184915,kap_Aql_o44_c2T,55,WIDE,1,0,2017-07-31-04:22:06.682,10070.0408,10303.8014,10069.87063391277,10303.63129447705,/Users/hamano/DIB_analysis/DIB_pipeline_dir/kap_Aql/2017_07_30-HD_184915_pipeline_ver3.6/2017_07_30-HD_184915_pipeline_ver3.6--HR_8134_pipeline_ver3.6-T2/sum/HD_184915_sum_m55_fsr1.30_AIR_tel_wscor_helio.fits,True,23040,HD_184915/kap_Aql_o44_c2T/HD_184915_sum_m55_fsr1.30_AIR_tel_wscor_helio.fits,HD_184915,/Users/hamano/DIB_analysis/DIB_pipeline_dir/kap_Aql/2017_07_30-HD_184915_pipeline_ver3.6/2017_07_30-HD_184915_pipeline_ver3.6--HR_8134_pipeline_ver3.6-T2/,wide
True,extra_candidate_release_object,,,NTT17c_DIBanalysis_candidate,Found in 2017-07 NTT17c quality/telluric/DIBanalysis traces; not yet tied to a publication.,44,* kap Aql,HD184915 | HD 184915,B0.5IIIn C,19:36:53.44,-07:01:38.9,0.22,HD 184915,kap_Aql_o44_c2T,53,WIDE,1,0,2017-07-31-04:22:06.682,10446.9264,10706.6725,10446.74971230108,10706.49584847143,/Users/hamano/DIB_analysis/DIB_pipeline_dir/kap_Aql/2017_07_30-HD_184915_pipeline_ver3.6/2017_07_30-HD_184915_pipeline_ver3.6--HR_8134_pipeline_ver3.6-T2/sum/HD_184915_sum_m53_fsr1.30_AIR_tel_wscor_helio.fits,True,25920,HD_184915/kap_Aql_o44_c2T/HD_184915_sum_m53_fsr1.30_AIR_tel_wscor_helio.fits,HD_184915,/Users/hamano/DIB_analysis/DIB_pipeline_dir/kap_Aql/2017_07_30-HD_184915_pipeline_ver3.6/2017_07_30-HD_184915_pipeline_ver3.6--HR_8134_pipeline_ver3.6-T2/,wide
True,extra_candidate_release_object,,,NTT17c_DIBanalysis_candidate,Found in 2017-07 NTT17c quality/telluric/DIBanalysis traces; not yet tied to a publication.,44,* kap Aql,HD184915 | HD 184915,B0.5IIIn C,19:36:53.44,-07:01:38.9,0.22,HD 184915,kap_Aql_o44_c2T,57,WIDE,1,0,2017-07-31-04:22:06.682,9733.143,9940.9172,9732.978837170096,9940.75305145492,/Users/hamano/DIB_analysis/DIB_pipeline_dir/kap_Aql/2017_07_30-HD_184915_pipeline_ver3.6/2017_07_30-HD_184915_pipeline_ver3.6--HR_8134_pipeline_ver3.6-T2/sum/HD_184915_sum_m57_fsr1.30_AIR_tel_wscor_helio.fits,True,23040,HD_184915/kap_Aql_o44_c2T/HD_184915_sum_m57_fsr1.30_AIR_tel_wscor_helio.fits,HD_184915,/Users/hamano/DIB_analysis/DIB_pipeline_dir/kap_Aql/2017_07_30-HD_184915_pipeline_ver3.6/2017_07_30-HD_184915_pipeline_ver3.6--HR_8134_pipeline_ver3.6-T2/,wide
True,extra_candidate_release_object,,,NTT17c_DIBanalysis_candidate,Found in 2017-07 NTT17c quality/telluric/DIBanalysis traces; not yet tied to a publication.,44,* kap Aql,HD184915 | HD 184915,B0.5IIIn C,19:36:53.44,-07:01:38.9,0.22,HD 184915,kap_Aql_o44_c2T,52,WIDE,1,0,2017-07-31-04:22:06.682,10645.3662,10918.1046,10645.18603968007,10917.92442710623,/Users/hamano/DIB_analysis/DIB_pipeline_dir/kap_Aql/2017_07_30-HD_184915_pipeline_ver3.6/2017_07_30-HD_184915_pipeline_ver3.6--HR_8134_pipeline_ver3.6-T2/sum/HD_184915_sum_m52_fsr1.30_AIR_tel_wscor_helio.fits,True,25920,HD_184915/kap_Aql_o44_c2T/HD_184915_sum_m52_fsr1.30_AIR_tel_wscor_helio.fits,HD_184915,/Users/hamano/DIB_analysis/DIB_pipeline_dir/kap_Aql/2017_07_30-HD_184915_pipeline_ver3.6/2017_07_30-HD_184915_pipeline_ver3.6--HR_8134_pipeline_ver3.6-T2/,wide
True,extra_candidate_release_object,,,NTT17c_DIBanalysis_candidate,Found in 2017-07 NTT17c quality/telluric/DIBanalysis traces; not yet tied to a publication.,44,* kap Aql,HD184915 | HD 184915,B0.5IIIn C,19:36:53.44,-07:01:38.9,0.22,HD 184915,kap_Aql_o44_c2T,58,WIDE,1,0,2017-07-31-04:22:06.682,9550.1983,9783.9677,9550.037203526623,9783.806611776085,/Users/hamano/DIB_analysis/DIB_pipeline_dir/kap_Aql/2017_07_30-HD_184915_pipeline_ver3.6/2017_07_30-HD_184915_pipeline_ver3.6--HR_8134_pipeline_ver3.6-T2/sum/HD_184915_sum_m58_fsr1.30_AIR_tel_wscor_helio.fits,True,25920,HD_184915/kap_Aql_o44_c2T/HD_184915_sum_m58_fsr1.30_AIR_tel_wscor_helio.fits,HD_184915,/Users/hamano/DIB_analysis/DIB_pipeline_dir/kap_Aql/2017_07_30-HD_184915_pipeline_ver3.6/2017_07_30-HD_184915_pipeline_ver3.6--HR_8134_pipeline_ver3.6-T2/,wide
True,extra_candidate_release_object,,,NTT17c_DIBanalysis_candidate,Found in 2017-07 NTT17c quality/telluric/DIBanalysis traces; not yet tied to a publication.,44,* kap Aql,HD184915 | HD 184915,B0.5IIIn C,19:36:53.44,-07:01:38.9,0.22,HD 184915,kap_Aql_o44_c2T,46,WIDE,1,0,2017-07-31-04:22:06.682,12005.953,12356.6459,12005.74972205469,12356.44261312052,/Users/hamano/DIB_analysis/DIB_pipeline_dir/kap_Aql/2017_07_30-HD_184915_pipeline_ver3.6/2017_07_30-HD_184915_pipeline_ver3.6--HR_8134_pipeline_ver3.6-T2/sum/HD_184915_sum_m46_fsr1.30_AIR_tel_wscor_helio.fits,True,25920,HD_184915/kap_Aql_o44_c2T/HD_184915_sum_m46_fsr1.30_AIR_tel_wscor_helio.fits,HD_184915,/Users/hamano/DIB_analysis/DIB_pipeline_dir/kap_Aql/2017_07_30-HD_184915_pipeline_ver3.6/2017_07_30-HD_184915_pipeline_ver3.6--HR_8134_pipeline_ver3.6-T2/,wide
True,extra_candidate_release_object,,,NTT17c_DIBanalysis_candidate,Found in 2017-07 NTT17c quality/telluric/DIBanalysis traces; not yet tied to a publication.,44,* kap Aql,HD184915 | HD 184915,B0.5IIIn C,19:36:53.44,-07:01:38.9,0.22,HD 184915,kap_Aql_o44_c2T,61,WIDE,1,0,2017-07-31-04:22:06.682,9093.3368,9301.1217,9093.183759127185,9300.968664159482,/Users/hamano/DIB_analysis/DIB_pipeline_dir/kap_Aql/2017_07_30-HD_184915_pipeline_ver3.6/2017_07_30-HD_184915_pipeline_ver3.6--HR_8134_pipeline_ver3.6-T2/sum/HD_184915_sum_m61_fsr1.30_AIR_tel_wscor_helio.fits,True,23040,HD_184915/kap_Aql_o44_c2T/HD_184915_sum_m61_fsr1.30_AIR_tel_wscor_helio.fits,HD_184915,/Users/hamano/DIB_analysis/DIB_pipeline_dir/kap_Aql/2017_07_30-HD_184915_pipeline_ver3.6/2017_07_30-HD_184915_pipeline_ver3.6--HR_8134_pipeline_ver3.6-T2/,wide
True,extra_candidate_release_object,,,NTT17c_DIBanalysis_candidate,Found in 2017-07 NTT17c quality/telluric/DIBanalysis traces; not yet tied to a publication.,44,* kap Aql,HD184915 | HD 184915,B0.5IIIn C,19:36:53.44,-07:01:38.9,0.22,HD 184915,kap_Aql_o44_c2T,48,WIDE,1,0,2017-07-31-04:22:06.682,11520.6005,11832.3127,11520.40542863844,11832.11766158872,/Users/hamano/DIB_analysis/DIB_pipeline_dir/kap_Aql/2017_07_30-HD_184915_pipeline_ver3.6/2017_07_30-HD_184915_pipeline_ver3.6--HR_8134_pipeline_ver3.6-T2/sum/HD_184915_sum_m48_fsr1.30_AIR_tel_wscor_helio.fits,True,25920,HD_184915/kap_Aql_o44_c2T/HD_184915_sum_m48_fsr1.30_AIR_tel_wscor_helio.fits,HD_184915,/Users/hamano/DIB_analysis/DIB_pipeline_dir/kap_Aql/2017_07_30-HD_184915_pipeline_ver3.6/2017_07_30-HD_184915_pipeline_ver3.6--HR_8134_pipeline_ver3.6-T2/,wide
True,extra_candidate_release_object,,,NTT17c_DIBanalysis_candidate,Found in 2017-07 NTT17c quality/telluric/DIBanalysis traces; not yet tied to a publication.,44,* kap Aql,HD184915 | HD 184915,B0.5IIIn C,19:36:53.44,-07:01:38.9,0.22,HD 184915,kap_Aql_o44_c2T,42,WIDE,1,0,2017-07-31-04:22:06.682,13138.109,13553.7631,13137.8866776921,13553.54084821546,/Users/hamano/DIB_analysis/DIB_pipeline_dir/kap_Aql/2017_07_30-HD_184915_pipeline_ver3.6/2017_07_30-HD_184915_pipeline_ver3.6--HR_8134_pipeline_ver3.6-T2/sum/HD_184915_sum_m42_fsr1.30_AIR_tel_wscor_helio.fits,True,25920,HD_184915/kap_Aql_o44_c2T/HD_184915_sum_m42_fsr1.30_AIR_tel_wscor_helio.fits,HD_184915,/Users/hamano/DIB_analysis/DIB_pipeline_dir/kap_Aql/2017_07_30-HD_184915_pipeline_ver3.6/2017_07_30-HD_184915_pipeline_ver3.6--HR_8134_pipeline_ver3.6-T2/,wide
True,extra_candidate_release_object,,,NTT17c_DIBanalysis_candidate,Found in 2017-07 NTT17c quality/telluric/DIBanalysis traces; not yet tied to a publication.,44,* kap Aql,HD184915 | HD 184915,B0.5IIIn C,19:36:53.44,-07:01:38.9,0.22,HD 184915,kap_Aql_o44_c2T,59,WIDE,1,0,2017-07-31-04:22:06.682,9393.2459,9601.026,9393.087567779234,9600.867615297189,/Users/hamano/DIB_analysis/DIB_pipeline_dir/kap_Aql/2017_07_30-HD_184915_pipeline_ver3.6/2017_07_30-HD_184915_pipeline_ver3.6--HR_8134_pipeline_ver3.6-T2/sum/HD_184915_sum_m59_fsr1.30_AIR_tel_wscor_helio.fits,True,23040,HD_184915/kap_Aql_o44_c2T/HD_184915_sum_m59_fsr1.30_AIR_tel_wscor_helio.fits,HD_184915,/Users/hamano/DIB_analysis/DIB_pipeline_dir/kap_Aql/2017_07_30-HD_184915_pipeline_ver3.6/2017_07_30-HD_184915_pipeline_ver3.6--HR_8134_pipeline_ver3.6-T2/,wide
True,extra_candidate_release_object,,,NTT17c_DIBanalysis_candidate,Found in 2017-07 NTT17c quality/telluric/DIBanalysis traces; not yet tied to a publication.,44,* kap Aql,HD184915 | HD 184915,B0.5IIIn C,19:36:53.44,-07:01:38.9,0.22,HD 184915,kap_Aql_o44_c2T,51,WIDE,1,0,2017-07-31-04:22:06.682,10855.3025,11128.038,10855.11884217473,11127.85431457305,/Users/hamano/DIB_analysis/DIB_pipeline_dir/kap_Aql/2017_07_30-HD_184915_pipeline_ver3.6/2017_07_30-HD_184915_pipeline_ver3.6--HR_8134_pipeline_ver3.6-T2/sum/HD_184915_sum_m51_fsr1.30_AIR_tel_wscor_helio.fits,True,25920,HD_184915/kap_Aql_o44_c2T/HD_184915_sum_m51_fsr1.30_AIR_tel_wscor_helio.fits,HD_184915,/Users/hamano/DIB_analysis/DIB_pipeline_dir/kap_Aql/2017_07_30-HD_184915_pipeline_ver3.6/2017_07_30-HD_184915_pipeline_ver3.6--HR_8134_pipeline_ver3.6-T2/,wide
True,extra_candidate_release_object,,,NTT17c_DIBanalysis_candidate,Found in 2017-07 NTT17c quality/telluric/DIBanalysis traces; not yet tied to a publication.,44,* kap Aql,HD184915 | HD 184915,B0.5IIIn C,19:36:53.44,-07:01:38.9,0.22,HD 184915,kap_Aql_o44_c2T,60,WIDE,1,0,2017-07-31-04:22:06.682,9256.2875,9438.0782,9256.131850551788,9437.922541254049,/Users/hamano/DIB_analysis/DIB_pipeline_dir/kap_Aql/2017_07_30-HD_184915_pipeline_ver3.6/2017_07_30-HD_184915_pipeline_ver3.6--HR_8134_pipeline_ver3.6-T2/sum/HD_184915_sum_m60_fsr1.30_AIR_tel_wscor_helio.fits,True,23040,HD_184915/kap_Aql_o44_c2T/HD_184915_sum_m60_fsr1.30_AIR_tel_wscor_helio.fits,HD_184915,/Users/hamano/DIB_analysis/DIB_pipeline_dir/kap_Aql/2017_07_30-HD_184915_pipeline_ver3.6/2017_07_30-HD_184915_pipeline_ver3.6--HR_8134_pipeline_ver3.6-T2/,wide
True,extra_candidate_release_object,,,NTT17c_DIBanalysis_candidate,Found in 2017-07 NTT17c quality/telluric/DIBanalysis traces; not yet tied to a publication.,44,* kap Aql,HD184915 | HD 184915,B0.5IIIn C,19:36:53.44,-07:01:38.9,0.22,HD 184915,kap_Aql_o44_c2T,50,WIDE,1,0,2017-07-31-04:22:06.682,11063.7392,11349.4669,11063.55185939269,11349.27958406368,/Users/hamano/DIB_analysis/DIB_pipeline_dir/kap_Aql/2017_07_30-HD_184915_pipeline_ver3.6/2017_07_30-HD_184915_pipeline_ver3.6--HR_8134_pipeline_ver3.6-T2/sum/HD_184915_sum_m50_fsr1.30_AIR_tel_wscor_helio.fits,True,25920,HD_184915/kap_Aql_o44_c2T/HD_184915_sum_m50_fsr1.30_AIR_tel_wscor_helio.fits,HD_184915,/Users/hamano/DIB_analysis/DIB_pipeline_dir/kap_Aql/2017_07_30-HD_184915_pipeline_ver3.6/2017_07_30-HD_184915_pipeline_ver3.6--HR_8134_pipeline_ver3.6-T2/,wide
True,extra_candidate_release_object,,,NTT17c_DIBanalysis_candidate,Found in 2017-07 NTT17c quality/telluric/DIBanalysis traces; not yet tied to a publication.,44,* kap Aql,HD184915 | HD 184915,B0.5IIIn C,19:36:53.44,-07:01:38.9,0.22,HD 184915,kap_Aql_o44_c2T,44,WIDE,1,0,2017-07-31-04:22:06.682,12551.2873,12938.7779,12551.07497401228,12938.56558292233,/Users/hamano/DIB_analysis/DIB_pipeline_dir/kap_Aql/2017_07_30-HD_184915_pipeline_ver3.6/2017_07_30-HD_184915_pipeline_ver3.6--HR_8134_pipeline_ver3.6-T2/sum/HD_184915_sum_m44_fsr1.30_AIR_tel_wscor_helio.fits,True,25920,HD_184915/kap_Aql_o44_c2T/HD_184915_sum_m44_fsr1.30_AIR_tel_wscor_helio.fits,HD_184915,/Users/hamano/DIB_analysis/DIB_pipeline_dir/kap_Aql/2017_07_30-HD_184915_pipeline_ver3.6/2017_07_30-HD_184915_pipeline_ver3.6--HR_8134_pipeline_ver3.6-T2/,wide
True,extra_candidate_release_object,,,NTT17c_DIBanalysis_candidate,Found in 2017-07 NTT17c quality/telluric/DIBanalysis traces; not yet tied to a publication.,44,* kap Aql,HD184915 | HD 184915,B0.5IIIn C,19:36:53.44,-07:01:38.9,0.22,HD 184915,kap_Aql_o44_c2T,45,WIDE,1,0,2017-07-31-04:22:06.682,12274.3715,12638.0556,12274.1636567205,12637.84782950291,/Users/hamano/DIB_analysis/DIB_pipeline_dir/kap_Aql/2017_07_30-HD_184915_pipeline_ver3.6/2017_07_30-HD_184915_pipeline_ver3.6--HR_8134_pipeline_ver3.6-T2/sum/HD_184915_sum_m45_fsr1.30_AIR_tel_wscor_helio.fits,True,25920,HD_184915/kap_Aql_o44_c2T/HD_184915_sum_m45_fsr1.30_AIR_tel_wscor_helio.fits,HD_184915,/Users/hamano/DIB_analysis/DIB_pipeline_dir/kap_Aql/2017_07_30-HD_184915_pipeline_ver3.6/2017_07_30-HD_184915_pipeline_ver3.6--HR_8134_pipeline_ver3.6-T2/,wide
True,extra_candidate_release_object,,,NTT17c_DIBanalysis_candidate,Found in 2017-07 NTT17c quality/telluric/DIBanalysis traces; not yet tied to a publication.,44,* kap Aql,HD184915 | HD 184915,B0.5IIIn C,19:36:53.44,-07:01:38.9,0.22,HD 184915,kap_Aql_o44_c2T,49,WIDE,1,0,2017-07-31-04:22:06.682,11280.6733,11592.3894,11280.48218802363,11592.1983110312,/Users/hamano/DIB_analysis/DIB_pipeline_dir/kap_Aql/2017_07_30-HD_184915_pipeline_ver3.6/2017_07_30-HD_184915_pipeline_ver3.6--HR_8134_pipeline_ver3.6-T2/sum/HD_184915_sum_m49_fsr1.30_AIR_tel_wscor_helio.fits,True,25920,HD_184915/kap_Aql_o44_c2T/HD_184915_sum_m49_fsr1.30_AIR_tel_wscor_helio.fits,HD_184915,/Users/hamano/DIB_analysis/DIB_pipeline_dir/kap_Aql/2017_07_30-HD_184915_pipeline_ver3.6/2017_07_30-HD_184915_pipeline_ver3.6--HR_8134_pipeline_ver3.6-T2/,wide
True,extra_candidate_release_object,,,NTT17c_DIBanalysis_candidate,Found in 2017-07 NTT17c quality/telluric/DIBanalysis traces; not yet tied to a publication.,44,* kap Aql,HD184915 | HD 184915,B0.5IIIn C,19:36:53.44,-07:01:38.9,0.22,HD 184915,kap_Aql_o44_c2T,54,WIDE,1,0,2017-07-31-04:22:06.682,10246.987,10506.7361,10246.81364129904,10506.56269223636,/Users/hamano/DIB_analysis/DIB_pipeline_dir/kap_Aql/2017_07_30-HD_184915_pipeline_ver3.6/2017_07_30-HD_184915_pipeline_ver3.6--HR_8134_pipeline_ver3.6-T2/sum/HD_184915_sum_m54_fsr1.30_AIR_tel_wscor_helio.fits,True,25920,HD_184915/kap_Aql_o44_c2T/HD_184915_sum_m54_fsr1.30_AIR_tel_wscor_helio.fits,HD_184915,/Users/hamano/DIB_analysis/DIB_pipeline_dir/kap_Aql/2017_07_30-HD_184915_pipeline_ver3.6/2017_07_30-HD_184915_pipeline_ver3.6--HR_8134_pipeline_ver3.6-T2/,wide
True,extra_candidate_release_object,,,NTT17c_DIBanalysis_candidate,Found in 2017-07 NTT17c quality/telluric/DIBanalysis traces; not yet tied to a publication.,44,* kap Aql,HD184915 | HD 184915,B0.5IIIn C,19:36:53.44,-07:01:38.9,0.22,HD 184915,kap_Aql_o44_c2T,56,WIDE,1,0,2017-07-31-04:22:06.682,9890.0953,10123.8589,9889.928216877075,10123.69179352944,/Users/hamano/DIB_analysis/DIB_pipeline_dir/kap_Aql/2017_07_30-HD_184915_pipeline_ver3.6/2017_07_30-HD_184915_pipeline_ver3.6--HR_8134_pipeline_ver3.6-T2/sum/HD_184915_sum_m56_fsr1.30_AIR_tel_wscor_helio.fits,True,23040,HD_184915/kap_Aql_o44_c2T/HD_184915_sum_m56_fsr1.30_AIR_tel_wscor_helio.fits,HD_184915,/Users/hamano/DIB_analysis/DIB_pipeline_dir/kap_Aql/2017_07_30-HD_184915_pipeline_ver3.6/2017_07_30-HD_184915_pipeline_ver3.6--HR_8134_pipeline_ver3.6-T2/,wide
True,extra_candidate_release_object,,,NTT17c_DIBanalysis_candidate,Found in 2017-07 NTT17c quality/telluric/DIBanalysis traces; not yet tied to a publication.,44,* kap Aql,HD184915 | HD 184915,B0.5IIIn C,19:36:53.44,-07:01:38.9,0.22,HD 184915,kap_Aql_o44_c2T,43,WIDE,1,0,2017-07-31-04:22:06.682,12852.6958,13229.3674,12852.47856671298,13229.15013307976,/Users/hamano/DIB_analysis/DIB_pipeline_dir/kap_Aql/2017_07_30-HD_184915_pipeline_ver3.6/2017_07_30-HD_184915_pipeline_ver3.6--HR_8134_pipeline_ver3.6-T2/sum/HD_184915_sum_m43_fsr1.30_AIR_tel_wscor_helio.fits,True,25920,HD_184915/kap_Aql_o44_c2T/HD_184915_sum_m43_fsr1.30_AIR_tel_wscor_helio.fits,HD_184915,/Users/hamano/DIB_analysis/DIB_pipeline_dir/kap_Aql/2017_07_30-HD_184915_pipeline_ver3.6/2017_07_30-HD_184915_pipeline_ver3.6--HR_8134_pipeline_ver3.6-T2/,wide
True,extra_candidate_release_object,,,NTT17c_DIBanalysis_candidate,Found in 2017-07 NTT17c quality/telluric/DIBanalysis traces; not yet tied to a publication.,44,* kap Aql,HD184915 | HD 184915,B0.5IIIn C,19:36:53.44,-07:01:38.9,0.22,HD 184915,kap_Aql_o44_c2T,47,WIDE,1,0,2017-07-31-04:22:06.682,11759.0281,12083.7326,11758.82899298848,12083.53348117491,/Users/hamano/DIB_analysis/DIB_pipeline_dir/kap_Aql/2017_07_30-HD_184915_pipeline_ver3.6/2017_07_30-HD_184915_pipeline_ver3.6--HR_8134_pipeline_ver3.6-T2/sum/HD_184915_sum_m47_fsr1.30_AIR_tel_wscor_helio.fits,True,25920,HD_184915/kap_Aql_o44_c2T/HD_184915_sum_m47_fsr1.30_AIR_tel_wscor_helio.fits,HD_184915,/Users/hamano/DIB_analysis/DIB_pipeline_dir/kap_Aql/2017_07_30-HD_184915_pipeline_ver3.6/2017_07_30-HD_184915_pipeline_ver3.6--HR_8134_pipeline_ver3.6-T2/,wide
True,paper_2206_03131_reddened_target,,,,,66,HD 183143,HD183143 | HD 183143,B6Ia C,19:27:26.56,+18:17:45.1,1.27,HD183143,HD_183143_o66_c1T,61,WIDE,1,1,2014-08-22-13:12:04.50,9093.1914,9301.1729,9093.038253492046,9301.019698804552,/Users/hamano/DIB_analysis/DIB_pipeline_dir/HD_183143/HD_183143_o66_c1T/spectrum_files/HD_183143_o66_c1T_m61.fits,True,17280,HD_183143/HD_183143_o66_c1T/HD_183143_o66_c1T_m61.fits,HD_183143,/Users/hamano/DIB_analysis/DIB_pipeline_dir/HD_183143/HD_183143_o66_c1T/,wide
True,paper_2206_03131_reddened_target,,,,,66,HD 183143,HD183143 | HD 183143,B6Ia C,19:27:26.56,+18:17:45.1,1.27,HD183143,HD_183143_o66_c1T,49,WIDE,1,1,2014-08-22-13:12:04.50,11283.0371,11592.2656,11282.84901417085,11592.07752979585,/Users/hamano/DIB_analysis/DIB_pipeline_dir/HD_183143/HD_183143_o66_c1T/spectrum_files/HD_183143_o66_c1T_m49.fits,True,20160,HD_183143/HD_183143_o66_c1T/HD_183143_o66_c1T_m49.fits,HD_183143,/Users/hamano/DIB_analysis/DIB_pipeline_dir/HD_183143/HD_183143_o66_c1T/,wide
True,paper_2206_03131_reddened_target,,,,,66,HD 183143,HD183143 | HD 183143,B6Ia C,19:27:26.56,+18:17:45.1,1.27,HD183143,HD_183143_o66_c1T,58,WIDE,1,1,2014-08-22-13:12:04.50,9549.9658,9783.9102,9549.804479391172,9783.748815328678,/Users/hamano/DIB_analysis/DIB_pipeline_dir/HD_183143/HD_183143_o66_c1T/spectrum_files/HD_183143_o66_c1T_m58.fits,True,20160,HD_183143/HD_183143_o66_c1T/HD_183143_o66_c1T_m58.fits,HD_183143,/Users/hamano/DIB_analysis/DIB_pipeline_dir/HD_183143/HD_183143_o66_c1T/,wide
True,paper_2206_03131_reddened_target,,,,,66,HD 183143,HD183143 | HD 183143,B6Ia C,19:27:26.56,+18:17:45.1,1.27,HD183143,HD_183143_o66_c1T,57,WIDE,1,1,2014-08-22-13:12:04.50,9732.8594,9940.7979,9732.695126598301,9940.633603160806,/Users/hamano/DIB_analysis/DIB_pipeline_dir/HD_183143/HD_183143_o66_c1T/spectrum_files/HD_183143_o66_c1T_m57.fits,True,17280,HD_183143/HD_183143_o66_c1T/HD_183143_o66_c1T_m57.fits,HD_183143,/Users/hamano/DIB_analysis/DIB_pipeline_dir/HD_183143/HD_183143_o66_c1T/,wide
True,paper_2206_03131_reddened_target,,,,,66,HD 183143,HD183143 | HD 183143,B6Ia C,19:27:26.56,+18:17:45.1,1.27,HD183143,HD_183143_o66_c1T,47,WIDE,1,1,2014-08-22-13:12:04.50,11764.748,12083.6484,11764.55216211417,12083.45255273918,/Users/hamano/DIB_analysis/DIB_pipeline_dir/HD_183143/HD_183143_o66_c1T/spectrum_files/HD_183143_o66_c1T_m47.fits,True,20160,HD_183143/HD_183143_o66_c1T/HD_183143_o66_c1T_m47.fits,HD_183143,/Users/hamano/DIB_analysis/DIB_pipeline_dir/HD_183143/HD_183143_o66_c1T/,wide
True,paper_2206_03131_reddened_target,,,,,66,HD 183143,HD183143 | HD 183143,B6Ia C,19:27:26.56,+18:17:45.1,1.27,HD183143,HD_183143_o66_c1T,53,WIDE,1,1,2014-08-22-13:12:04.50,10446.6787,10706.6338,10446.5018707478,10706.4569488728,/Users/hamano/DIB_analysis/DIB_pipeline_dir/HD_183143/HD_183143_o66_c1T/spectrum_files/HD_183143_o66_c1T_m53.fits,True,20160,HD_183143/HD_183143_o66_c1T/HD_183143_o66_c1T_m53.fits,HD_183143,/Users/hamano/DIB_analysis/DIB_pipeline_dir/HD_183143/HD_183143_o66_c1T/,wide
True,paper_2206_03131_reddened_target,,,,,66,HD 183143,HD183143 | HD 183143,B6Ia C,19:27:26.56,+18:17:45.1,1.27,HD183143,HD_183143_o66_c1T,52,WIDE,1,1,2014-08-22-13:12:04.50,10645.1475,10918.0635,10644.9671993689,10917.8832149939,/Users/hamano/DIB_analysis/DIB_pipeline_dir/HD_183143/HD_183143_o66_c1T/spectrum_files/HD_183143_o66_c1T_m52.fits,True,20160,HD_183143/HD_183143_o66_c1T/HD_183143_o66_c1T_m52.fits,HD_183143,/Users/hamano/DIB_analysis/DIB_pipeline_dir/HD_183143/HD_183143_o66_c1T/,wide
True,paper_2206_03131_reddened_target,,,,,66,HD 183143,HD183143 | HD 183143,B6Ia C,19:27:26.56,+18:17:45.1,1.27,HD183143,HD_183143_o66_c1T,50,WIDE,1,1,2014-08-22-13:12:04.50,11063.4619,11349.3506,11063.27444608044,11349.16311795545,/Users/hamano/DIB_analysis/DIB_pipeline_dir/HD_183143/HD_183143_o66_c1T/spectrum_files/HD_183143_o66_c1T_m50.fits,True,20160,HD_183143/HD_183143_o66_c1T/HD_183143_o66_c1T_m50.fits,HD_183143,/Users/hamano/DIB_analysis/DIB_pipeline_dir/HD_183143/HD_183143_o66_c1T/,wide
True,paper_2206_03131_reddened_target,,,,,66,HD 183143,HD183143 | HD 183143,B6Ia C,19:27:26.56,+18:17:45.1,1.27,HD183143,HD_183143_o66_c1T,51,WIDE,1,1,2014-08-22-13:12:04.50,10855.0518,11128.001,10854.86795362429,11127.81717237429,/Users/hamano/DIB_analysis/DIB_pipeline_dir/HD_183143/HD_183143_o66_c1T/spectrum_files/HD_183143_o66_c1T_m51.fits,True,20160,HD_183143/HD_183143_o66_c1T/HD_183143_o66_c1T_m51.fits,HD_183143,/Users/hamano/DIB_analysis/DIB_pipeline_dir/HD_183143/HD_183143_o66_c1T/,wide
True,paper_2206_03131_reddened_target,,,,,66,HD 183143,HD183143 | HD 183143,B6Ia C,19:27:26.56,+18:17:45.1,1.27,HD183143,HD_183143_o66_c1T,59,WIDE,1,1,2014-08-22-13:12:04.50,9392.9688,9600.96,9392.810220113624,9600.801431051124,/Users/hamano/DIB_analysis/DIB_pipeline_dir/HD_183143/HD_183143_o66_c1T/spectrum_files/HD_183143_o66_c1T_m59.fits,True,17280,HD_183143/HD_183143_o66_c1T/HD_183143_o66_c1T_m59.fits,HD_183143,/Users/hamano/DIB_analysis/DIB_pipeline_dir/HD_183143/HD_183143_o66_c1T/,wide
True,paper_2206_03131_reddened_target,,,,,66,HD 183143,HD183143 | HD 183143,B6Ia C,19:27:26.56,+18:17:45.1,1.27,HD183143,HD_183143_o66_c1T,42,WIDE,1,1,2014-08-22-13:12:04.50,13137.7891,13553.248,13137.567484375,13553.02646875,/Users/hamano/DIB_analysis/DIB_pipeline_dir/HD_183143/HD_183143_o66_c1T/spectrum_files/HD_183143_o66_c1T_m42.fits,True,20160,HD_183143/HD_183143_o66_c1T/HD_183143_o66_c1T_m42.fits,HD_183143,/Users/hamano/DIB_analysis/DIB_pipeline_dir/HD_183143/HD_183143_o66_c1T/,wide
True,paper_2206_03131_reddened_target,,,,,66,HD 183143,HD183143 | HD 183143,B6Ia C,19:27:26.56,+18:17:45.1,1.27,HD183143,HD_183143_o66_c1T,48,WIDE,1,1,2014-08-22-13:12:04.50,11520.2539,11832.1221,11520.06198737981,11831.93015144231,/Users/hamano/DIB_analysis/DIB_pipeline_dir/HD_183143/HD_183143_o66_c1T/spectrum_files/HD_183143_o66_c1T_m48.fits,True,20160,HD_183143/HD_183143_o66_c1T/HD_183143_o66_c1T_m48.fits,HD_183143,/Users/hamano/DIB_analysis/DIB_pipeline_dir/HD_183143/HD_183143_o66_c1T/,wide
True,paper_2206_03131_reddened_target,,,,,66,HD 183143,HD183143 | HD 183143,B6Ia C,19:27:26.56,+18:17:45.1,1.27,HD183143,HD_183143_o66_c1T,44,WIDE,1,1,2014-08-22-13:12:04.50,12550.7764,12937.7119,12550.56411510424,12937.49966197924,/Users/hamano/DIB_analysis/DIB_pipeline_dir/HD_183143/HD_183143_o66_c1T/spectrum_files/HD_183143_o66_c1T_m44.fits,True,20160,HD_183143/HD_183143_o66_c1T/HD_183143_o66_c1T_m44.fits,HD_183143,/Users/hamano/DIB_analysis/DIB_pipeline_dir/HD_183143/HD_183143_o66_c1T/,wide
True,paper_2206_03131_reddened_target,,,,,66,HD 183143,HD183143 | HD 183143,B6Ia C,19:27:26.56,+18:17:45.1,1.27,HD183143,HD_183143_o66_c1T,56,WIDE,1,1,2014-08-22-13:12:04.50,9889.8555,10123.8262,9889.68822736107,10123.65893048607,/Users/hamano/DIB_analysis/DIB_pipeline_dir/HD_183143/HD_183143_o66_c1T/spectrum_files/HD_183143_o66_c1T_m56.fits,True,17280,HD_183143/HD_183143_o66_c1T/HD_183143_o66_c1T_m56.fits,HD_183143,/Users/hamano/DIB_analysis/DIB_pipeline_dir/HD_183143/HD_183143_o66_c1T/,wide
True,paper_2206_03131_reddened_target,,,,,66,HD 183143,HD183143 | HD 183143,B6Ia C,19:27:26.56,+18:17:45.1,1.27,HD183143,HD_183143_o66_c1T,60,WIDE,1,1,2014-08-22-13:12:04.50,9256.0439,9438.0264,9255.888138444465,9437.870560319461,/Users/hamano/DIB_analysis/DIB_pipeline_dir/HD_183143/HD_183143_o66_c1T/spectrum_files/HD_183143_o66_c1T_m60.fits,True,17280,HD_183143/HD_183143_o66_c1T/HD_183143_o66_c1T_m60.fits,HD_183143,/Users/hamano/DIB_analysis/DIB_pipeline_dir/HD_183143/HD_183143_o66_c1T/,wide
True,paper_2206_03131_reddened_target,,,,,66,HD 183143,HD183143 | HD 183143,B6Ia C,19:27:26.56,+18:17:45.1,1.27,HD183143,HD_183143_o66_c1T,46,WIDE,1,1,2014-08-22-13:12:04.50,12005.5127,12356.459,12005.30924818891,12356.2555372514,/Users/hamano/DIB_analysis/DIB_pipeline_dir/HD_183143/HD_183143_o66_c1T/spectrum_files/HD_183143_o66_c1T_m46.fits,True,20160,HD_183143/HD_183143_o66_c1T/HD_183143_o66_c1T_m46.fits,HD_183143,/Users/hamano/DIB_analysis/DIB_pipeline_dir/HD_183143/HD_183143_o66_c1T/,wide
True,paper_2206_03131_reddened_target,,,,,66,HD 183143,HD183143 | HD 183143,B6Ia C,19:27:26.56,+18:17:45.1,1.27,HD183143,HD_183143_o66_c1T,54,WIDE,1,1,2014-08-22-13:12:04.50,10246.7275,10506.6787,10246.55400690454,10506.50517877955,/Users/hamano/DIB_analysis/DIB_pipeline_dir/HD_183143/HD_183143_o66_c1T/spectrum_files/HD_183143_o66_c1T_m54.fits,True,20160,HD_183143/HD_183143_o66_c1T/HD_183143_o66_c1T_m54.fits,HD_183143,/Users/hamano/DIB_analysis/DIB_pipeline_dir/HD_183143/HD_183143_o66_c1T/,wide
True,paper_2206_03131_reddened_target,,,,,66,HD 183143,HD183143 | HD 183143,B6Ia C,19:27:26.56,+18:17:45.1,1.27,HD183143,HD_183143_o66_c1T,45,WIDE,1,1,2014-08-22-13:12:04.50,12289.5996,12637.9023,12289.39544599025,12637.69818036526,/Users/hamano/DIB_analysis/DIB_pipeline_dir/HD_183143/HD_183143_o66_c1T/spectrum_files/HD_183143_o66_c1T_m45.fits,True,20160,HD_183143/HD_183143_o66_c1T/HD_183143_o66_c1T_m45.fits,HD_183143,/Users/hamano/DIB_analysis/DIB_pipeline_dir/HD_183143/HD_183143_o66_c1T/,wide
True,paper_2206_03131_reddened_target,,,,,66,HD 183143,HD183143 | HD 183143,B6Ia C,19:27:26.56,+18:17:45.1,1.27,HD183143,HD_183143_o66_c1T,55,WIDE,1,1,2014-08-22-13:12:04.50,10069.7246,10303.7676,10069.5542724254,10303.5972411754,/Users/hamano/DIB_analysis/DIB_pipeline_dir/HD_183143/HD_183143_o66_c1T/spectrum_files/HD_183143_o66_c1T_m55.fits,True,17280,HD_183143/HD_183143_o66_c1T/HD_183143_o66_c1T_m55.fits,HD_183143,/Users/hamano/DIB_analysis/DIB_pipeline_dir/HD_183143/HD_183143_o66_c1T/,wide
True,paper_2206_03131_reddened_target,,,,,66,HD 183143,HD183143 | HD 183143,B6Ia C,19:27:26.56,+18:17:45.1,1.27,HD183143,HD_183143_o66_c1T,43,WIDE,1,1,2014-08-22-13:12:04.50,12852.4414,13229.3369,12852.22455037669,13229.12005818919,/Users/hamano/DIB_analysis/DIB_pipeline_dir/HD_183143/HD_183143_o66_c1T/spectrum_files/HD_183143_o66_c1T_m43.fits,True,20160,HD_183143/HD_183143_o66_c1T/HD_183143_o66_c1T_m43.fits,HD_183143,/Users/hamano/DIB_analysis/DIB_pipeline_dir/HD_183143/HD_183143_o66_c1T/,wide
True,paper_2206_03131_reddened_target,Hamano2015_NIR_DIB_0p91_1p32um,10.1088/0004-637X/800/2/137,,,90,*   6 Cas,HD223385 | HD 223385,A3Iae,23:48:50.17,+62:12:52.2,0.67,HD223385,6_Cas_o90_c1T,57,WIDE,1,0,2014-01-22-09:08:23.880,9732.7905,9940.6853,9732.626390523168,9940.521215021172,/Users/hamano/DIB_analysis/DIB_pipeline_dir/6_Cas/2014_01_22-HD223385_pipeline_ver3.5/2014_01_22-HD223385_pipeline_ver3.5--2014_01_22-50_Cas_pipeline_ver3.5-T1/sum/HD223385_sum_m57_fsr1.30_AIR_tel_wscor_helio.fits,True,17280,HD_223385/6_Cas_o90_c1T/HD223385_sum_m57_fsr1.30_AIR_tel_wscor_helio.fits,HD_223385,/Users/hamano/DIB_analysis/DIB_pipeline_dir/6_Cas/2014_01_22-HD223385_pipeline_ver3.5/2014_01_22-HD223385_pipeline_ver3.5--2014_01_22-50_Cas_pipeline_ver3.5-T1/,wide
True,paper_2206_03131_reddened_target,Hamano2015_NIR_DIB_0p91_1p32um,10.1088/0004-637X/800/2/137,,,90,*   6 Cas,HD223385 | HD 223385,A3Iae,23:48:50.17,+62:12:52.2,0.67,HD223385,6_Cas_o90_c1T,43,WIDE,1,0,2014-01-22-09:08:23.880,12851.9272,13228.8824,12851.71007255819,13228.66522315887,/Users/hamano/DIB_analysis/DIB_pipeline_dir/6_Cas/2014_01_22-HD223385_pipeline_ver3.5/2014_01_22-HD223385_pipeline_ver3.5--2014_01_22-50_Cas_pipeline_ver3.5-T1/sum/HD223385_sum_m43_fsr1.30_AIR_tel_wscor_helio.fits,True,20160,HD_223385/6_Cas_o90_c1T/HD223385_sum_m43_fsr1.30_AIR_tel_wscor_helio.fits,HD_223385,/Users/hamano/DIB_analysis/DIB_pipeline_dir/6_Cas/2014_01_22-HD223385_pipeline_ver3.5/2014_01_22-HD223385_pipeline_ver3.5--2014_01_22-50_Cas_pipeline_ver3.5-T1/,wide
True,paper_2206_03131_reddened_target,Hamano2015_NIR_DIB_0p91_1p32um,10.1088/0004-637X/800/2/137,,,90,*   6 Cas,HD223385 | HD 223385,A3Iae,23:48:50.17,+62:12:52.2,0.67,HD223385,6_Cas_o90_c1T,50,WIDE,1,0,2014-01-22-09:08:23.880,11063.4106,11349.2035,11063.22324076055,11349.0161285946,/Users/hamano/DIB_analysis/DIB_pipeline_dir/6_Cas/2014_01_22-HD223385_pipeline_ver3.5/2014_01_22-HD223385_pipeline_ver3.5--2014_01_22-50_Cas_pipeline_ver3.5-T1/sum/HD223385_sum_m50_fsr1.30_AIR_tel_wscor_helio.fits,True,20160,HD_223385/6_Cas_o90_c1T/HD223385_sum_m50_fsr1.30_AIR_tel_wscor_helio.fits,HD_223385,/Users/hamano/DIB_analysis/DIB_pipeline_dir/6_Cas/2014_01_22-HD223385_pipeline_ver3.5/2014_01_22-HD223385_pipeline_ver3.5--2014_01_22-50_Cas_pipeline_ver3.5-T1/,wide
True,paper_2206_03131_reddened_target,Hamano2015_NIR_DIB_0p91_1p32um,10.1088/0004-637X/800/2/137,,,90,*   6 Cas,HD223385 | HD 223385,A3Iae,23:48:50.17,+62:12:52.2,0.67,HD223385,6_Cas_o90_c1T,47,WIDE,1,0,2014-01-22-09:08:23.880,11758.3919,12083.3535,11758.19265050291,12083.15423202532,/Users/hamano/DIB_analysis/DIB_pipeline_dir/6_Cas/2014_01_22-HD223385_pipeline_ver3.5/2014_01_22-HD223385_pipeline_ver3.5--2014_01_22-50_Cas_pipeline_ver3.5-T1/sum/HD223385_sum_m47_fsr1.30_AIR_tel_wscor_helio.fits,True,20160,HD_223385/6_Cas_o90_c1T/HD223385_sum_m47_fsr1.30_AIR_tel_wscor_helio.fits,HD_223385,/Users/hamano/DIB_analysis/DIB_pipeline_dir/6_Cas/2014_01_22-HD223385_pipeline_ver3.5/2014_01_22-HD223385_pipeline_ver3.5--2014_01_22-50_Cas_pipeline_ver3.5-T1/,wide
True,paper_2206_03131_reddened_target,Hamano2015_NIR_DIB_0p91_1p32um,10.1088/0004-637X/800/2/137,,,90,*   6 Cas,HD223385 | HD 223385,A3Iae,23:48:50.17,+62:12:52.2,0.67,HD223385,6_Cas_o90_c1T,48,WIDE,1,0,2014-01-22-09:08:23.880,11519.9664,11832.0202,11519.77127069222,11831.82500853572,/Users/hamano/DIB_analysis/DIB_pipeline_dir/6_Cas/2014_01_22-HD223385_pipeline_ver3.5/2014_01_22-HD223385_pipeline_ver3.5--2014_01_22-50_Cas_pipeline_ver3.5-T1/sum/HD223385_sum_m48_fsr1.30_AIR_tel_wscor_helio.fits,True,20160,HD_223385/6_Cas_o90_c1T/HD223385_sum_m48_fsr1.30_AIR_tel_wscor_helio.fits,HD_223385,/Users/hamano/DIB_analysis/DIB_pipeline_dir/6_Cas/2014_01_22-HD223385_pipeline_ver3.5/2014_01_22-HD223385_pipeline_ver3.5--2014_01_22-50_Cas_pipeline_ver3.5-T1/,wide
True,paper_2206_03131_reddened_target,Hamano2015_NIR_DIB_0p91_1p32um,10.1088/0004-637X/800/2/137,,,90,*   6 Cas,HD223385 | HD 223385,A3Iae,23:48:50.17,+62:12:52.2,0.67,HD223385,6_Cas_o90_c1T,54,WIDE,1,0,2014-01-22-09:08:23.880,10246.6019,10506.5606,10246.42850339525,10506.38713439803,/Users/hamano/DIB_analysis/DIB_pipeline_dir/6_Cas/2014_01_22-HD223385_pipeline_ver3.5/2014_01_22-HD223385_pipeline_ver3.5--2014_01_22-50_Cas_pipeline_ver3.5-T1/sum/HD223385_sum_m54_fsr1.30_AIR_tel_wscor_helio.fits,True,20160,HD_223385/6_Cas_o90_c1T/HD223385_sum_m54_fsr1.30_AIR_tel_wscor_helio.fits,HD_223385,/Users/hamano/DIB_analysis/DIB_pipeline_dir/6_Cas/2014_01_22-HD223385_pipeline_ver3.5/2014_01_22-HD223385_pipeline_ver3.5--2014_01_22-50_Cas_pipeline_ver3.5-T1/,wide
True,paper_2206_03131_reddened_target,Hamano2015_NIR_DIB_0p91_1p32um,10.1088/0004-637X/800/2/137,,,90,*   6 Cas,HD223385 | HD 223385,A3Iae,23:48:50.17,+62:12:52.2,0.67,HD223385,6_Cas_o90_c1T,49,WIDE,1,0,2014-01-22-09:08:23.880,11280.1486,11592.0159,11279.95742454336,11591.82468574384,/Users/hamano/DIB_analysis/DIB_pipeline_dir/6_Cas/2014_01_22-HD223385_pipeline_ver3.5/2014_01_22-HD223385_pipeline_ver3.5--2014_01_22-50_Cas_pipeline_ver3.5-T1/sum/HD223385_sum_m49_fsr1.30_AIR_tel_wscor_helio.fits,True,20160,HD_223385/6_Cas_o90_c1T/HD223385_sum_m49_fsr1.30_AIR_tel_wscor_helio.fits,HD_223385,/Users/hamano/DIB_analysis/DIB_pipeline_dir/6_Cas/2014_01_22-HD223385_pipeline_ver3.5/2014_01_22-HD223385_pipeline_ver3.5--2014_01_22-50_Cas_pipeline_ver3.5-T1/,wide
True,paper_2206_03131_reddened_target,Hamano2015_NIR_DIB_0p91_1p32um,10.1088/0004-637X/800/2/137,,,90,*   6 Cas,HD223385 | HD 223385,A3Iae,23:48:50.17,+62:12:52.2,0.67,HD223385,6_Cas_o90_c1T,44,WIDE,1,0,2014-01-22-09:08:23.880,12550.7831,12940.1443,12550.57072251587,12939.93190127283,/Users/hamano/DIB_analysis/DIB_pipeline_dir/6_Cas/2014_01_22-HD223385_pipeline_ver3.5/2014_01_22-HD223385_pipeline_ver3.5--2014_01_22-50_Cas_pipeline_ver3.5-T1/sum/HD223385_sum_m44_fsr1.30_AIR_tel_wscor_helio.fits,True,20160,HD_223385/6_Cas_o90_c1T/HD223385_sum_m44_fsr1.30_AIR_tel_wscor_helio.fits,HD_223385,/Users/hamano/DIB_analysis/DIB_pipeline_dir/6_Cas/2014_01_22-HD223385_pipeline_ver3.5/2014_01_22-HD223385_pipeline_ver3.5--2014_01_22-50_Cas_pipeline_ver3.5-T1/,wide
True,paper_2206_03131_reddened_target,Hamano2015_NIR_DIB_0p91_1p32um,10.1088/0004-637X/800/2/137,,,90,*   6 Cas,HD223385 | HD 223385,A3Iae,23:48:50.17,+62:12:52.2,0.67,HD223385,6_Cas_o90_c1T,51,WIDE,1,0,2014-01-22-09:08:23.880,10854.9521,11127.7893,10854.7683359055,11127.60554732648,/Users/hamano/DIB_analysis/DIB_pipeline_dir/6_Cas/2014_01_22-HD223385_pipeline_ver3.5/2014_01_22-HD223385_pipeline_ver3.5--2014_01_22-50_Cas_pipeline_ver3.5-T1/sum/HD223385_sum_m51_fsr1.30_AIR_tel_wscor_helio.fits,True,20160,HD_223385/6_Cas_o90_c1T/HD223385_sum_m51_fsr1.30_AIR_tel_wscor_helio.fits,HD_223385,/Users/hamano/DIB_analysis/DIB_pipeline_dir/6_Cas/2014_01_22-HD223385_pipeline_ver3.5/2014_01_22-HD223385_pipeline_ver3.5--2014_01_22-50_Cas_pipeline_ver3.5-T1/,wide
True,paper_2206_03131_reddened_target,Hamano2015_NIR_DIB_0p91_1p32um,10.1088/0004-637X/800/2/137,,,90,*   6 Cas,HD223385 | HD 223385,A3Iae,23:48:50.17,+62:12:52.2,0.67,HD223385,6_Cas_o90_c1T,60,WIDE,1,0,2014-01-22-09:08:23.880,9256.1171,9437.9902,9255.961470861939,9437.834632277496,/Users/hamano/DIB_analysis/DIB_pipeline_dir/6_Cas/2014_01_22-HD223385_pipeline_ver3.5/2014_01_22-HD223385_pipeline_ver3.5--2014_01_22-50_Cas_pipeline_ver3.5-T1/sum/HD223385_sum_m60_fsr1.30_AIR_tel_wscor_helio.fits,True,17280,HD_223385/6_Cas_o90_c1T/HD223385_sum_m60_fsr1.30_AIR_tel_wscor_helio.fits,HD_223385,/Users/hamano/DIB_analysis/DIB_pipeline_dir/6_Cas/2014_01_22-HD223385_pipeline_ver3.5/2014_01_22-HD223385_pipeline_ver3.5--2014_01_22-50_Cas_pipeline_ver3.5-T1/,wide
True,paper_2206_03131_reddened_target,Hamano2015_NIR_DIB_0p91_1p32um,10.1088/0004-637X/800/2/137,,,90,*   6 Cas,HD223385 | HD 223385,A3Iae,23:48:50.17,+62:12:52.2,0.67,HD223385,6_Cas_o90_c1T,52,WIDE,1,0,2014-01-22-09:08:23.880,10644.8954,10917.8625,10644.71523875462,10917.68227610267,/Users/hamano/DIB_analysis/DIB_pipeline_dir/6_Cas/2014_01_22-HD223385_pipeline_ver3.5/2014_01_22-HD223385_pipeline_ver3.5--2014_01_22-50_Cas_pipeline_ver3.5-T1/sum/HD223385_sum_m52_fsr1.30_AIR_tel_wscor_helio.fits,True,20160,HD_223385/6_Cas_o90_c1T/HD223385_sum_m52_fsr1.30_AIR_tel_wscor_helio.fits,HD_223385,/Users/hamano/DIB_analysis/DIB_pipeline_dir/6_Cas/2014_01_22-HD223385_pipeline_ver3.5/2014_01_22-HD223385_pipeline_ver3.5--2014_01_22-50_Cas_pipeline_ver3.5-T1/,wide
True,paper_2206_03131_reddened_target,Hamano2015_NIR_DIB_0p91_1p32um,10.1088/0004-637X/800/2/137,,,90,*   6 Cas,HD223385 | HD 223385,A3Iae,23:48:50.17,+62:12:52.2,0.67,HD223385,6_Cas_o90_c1T,53,WIDE,1,0,2014-01-22-09:08:23.880,10446.4869,10706.4748,10446.31017466794,10706.29810688588,/Users/hamano/DIB_analysis/DIB_pipeline_dir/6_Cas/2014_01_22-HD223385_pipeline_ver3.5/2014_01_22-HD223385_pipeline_ver3.5--2014_01_22-50_Cas_pipeline_ver3.5-T1/sum/HD223385_sum_m53_fsr1.30_AIR_tel_wscor_helio.fits,True,20160,HD_223385/6_Cas_o90_c1T/HD223385_sum_m53_fsr1.30_AIR_tel_wscor_helio.fits,HD_223385,/Users/hamano/DIB_analysis/DIB_pipeline_dir/6_Cas/2014_01_22-HD223385_pipeline_ver3.5/2014_01_22-HD223385_pipeline_ver3.5--2014_01_22-50_Cas_pipeline_ver3.5-T1/,wide
True,paper_2206_03131_reddened_target,Hamano2015_NIR_DIB_0p91_1p32um,10.1088/0004-637X/800/2/137,,,90,*   6 Cas,HD223385 | HD 223385,A3Iae,23:48:50.17,+62:12:52.2,0.67,HD223385,6_Cas_o90_c1T,55,WIDE,1,0,2014-01-22-09:08:23.880,10069.6725,10303.7091,10069.5023362421,10303.5388950426,/Users/hamano/DIB_analysis/DIB_pipeline_dir/6_Cas/2014_01_22-HD223385_pipeline_ver3.5/2014_01_22-HD223385_pipeline_ver3.5--2014_01_22-50_Cas_pipeline_ver3.5-T1/sum/HD223385_sum_m55_fsr1.30_AIR_tel_wscor_helio.fits,True,17280,HD_223385/6_Cas_o90_c1T/HD223385_sum_m55_fsr1.30_AIR_tel_wscor_helio.fits,HD_223385,/Users/hamano/DIB_analysis/DIB_pipeline_dir/6_Cas/2014_01_22-HD223385_pipeline_ver3.5/2014_01_22-HD223385_pipeline_ver3.5--2014_01_22-50_Cas_pipeline_ver3.5-T1/,wide
True,paper_2206_03131_reddened_target,Hamano2015_NIR_DIB_0p91_1p32um,10.1088/0004-637X/800/2/137,,,90,*   6 Cas,HD223385 | HD 223385,A3Iae,23:48:50.17,+62:12:52.2,0.67,HD223385,6_Cas_o90_c1T,46,WIDE,1,0,2014-01-22-09:08:23.880,12005.3434,12356.3384,12005.13994679696,12356.13490423112,/Users/hamano/DIB_analysis/DIB_pipeline_dir/6_Cas/2014_01_22-HD223385_pipeline_ver3.5/2014_01_22-HD223385_pipeline_ver3.5--2014_01_22-50_Cas_pipeline_ver3.5-T1/sum/HD223385_sum_m46_fsr1.30_AIR_tel_wscor_helio.fits,True,20160,HD_223385/6_Cas_o90_c1T/HD223385_sum_m46_fsr1.30_AIR_tel_wscor_helio.fits,HD_223385,/Users/hamano/DIB_analysis/DIB_pipeline_dir/6_Cas/2014_01_22-HD223385_pipeline_ver3.5/2014_01_22-HD223385_pipeline_ver3.5--2014_01_22-50_Cas_pipeline_ver3.5-T1/,wide
True,paper_2206_03131_reddened_target,Hamano2015_NIR_DIB_0p91_1p32um,10.1088/0004-637X/800/2/137,,,90,*   6 Cas,HD223385 | HD 223385,A3Iae,23:48:50.17,+62:12:52.2,0.67,HD223385,6_Cas_o90_c1T,61,WIDE,1,0,2014-01-22-09:08:23.880,9093.0488,9301.0022,9092.895917635364,9300.849268148129,/Users/hamano/DIB_analysis/DIB_pipeline_dir/6_Cas/2014_01_22-HD223385_pipeline_ver3.5/2014_01_22-HD223385_pipeline_ver3.5--2014_01_22-50_Cas_pipeline_ver3.5-T1/sum/HD223385_sum_m61_fsr1.30_AIR_tel_wscor_helio.fits,True,17280,HD_223385/6_Cas_o90_c1T/HD223385_sum_m61_fsr1.30_AIR_tel_wscor_helio.fits,HD_223385,/Users/hamano/DIB_analysis/DIB_pipeline_dir/6_Cas/2014_01_22-HD223385_pipeline_ver3.5/2014_01_22-HD223385_pipeline_ver3.5--2014_01_22-50_Cas_pipeline_ver3.5-T1/,wide
True,paper_2206_03131_reddened_target,Hamano2015_NIR_DIB_0p91_1p32um,10.1088/0004-637X/800/2/137,,,90,*   6 Cas,HD223385 | HD 223385,A3Iae,23:48:50.17,+62:12:52.2,0.67,HD223385,6_Cas_o90_c1T,45,WIDE,1,0,2014-01-22-09:08:23.880,12273.6426,12637.6147,12273.43474380991,12637.40686062468,/Users/hamano/DIB_analysis/DIB_pipeline_dir/6_Cas/2014_01_22-HD223385_pipeline_ver3.5/2014_01_22-HD223385_pipeline_ver3.5--2014_01_22-50_Cas_pipeline_ver3.5-T1/sum/HD223385_sum_m45_fsr1.30_AIR_tel_wscor_helio.fits,True,20160,HD_223385/6_Cas_o90_c1T/HD223385_sum_m45_fsr1.30_AIR_tel_wscor_helio.fits,HD_223385,/Users/hamano/DIB_analysis/DIB_pipeline_dir/6_Cas/2014_01_22-HD223385_pipeline_ver3.5/2014_01_22-HD223385_pipeline_ver3.5--2014_01_22-50_Cas_pipeline_ver3.5-T1/,wide
True,paper_2206_03131_reddened_target,Hamano2015_NIR_DIB_0p91_1p32um,10.1088/0004-637X/800/2/137,,,90,*   6 Cas,HD223385 | HD 223385,A3Iae,23:48:50.17,+62:12:52.2,0.67,HD223385,6_Cas_o90_c1T,59,WIDE,1,0,2014-01-22-09:08:23.880,9392.8968,9600.7848,9392.738510325802,9600.626476740774,/Users/hamano/DIB_analysis/DIB_pipeline_dir/6_Cas/2014_01_22-HD223385_pipeline_ver3.5/2014_01_22-HD223385_pipeline_ver3.5--2014_01_22-50_Cas_pipeline_ver3.5-T1/sum/HD223385_sum_m59_fsr1.30_AIR_tel_wscor_helio.fits,True,17280,HD_223385/6_Cas_o90_c1T/HD223385_sum_m59_fsr1.30_AIR_tel_wscor_helio.fits,HD_223385,/Users/hamano/DIB_analysis/DIB_pipeline_dir/6_Cas/2014_01_22-HD223385_pipeline_ver3.5/2014_01_22-HD223385_pipeline_ver3.5--2014_01_22-50_Cas_pipeline_ver3.5-T1/,wide
True,paper_2206_03131_reddened_target,Hamano2015_NIR_DIB_0p91_1p32um,10.1088/0004-637X/800/2/137,,,90,*   6 Cas,HD223385 | HD 223385,A3Iae,23:48:50.17,+62:12:52.2,0.67,HD223385,6_Cas_o90_c1T,42,WIDE,1,0,2014-01-22-09:08:23.880,13137.7133,13553.3714,13137.4912223431,13553.14938368655,/Users/hamano/DIB_analysis/DIB_pipeline_dir/6_Cas/2014_01_22-HD223385_pipeline_ver3.5/2014_01_22-HD223385_pipeline_ver3.5--2014_01_22-50_Cas_pipeline_ver3.5-T1/sum/HD223385_sum_m42_fsr1.30_AIR_tel_wscor_helio.fits,True,20160,HD_223385/6_Cas_o90_c1T/HD223385_sum_m42_fsr1.30_AIR_tel_wscor_helio.fits,HD_223385,/Users/hamano/DIB_analysis/DIB_pipeline_dir/6_Cas/2014_01_22-HD223385_pipeline_ver3.5/2014_01_22-HD223385_pipeline_ver3.5--2014_01_22-50_Cas_pipeline_ver3.5-T1/,wide
True,paper_2206_03131_reddened_target,Hamano2015_NIR_DIB_0p91_1p32um,10.1088/0004-637X/800/2/137,,,90,*   6 Cas,HD223385 | HD 223385,A3Iae,23:48:50.17,+62:12:52.2,0.67,HD223385,6_Cas_o90_c1T,56,WIDE,1,0,2014-01-22-09:08:23.880,9889.7051,10123.642,9889.537965113812,10123.47493485332,/Users/hamano/DIB_analysis/DIB_pipeline_dir/6_Cas/2014_01_22-HD223385_pipeline_ver3.5/2014_01_22-HD223385_pipeline_ver3.5--2014_01_22-50_Cas_pipeline_ver3.5-T1/sum/HD223385_sum_m56_fsr1.30_AIR_tel_wscor_helio.fits,True,17280,HD_223385/6_Cas_o90_c1T/HD223385_sum_m56_fsr1.30_AIR_tel_wscor_helio.fits,HD_223385,/Users/hamano/DIB_analysis/DIB_pipeline_dir/6_Cas/2014_01_22-HD223385_pipeline_ver3.5/2014_01_22-HD223385_pipeline_ver3.5--2014_01_22-50_Cas_pipeline_ver3.5-T1/,wide
True,paper_2206_03131_reddened_target,Hamano2015_NIR_DIB_0p91_1p32um,10.1088/0004-637X/800/2/137,,,90,*   6 Cas,HD223385 | HD 223385,A3Iae,23:48:50.17,+62:12:52.2,0.67,HD223385,6_Cas_o90_c1T,58,WIDE,1,0,2014-01-22-09:08:23.880,9549.8859,9783.896,9549.724694219407,9783.734855778432,/Users/hamano/DIB_analysis/DIB_pipeline_dir/6_Cas/2014_01_22-HD223385_pipeline_ver3.5/2014_01_22-HD223385_pipeline_ver3.5--2014_01_22-50_Cas_pipeline_ver3.5-T1/sum/HD223385_sum_m58_fsr1.30_AIR_tel_wscor_helio.fits,True,20160,HD_223385/6_Cas_o90_c1T/HD223385_sum_m58_fsr1.30_AIR_tel_wscor_helio.fits,HD_223385,/Users/hamano/DIB_analysis/DIB_pipeline_dir/6_Cas/2014_01_22-HD223385_pipeline_ver3.5/2014_01_22-HD223385_pipeline_ver3.5--2014_01_22-50_Cas_pipeline_ver3.5-T1/,wide
True,extra_candidate_release_object,Hamano2015_NIR_DIB_0p91_1p32um,10.1088/0004-637X/800/2/137,,,128,HD  50064,HD50064 | HD 50064,B6Ie C,06:51:34.10,+00:17:50.4,0.85,HD50064,HD_50064_o128_c1T,54,WIDE,1,0,2014-01-24-14:04:57.86,10247.175,10507.1402,10247.00153312522,10506.96682378293,/Users/hamano/DIB_analysis/DIB_pipeline_dir/HD_50064/2014_01_24-HD50064_pipeline_ver3.5/2014_01_24-HD50064_pipeline_ver3.5--2014_01_24-omi_Aur_pipeline_ver3.5-T1/sum/HD50064_sum_m54_fsr1.30_AIR_tel_wscor_helio.fits,True,20160,HD_50064/HD_50064_o128_c1T/HD50064_sum_m54_fsr1.30_AIR_tel_wscor_helio.fits,HD_50064,/Users/hamano/DIB_analysis/DIB_pipeline_dir/HD_50064/2014_01_24-HD50064_pipeline_ver3.5/2014_01_24-HD50064_pipeline_ver3.5--2014_01_24-omi_Aur_pipeline_ver3.5-T1/,wide
True,extra_candidate_release_object,Hamano2015_NIR_DIB_0p91_1p32um,10.1088/0004-637X/800/2/137,,,128,HD  50064,HD50064 | HD 50064,B6Ie C,06:51:34.10,+00:17:50.4,0.85,HD50064,HD_50064_o128_c1T,61,WIDE,1,0,2014-01-24-14:04:57.86,9093.5485,9301.5072,9093.39562996811,9301.354307861893,/Users/hamano/DIB_analysis/DIB_pipeline_dir/HD_50064/2014_01_24-HD50064_pipeline_ver3.5/2014_01_24-HD50064_pipeline_ver3.5--2014_01_24-omi_Aur_pipeline_ver3.5-T1/sum/HD50064_sum_m61_fsr1.30_AIR_tel_wscor_helio.fits,True,17280,HD_50064/HD_50064_o128_c1T/HD50064_sum_m61_fsr1.30_AIR_tel_wscor_helio.fits,HD_50064,/Users/hamano/DIB_analysis/DIB_pipeline_dir/HD_50064/2014_01_24-HD50064_pipeline_ver3.5/2014_01_24-HD50064_pipeline_ver3.5--2014_01_24-omi_Aur_pipeline_ver3.5-T1/,wide
True,extra_candidate_release_object,Hamano2015_NIR_DIB_0p91_1p32um,10.1088/0004-637X/800/2/137,,,128,HD  50064,HD50064 | HD 50064,B6Ie C,06:51:34.10,+00:17:50.4,0.85,HD50064,HD_50064_o128_c1T,52,WIDE,1,0,2014-01-24-14:04:57.86,10645.4937,10918.4677,10645.31348730775,10918.28751756025,/Users/hamano/DIB_analysis/DIB_pipeline_dir/HD_50064/2014_01_24-HD50064_pipeline_ver3.5/2014_01_24-HD50064_pipeline_ver3.5--2014_01_24-omi_Aur_pipeline_ver3.5-T1/sum/HD50064_sum_m52_fsr1.30_AIR_tel_wscor_helio.fits,True,20160,HD_50064/HD_50064_o128_c1T/HD50064_sum_m52_fsr1.30_AIR_tel_wscor_helio.fits,HD_50064,/Users/hamano/DIB_analysis/DIB_pipeline_dir/HD_50064/2014_01_24-HD50064_pipeline_ver3.5/2014_01_24-HD50064_pipeline_ver3.5--2014_01_24-omi_Aur_pipeline_ver3.5-T1/,wide
True,extra_candidate_release_object,Hamano2015_NIR_DIB_0p91_1p32um,10.1088/0004-637X/800/2/137,,,128,HD  50064,HD50064 | HD 50064,B6Ie C,06:51:34.10,+00:17:50.4,0.85,HD50064,HD_50064_o128_c1T,43,WIDE,1,0,2014-01-24-14:04:57.86,12852.6658,13229.6306,12852.44867423267,13229.41348170969,/Users/hamano/DIB_analysis/DIB_pipeline_dir/HD_50064/2014_01_24-HD50064_pipeline_ver3.5/2014_01_24-HD50064_pipeline_ver3.5--2014_01_24-omi_Aur_pipeline_ver3.5-T1/sum/HD50064_sum_m43_fsr1.30_AIR_tel_wscor_helio.fits,True,20160,HD_50064/HD_50064_o128_c1T/HD50064_sum_m43_fsr1.30_AIR_tel_wscor_helio.fits,HD_50064,/Users/hamano/DIB_analysis/DIB_pipeline_dir/HD_50064/2014_01_24-HD50064_pipeline_ver3.5/2014_01_24-HD50064_pipeline_ver3.5--2014_01_24-omi_Aur_pipeline_ver3.5-T1/,wide
True,extra_candidate_release_object,Hamano2015_NIR_DIB_0p91_1p32um,10.1088/0004-637X/800/2/137,,,128,HD  50064,HD50064 | HD 50064,B6Ie C,06:51:34.10,+00:17:50.4,0.85,HD50064,HD_50064_o128_c1T,49,WIDE,1,0,2014-01-24-14:04:57.86,11280.7875,11592.6627,11280.59623936606,11592.47149001936,/Users/hamano/DIB_analysis/DIB_pipeline_dir/HD_50064/2014_01_24-HD50064_pipeline_ver3.5/2014_01_24-HD50064_pipeline_ver3.5--2014_01_24-omi_Aur_pipeline_ver3.5-T1/sum/HD50064_sum_m49_fsr1.30_AIR_tel_wscor_helio.fits,True,20160,HD_50064/HD_50064_o128_c1T/HD50064_sum_m49_fsr1.30_AIR_tel_wscor_helio.fits,HD_50064,/Users/hamano/DIB_analysis/DIB_pipeline_dir/HD_50064/2014_01_24-HD50064_pipeline_ver3.5/2014_01_24-HD50064_pipeline_ver3.5--2014_01_24-omi_Aur_pipeline_ver3.5-T1/,wide
True,extra_candidate_release_object,Hamano2015_NIR_DIB_0p91_1p32um,10.1088/0004-637X/800/2/137,,,128,HD  50064,HD50064 | HD 50064,B6Ie C,06:51:34.10,+00:17:50.4,0.85,HD50064,HD_50064_o128_c1T,51,WIDE,1,0,2014-01-24-14:04:57.86,10855.5635,11128.4077,10855.37975670281,11128.22395770161,/Users/hamano/DIB_analysis/DIB_pipeline_dir/HD_50064/2014_01_24-HD50064_pipeline_ver3.5/2014_01_24-HD50064_pipeline_ver3.5--2014_01_24-omi_Aur_pipeline_ver3.5-T1/sum/HD50064_sum_m51_fsr1.30_AIR_tel_wscor_helio.fits,True,20160,HD_50064/HD_50064_o128_c1T/HD50064_sum_m51_fsr1.30_AIR_tel_wscor_helio.fits,HD_50064,/Users/hamano/DIB_analysis/DIB_pipeline_dir/HD_50064/2014_01_24-HD50064_pipeline_ver3.5/2014_01_24-HD50064_pipeline_ver3.5--2014_01_24-omi_Aur_pipeline_ver3.5-T1/,wide
True,extra_candidate_release_object,Hamano2015_NIR_DIB_0p91_1p32um,10.1088/0004-637X/800/2/137,,,128,HD  50064,HD50064 | HD 50064,B6Ie C,06:51:34.10,+00:17:50.4,0.85,HD50064,HD_50064_o128_c1T,60,WIDE,1,0,2014-01-24-14:04:57.86,9256.6265,9438.5043,9256.470928116814,9438.348748786531,/Users/hamano/DIB_analysis/DIB_pipeline_dir/HD_50064/2014_01_24-HD50064_pipeline_ver3.5/2014_01_24-HD50064_pipeline_ver3.5--2014_01_24-omi_Aur_pipeline_ver3.5-T1/sum/HD50064_sum_m60_fsr1.30_AIR_tel_wscor_helio.fits,True,17280,HD_50064/HD_50064_o128_c1T/HD50064_sum_m60_fsr1.30_AIR_tel_wscor_helio.fits,HD_50064,/Users/hamano/DIB_analysis/DIB_pipeline_dir/HD_50064/2014_01_24-HD50064_pipeline_ver3.5/2014_01_24-HD50064_pipeline_ver3.5--2014_01_24-omi_Aur_pipeline_ver3.5-T1/,wide
True,extra_candidate_release_object,Hamano2015_NIR_DIB_0p91_1p32um,10.1088/0004-637X/800/2/137,,,128,HD  50064,HD50064 | HD 50064,B6Ie C,06:51:34.10,+00:17:50.4,0.85,HD50064,HD_50064_o128_c1T,44,WIDE,1,0,2014-01-24-14:04:57.86,12551.5031,12940.8742,12551.29066487904,12940.6618183322,/Users/hamano/DIB_analysis/DIB_pipeline_dir/HD_50064/2014_01_24-HD50064_pipeline_ver3.5/2014_01_24-HD50064_pipeline_ver3.5--2014_01_24-omi_Aur_pipeline_ver3.5-T1/sum/HD50064_sum_m44_fsr1.30_AIR_tel_wscor_helio.fits,True,20160,HD_50064/HD_50064_o128_c1T/HD50064_sum_m44_fsr1.30_AIR_tel_wscor_helio.fits,HD_50064,/Users/hamano/DIB_analysis/DIB_pipeline_dir/HD_50064/2014_01_24-HD50064_pipeline_ver3.5/2014_01_24-HD50064_pipeline_ver3.5--2014_01_24-omi_Aur_pipeline_ver3.5-T1/,wide
True,extra_candidate_release_object,Hamano2015_NIR_DIB_0p91_1p32um,10.1088/0004-637X/800/2/137,,,128,HD  50064,HD50064 | HD 50064,B6Ie C,06:51:34.10,+00:17:50.4,0.85,HD50064,HD_50064_o128_c1T,48,WIDE,1,0,2014-01-24-14:04:57.86,11520.6203,11832.682,11520.42513260271,11832.48686467537,/Users/hamano/DIB_analysis/DIB_pipeline_dir/HD_50064/2014_01_24-HD50064_pipeline_ver3.5/2014_01_24-HD50064_pipeline_ver3.5--2014_01_24-omi_Aur_pipeline_ver3.5-T1/sum/HD50064_sum_m48_fsr1.30_AIR_tel_wscor_helio.fits,True,20160,HD_50064/HD_50064_o128_c1T/HD50064_sum_m48_fsr1.30_AIR_tel_wscor_helio.fits,HD_50064,/Users/hamano/DIB_analysis/DIB_pipeline_dir/HD_50064/2014_01_24-HD50064_pipeline_ver3.5/2014_01_24-HD50064_pipeline_ver3.5--2014_01_24-omi_Aur_pipeline_ver3.5-T1/,wide
True,extra_candidate_release_object,Hamano2015_NIR_DIB_0p91_1p32um,10.1088/0004-637X/800/2/137,,,128,HD  50064,HD50064 | HD 50064,B6Ie C,06:51:34.10,+00:17:50.4,0.85,HD50064,HD_50064_o128_c1T,55,WIDE,1,0,2014-01-24-14:04:57.86,10070.234,10304.2766,10070.06378567968,10304.10634006069,/Users/hamano/DIB_analysis/DIB_pipeline_dir/HD_50064/2014_01_24-HD50064_pipeline_ver3.5/2014_01_24-HD50064_pipeline_ver3.5--2014_01_24-omi_Aur_pipeline_ver3.5-T1/sum/HD50064_sum_m55_fsr1.30_AIR_tel_wscor_helio.fits,True,17280,HD_50064/HD_50064_o128_c1T/HD50064_sum_m55_fsr1.30_AIR_tel_wscor_helio.fits,HD_50064,/Users/hamano/DIB_analysis/DIB_pipeline_dir/HD_50064/2014_01_24-HD50064_pipeline_ver3.5/2014_01_24-HD50064_pipeline_ver3.5--2014_01_24-omi_Aur_pipeline_ver3.5-T1/,wide
True,extra_candidate_release_object,Hamano2015_NIR_DIB_0p91_1p32um,10.1088/0004-637X/800/2/137,,,128,HD  50064,HD50064 | HD 50064,B6Ie C,06:51:34.10,+00:17:50.4,0.85,HD50064,HD_50064_o128_c1T,57,WIDE,1,0,2014-01-24-14:04:57.86,9733.3303,9941.2305,9733.166227001033,9941.066377378223,/Users/hamano/DIB_analysis/DIB_pipeline_dir/HD_50064/2014_01_24-HD50064_pipeline_ver3.5/2014_01_24-HD50064_pipeline_ver3.5--2014_01_24-omi_Aur_pipeline_ver3.5-T1/sum/HD50064_sum_m57_fsr1.30_AIR_tel_wscor_helio.fits,True,17280,HD_50064/HD_50064_o128_c1T/HD50064_sum_m57_fsr1.30_AIR_tel_wscor_helio.fits,HD_50064,/Users/hamano/DIB_analysis/DIB_pipeline_dir/HD_50064/2014_01_24-HD50064_pipeline_ver3.5/2014_01_24-HD50064_pipeline_ver3.5--2014_01_24-omi_Aur_pipeline_ver3.5-T1/,wide
True,extra_candidate_release_object,Hamano2015_NIR_DIB_0p91_1p32um,10.1088/0004-637X/800/2/137,,,128,HD  50064,HD50064 | HD 50064,B6Ie C,06:51:34.10,+00:17:50.4,0.85,HD50064,HD_50064_o128_c1T,58,WIDE,1,0,2014-01-24-14:04:57.86,9550.4147,9784.4309,9550.253542541865,9784.269699007193,/Users/hamano/DIB_analysis/DIB_pipeline_dir/HD_50064/2014_01_24-HD50064_pipeline_ver3.5/2014_01_24-HD50064_pipeline_ver3.5--2014_01_24-omi_Aur_pipeline_ver3.5-T1/sum/HD50064_sum_m58_fsr1.30_AIR_tel_wscor_helio.fits,True,20160,HD_50064/HD_50064_o128_c1T/HD50064_sum_m58_fsr1.30_AIR_tel_wscor_helio.fits,HD_50064,/Users/hamano/DIB_analysis/DIB_pipeline_dir/HD_50064/2014_01_24-HD50064_pipeline_ver3.5/2014_01_24-HD50064_pipeline_ver3.5--2014_01_24-omi_Aur_pipeline_ver3.5-T1/,wide
True,extra_candidate_release_object,Hamano2015_NIR_DIB_0p91_1p32um,10.1088/0004-637X/800/2/137,,,128,HD  50064,HD50064 | HD 50064,B6Ie C,06:51:34.10,+00:17:50.4,0.85,HD50064,HD_50064_o128_c1T,42,WIDE,1,0,2014-01-24-14:04:57.86,13138.4705,13554.1393,13138.24845759546,13553.91726731202,/Users/hamano/DIB_analysis/DIB_pipeline_dir/HD_50064/2014_01_24-HD50064_pipeline_ver3.5/2014_01_24-HD50064_pipeline_ver3.5--2014_01_24-omi_Aur_pipeline_ver3.5-T1/sum/HD50064_sum_m42_fsr1.30_AIR_tel_wscor_helio.fits,True,20160,HD_50064/HD_50064_o128_c1T/HD50064_sum_m42_fsr1.30_AIR_tel_wscor_helio.fits,HD_50064,/Users/hamano/DIB_analysis/DIB_pipeline_dir/HD_50064/2014_01_24-HD50064_pipeline_ver3.5/2014_01_24-HD50064_pipeline_ver3.5--2014_01_24-omi_Aur_pipeline_ver3.5-T1/,wide
True,extra_candidate_release_object,Hamano2015_NIR_DIB_0p91_1p32um,10.1088/0004-637X/800/2/137,,,128,HD  50064,HD50064 | HD 50064,B6Ie C,06:51:34.10,+00:17:50.4,0.85,HD50064,HD_50064_o128_c1T,46,WIDE,1,0,2014-01-24-14:04:57.86,12006.0284,12357.0324,12005.8249677031,12356.82891696533,/Users/hamano/DIB_analysis/DIB_pipeline_dir/HD_50064/2014_01_24-HD50064_pipeline_ver3.5/2014_01_24-HD50064_pipeline_ver3.5--2014_01_24-omi_Aur_pipeline_ver3.5-T1/sum/HD50064_sum_m46_fsr1.30_AIR_tel_wscor_helio.fits,True,20160,HD_50064/HD_50064_o128_c1T/HD50064_sum_m46_fsr1.30_AIR_tel_wscor_helio.fits,HD_50064,/Users/hamano/DIB_analysis/DIB_pipeline_dir/HD_50064/2014_01_24-HD50064_pipeline_ver3.5/2014_01_24-HD50064_pipeline_ver3.5--2014_01_24-omi_Aur_pipeline_ver3.5-T1/,wide
True,extra_candidate_release_object,Hamano2015_NIR_DIB_0p91_1p32um,10.1088/0004-637X/800/2/137,,,128,HD  50064,HD50064 | HD 50064,B6Ie C,06:51:34.10,+00:17:50.4,0.85,HD50064,HD_50064_o128_c1T,53,WIDE,1,0,2014-01-24-14:04:57.86,10447.0725,10707.0671,10446.89573874943,10706.8903313722,/Users/hamano/DIB_analysis/DIB_pipeline_dir/HD_50064/2014_01_24-HD50064_pipeline_ver3.5/2014_01_24-HD50064_pipeline_ver3.5--2014_01_24-omi_Aur_pipeline_ver3.5-T1/sum/HD50064_sum_m53_fsr1.30_AIR_tel_wscor_helio.fits,True,20160,HD_50064/HD_50064_o128_c1T/HD50064_sum_m53_fsr1.30_AIR_tel_wscor_helio.fits,HD_50064,/Users/hamano/DIB_analysis/DIB_pipeline_dir/HD_50064/2014_01_24-HD50064_pipeline_ver3.5/2014_01_24-HD50064_pipeline_ver3.5--2014_01_24-omi_Aur_pipeline_ver3.5-T1/,wide
True,extra_candidate_release_object,Hamano2015_NIR_DIB_0p91_1p32um,10.1088/0004-637X/800/2/137,,,128,HD  50064,HD50064 | HD 50064,B6Ie C,06:51:34.10,+00:17:50.4,0.85,HD50064,HD_50064_o128_c1T,50,WIDE,1,0,2014-01-24-14:04:57.86,11064.0354,11349.8356,11063.84797267788,11349.64818198912,/Users/hamano/DIB_analysis/DIB_pipeline_dir/HD_50064/2014_01_24-HD50064_pipeline_ver3.5/2014_01_24-HD50064_pipeline_ver3.5--2014_01_24-omi_Aur_pipeline_ver3.5-T1/sum/HD50064_sum_m50_fsr1.30_AIR_tel_wscor_helio.fits,True,20160,HD_50064/HD_50064_o128_c1T/HD50064_sum_m50_fsr1.30_AIR_tel_wscor_helio.fits,HD_50064,/Users/hamano/DIB_analysis/DIB_pipeline_dir/HD_50064/2014_01_24-HD50064_pipeline_ver3.5/2014_01_24-HD50064_pipeline_ver3.5--2014_01_24-omi_Aur_pipeline_ver3.5-T1/,wide
True,extra_candidate_release_object,Hamano2015_NIR_DIB_0p91_1p32um,10.1088/0004-637X/800/2/137,,,128,HD  50064,HD50064 | HD 50064,B6Ie C,06:51:34.10,+00:17:50.4,0.85,HD50064,HD_50064_o128_c1T,59,WIDE,1,0,2014-01-24-14:04:57.86,9393.4154,9601.3087,9393.257031173898,9601.150323293641,/Users/hamano/DIB_analysis/DIB_pipeline_dir/HD_50064/2014_01_24-HD50064_pipeline_ver3.5/2014_01_24-HD50064_pipeline_ver3.5--2014_01_24-omi_Aur_pipeline_ver3.5-T1/sum/HD50064_sum_m59_fsr1.30_AIR_tel_wscor_helio.fits,True,17280,HD_50064/HD_50064_o128_c1T/HD50064_sum_m59_fsr1.30_AIR_tel_wscor_helio.fits,HD_50064,/Users/hamano/DIB_analysis/DIB_pipeline_dir/HD_50064/2014_01_24-HD50064_pipeline_ver3.5/2014_01_24-HD50064_pipeline_ver3.5--2014_01_24-omi_Aur_pipeline_ver3.5-T1/,wide
True,extra_candidate_release_object,Hamano2015_NIR_DIB_0p91_1p32um,10.1088/0004-637X/800/2/137,,,128,HD  50064,HD50064 | HD 50064,B6Ie C,06:51:34.10,+00:17:50.4,0.85,HD50064,HD_50064_o128_c1T,56,WIDE,1,0,2014-01-24-14:04:57.86,9890.2552,10124.1982,9890.088125256296,10124.0310880257,/Users/hamano/DIB_analysis/DIB_pipeline_dir/HD_50064/2014_01_24-HD50064_pipeline_ver3.5/2014_01_24-HD50064_pipeline_ver3.5--2014_01_24-omi_Aur_pipeline_ver3.5-T1/sum/HD50064_sum_m56_fsr1.30_AIR_tel_wscor_helio.fits,True,17280,HD_50064/HD_50064_o128_c1T/HD50064_sum_m56_fsr1.30_AIR_tel_wscor_helio.fits,HD_50064,/Users/hamano/DIB_analysis/DIB_pipeline_dir/HD_50064/2014_01_24-HD50064_pipeline_ver3.5/2014_01_24-HD50064_pipeline_ver3.5--2014_01_24-omi_Aur_pipeline_ver3.5-T1/,wide
True,extra_candidate_release_object,Hamano2015_NIR_DIB_0p91_1p32um,10.1088/0004-637X/800/2/137,,,128,HD  50064,HD50064 | HD 50064,B6Ie C,06:51:34.10,+00:17:50.4,0.85,HD50064,HD_50064_o128_c1T,47,WIDE,1,0,2014-01-24-14:04:57.86,11759.061,12084.0309,11758.86170450044,12083.83161092582,/Users/hamano/DIB_analysis/DIB_pipeline_dir/HD_50064/2014_01_24-HD50064_pipeline_ver3.5/2014_01_24-HD50064_pipeline_ver3.5--2014_01_24-omi_Aur_pipeline_ver3.5-T1/sum/HD50064_sum_m47_fsr1.30_AIR_tel_wscor_helio.fits,True,20160,HD_50064/HD_50064_o128_c1T/HD50064_sum_m47_fsr1.30_AIR_tel_wscor_helio.fits,HD_50064,/Users/hamano/DIB_analysis/DIB_pipeline_dir/HD_50064/2014_01_24-HD50064_pipeline_ver3.5/2014_01_24-HD50064_pipeline_ver3.5--2014_01_24-omi_Aur_pipeline_ver3.5-T1/,wide
True,extra_candidate_release_object,Hamano2015_NIR_DIB_0p91_1p32um,10.1088/0004-637X/800/2/137,,,128,HD  50064,HD50064 | HD 50064,B6Ie C,06:51:34.10,+00:17:50.4,0.85,HD50064,HD_50064_o128_c1T,45,WIDE,1,0,2014-01-24-14:04:57.86,12274.3447,12638.3261,12274.1368375521,12638.1182786443,/Users/hamano/DIB_analysis/DIB_pipeline_dir/HD_50064/2014_01_24-HD50064_pipeline_ver3.5/2014_01_24-HD50064_pipeline_ver3.5--2014_01_24-omi_Aur_pipeline_ver3.5-T1/sum/HD50064_sum_m45_fsr1.30_AIR_tel_wscor_helio.fits,True,20160,HD_50064/HD_50064_o128_c1T/HD50064_sum_m45_fsr1.30_AIR_tel_wscor_helio.fits,HD_50064,/Users/hamano/DIB_analysis/DIB_pipeline_dir/HD_50064/2014_01_24-HD50064_pipeline_ver3.5/2014_01_24-HD50064_pipeline_ver3.5--2014_01_24-omi_Aur_pipeline_ver3.5-T1/,wide
True,paper_2206_03131_reddened_target,Hamano2016_CygOB2_DIB;Hamano2015_NIR_DIB_0p91_1p32um,10.3847/0004-637X/821/1/42;10.1088/0004-637X/800/2/137,,,9,Schulte 12,Cyg OB2 12 | CygOB_12 | VI Cyg 12 | CygOB2No.12,B3-4Ia+ C,20:32:40.95,+41:14:29.2,3.31,Cyg OB2 12,Schulte_12_o9_c2T,53,WIDE,1,0,2014-10-17-11:02:08.959,10446.9394,10706.6796,10446.7625755655,10706.50280841449,/Users/hamano/DIB_analysis/DIB_pipeline_dir/Schulte_12/2014_10_17-CygOB2No.12_pipeline_ver3.5/2014_10_17-CygOB2No.12_pipeline_ver3.5--2014_10_17-HR_196_pipeline_ver3.5-T2/sum/CygOB2No.12_sum_m53_fsr1.30_AIR_tel_wscor_helio.fits,True,20160,CygOB2No.12/Schulte_12_o9_c2T/CygOB2No.12_sum_m53_fsr1.30_AIR_tel_wscor_helio.fits,CygOB2No.12,/Users/hamano/DIB_analysis/DIB_pipeline_dir/Schulte_12/2014_10_17-CygOB2No.12_pipeline_ver3.5/2014_10_17-CygOB2No.12_pipeline_ver3.5--2014_10_17-HR_196_pipeline_ver3.5-T2/,wide
True,paper_2206_03131_reddened_target,Hamano2016_CygOB2_DIB;Hamano2015_NIR_DIB_0p91_1p32um,10.3847/0004-637X/821/1/42;10.1088/0004-637X/800/2/137,,,9,Schulte 12,Cyg OB2 12 | CygOB_12 | VI Cyg 12 | CygOB2No.12,B3-4Ia+ C,20:32:40.95,+41:14:29.2,3.31,Cyg OB2 12,Schulte_12_o9_c2T,50,WIDE,1,0,2014-10-17-11:02:08.959,11063.7679,11349.4894,11063.58038952289,11349.30187184362,/Users/hamano/DIB_analysis/DIB_pipeline_dir/Schulte_12/2014_10_17-CygOB2No.12_pipeline_ver3.5/2014_10_17-CygOB2No.12_pipeline_ver3.5--2014_10_17-HR_196_pipeline_ver3.5-T2/sum/CygOB2No.12_sum_m50_fsr1.30_AIR_tel_wscor_helio.fits,True,20160,CygOB2No.12/Schulte_12_o9_c2T/CygOB2No.12_sum_m50_fsr1.30_AIR_tel_wscor_helio.fits,CygOB2No.12,/Users/hamano/DIB_analysis/DIB_pipeline_dir/Schulte_12/2014_10_17-CygOB2No.12_pipeline_ver3.5/2014_10_17-CygOB2No.12_pipeline_ver3.5--2014_10_17-HR_196_pipeline_ver3.5-T2/,wide
True,paper_2206_03131_reddened_target,Hamano2016_CygOB2_DIB;Hamano2015_NIR_DIB_0p91_1p32um,10.3847/0004-637X/821/1/42;10.1088/0004-637X/800/2/137,,,9,Schulte 12,Cyg OB2 12 | CygOB_12 | VI Cyg 12 | CygOB2No.12,B3-4Ia+ C,20:32:40.95,+41:14:29.2,3.31,Cyg OB2 12,Schulte_12_o9_c2T,43,WIDE,1,0,2014-10-17-11:02:08.959,12852.7464,13229.4091,12852.52956814962,13229.19225926412,/Users/hamano/DIB_analysis/DIB_pipeline_dir/Schulte_12/2014_10_17-CygOB2No.12_pipeline_ver3.5/2014_10_17-CygOB2No.12_pipeline_ver3.5--2014_10_17-HR_196_pipeline_ver3.5-T2/sum/CygOB2No.12_sum_m43_fsr1.30_AIR_tel_wscor_helio.fits,True,20160,CygOB2No.12/Schulte_12_o9_c2T/CygOB2No.12_sum_m43_fsr1.30_AIR_tel_wscor_helio.fits,CygOB2No.12,/Users/hamano/DIB_analysis/DIB_pipeline_dir/Schulte_12/2014_10_17-CygOB2No.12_pipeline_ver3.5/2014_10_17-CygOB2No.12_pipeline_ver3.5--2014_10_17-HR_196_pipeline_ver3.5-T2/,wide
True,paper_2206_03131_reddened_target,Hamano2016_CygOB2_DIB;Hamano2015_NIR_DIB_0p91_1p32um,10.3847/0004-637X/821/1/42;10.1088/0004-637X/800/2/137,,,9,Schulte 12,Cyg OB2 12 | CygOB_12 | VI Cyg 12 | CygOB2No.12,B3-4Ia+ C,20:32:40.95,+41:14:29.2,3.31,Cyg OB2 12,Schulte_12_o9_c2T,48,WIDE,1,0,2014-10-17-11:02:08.959,11520.5241,11832.2297,11520.32902663023,11832.0346879809,/Users/hamano/DIB_analysis/DIB_pipeline_dir/Schulte_12/2014_10_17-CygOB2No.12_pipeline_ver3.5/2014_10_17-CygOB2No.12_pipeline_ver3.5--2014_10_17-HR_196_pipeline_ver3.5-T2/sum/CygOB2No.12_sum_m48_fsr1.30_AIR_tel_wscor_helio.fits,True,20160,CygOB2No.12/Schulte_12_o9_c2T/CygOB2No.12_sum_m48_fsr1.30_AIR_tel_wscor_helio.fits,CygOB2No.12,/Users/hamano/DIB_analysis/DIB_pipeline_dir/Schulte_12/2014_10_17-CygOB2No.12_pipeline_ver3.5/2014_10_17-CygOB2No.12_pipeline_ver3.5--2014_10_17-HR_196_pipeline_ver3.5-T2/,wide
True,paper_2206_03131_reddened_target,Hamano2016_CygOB2_DIB;Hamano2015_NIR_DIB_0p91_1p32um,10.3847/0004-637X/821/1/42;10.1088/0004-637X/800/2/137,,,9,Schulte 12,Cyg OB2 12 | CygOB_12 | VI Cyg 12 | CygOB2No.12,B3-4Ia+ C,20:32:40.95,+41:14:29.2,3.31,Cyg OB2 12,Schulte_12_o9_c2T,46,WIDE,1,0,2014-10-17-11:02:08.959,12005.8416,12356.526,12005.63818741114,12356.32255862255,/Users/hamano/DIB_analysis/DIB_pipeline_dir/Schulte_12/2014_10_17-CygOB2No.12_pipeline_ver3.5/2014_10_17-CygOB2No.12_pipeline_ver3.5--2014_10_17-HR_196_pipeline_ver3.5-T2/sum/CygOB2No.12_sum_m46_fsr1.30_AIR_tel_wscor_helio.fits,True,20160,CygOB2No.12/Schulte_12_o9_c2T/CygOB2No.12_sum_m46_fsr1.30_AIR_tel_wscor_helio.fits,CygOB2No.12,/Users/hamano/DIB_analysis/DIB_pipeline_dir/Schulte_12/2014_10_17-CygOB2No.12_pipeline_ver3.5/2014_10_17-CygOB2No.12_pipeline_ver3.5--2014_10_17-HR_196_pipeline_ver3.5-T2/,wide
True,paper_2206_03131_reddened_target,Hamano2016_CygOB2_DIB;Hamano2015_NIR_DIB_0p91_1p32um,10.3847/0004-637X/821/1/42;10.1088/0004-637X/800/2/137,,,9,Schulte 12,Cyg OB2 12 | CygOB_12 | VI Cyg 12 | CygOB2No.12,B3-4Ia+ C,20:32:40.95,+41:14:29.2,3.31,Cyg OB2 12,Schulte_12_o9_c2T,52,WIDE,1,0,2014-10-17-11:02:08.959,10645.4005,10918.1333,10645.22020871282,10917.95301934374,/Users/hamano/DIB_analysis/DIB_pipeline_dir/Schulte_12/2014_10_17-CygOB2No.12_pipeline_ver3.5/2014_10_17-CygOB2No.12_pipeline_ver3.5--2014_10_17-HR_196_pipeline_ver3.5-T2/sum/CygOB2No.12_sum_m52_fsr1.30_AIR_tel_wscor_helio.fits,True,20160,CygOB2No.12/Schulte_12_o9_c2T/CygOB2No.12_sum_m52_fsr1.30_AIR_tel_wscor_helio.fits,CygOB2No.12,/Users/hamano/DIB_analysis/DIB_pipeline_dir/Schulte_12/2014_10_17-CygOB2No.12_pipeline_ver3.5/2014_10_17-CygOB2No.12_pipeline_ver3.5--2014_10_17-HR_196_pipeline_ver3.5-T2/,wide
True,paper_2206_03131_reddened_target,Hamano2016_CygOB2_DIB;Hamano2015_NIR_DIB_0p91_1p32um,10.3847/0004-637X/821/1/42;10.1088/0004-637X/800/2/137,,,9,Schulte 12,Cyg OB2 12 | CygOB_12 | VI Cyg 12 | CygOB2No.12,B3-4Ia+ C,20:32:40.95,+41:14:29.2,3.31,Cyg OB2 12,Schulte_12_o9_c2T,60,WIDE,1,0,2014-10-17-11:02:08.959,9256.3374,9438.1231,9256.181588901005,9437.967331567183,/Users/hamano/DIB_analysis/DIB_pipeline_dir/Schulte_12/2014_10_17-CygOB2No.12_pipeline_ver3.5/2014_10_17-CygOB2No.12_pipeline_ver3.5--2014_10_17-HR_196_pipeline_ver3.5-T2/sum/CygOB2No.12_sum_m60_fsr1.30_AIR_tel_wscor_helio.fits,True,17280,CygOB2No.12/Schulte_12_o9_c2T/CygOB2No.12_sum_m60_fsr1.30_AIR_tel_wscor_helio.fits,CygOB2No.12,/Users/hamano/DIB_analysis/DIB_pipeline_dir/Schulte_12/2014_10_17-CygOB2No.12_pipeline_ver3.5/2014_10_17-CygOB2No.12_pipeline_ver3.5--2014_10_17-HR_196_pipeline_ver3.5-T2/,wide
True,paper_2206_03131_reddened_target,Hamano2016_CygOB2_DIB;Hamano2015_NIR_DIB_0p91_1p32um,10.3847/0004-637X/821/1/42;10.1088/0004-637X/800/2/137,,,9,Schulte 12,Cyg OB2 12 | CygOB_12 | VI Cyg 12 | CygOB2No.12,B3-4Ia+ C,20:32:40.95,+41:14:29.2,3.31,Cyg OB2 12,Schulte_12_o9_c2T,47,WIDE,1,0,2014-10-17-11:02:08.959,11759.0796,12083.7769,11758.88042057649,12083.577683192,/Users/hamano/DIB_analysis/DIB_pipeline_dir/Schulte_12/2014_10_17-CygOB2No.12_pipeline_ver3.5/2014_10_17-CygOB2No.12_pipeline_ver3.5--2014_10_17-HR_196_pipeline_ver3.5-T2/sum/CygOB2No.12_sum_m47_fsr1.30_AIR_tel_wscor_helio.fits,True,20160,CygOB2No.12/Schulte_12_o9_c2T/CygOB2No.12_sum_m47_fsr1.30_AIR_tel_wscor_helio.fits,CygOB2No.12,/Users/hamano/DIB_analysis/DIB_pipeline_dir/Schulte_12/2014_10_17-CygOB2No.12_pipeline_ver3.5/2014_10_17-CygOB2No.12_pipeline_ver3.5--2014_10_17-HR_196_pipeline_ver3.5-T2/,wide
True,paper_2206_03131_reddened_target,Hamano2016_CygOB2_DIB;Hamano2015_NIR_DIB_0p91_1p32um,10.3847/0004-637X/821/1/42;10.1088/0004-637X/800/2/137,,,9,Schulte 12,CygOB_12 | VI Cyg 12 | Cyg OB2 12 | CygOB2No.12,B3-4Ia+ C,20:32:40.95,+41:14:29.2,3.31,Cyg OB2 12,Schulte_12_o9_c2T,44,WIDE,1,0,2014-10-17-11:02:08.959,12551.2176,12937.7715,12551.00547321167,12937.55931958298,/Users/hamano/DIB_analysis/DIB_pipeline_dir/Schulte_12/2014_10_17-CygOB2No.12_pipeline_ver3.5/2014_10_17-CygOB2No.12_pipeline_ver3.5--2014_10_17-HR_196_pipeline_ver3.5-T2/sum/CygOB2No.12_sum_m44_fsr1.30_AIR_tel_wscor_helio.fits,True,20160,CygOB2No.12/Schulte_12_o9_c2T/CygOB2No.12_sum_m44_fsr1.30_AIR_tel_wscor_helio.fits,CygOB2No.12,/Users/hamano/DIB_analysis/DIB_pipeline_dir/Schulte_12/2014_10_17-CygOB2No.12_pipeline_ver3.5/2014_10_17-CygOB2No.12_pipeline_ver3.5--2014_10_17-HR_196_pipeline_ver3.5-T2/,wide
True,paper_2206_03131_reddened_target,Hamano2016_CygOB2_DIB;Hamano2015_NIR_DIB_0p91_1p32um,10.3847/0004-637X/821/1/42;10.1088/0004-637X/800/2/137,,,9,Schulte 12,CygOB_12 | VI Cyg 12 | Cyg OB2 12 | CygOB2No.12,B3-4Ia+ C,20:32:40.95,+41:14:29.2,3.31,Cyg OB2 12,Schulte_12_o9_c2T,49,WIDE,1,0,2014-10-17-11:02:08.959,11280.5915,11592.3001,11280.40023462073,11592.10882554327,/Users/hamano/DIB_analysis/DIB_pipeline_dir/Schulte_12/2014_10_17-CygOB2No.12_pipeline_ver3.5/2014_10_17-CygOB2No.12_pipeline_ver3.5--2014_10_17-HR_196_pipeline_ver3.5-T2/sum/CygOB2No.12_sum_m49_fsr1.30_AIR_tel_wscor_helio.fits,True,20160,CygOB2No.12/Schulte_12_o9_c2T/CygOB2No.12_sum_m49_fsr1.30_AIR_tel_wscor_helio.fits,CygOB2No.12,/Users/hamano/DIB_analysis/DIB_pipeline_dir/Schulte_12/2014_10_17-CygOB2No.12_pipeline_ver3.5/2014_10_17-CygOB2No.12_pipeline_ver3.5--2014_10_17-HR_196_pipeline_ver3.5-T2/,wide
True,paper_2206_03131_reddened_target,Hamano2016_CygOB2_DIB;Hamano2015_NIR_DIB_0p91_1p32um,10.3847/0004-637X/821/1/42;10.1088/0004-637X/800/2/137,,,9,Schulte 12,VI Cyg 12 | Cyg OB2 12 | CygOB_12 | CygOB2No.12,B3-4Ia+ C,20:32:40.95,+41:14:29.2,3.31,Cyg OB2 12,Schulte_12_o9_c2T,42,WIDE,1,0,2014-10-17-11:02:08.959,13138.1834,13553.3122,13137.96191035553,13553.09063916168,/Users/hamano/DIB_analysis/DIB_pipeline_dir/Schulte_12/2014_10_17-CygOB2No.12_pipeline_ver3.5/2014_10_17-CygOB2No.12_pipeline_ver3.5--2014_10_17-HR_196_pipeline_ver3.5-T2/sum/CygOB2No.12_sum_m42_fsr1.30_AIR_tel_wscor_helio.fits,True,20160,CygOB2No.12/Schulte_12_o9_c2T/CygOB2No.12_sum_m42_fsr1.30_AIR_tel_wscor_helio.fits,CygOB2No.12,/Users/hamano/DIB_analysis/DIB_pipeline_dir/Schulte_12/2014_10_17-CygOB2No.12_pipeline_ver3.5/2014_10_17-CygOB2No.12_pipeline_ver3.5--2014_10_17-HR_196_pipeline_ver3.5-T2/,wide
True,paper_2206_03131_reddened_target,Hamano2016_CygOB2_DIB;Hamano2015_NIR_DIB_0p91_1p32um,10.3847/0004-637X/821/1/42;10.1088/0004-637X/800/2/137,,,9,Schulte 12,Cyg OB2 12 | CygOB_12 | VI Cyg 12 | CygOB2No.12,B3-4Ia+ C,20:32:40.95,+41:14:29.2,3.31,Cyg OB2 12,Schulte_12_o9_c2T,58,WIDE,1,0,2014-10-17-11:02:08.959,9550.203,9783.9669,9550.041689728418,9783.805555722296,/Users/hamano/DIB_analysis/DIB_pipeline_dir/Schulte_12/2014_10_17-CygOB2No.12_pipeline_ver3.5/2014_10_17-CygOB2No.12_pipeline_ver3.5--2014_10_17-HR_196_pipeline_ver3.5-T2/sum/CygOB2No.12_sum_m58_fsr1.30_AIR_tel_wscor_helio.fits,True,20160,CygOB2No.12/Schulte_12_o9_c2T/CygOB2No.12_sum_m58_fsr1.30_AIR_tel_wscor_helio.fits,CygOB2No.12,/Users/hamano/DIB_analysis/DIB_pipeline_dir/Schulte_12/2014_10_17-CygOB2No.12_pipeline_ver3.5/2014_10_17-CygOB2No.12_pipeline_ver3.5--2014_10_17-HR_196_pipeline_ver3.5-T2/,wide
True,paper_2206_03131_reddened_target,Hamano2016_CygOB2_DIB;Hamano2015_NIR_DIB_0p91_1p32um,10.3847/0004-637X/821/1/42;10.1088/0004-637X/800/2/137,,,9,Schulte 12,VI Cyg 12 | Cyg OB2 12 | CygOB_12 | CygOB2No.12,B3-4Ia+ C,20:32:40.95,+41:14:29.2,3.31,Cyg OB2 12,Schulte_12_o9_c2T,59,WIDE,1,0,2014-10-17-11:02:08.959,9393.1859,9600.9607,9393.02737008182,9600.802174409087,/Users/hamano/DIB_analysis/DIB_pipeline_dir/Schulte_12/2014_10_17-CygOB2No.12_pipeline_ver3.5/2014_10_17-CygOB2No.12_pipeline_ver3.5--2014_10_17-HR_196_pipeline_ver3.5-T2/sum/CygOB2No.12_sum_m59_fsr1.30_AIR_tel_wscor_helio.fits,True,17280,CygOB2No.12/Schulte_12_o9_c2T/CygOB2No.12_sum_m59_fsr1.30_AIR_tel_wscor_helio.fits,CygOB2No.12,/Users/hamano/DIB_analysis/DIB_pipeline_dir/Schulte_12/2014_10_17-CygOB2No.12_pipeline_ver3.5/2014_10_17-CygOB2No.12_pipeline_ver3.5--2014_10_17-HR_196_pipeline_ver3.5-T2/,wide
True,paper_2206_03131_reddened_target,Hamano2016_CygOB2_DIB;Hamano2015_NIR_DIB_0p91_1p32um,10.3847/0004-637X/821/1/42;10.1088/0004-637X/800/2/137,,,9,Schulte 12,Cyg OB2 12 | CygOB_12 | VI Cyg 12 | CygOB2No.12,B3-4Ia+ C,20:32:40.95,+41:14:29.2,3.31,Cyg OB2 12,Schulte_12_o9_c2T,55,WIDE,1,0,2014-10-17-11:02:08.959,10070.0211,10303.7762,10069.85082591723,10303.60590319866,/Users/hamano/DIB_analysis/DIB_pipeline_dir/Schulte_12/2014_10_17-CygOB2No.12_pipeline_ver3.5/2014_10_17-CygOB2No.12_pipeline_ver3.5--2014_10_17-HR_196_pipeline_ver3.5-T2/sum/CygOB2No.12_sum_m55_fsr1.30_AIR_tel_wscor_helio.fits,True,17280,CygOB2No.12/Schulte_12_o9_c2T/CygOB2No.12_sum_m55_fsr1.30_AIR_tel_wscor_helio.fits,CygOB2No.12,/Users/hamano/DIB_analysis/DIB_pipeline_dir/Schulte_12/2014_10_17-CygOB2No.12_pipeline_ver3.5/2014_10_17-CygOB2No.12_pipeline_ver3.5--2014_10_17-HR_196_pipeline_ver3.5-T2/,wide
True,paper_2206_03131_reddened_target,Hamano2016_CygOB2_DIB;Hamano2015_NIR_DIB_0p91_1p32um,10.3847/0004-637X/821/1/42;10.1088/0004-637X/800/2/137,,,9,Schulte 12,Cyg OB2 12 | CygOB_12 | VI Cyg 12 | CygOB2No.12,B3-4Ia+ C,20:32:40.95,+41:14:29.2,3.31,Cyg OB2 12,Schulte_12_o9_c2T,61,WIDE,1,0,2014-10-17-11:02:08.959,9093.3753,9301.156,9093.222173005477,9301.002836476151,/Users/hamano/DIB_analysis/DIB_pipeline_dir/Schulte_12/2014_10_17-CygOB2No.12_pipeline_ver3.5/2014_10_17-CygOB2No.12_pipeline_ver3.5--2014_10_17-HR_196_pipeline_ver3.5-T2/sum/CygOB2No.12_sum_m61_fsr1.30_AIR_tel_wscor_helio.fits,True,17280,CygOB2No.12/Schulte_12_o9_c2T/CygOB2No.12_sum_m61_fsr1.30_AIR_tel_wscor_helio.fits,CygOB2No.12,/Users/hamano/DIB_analysis/DIB_pipeline_dir/Schulte_12/2014_10_17-CygOB2No.12_pipeline_ver3.5/2014_10_17-CygOB2No.12_pipeline_ver3.5--2014_10_17-HR_196_pipeline_ver3.5-T2/,wide
True,paper_2206_03131_reddened_target,Hamano2016_CygOB2_DIB;Hamano2015_NIR_DIB_0p91_1p32um,10.3847/0004-637X/821/1/42;10.1088/0004-637X/800/2/137,,,9,Schulte 12,Cyg OB2 12 | CygOB_12 | VI Cyg 12 | CygOB2No.12,B3-4Ia+ C,20:32:40.95,+41:14:29.2,3.31,Cyg OB2 12,Schulte_12_o9_c2T,45,WIDE,1,0,2014-10-17-11:02:08.959,12274.3009,12637.9779,12274.09312564488,12637.77007463407,/Users/hamano/DIB_analysis/DIB_pipeline_dir/Schulte_12/2014_10_17-CygOB2No.12_pipeline_ver3.5/2014_10_17-CygOB2No.12_pipeline_ver3.5--2014_10_17-HR_196_pipeline_ver3.5-T2/sum/CygOB2No.12_sum_m45_fsr1.30_AIR_tel_wscor_helio.fits,True,20160,CygOB2No.12/Schulte_12_o9_c2T/CygOB2No.12_sum_m45_fsr1.30_AIR_tel_wscor_helio.fits,CygOB2No.12,/Users/hamano/DIB_analysis/DIB_pipeline_dir/Schulte_12/2014_10_17-CygOB2No.12_pipeline_ver3.5/2014_10_17-CygOB2No.12_pipeline_ver3.5--2014_10_17-HR_196_pipeline_ver3.5-T2/,wide
True,paper_2206_03131_reddened_target,Hamano2016_CygOB2_DIB;Hamano2015_NIR_DIB_0p91_1p32um,10.3847/0004-637X/821/1/42;10.1088/0004-637X/800/2/137,,,9,Schulte 12,Cyg OB2 12 | CygOB_12 | VI Cyg 12 | CygOB2No.12,B3-4Ia+ C,20:32:40.95,+41:14:29.2,3.31,Cyg OB2 12,Schulte_12_o9_c2T,57,WIDE,1,0,2014-10-17-11:02:08.959,9733.0562,9940.8261,9732.891932721524,9940.661854427119,/Users/hamano/DIB_analysis/DIB_pipeline_dir/Schulte_12/2014_10_17-CygOB2No.12_pipeline_ver3.5/2014_10_17-CygOB2No.12_pipeline_ver3.5--2014_10_17-HR_196_pipeline_ver3.5-T2/sum/CygOB2No.12_sum_m57_fsr1.30_AIR_tel_wscor_helio.fits,True,17280,CygOB2No.12/Schulte_12_o9_c2T/CygOB2No.12_sum_m57_fsr1.30_AIR_tel_wscor_helio.fits,CygOB2No.12,/Users/hamano/DIB_analysis/DIB_pipeline_dir/Schulte_12/2014_10_17-CygOB2No.12_pipeline_ver3.5/2014_10_17-CygOB2No.12_pipeline_ver3.5--2014_10_17-HR_196_pipeline_ver3.5-T2/,wide
True,paper_2206_03131_reddened_target,Hamano2016_CygOB2_DIB;Hamano2015_NIR_DIB_0p91_1p32um,10.3847/0004-637X/821/1/42;10.1088/0004-637X/800/2/137,,,9,Schulte 12,Cyg OB2 12 | CygOB_12 | VI Cyg 12 | CygOB2No.12,B3-4Ia+ C,20:32:40.95,+41:14:29.2,3.31,Cyg OB2 12,Schulte_12_o9_c2T,56,WIDE,1,0,2014-10-17-11:02:08.959,9890.0612,10123.8192,9889.893970284365,10123.65197713477,/Users/hamano/DIB_analysis/DIB_pipeline_dir/Schulte_12/2014_10_17-CygOB2No.12_pipeline_ver3.5/2014_10_17-CygOB2No.12_pipeline_ver3.5--2014_10_17-HR_196_pipeline_ver3.5-T2/sum/CygOB2No.12_sum_m56_fsr1.30_AIR_tel_wscor_helio.fits,True,17280,CygOB2No.12/Schulte_12_o9_c2T/CygOB2No.12_sum_m56_fsr1.30_AIR_tel_wscor_helio.fits,CygOB2No.12,/Users/hamano/DIB_analysis/DIB_pipeline_dir/Schulte_12/2014_10_17-CygOB2No.12_pipeline_ver3.5/2014_10_17-CygOB2No.12_pipeline_ver3.5--2014_10_17-HR_196_pipeline_ver3.5-T2/,wide
True,paper_2206_03131_reddened_target,Hamano2016_CygOB2_DIB;Hamano2015_NIR_DIB_0p91_1p32um,10.3847/0004-637X/821/1/42;10.1088/0004-637X/800/2/137,,,9,Schulte 12,Cyg OB2 12 | CygOB_12 | VI Cyg 12 | CygOB2No.12,B3-4Ia+ C,20:32:40.95,+41:14:29.2,3.31,Cyg OB2 12,Schulte_12_o9_c2T,51,WIDE,1,0,2014-10-17-11:02:08.959,10855.3211,11128.05,10855.13727789703,11127.86618243705,/Users/hamano/DIB_analysis/DIB_pipeline_dir/Schulte_12/2014_10_17-CygOB2No.12_pipeline_ver3.5/2014_10_17-CygOB2No.12_pipeline_ver3.5--2014_10_17-HR_196_pipeline_ver3.5-T2/sum/CygOB2No.12_sum_m51_fsr1.30_AIR_tel_wscor_helio.fits,True,20160,CygOB2No.12/Schulte_12_o9_c2T/CygOB2No.12_sum_m51_fsr1.30_AIR_tel_wscor_helio.fits,CygOB2No.12,/Users/hamano/DIB_analysis/DIB_pipeline_dir/Schulte_12/2014_10_17-CygOB2No.12_pipeline_ver3.5/2014_10_17-CygOB2No.12_pipeline_ver3.5--2014_10_17-HR_196_pipeline_ver3.5-T2/,wide
True,paper_2206_03131_reddened_target,Hamano2016_CygOB2_DIB;Hamano2015_NIR_DIB_0p91_1p32um,10.3847/0004-637X/821/1/42;10.1088/0004-637X/800/2/137,,,9,Schulte 12,VI Cyg 12 | Cyg OB2 12 | CygOB_12 | CygOB2No.12,B3-4Ia+ C,20:32:40.95,+41:14:29.2,3.31,Cyg OB2 12,Schulte_12_o9_c2T,54,WIDE,1,0,2014-10-17-11:02:08.959,10246.9861,10506.7292,10246.81256815747,10506.55573057706,/Users/hamano/DIB_analysis/DIB_pipeline_dir/Schulte_12/2014_10_17-CygOB2No.12_pipeline_ver3.5/2014_10_17-CygOB2No.12_pipeline_ver3.5--2014_10_17-HR_196_pipeline_ver3.5-T2/sum/CygOB2No.12_sum_m54_fsr1.30_AIR_tel_wscor_helio.fits,True,20160,CygOB2No.12/Schulte_12_o9_c2T/CygOB2No.12_sum_m54_fsr1.30_AIR_tel_wscor_helio.fits,CygOB2No.12,/Users/hamano/DIB_analysis/DIB_pipeline_dir/Schulte_12/2014_10_17-CygOB2No.12_pipeline_ver3.5/2014_10_17-CygOB2No.12_pipeline_ver3.5--2014_10_17-HR_196_pipeline_ver3.5-T2/,wide
True,paper_2206_03131_reddened_target,Hamano2015_NIR_DIB_0p91_1p32um,10.1088/0004-637X/800/2/137,,,75,HD  20041,HD20041 | HD 20041,A0Ia C,03:15:47.97,+57:08:26.2,0.72,HD20041,HD_20041_o75_c1T,50,WIDE,1,0,2014-01-21-10:15:57.927,11062.906,11348.696,11062.7185557378,11348.50864085177,/Users/hamano/DIB_analysis/DIB_pipeline_dir/HD_20041/2014_01_21-HD20041_pipeline_ver3.5/2014_01_21-HD20041_pipeline_ver3.5--2014_01_21-50_Cas_pipeline_ver3.5-T2/sum/HD20041_sum_m50_fsr1.30_AIR_tel_wscor_helio.fits,True,20160,HD_20041/HD_20041_o75_c1T/HD20041_sum_m50_fsr1.30_AIR_tel_wscor_helio.fits,HD_20041,/Users/hamano/DIB_analysis/DIB_pipeline_dir/HD_20041/2014_01_21-HD20041_pipeline_ver3.5/2014_01_21-HD20041_pipeline_ver3.5--2014_01_21-50_Cas_pipeline_ver3.5-T2/,wide
True,paper_2206_03131_reddened_target,Hamano2015_NIR_DIB_0p91_1p32um,10.1088/0004-637X/800/2/137,,,75,HD  20041,HD20041 | HD 20041,A0Ia C,03:15:47.97,+57:08:26.2,0.72,HD20041,HD_20041_o75_c1T,52,WIDE,1,0,2014-01-21-10:15:57.927,10644.4085,10917.3729,10644.22833120638,10917.19269161315,/Users/hamano/DIB_analysis/DIB_pipeline_dir/HD_20041/2014_01_21-HD20041_pipeline_ver3.5/2014_01_21-HD20041_pipeline_ver3.5--2014_01_21-50_Cas_pipeline_ver3.5-T2/sum/HD20041_sum_m52_fsr1.30_AIR_tel_wscor_helio.fits,True,20160,HD_20041/HD_20041_o75_c1T/HD20041_sum_m52_fsr1.30_AIR_tel_wscor_helio.fits,HD_20041,/Users/hamano/DIB_analysis/DIB_pipeline_dir/HD_20041/2014_01_21-HD20041_pipeline_ver3.5/2014_01_21-HD20041_pipeline_ver3.5--2014_01_21-50_Cas_pipeline_ver3.5-T2/,wide
True,paper_2206_03131_reddened_target,Hamano2015_NIR_DIB_0p91_1p32um,10.1088/0004-637X/800/2/137,,,75,HD  20041,HD20041 | HD 20041,A0Ia C,03:15:47.97,+57:08:26.2,0.72,HD20041,HD_20041_o75_c1T,58,WIDE,1,0,2014-01-21-10:15:57.927,9549.4456,9783.4534,9549.284394262559,9783.292260917931,/Users/hamano/DIB_analysis/DIB_pipeline_dir/HD_20041/2014_01_21-HD20041_pipeline_ver3.5/2014_01_21-HD20041_pipeline_ver3.5--2014_01_21-50_Cas_pipeline_ver3.5-T2/sum/HD20041_sum_m58_fsr1.30_AIR_tel_wscor_helio.fits,True,20160,HD_20041/HD_20041_o75_c1T/HD20041_sum_m58_fsr1.30_AIR_tel_wscor_helio.fits,HD_20041,/Users/hamano/DIB_analysis/DIB_pipeline_dir/HD_20041/2014_01_21-HD20041_pipeline_ver3.5/2014_01_21-HD20041_pipeline_ver3.5--2014_01_21-50_Cas_pipeline_ver3.5-T2/,wide
True,paper_2206_03131_reddened_target,Hamano2015_NIR_DIB_0p91_1p32um,10.1088/0004-637X/800/2/137,,,75,HD  20041,HD20041 | HD 20041,A0Ia C,03:15:47.97,+57:08:26.2,0.72,HD20041,HD_20041_o75_c1T,59,WIDE,1,0,2014-01-21-10:15:57.927,9392.4635,9600.3495,9392.305220060047,9600.191147746978,/Users/hamano/DIB_analysis/DIB_pipeline_dir/HD_20041/2014_01_21-HD20041_pipeline_ver3.5/2014_01_21-HD20041_pipeline_ver3.5--2014_01_21-50_Cas_pipeline_ver3.5-T2/sum/HD20041_sum_m59_fsr1.30_AIR_tel_wscor_helio.fits,True,17280,HD_20041/HD_20041_o75_c1T/HD20041_sum_m59_fsr1.30_AIR_tel_wscor_helio.fits,HD_20041,/Users/hamano/DIB_analysis/DIB_pipeline_dir/HD_20041/2014_01_21-HD20041_pipeline_ver3.5/2014_01_21-HD20041_pipeline_ver3.5--2014_01_21-50_Cas_pipeline_ver3.5-T2/,wide
True,paper_2206_03131_reddened_target,Hamano2015_NIR_DIB_0p91_1p32um,10.1088/0004-637X/800/2/137,,,75,HD  20041,HD20041 | HD 20041,A0Ia C,03:15:47.97,+57:08:26.2,0.72,HD20041,HD_20041_o75_c1T,53,WIDE,1,0,2014-01-21-10:15:57.927,10446.0085,10705.9939,10445.83180719112,10705.81718975063,/Users/hamano/DIB_analysis/DIB_pipeline_dir/HD_20041/2014_01_21-HD20041_pipeline_ver3.5/2014_01_21-HD20041_pipeline_ver3.5--2014_01_21-50_Cas_pipeline_ver3.5-T2/sum/HD20041_sum_m53_fsr1.30_AIR_tel_wscor_helio.fits,True,20160,HD_20041/HD_20041_o75_c1T/HD20041_sum_m53_fsr1.30_AIR_tel_wscor_helio.fits,HD_20041,/Users/hamano/DIB_analysis/DIB_pipeline_dir/HD_20041/2014_01_21-HD20041_pipeline_ver3.5/2014_01_21-HD20041_pipeline_ver3.5--2014_01_21-50_Cas_pipeline_ver3.5-T2/,wide
True,paper_2206_03131_reddened_target,Hamano2015_NIR_DIB_0p91_1p32um,10.1088/0004-637X/800/2/137,,,75,HD  20041,HD20041 | HD 20041,A0Ia C,03:15:47.97,+57:08:26.2,0.72,HD20041,HD_20041_o75_c1T,46,WIDE,1,0,2014-01-21-10:15:57.927,12004.7981,12355.7896,12004.5946573818,12355.58617267571,/Users/hamano/DIB_analysis/DIB_pipeline_dir/HD_20041/2014_01_21-HD20041_pipeline_ver3.5/2014_01_21-HD20041_pipeline_ver3.5--2014_01_21-50_Cas_pipeline_ver3.5-T2/sum/HD20041_sum_m46_fsr1.30_AIR_tel_wscor_helio.fits,True,20160,HD_20041/HD_20041_o75_c1T/HD20041_sum_m46_fsr1.30_AIR_tel_wscor_helio.fits,HD_20041,/Users/hamano/DIB_analysis/DIB_pipeline_dir/HD_20041/2014_01_21-HD20041_pipeline_ver3.5/2014_01_21-HD20041_pipeline_ver3.5--2014_01_21-50_Cas_pipeline_ver3.5-T2/,wide
True,paper_2206_03131_reddened_target,Hamano2015_NIR_DIB_0p91_1p32um,10.1088/0004-637X/800/2/137,,,75,HD  20041,HD20041 | HD 20041,A0Ia C,03:15:47.97,+57:08:26.2,0.72,HD20041,HD_20041_o75_c1T,47,WIDE,1,0,2014-01-21-10:15:57.927,11757.8574,12082.8158,11757.65814589652,12082.6165405819,/Users/hamano/DIB_analysis/DIB_pipeline_dir/HD_20041/2014_01_21-HD20041_pipeline_ver3.5/2014_01_21-HD20041_pipeline_ver3.5--2014_01_21-50_Cas_pipeline_ver3.5-T2/sum/HD20041_sum_m47_fsr1.30_AIR_tel_wscor_helio.fits,True,20160,HD_20041/HD_20041_o75_c1T/HD20041_sum_m47_fsr1.30_AIR_tel_wscor_helio.fits,HD_20041,/Users/hamano/DIB_analysis/DIB_pipeline_dir/HD_20041/2014_01_21-HD20041_pipeline_ver3.5/2014_01_21-HD20041_pipeline_ver3.5--2014_01_21-50_Cas_pipeline_ver3.5-T2/,wide
True,paper_2206_03131_reddened_target,Hamano2015_NIR_DIB_0p91_1p32um,10.1088/0004-637X/800/2/137,,,75,HD  20041,HD20041 | HD 20041,A0Ia C,03:15:47.97,+57:08:26.2,0.72,HD20041,HD_20041_o75_c1T,43,WIDE,1,0,2014-01-21-10:15:57.927,12851.346,13228.2974,12851.12881414694,13228.08026802443,/Users/hamano/DIB_analysis/DIB_pipeline_dir/HD_20041/2014_01_21-HD20041_pipeline_ver3.5/2014_01_21-HD20041_pipeline_ver3.5--2014_01_21-50_Cas_pipeline_ver3.5-T2/sum/HD20041_sum_m43_fsr1.30_AIR_tel_wscor_helio.fits,True,20160,HD_20041/HD_20041_o75_c1T/HD20041_sum_m43_fsr1.30_AIR_tel_wscor_helio.fits,HD_20041,/Users/hamano/DIB_analysis/DIB_pipeline_dir/HD_20041/2014_01_21-HD20041_pipeline_ver3.5/2014_01_21-HD20041_pipeline_ver3.5--2014_01_21-50_Cas_pipeline_ver3.5-T2/,wide
True,paper_2206_03131_reddened_target,Hamano2015_NIR_DIB_0p91_1p32um,10.1088/0004-637X/800/2/137,,,75,HD  20041,HD20041 | HD 20041,A0Ia C,03:15:47.97,+57:08:26.2,0.72,HD20041,HD_20041_o75_c1T,60,WIDE,1,0,2014-01-21-10:15:57.927,9255.6899,9437.5613,9255.534344818161,9437.405722628426,/Users/hamano/DIB_analysis/DIB_pipeline_dir/HD_20041/2014_01_21-HD20041_pipeline_ver3.5/2014_01_21-HD20041_pipeline_ver3.5--2014_01_21-50_Cas_pipeline_ver3.5-T2/sum/HD20041_sum_m60_fsr1.30_AIR_tel_wscor_helio.fits,True,17280,HD_20041/HD_20041_o75_c1T/HD20041_sum_m60_fsr1.30_AIR_tel_wscor_helio.fits,HD_20041,/Users/hamano/DIB_analysis/DIB_pipeline_dir/HD_20041/2014_01_21-HD20041_pipeline_ver3.5/2014_01_21-HD20041_pipeline_ver3.5--2014_01_21-50_Cas_pipeline_ver3.5-T2/,wide
True,paper_2206_03131_reddened_target,Hamano2015_NIR_DIB_0p91_1p32um,10.1088/0004-637X/800/2/137,,,75,HD  20041,HD20041 | HD 20041,A0Ia C,03:15:47.97,+57:08:26.2,0.72,HD20041,HD_20041_o75_c1T,42,WIDE,1,0,2014-01-21-10:15:57.927,13137.1194,13552.7735,13136.89734801099,13552.55143307988,/Users/hamano/DIB_analysis/DIB_pipeline_dir/HD_20041/2014_01_21-HD20041_pipeline_ver3.5/2014_01_21-HD20041_pipeline_ver3.5--2014_01_21-50_Cas_pipeline_ver3.5-T2/sum/HD20041_sum_m42_fsr1.30_AIR_tel_wscor_helio.fits,True,20160,HD_20041/HD_20041_o75_c1T/HD20041_sum_m42_fsr1.30_AIR_tel_wscor_helio.fits,HD_20041,/Users/hamano/DIB_analysis/DIB_pipeline_dir/HD_20041/2014_01_21-HD20041_pipeline_ver3.5/2014_01_21-HD20041_pipeline_ver3.5--2014_01_21-50_Cas_pipeline_ver3.5-T2/,wide
True,paper_2206_03131_reddened_target,Hamano2015_NIR_DIB_0p91_1p32um,10.1088/0004-637X/800/2/137,,,75,HD  20041,HD20041 | HD 20041,A0Ia C,03:15:47.97,+57:08:26.2,0.72,HD20041,HD_20041_o75_c1T,45,WIDE,1,0,2014-01-21-10:15:57.927,12273.0858,12637.0544,12272.87797527361,12636.84652268483,/Users/hamano/DIB_analysis/DIB_pipeline_dir/HD_20041/2014_01_21-HD20041_pipeline_ver3.5/2014_01_21-HD20041_pipeline_ver3.5--2014_01_21-50_Cas_pipeline_ver3.5-T2/sum/HD20041_sum_m45_fsr1.30_AIR_tel_wscor_helio.fits,True,20160,HD_20041/HD_20041_o75_c1T/HD20041_sum_m45_fsr1.30_AIR_tel_wscor_helio.fits,HD_20041,/Users/hamano/DIB_analysis/DIB_pipeline_dir/HD_20041/2014_01_21-HD20041_pipeline_ver3.5/2014_01_21-HD20041_pipeline_ver3.5--2014_01_21-50_Cas_pipeline_ver3.5-T2/,wide
True,paper_2206_03131_reddened_target,Hamano2015_NIR_DIB_0p91_1p32um,10.1088/0004-637X/800/2/137,,,75,HD  20041,HD20041 | HD 20041,A0Ia C,03:15:47.97,+57:08:26.2,0.72,HD20041,HD_20041_o75_c1T,61,WIDE,1,0,2014-01-21-10:15:57.927,9092.6281,9300.5794,9092.475220444541,9300.42653158621,/Users/hamano/DIB_analysis/DIB_pipeline_dir/HD_20041/2014_01_21-HD20041_pipeline_ver3.5/2014_01_21-HD20041_pipeline_ver3.5--2014_01_21-50_Cas_pipeline_ver3.5-T2/sum/HD20041_sum_m61_fsr1.30_AIR_tel_wscor_helio.fits,True,17280,HD_20041/HD_20041_o75_c1T/HD20041_sum_m61_fsr1.30_AIR_tel_wscor_helio.fits,HD_20041,/Users/hamano/DIB_analysis/DIB_pipeline_dir/HD_20041/2014_01_21-HD20041_pipeline_ver3.5/2014_01_21-HD20041_pipeline_ver3.5--2014_01_21-50_Cas_pipeline_ver3.5-T2/,wide
True,paper_2206_03131_reddened_target,Hamano2015_NIR_DIB_0p91_1p32um,10.1088/0004-637X/800/2/137,,,75,HD  20041,HD20041 | HD 20041,A0Ia C,03:15:47.97,+57:08:26.2,0.72,HD20041,HD_20041_o75_c1T,44,WIDE,1,0,2014-01-21-10:15:57.927,12550.2143,12939.5717,12550.00191165371,12939.35927202283,/Users/hamano/DIB_analysis/DIB_pipeline_dir/HD_20041/2014_01_21-HD20041_pipeline_ver3.5/2014_01_21-HD20041_pipeline_ver3.5--2014_01_21-50_Cas_pipeline_ver3.5-T2/sum/HD20041_sum_m44_fsr1.30_AIR_tel_wscor_helio.fits,True,20160,HD_20041/HD_20041_o75_c1T/HD20041_sum_m44_fsr1.30_AIR_tel_wscor_helio.fits,HD_20041,/Users/hamano/DIB_analysis/DIB_pipeline_dir/HD_20041/2014_01_21-HD20041_pipeline_ver3.5/2014_01_21-HD20041_pipeline_ver3.5--2014_01_21-50_Cas_pipeline_ver3.5-T2/,wide
True,paper_2206_03131_reddened_target,Hamano2015_NIR_DIB_0p91_1p32um,10.1088/0004-637X/800/2/137,,,75,HD  20041,HD20041 | HD 20041,A0Ia C,03:15:47.97,+57:08:26.2,0.72,HD20041,HD_20041_o75_c1T,57,WIDE,1,0,2014-01-21-10:15:57.927,9732.3429,9940.2357,9732.178829523958,9940.071615228539,/Users/hamano/DIB_analysis/DIB_pipeline_dir/HD_20041/2014_01_21-HD20041_pipeline_ver3.5/2014_01_21-HD20041_pipeline_ver3.5--2014_01_21-50_Cas_pipeline_ver3.5-T2/sum/HD20041_sum_m57_fsr1.30_AIR_tel_wscor_helio.fits,True,17280,HD_20041/HD_20041_o75_c1T/HD20041_sum_m57_fsr1.30_AIR_tel_wscor_helio.fits,HD_20041,/Users/hamano/DIB_analysis/DIB_pipeline_dir/HD_20041/2014_01_21-HD20041_pipeline_ver3.5/2014_01_21-HD20041_pipeline_ver3.5--2014_01_21-50_Cas_pipeline_ver3.5-T2/,wide
True,paper_2206_03131_reddened_target,Hamano2015_NIR_DIB_0p91_1p32um,10.1088/0004-637X/800/2/137,,,75,HD  20041,HD20041 | HD 20041,A0Ia C,03:15:47.97,+57:08:26.2,0.72,HD20041,HD_20041_o75_c1T,48,WIDE,1,0,2014-01-21-10:15:57.927,11519.4421,11831.4928,11519.24698461128,11831.29766220146,/Users/hamano/DIB_analysis/DIB_pipeline_dir/HD_20041/2014_01_21-HD20041_pipeline_ver3.5/2014_01_21-HD20041_pipeline_ver3.5--2014_01_21-50_Cas_pipeline_ver3.5-T2/sum/HD20041_sum_m48_fsr1.30_AIR_tel_wscor_helio.fits,True,20160,HD_20041/HD_20041_o75_c1T/HD20041_sum_m48_fsr1.30_AIR_tel_wscor_helio.fits,HD_20041,/Users/hamano/DIB_analysis/DIB_pipeline_dir/HD_20041/2014_01_21-HD20041_pipeline_ver3.5/2014_01_21-HD20041_pipeline_ver3.5--2014_01_21-50_Cas_pipeline_ver3.5-T2/,wide
True,paper_2206_03131_reddened_target,Hamano2015_NIR_DIB_0p91_1p32um,10.1088/0004-637X/800/2/137,,,75,HD  20041,HD20041 | HD 20041,A0Ia C,03:15:47.97,+57:08:26.2,0.72,HD20041,HD_20041_o75_c1T,54,WIDE,1,0,2014-01-21-10:15:57.927,10246.1319,10506.088,10245.95852742907,10505.91460905969,/Users/hamano/DIB_analysis/DIB_pipeline_dir/HD_20041/2014_01_21-HD20041_pipeline_ver3.5/2014_01_21-HD20041_pipeline_ver3.5--2014_01_21-50_Cas_pipeline_ver3.5-T2/sum/HD20041_sum_m54_fsr1.30_AIR_tel_wscor_helio.fits,True,20160,HD_20041/HD_20041_o75_c1T/HD20041_sum_m54_fsr1.30_AIR_tel_wscor_helio.fits,HD_20041,/Users/hamano/DIB_analysis/DIB_pipeline_dir/HD_20041/2014_01_21-HD20041_pipeline_ver3.5/2014_01_21-HD20041_pipeline_ver3.5--2014_01_21-50_Cas_pipeline_ver3.5-T2/,wide
True,paper_2206_03131_reddened_target,Hamano2015_NIR_DIB_0p91_1p32um,10.1088/0004-637X/800/2/137,,,75,HD  20041,HD20041 | HD 20041,A0Ia C,03:15:47.97,+57:08:26.2,0.72,HD20041,HD_20041_o75_c1T,55,WIDE,1,0,2014-01-21-10:15:57.927,10069.2104,10303.2447,10069.04020918231,10303.07447282325,/Users/hamano/DIB_analysis/DIB_pipeline_dir/HD_20041/2014_01_21-HD20041_pipeline_ver3.5/2014_01_21-HD20041_pipeline_ver3.5--2014_01_21-50_Cas_pipeline_ver3.5-T2/sum/HD20041_sum_m55_fsr1.30_AIR_tel_wscor_helio.fits,True,17280,HD_20041/HD_20041_o75_c1T/HD20041_sum_m55_fsr1.30_AIR_tel_wscor_helio.fits,HD_20041,/Users/hamano/DIB_analysis/DIB_pipeline_dir/HD_20041/2014_01_21-HD20041_pipeline_ver3.5/2014_01_21-HD20041_pipeline_ver3.5--2014_01_21-50_Cas_pipeline_ver3.5-T2/,wide
True,paper_2206_03131_reddened_target,Hamano2015_NIR_DIB_0p91_1p32um,10.1088/0004-637X/800/2/137,,,75,HD  20041,HD20041 | HD 20041,A0Ia C,03:15:47.97,+57:08:26.2,0.72,HD20041,HD_20041_o75_c1T,56,WIDE,1,0,2014-01-21-10:15:57.927,9889.2505,10123.1852,9889.083396801345,10123.01807235697,/Users/hamano/DIB_analysis/DIB_pipeline_dir/HD_20041/2014_01_21-HD20041_pipeline_ver3.5/2014_01_21-HD20041_pipeline_ver3.5--2014_01_21-50_Cas_pipeline_ver3.5-T2/sum/HD20041_sum_m56_fsr1.30_AIR_tel_wscor_helio.fits,True,17280,HD_20041/HD_20041_o75_c1T/HD20041_sum_m56_fsr1.30_AIR_tel_wscor_helio.fits,HD_20041,/Users/hamano/DIB_analysis/DIB_pipeline_dir/HD_20041/2014_01_21-HD20041_pipeline_ver3.5/2014_01_21-HD20041_pipeline_ver3.5--2014_01_21-50_Cas_pipeline_ver3.5-T2/,wide
True,paper_2206_03131_reddened_target,Hamano2015_NIR_DIB_0p91_1p32um,10.1088/0004-637X/800/2/137,,,75,HD  20041,HD20041 | HD 20041,A0Ia C,03:15:47.97,+57:08:26.2,0.72,HD20041,HD_20041_o75_c1T,49,WIDE,1,0,2014-01-21-10:15:57.927,11279.6344,11591.4986,11279.44321391364,11591.30741668843,/Users/hamano/DIB_analysis/DIB_pipeline_dir/HD_20041/2014_01_21-HD20041_pipeline_ver3.5/2014_01_21-HD20041_pipeline_ver3.5--2014_01_21-50_Cas_pipeline_ver3.5-T2/sum/HD20041_sum_m49_fsr1.30_AIR_tel_wscor_helio.fits,True,20160,HD_20041/HD_20041_o75_c1T/HD20041_sum_m49_fsr1.30_AIR_tel_wscor_helio.fits,HD_20041,/Users/hamano/DIB_analysis/DIB_pipeline_dir/HD_20041/2014_01_21-HD20041_pipeline_ver3.5/2014_01_21-HD20041_pipeline_ver3.5--2014_01_21-50_Cas_pipeline_ver3.5-T2/,wide
True,paper_2206_03131_reddened_target,Hamano2015_NIR_DIB_0p91_1p32um,10.1088/0004-637X/800/2/137,,,75,HD  20041,HD20041 | HD 20041,A0Ia C,03:15:47.97,+57:08:26.2,0.72,HD20041,HD_20041_o75_c1T,51,WIDE,1,0,2014-01-21-10:15:57.927,10854.4563,11127.2909,10854.2726097782,11127.10714553211,/Users/hamano/DIB_analysis/DIB_pipeline_dir/HD_20041/2014_01_21-HD20041_pipeline_ver3.5/2014_01_21-HD20041_pipeline_ver3.5--2014_01_21-50_Cas_pipeline_ver3.5-T2/sum/HD20041_sum_m51_fsr1.30_AIR_tel_wscor_helio.fits,True,20160,HD_20041/HD_20041_o75_c1T/HD20041_sum_m51_fsr1.30_AIR_tel_wscor_helio.fits,HD_20041,/Users/hamano/DIB_analysis/DIB_pipeline_dir/HD_20041/2014_01_21-HD20041_pipeline_ver3.5/2014_01_21-HD20041_pipeline_ver3.5--2014_01_21-50_Cas_pipeline_ver3.5-T2/,wide
True,paper_2206_03131_reddened_target,,,,,132,Hen 3-1250,Hen 3-1250,B5Ia+ C,16:47:03.62,-45:50:14.3,4.13,Hen 3-1250,Hen_3-1250_o132_c2T,51,WIDE,1,0,2017-07-30-23:55:36.496,10854.8057,11127.5278,10854.62207305796,11127.34418159539,/Users/hamano/DIB_analysis/DIB_pipeline_dir/Hen_3-1250/2017_07_30-Hen_3-1250_pipeline_ver3.6/2017_07_30-Hen_3-1250_pipeline_ver3.6--HD_139129_pipeline_ver3.6-T4/sum/Hen_3-1250_sum_m51_fsr1.30_AIR_tel_wscor_helio.fits,True,25920,Hen_3-1250/Hen_3-1250_o132_c2T/Hen_3-1250_sum_m51_fsr1.30_AIR_tel_wscor_helio.fits,Hen_3-1250,/Users/hamano/DIB_analysis/DIB_pipeline_dir/Hen_3-1250/2017_07_30-Hen_3-1250_pipeline_ver3.6/2017_07_30-Hen_3-1250_pipeline_ver3.6--HD_139129_pipeline_ver3.6-T4/,wide
True,paper_2206_03131_reddened_target,,,,,132,Hen 3-1250,Hen 3-1250,B5Ia+ C,16:47:03.62,-45:50:14.3,4.13,Hen 3-1250,Hen_3-1250_o132_c2T,54,WIDE,1,0,2017-07-30-23:55:36.496,10246.5284,10506.2647,10246.35497552089,10506.09129892453,/Users/hamano/DIB_analysis/DIB_pipeline_dir/Hen_3-1250/2017_07_30-Hen_3-1250_pipeline_ver3.6/2017_07_30-Hen_3-1250_pipeline_ver3.6--HD_139129_pipeline_ver3.6-T4/sum/Hen_3-1250_sum_m54_fsr1.30_AIR_tel_wscor_helio.fits,True,25920,Hen_3-1250/Hen_3-1250_o132_c2T/Hen_3-1250_sum_m54_fsr1.30_AIR_tel_wscor_helio.fits,Hen_3-1250,/Users/hamano/DIB_analysis/DIB_pipeline_dir/Hen_3-1250/2017_07_30-Hen_3-1250_pipeline_ver3.6/2017_07_30-Hen_3-1250_pipeline_ver3.6--HD_139129_pipeline_ver3.6-T4/,wide
True,paper_2206_03131_reddened_target,,,,,132,Hen 3-1250,Hen 3-1250,B5Ia+ C,16:47:03.62,-45:50:14.3,4.13,Hen 3-1250,Hen_3-1250_o132_c2T,46,WIDE,1,0,2017-07-30-23:55:36.496,12005.3838,12356.0595,12005.18051908068,12355.85622642102,/Users/hamano/DIB_analysis/DIB_pipeline_dir/Hen_3-1250/2017_07_30-Hen_3-1250_pipeline_ver3.6/2017_07_30-Hen_3-1250_pipeline_ver3.6--HD_139129_pipeline_ver3.6-T4/sum/Hen_3-1250_sum_m46_fsr1.30_AIR_tel_wscor_helio.fits,True,25920,Hen_3-1250/Hen_3-1250_o132_c2T/Hen_3-1250_sum_m46_fsr1.30_AIR_tel_wscor_helio.fits,Hen_3-1250,/Users/hamano/DIB_analysis/DIB_pipeline_dir/Hen_3-1250/2017_07_30-Hen_3-1250_pipeline_ver3.6/2017_07_30-Hen_3-1250_pipeline_ver3.6--HD_139129_pipeline_ver3.6-T4/,wide
True,paper_2206_03131_reddened_target,,,,,132,Hen 3-1250,Hen 3-1250,B5Ia+ C,16:47:03.62,-45:50:14.3,4.13,Hen 3-1250,Hen_3-1250_o132_c2T,47,WIDE,1,0,2017-07-30-23:55:36.496,11758.4745,12083.163,11758.27539649882,12082.96397437503,/Users/hamano/DIB_analysis/DIB_pipeline_dir/Hen_3-1250/2017_07_30-Hen_3-1250_pipeline_ver3.6/2017_07_30-Hen_3-1250_pipeline_ver3.6--HD_139129_pipeline_ver3.6-T4/sum/Hen_3-1250_sum_m47_fsr1.30_AIR_tel_wscor_helio.fits,True,25920,Hen_3-1250/Hen_3-1250_o132_c2T/Hen_3-1250_sum_m47_fsr1.30_AIR_tel_wscor_helio.fits,Hen_3-1250,/Users/hamano/DIB_analysis/DIB_pipeline_dir/Hen_3-1250/2017_07_30-Hen_3-1250_pipeline_ver3.6/2017_07_30-Hen_3-1250_pipeline_ver3.6--HD_139129_pipeline_ver3.6-T4/,wide
True,paper_2206_03131_reddened_target,,,,,132,Hen 3-1250,Hen 3-1250,B5Ia+ C,16:47:03.62,-45:50:14.3,4.13,Hen 3-1250,Hen_3-1250_o132_c2T,61,WIDE,1,0,2017-07-30-23:55:36.496,9092.9505,9300.7253,9092.797539244875,9300.572262955109,/Users/hamano/DIB_analysis/DIB_pipeline_dir/Hen_3-1250/2017_07_30-Hen_3-1250_pipeline_ver3.6/2017_07_30-Hen_3-1250_pipeline_ver3.6--HD_139129_pipeline_ver3.6-T4/sum/Hen_3-1250_sum_m61_fsr1.30_AIR_tel_wscor_helio.fits,True,23040,Hen_3-1250/Hen_3-1250_o132_c2T/Hen_3-1250_sum_m61_fsr1.30_AIR_tel_wscor_helio.fits,Hen_3-1250,/Users/hamano/DIB_analysis/DIB_pipeline_dir/Hen_3-1250/2017_07_30-Hen_3-1250_pipeline_ver3.6/2017_07_30-Hen_3-1250_pipeline_ver3.6--HD_139129_pipeline_ver3.6-T4/,wide
True,paper_2206_03131_reddened_target,,,,,132,Hen 3-1250,Hen 3-1250,B5Ia+ C,16:47:03.62,-45:50:14.3,4.13,Hen 3-1250,Hen_3-1250_o132_c2T,56,WIDE,1,0,2017-07-30-23:55:36.496,9889.6591,10123.4112,9889.492028715949,10123.24415110658,/Users/hamano/DIB_analysis/DIB_pipeline_dir/Hen_3-1250/2017_07_30-Hen_3-1250_pipeline_ver3.6/2017_07_30-Hen_3-1250_pipeline_ver3.6--HD_139129_pipeline_ver3.6-T4/sum/Hen_3-1250_sum_m56_fsr1.30_AIR_tel_wscor_helio.fits,True,23040,Hen_3-1250/Hen_3-1250_o132_c2T/Hen_3-1250_sum_m56_fsr1.30_AIR_tel_wscor_helio.fits,Hen_3-1250,/Users/hamano/DIB_analysis/DIB_pipeline_dir/Hen_3-1250/2017_07_30-Hen_3-1250_pipeline_ver3.6/2017_07_30-Hen_3-1250_pipeline_ver3.6--HD_139129_pipeline_ver3.6-T4/,wide
True,paper_2206_03131_reddened_target,,,,,132,Hen 3-1250,Hen 3-1250,B5Ia+ C,16:47:03.62,-45:50:14.3,4.13,Hen 3-1250,Hen_3-1250_o132_c2T,48,WIDE,1,0,2017-07-30-23:55:36.496,11520.0619,11831.7588,11519.86682005115,11831.56377930359,/Users/hamano/DIB_analysis/DIB_pipeline_dir/Hen_3-1250/2017_07_30-Hen_3-1250_pipeline_ver3.6/2017_07_30-Hen_3-1250_pipeline_ver3.6--HD_139129_pipeline_ver3.6-T4/sum/Hen_3-1250_sum_m48_fsr1.30_AIR_tel_wscor_helio.fits,True,25920,Hen_3-1250/Hen_3-1250_o132_c2T/Hen_3-1250_sum_m48_fsr1.30_AIR_tel_wscor_helio.fits,Hen_3-1250,/Users/hamano/DIB_analysis/DIB_pipeline_dir/Hen_3-1250/2017_07_30-Hen_3-1250_pipeline_ver3.6/2017_07_30-Hen_3-1250_pipeline_ver3.6--HD_139129_pipeline_ver3.6-T4/,wide
True,paper_2206_03131_reddened_target,,,,,132,Hen 3-1250,Hen 3-1250,B5Ia+ C,16:47:03.62,-45:50:14.3,4.13,Hen 3-1250,Hen_3-1250_o132_c2T,58,WIDE,1,0,2017-07-30-23:55:36.496,9549.7834,9783.5413,9549.622257476805,9783.380211179543,/Users/hamano/DIB_analysis/DIB_pipeline_dir/Hen_3-1250/2017_07_30-Hen_3-1250_pipeline_ver3.6/2017_07_30-Hen_3-1250_pipeline_ver3.6--HD_139129_pipeline_ver3.6-T4/sum/Hen_3-1250_sum_m58_fsr1.30_AIR_tel_wscor_helio.fits,True,25920,Hen_3-1250/Hen_3-1250_o132_c2T/Hen_3-1250_sum_m58_fsr1.30_AIR_tel_wscor_helio.fits,Hen_3-1250,/Users/hamano/DIB_analysis/DIB_pipeline_dir/Hen_3-1250/2017_07_30-Hen_3-1250_pipeline_ver3.6/2017_07_30-Hen_3-1250_pipeline_ver3.6--HD_139129_pipeline_ver3.6-T4/,wide
True,paper_2206_03131_reddened_target,,,,,132,Hen 3-1250,Hen 3-1250,B5Ia+ C,16:47:03.62,-45:50:14.3,4.13,Hen 3-1250,Hen_3-1250_o132_c2T,42,WIDE,1,0,2017-07-30-23:55:36.496,13137.4685,13553.1024,13137.24628447323,13552.88008820913,/Users/hamano/DIB_analysis/DIB_pipeline_dir/Hen_3-1250/2017_07_30-Hen_3-1250_pipeline_ver3.6/2017_07_30-Hen_3-1250_pipeline_ver3.6--HD_139129_pipeline_ver3.6-T4/sum/Hen_3-1250_sum_m42_fsr1.30_AIR_tel_wscor_helio.fits,True,25920,Hen_3-1250/Hen_3-1250_o132_c2T/Hen_3-1250_sum_m42_fsr1.30_AIR_tel_wscor_helio.fits,Hen_3-1250,/Users/hamano/DIB_analysis/DIB_pipeline_dir/Hen_3-1250/2017_07_30-Hen_3-1250_pipeline_ver3.6/2017_07_30-Hen_3-1250_pipeline_ver3.6--HD_139129_pipeline_ver3.6-T4/,wide
True,paper_2206_03131_reddened_target,,,,,132,Hen 3-1250,Hen 3-1250,B5Ia+ C,16:47:03.62,-45:50:14.3,4.13,Hen 3-1250,Hen_3-1250_o132_c2T,44,WIDE,1,0,2017-07-30-23:55:36.496,12550.6838,12938.1554,12550.4714430449,12937.94306516442,/Users/hamano/DIB_analysis/DIB_pipeline_dir/Hen_3-1250/2017_07_30-Hen_3-1250_pipeline_ver3.6/2017_07_30-Hen_3-1250_pipeline_ver3.6--HD_139129_pipeline_ver3.6-T4/sum/Hen_3-1250_sum_m44_fsr1.30_AIR_tel_wscor_helio.fits,True,25920,Hen_3-1250/Hen_3-1250_o132_c2T/Hen_3-1250_sum_m44_fsr1.30_AIR_tel_wscor_helio.fits,Hen_3-1250,/Users/hamano/DIB_analysis/DIB_pipeline_dir/Hen_3-1250/2017_07_30-Hen_3-1250_pipeline_ver3.6/2017_07_30-Hen_3-1250_pipeline_ver3.6--HD_139129_pipeline_ver3.6-T4/,wide
True,paper_2206_03131_reddened_target,,,,,132,Hen 3-1250,Hen 3-1250,B5Ia+ C,16:47:03.62,-45:50:14.3,4.13,Hen 3-1250,Hen_3-1250_o132_c2T,53,WIDE,1,0,2017-07-30-23:55:36.496,10446.4552,10706.1886,10446.27855168457,10706.01196046369,/Users/hamano/DIB_analysis/DIB_pipeline_dir/Hen_3-1250/2017_07_30-Hen_3-1250_pipeline_ver3.6/2017_07_30-Hen_3-1250_pipeline_ver3.6--HD_139129_pipeline_ver3.6-T4/sum/Hen_3-1250_sum_m53_fsr1.30_AIR_tel_wscor_helio.fits,True,25920,Hen_3-1250/Hen_3-1250_o132_c2T/Hen_3-1250_sum_m53_fsr1.30_AIR_tel_wscor_helio.fits,Hen_3-1250,/Users/hamano/DIB_analysis/DIB_pipeline_dir/Hen_3-1250/2017_07_30-Hen_3-1250_pipeline_ver3.6/2017_07_30-Hen_3-1250_pipeline_ver3.6--HD_139129_pipeline_ver3.6-T4/,wide
True,paper_2206_03131_reddened_target,,,,,132,Hen 3-1250,Hen 3-1250,B5Ia+ C,16:47:03.62,-45:50:14.3,4.13,Hen 3-1250,Hen_3-1250_o132_c2T,55,WIDE,1,0,2017-07-30-23:55:36.496,10069.5933,10303.3425,10069.42320095591,10303.17240740097,/Users/hamano/DIB_analysis/DIB_pipeline_dir/Hen_3-1250/2017_07_30-Hen_3-1250_pipeline_ver3.6/2017_07_30-Hen_3-1250_pipeline_ver3.6--HD_139129_pipeline_ver3.6-T4/sum/Hen_3-1250_sum_m55_fsr1.30_AIR_tel_wscor_helio.fits,True,23040,Hen_3-1250/Hen_3-1250_o132_c2T/Hen_3-1250_sum_m55_fsr1.30_AIR_tel_wscor_helio.fits,Hen_3-1250,/Users/hamano/DIB_analysis/DIB_pipeline_dir/Hen_3-1250/2017_07_30-Hen_3-1250_pipeline_ver3.6/2017_07_30-Hen_3-1250_pipeline_ver3.6--HD_139129_pipeline_ver3.6-T4/,wide
True,paper_2206_03131_reddened_target,,,,,132,Hen 3-1250,Hen 3-1250,B5Ia+ C,16:47:03.62,-45:50:14.3,4.13,Hen 3-1250,Hen_3-1250_o132_c2T,43,WIDE,1,0,2017-07-30-23:55:36.496,12852.0735,13228.7266,12851.85627231176,13228.50938201388,/Users/hamano/DIB_analysis/DIB_pipeline_dir/Hen_3-1250/2017_07_30-Hen_3-1250_pipeline_ver3.6/2017_07_30-Hen_3-1250_pipeline_ver3.6--HD_139129_pipeline_ver3.6-T4/sum/Hen_3-1250_sum_m43_fsr1.30_AIR_tel_wscor_helio.fits,True,25920,Hen_3-1250/Hen_3-1250_o132_c2T/Hen_3-1250_sum_m43_fsr1.30_AIR_tel_wscor_helio.fits,Hen_3-1250,/Users/hamano/DIB_analysis/DIB_pipeline_dir/Hen_3-1250/2017_07_30-Hen_3-1250_pipeline_ver3.6/2017_07_30-Hen_3-1250_pipeline_ver3.6--HD_139129_pipeline_ver3.6-T4/,wide
True,paper_2206_03131_reddened_target,,,,,132,Hen 3-1250,Hen 3-1250,B5Ia+ C,16:47:03.62,-45:50:14.3,4.13,Hen 3-1250,Hen_3-1250_o132_c2T,52,WIDE,1,0,2017-07-30-23:55:36.496,10644.8825,10917.6075,10644.70238977562,10917.42741319837,/Users/hamano/DIB_analysis/DIB_pipeline_dir/Hen_3-1250/2017_07_30-Hen_3-1250_pipeline_ver3.6/2017_07_30-Hen_3-1250_pipeline_ver3.6--HD_139129_pipeline_ver3.6-T4/sum/Hen_3-1250_sum_m52_fsr1.30_AIR_tel_wscor_helio.fits,True,25920,Hen_3-1250/Hen_3-1250_o132_c2T/Hen_3-1250_sum_m52_fsr1.30_AIR_tel_wscor_helio.fits,Hen_3-1250,/Users/hamano/DIB_analysis/DIB_pipeline_dir/Hen_3-1250/2017_07_30-Hen_3-1250_pipeline_ver3.6/2017_07_30-Hen_3-1250_pipeline_ver3.6--HD_139129_pipeline_ver3.6-T4/,wide
True,paper_2206_03131_reddened_target,,,,,132,Hen 3-1250,Hen 3-1250,B5Ia+ C,16:47:03.62,-45:50:14.3,4.13,Hen 3-1250,Hen_3-1250_o132_c2T,45,WIDE,1,0,2017-07-30-23:55:36.496,12273.7854,12637.4518,12273.57759189602,12637.24394438822,/Users/hamano/DIB_analysis/DIB_pipeline_dir/Hen_3-1250/2017_07_30-Hen_3-1250_pipeline_ver3.6/2017_07_30-Hen_3-1250_pipeline_ver3.6--HD_139129_pipeline_ver3.6-T4/sum/Hen_3-1250_sum_m45_fsr1.30_AIR_tel_wscor_helio.fits,True,25920,Hen_3-1250/Hen_3-1250_o132_c2T/Hen_3-1250_sum_m45_fsr1.30_AIR_tel_wscor_helio.fits,Hen_3-1250,/Users/hamano/DIB_analysis/DIB_pipeline_dir/Hen_3-1250/2017_07_30-Hen_3-1250_pipeline_ver3.6/2017_07_30-Hen_3-1250_pipeline_ver3.6--HD_139129_pipeline_ver3.6-T4/,wide
True,paper_2206_03131_reddened_target,,,,,132,Hen 3-1250,Hen 3-1250,B5Ia+ C,16:47:03.62,-45:50:14.3,4.13,Hen 3-1250,Hen_3-1250_o132_c2T,60,WIDE,1,0,2017-07-30-23:55:36.496,9255.8913,9437.673,9255.735622740207,9437.517405819259,/Users/hamano/DIB_analysis/DIB_pipeline_dir/Hen_3-1250/2017_07_30-Hen_3-1250_pipeline_ver3.6/2017_07_30-Hen_3-1250_pipeline_ver3.6--HD_139129_pipeline_ver3.6-T4/sum/Hen_3-1250_sum_m60_fsr1.30_AIR_tel_wscor_helio.fits,True,23040,Hen_3-1250/Hen_3-1250_o132_c2T/Hen_3-1250_sum_m60_fsr1.30_AIR_tel_wscor_helio.fits,Hen_3-1250,/Users/hamano/DIB_analysis/DIB_pipeline_dir/Hen_3-1250/2017_07_30-Hen_3-1250_pipeline_ver3.6/2017_07_30-Hen_3-1250_pipeline_ver3.6--HD_139129_pipeline_ver3.6-T4/,wide
True,paper_2206_03131_reddened_target,,,,,132,Hen 3-1250,Hen 3-1250,B5Ia+ C,16:47:03.62,-45:50:14.3,4.13,Hen 3-1250,Hen_3-1250_o132_c2T,49,WIDE,1,0,2017-07-30-23:55:36.496,11280.1497,11591.8505,11279.95857310977,11591.65942222922,/Users/hamano/DIB_analysis/DIB_pipeline_dir/Hen_3-1250/2017_07_30-Hen_3-1250_pipeline_ver3.6/2017_07_30-Hen_3-1250_pipeline_ver3.6--HD_139129_pipeline_ver3.6-T4/sum/Hen_3-1250_sum_m49_fsr1.30_AIR_tel_wscor_helio.fits,True,25920,Hen_3-1250/Hen_3-1250_o132_c2T/Hen_3-1250_sum_m49_fsr1.30_AIR_tel_wscor_helio.fits,Hen_3-1250,/Users/hamano/DIB_analysis/DIB_pipeline_dir/Hen_3-1250/2017_07_30-Hen_3-1250_pipeline_ver3.6/2017_07_30-Hen_3-1250_pipeline_ver3.6--HD_139129_pipeline_ver3.6-T4/,wide
True,paper_2206_03131_reddened_target,,,,,132,Hen 3-1250,Hen 3-1250,B5Ia+ C,16:47:03.62,-45:50:14.3,4.13,Hen 3-1250,Hen_3-1250_o132_c2T,59,WIDE,1,0,2017-07-30-23:55:36.496,9392.841,9600.6108,9392.682605653305,9600.452472086445,/Users/hamano/DIB_analysis/DIB_pipeline_dir/Hen_3-1250/2017_07_30-Hen_3-1250_pipeline_ver3.6/2017_07_30-Hen_3-1250_pipeline_ver3.6--HD_139129_pipeline_ver3.6-T4/sum/Hen_3-1250_sum_m59_fsr1.30_AIR_tel_wscor_helio.fits,True,23040,Hen_3-1250/Hen_3-1250_o132_c2T/Hen_3-1250_sum_m59_fsr1.30_AIR_tel_wscor_helio.fits,Hen_3-1250,/Users/hamano/DIB_analysis/DIB_pipeline_dir/Hen_3-1250/2017_07_30-Hen_3-1250_pipeline_ver3.6/2017_07_30-Hen_3-1250_pipeline_ver3.6--HD_139129_pipeline_ver3.6-T4/,wide
True,paper_2206_03131_reddened_target,,,,,132,Hen 3-1250,Hen 3-1250,B5Ia+ C,16:47:03.62,-45:50:14.3,4.13,Hen 3-1250,Hen_3-1250_o132_c2T,50,WIDE,1,0,2017-07-30-23:55:36.496,11063.2293,11348.9431,11063.04197673743,11348.75570093528,/Users/hamano/DIB_analysis/DIB_pipeline_dir/Hen_3-1250/2017_07_30-Hen_3-1250_pipeline_ver3.6/2017_07_30-Hen_3-1250_pipeline_ver3.6--HD_139129_pipeline_ver3.6-T4/sum/Hen_3-1250_sum_m50_fsr1.30_AIR_tel_wscor_helio.fits,True,25920,Hen_3-1250/Hen_3-1250_o132_c2T/Hen_3-1250_sum_m50_fsr1.30_AIR_tel_wscor_helio.fits,Hen_3-1250,/Users/hamano/DIB_analysis/DIB_pipeline_dir/Hen_3-1250/2017_07_30-Hen_3-1250_pipeline_ver3.6/2017_07_30-Hen_3-1250_pipeline_ver3.6--HD_139129_pipeline_ver3.6-T4/,wide
True,paper_2206_03131_reddened_target,,,,,132,Hen 3-1250,Hen 3-1250,B5Ia+ C,16:47:03.62,-45:50:14.3,4.13,Hen 3-1250,Hen_3-1250_o132_c2T,57,WIDE,1,0,2017-07-30-23:55:36.496,9732.7167,9940.4808,9732.552633824642,9940.316667309738,/Users/hamano/DIB_analysis/DIB_pipeline_dir/Hen_3-1250/2017_07_30-Hen_3-1250_pipeline_ver3.6/2017_07_30-Hen_3-1250_pipeline_ver3.6--HD_139129_pipeline_ver3.6-T4/sum/Hen_3-1250_sum_m57_fsr1.30_AIR_tel_wscor_helio.fits,True,23040,Hen_3-1250/Hen_3-1250_o132_c2T/Hen_3-1250_sum_m57_fsr1.30_AIR_tel_wscor_helio.fits,Hen_3-1250,/Users/hamano/DIB_analysis/DIB_pipeline_dir/Hen_3-1250/2017_07_30-Hen_3-1250_pipeline_ver3.6/2017_07_30-Hen_3-1250_pipeline_ver3.6--HD_139129_pipeline_ver3.6-T4/,wide
True,paper_2206_03131_reddened_target,,,,,33,HD 155806,HD 155806,O7.5V((f))z(e) C,17:15:19.24,-33:32:54.3,0.31,HD 155806,HD_155806_o33_c2T,47,WIDE,1,0,2017-07-31-01:06:21.546,11758.4691,12083.1578,11758.2700570224,12082.95872154166,/Users/hamano/DIB_analysis/DIB_pipeline_dir/HD_155806/2017_07_30-HD_155806_pipeline_ver3.6/2017_07_30-HD_155806_pipeline_ver3.6--HD_163336_pipeline_ver3.6-T2/sum/HD_155806_sum_m47_fsr1.30_AIR_tel_wscor_helio.fits,True,25920,HD_155806/HD_155806_o33_c2T/HD_155806_sum_m47_fsr1.30_AIR_tel_wscor_helio.fits,HD_155806,/Users/hamano/DIB_analysis/DIB_pipeline_dir/HD_155806/2017_07_30-HD_155806_pipeline_ver3.6/2017_07_30-HD_155806_pipeline_ver3.6--HD_163336_pipeline_ver3.6-T2/,wide
True,paper_2206_03131_reddened_target,,,,,33,HD 155806,HD 155806,O7.5V((f))z(e) C,17:15:19.24,-33:32:54.3,0.31,HD 155806,HD_155806_o33_c2T,61,WIDE,1,0,2017-07-31-01:06:21.546,9092.9335,9300.7083,9092.780473798368,9300.555252951925,/Users/hamano/DIB_analysis/DIB_pipeline_dir/HD_155806/2017_07_30-HD_155806_pipeline_ver3.6/2017_07_30-HD_155806_pipeline_ver3.6--HD_163336_pipeline_ver3.6-T2/sum/HD_155806_sum_m61_fsr1.30_AIR_tel_wscor_helio.fits,True,23040,HD_155806/HD_155806_o33_c2T/HD_155806_sum_m61_fsr1.30_AIR_tel_wscor_helio.fits,HD_155806,/Users/hamano/DIB_analysis/DIB_pipeline_dir/HD_155806/2017_07_30-HD_155806_pipeline_ver3.6/2017_07_30-HD_155806_pipeline_ver3.6--HD_163336_pipeline_ver3.6-T2/,wide
True,paper_2206_03131_reddened_target,,,,,33,HD 155806,HD 155806,O7.5V((f))z(e) C,17:15:19.24,-33:32:54.3,0.31,HD 155806,HD_155806_o33_c2T,50,WIDE,1,0,2017-07-31-01:06:21.546,11063.2209,11348.9347,11063.03356165484,11348.74736209504,/Users/hamano/DIB_analysis/DIB_pipeline_dir/HD_155806/2017_07_30-HD_155806_pipeline_ver3.6/2017_07_30-HD_155806_pipeline_ver3.6--HD_163336_pipeline_ver3.6-T2/sum/HD_155806_sum_m50_fsr1.30_AIR_tel_wscor_helio.fits,True,25920,HD_155806/HD_155806_o33_c2T/HD_155806_sum_m50_fsr1.30_AIR_tel_wscor_helio.fits,HD_155806,/Users/hamano/DIB_analysis/DIB_pipeline_dir/HD_155806/2017_07_30-HD_155806_pipeline_ver3.6/2017_07_30-HD_155806_pipeline_ver3.6--HD_163336_pipeline_ver3.6-T2/,wide
True,paper_2206_03131_reddened_target,,,,,33,HD 155806,HD 155806,O7.5V((f))z(e) C,17:15:19.24,-33:32:54.3,0.31,HD 155806,HD_155806_o33_c2T,49,WIDE,1,0,2017-07-31-01:06:21.546,11280.1423,11591.8432,11279.95114558817,11591.65207788471,/Users/hamano/DIB_analysis/DIB_pipeline_dir/HD_155806/2017_07_30-HD_155806_pipeline_ver3.6/2017_07_30-HD_155806_pipeline_ver3.6--HD_163336_pipeline_ver3.6-T2/sum/HD_155806_sum_m49_fsr1.30_AIR_tel_wscor_helio.fits,True,25920,HD_155806/HD_155806_o33_c2T/HD_155806_sum_m49_fsr1.30_AIR_tel_wscor_helio.fits,HD_155806,/Users/hamano/DIB_analysis/DIB_pipeline_dir/HD_155806/2017_07_30-HD_155806_pipeline_ver3.6/2017_07_30-HD_155806_pipeline_ver3.6--HD_163336_pipeline_ver3.6-T2/,wide
True,paper_2206_03131_reddened_target,,,,,33,HD 155806,HD 155806,O7.5V((f))z(e) C,17:15:19.24,-33:32:54.3,0.31,HD 155806,HD_155806_o33_c2T,44,WIDE,1,0,2017-07-31-01:06:21.546,12550.682,12938.1537,12550.46964526634,12937.94137078286,/Users/hamano/DIB_analysis/DIB_pipeline_dir/HD_155806/2017_07_30-HD_155806_pipeline_ver3.6/2017_07_30-HD_155806_pipeline_ver3.6--HD_163336_pipeline_ver3.6-T2/sum/HD_155806_sum_m44_fsr1.30_AIR_tel_wscor_helio.fits,True,25920,HD_155806/HD_155806_o33_c2T/HD_155806_sum_m44_fsr1.30_AIR_tel_wscor_helio.fits,HD_155806,/Users/hamano/DIB_analysis/DIB_pipeline_dir/HD_155806/2017_07_30-HD_155806_pipeline_ver3.6/2017_07_30-HD_155806_pipeline_ver3.6--HD_163336_pipeline_ver3.6-T2/,wide
True,paper_2206_03131_reddened_target,,,,,33,HD 155806,HD 155806,O7.5V((f))z(e) C,17:15:19.24,-33:32:54.3,0.31,HD 155806,HD_155806_o33_c2T,51,WIDE,1,0,2017-07-31-01:06:21.546,10854.7964,11127.5186,10854.61273331275,11127.33491462564,/Users/hamano/DIB_analysis/DIB_pipeline_dir/HD_155806/2017_07_30-HD_155806_pipeline_ver3.6/2017_07_30-HD_155806_pipeline_ver3.6--HD_163336_pipeline_ver3.6-T2/sum/HD_155806_sum_m51_fsr1.30_AIR_tel_wscor_helio.fits,True,25920,HD_155806/HD_155806_o33_c2T/HD_155806_sum_m51_fsr1.30_AIR_tel_wscor_helio.fits,HD_155806,/Users/hamano/DIB_analysis/DIB_pipeline_dir/HD_155806/2017_07_30-HD_155806_pipeline_ver3.6/2017_07_30-HD_155806_pipeline_ver3.6--HD_163336_pipeline_ver3.6-T2/,wide
True,paper_2206_03131_reddened_target,,,,,33,HD 155806,HD 155806,O7.5V((f))z(e) C,17:15:19.24,-33:32:54.3,0.31,HD 155806,HD_155806_o33_c2T,52,WIDE,1,0,2017-07-31-01:06:21.546,10644.8723,10917.5974,10644.69214528665,10917.41724148554,/Users/hamano/DIB_analysis/DIB_pipeline_dir/HD_155806/2017_07_30-HD_155806_pipeline_ver3.6/2017_07_30-HD_155806_pipeline_ver3.6--HD_163336_pipeline_ver3.6-T2/sum/HD_155806_sum_m52_fsr1.30_AIR_tel_wscor_helio.fits,True,25920,HD_155806/HD_155806_o33_c2T/HD_155806_sum_m52_fsr1.30_AIR_tel_wscor_helio.fits,HD_155806,/Users/hamano/DIB_analysis/DIB_pipeline_dir/HD_155806/2017_07_30-HD_155806_pipeline_ver3.6/2017_07_30-HD_155806_pipeline_ver3.6--HD_163336_pipeline_ver3.6-T2/,wide
True,paper_2206_03131_reddened_target,,,,,33,HD 155806,HD 155806,O7.5V((f))z(e) C,17:15:19.24,-33:32:54.3,0.31,HD 155806,HD_155806_o33_c2T,56,WIDE,1,0,2017-07-31-01:06:21.546,9889.6455,10123.3977,9889.478450251761,10123.23063501826,/Users/hamano/DIB_analysis/DIB_pipeline_dir/HD_155806/2017_07_30-HD_155806_pipeline_ver3.6/2017_07_30-HD_155806_pipeline_ver3.6--HD_163336_pipeline_ver3.6-T2/sum/HD_155806_sum_m56_fsr1.30_AIR_tel_wscor_helio.fits,True,23040,HD_155806/HD_155806_o33_c2T/HD_155806_sum_m56_fsr1.30_AIR_tel_wscor_helio.fits,HD_155806,/Users/hamano/DIB_analysis/DIB_pipeline_dir/HD_155806/2017_07_30-HD_155806_pipeline_ver3.6/2017_07_30-HD_155806_pipeline_ver3.6--HD_163336_pipeline_ver3.6-T2/,wide
True,paper_2206_03131_reddened_target,,,,,33,HD 155806,HD 155806,O7.5V((f))z(e) C,17:15:19.24,-33:32:54.3,0.31,HD 155806,HD_155806_o33_c2T,42,WIDE,1,0,2017-07-31-01:06:21.546,13137.4693,13553.1033,13137.24707288282,13552.88098753099,/Users/hamano/DIB_analysis/DIB_pipeline_dir/HD_155806/2017_07_30-HD_155806_pipeline_ver3.6/2017_07_30-HD_155806_pipeline_ver3.6--HD_163336_pipeline_ver3.6-T2/sum/HD_155806_sum_m42_fsr1.30_AIR_tel_wscor_helio.fits,True,25920,HD_155806/HD_155806_o33_c2T/HD_155806_sum_m42_fsr1.30_AIR_tel_wscor_helio.fits,HD_155806,/Users/hamano/DIB_analysis/DIB_pipeline_dir/HD_155806/2017_07_30-HD_155806_pipeline_ver3.6/2017_07_30-HD_155806_pipeline_ver3.6--HD_163336_pipeline_ver3.6-T2/,wide
True,paper_2206_03131_reddened_target,,,,,33,HD 155806,HD 155806,O7.5V((f))z(e) C,17:15:19.24,-33:32:54.3,0.31,HD 155806,HD_155806_o33_c2T,54,WIDE,1,0,2017-07-31-01:06:21.546,10246.5164,10506.2528,10246.34298754722,10506.07938026077,/Users/hamano/DIB_analysis/DIB_pipeline_dir/HD_155806/2017_07_30-HD_155806_pipeline_ver3.6/2017_07_30-HD_155806_pipeline_ver3.6--HD_163336_pipeline_ver3.6-T2/sum/HD_155806_sum_m54_fsr1.30_AIR_tel_wscor_helio.fits,True,25920,HD_155806/HD_155806_o33_c2T/HD_155806_sum_m54_fsr1.30_AIR_tel_wscor_helio.fits,HD_155806,/Users/hamano/DIB_analysis/DIB_pipeline_dir/HD_155806/2017_07_30-HD_155806_pipeline_ver3.6/2017_07_30-HD_155806_pipeline_ver3.6--HD_163336_pipeline_ver3.6-T2/,wide
True,paper_2206_03131_reddened_target,,,,,33,HD 155806,HD 155806,O7.5V((f))z(e) C,17:15:19.24,-33:32:54.3,0.31,HD 155806,HD_155806_o33_c2T,45,WIDE,1,0,2017-07-31-01:06:21.546,12273.7824,12637.4488,12273.57455239416,12637.24100193083,/Users/hamano/DIB_analysis/DIB_pipeline_dir/HD_155806/2017_07_30-HD_155806_pipeline_ver3.6/2017_07_30-HD_155806_pipeline_ver3.6--HD_163336_pipeline_ver3.6-T2/sum/HD_155806_sum_m45_fsr1.30_AIR_tel_wscor_helio.fits,True,25920,HD_155806/HD_155806_o33_c2T/HD_155806_sum_m45_fsr1.30_AIR_tel_wscor_helio.fits,HD_155806,/Users/hamano/DIB_analysis/DIB_pipeline_dir/HD_155806/2017_07_30-HD_155806_pipeline_ver3.6/2017_07_30-HD_155806_pipeline_ver3.6--HD_163336_pipeline_ver3.6-T2/,wide
True,paper_2206_03131_reddened_target,,,,,33,HD 155806,HD 155806,O7.5V((f))z(e) C,17:15:19.24,-33:32:54.3,0.31,HD 155806,HD_155806_o33_c2T,46,WIDE,1,0,2017-07-31-01:06:21.546,12005.3796,12356.0554,12005.17629643023,12355.85209734838,/Users/hamano/DIB_analysis/DIB_pipeline_dir/HD_155806/2017_07_30-HD_155806_pipeline_ver3.6/2017_07_30-HD_155806_pipeline_ver3.6--HD_163336_pipeline_ver3.6-T2/sum/HD_155806_sum_m46_fsr1.30_AIR_tel_wscor_helio.fits,True,25920,HD_155806/HD_155806_o33_c2T/HD_155806_sum_m46_fsr1.30_AIR_tel_wscor_helio.fits,HD_155806,/Users/hamano/DIB_analysis/DIB_pipeline_dir/HD_155806/2017_07_30-HD_155806_pipeline_ver3.6/2017_07_30-HD_155806_pipeline_ver3.6--HD_163336_pipeline_ver3.6-T2/,wide
True,paper_2206_03131_reddened_target,,,,,33,HD 155806,HD 155806,O7.5V((f))z(e) C,17:15:19.24,-33:32:54.3,0.31,HD 155806,HD_155806_o33_c2T,60,WIDE,1,0,2017-07-31-01:06:21.546,9255.8748,9437.6567,9255.719207086087,9437.501038672524,/Users/hamano/DIB_analysis/DIB_pipeline_dir/HD_155806/2017_07_30-HD_155806_pipeline_ver3.6/2017_07_30-HD_155806_pipeline_ver3.6--HD_163336_pipeline_ver3.6-T2/sum/HD_155806_sum_m60_fsr1.30_AIR_tel_wscor_helio.fits,True,23040,HD_155806/HD_155806_o33_c2T/HD_155806_sum_m60_fsr1.30_AIR_tel_wscor_helio.fits,HD_155806,/Users/hamano/DIB_analysis/DIB_pipeline_dir/HD_155806/2017_07_30-HD_155806_pipeline_ver3.6/2017_07_30-HD_155806_pipeline_ver3.6--HD_163336_pipeline_ver3.6-T2/,wide
True,paper_2206_03131_reddened_target,,,,,33,HD 155806,HD 155806,O7.5V((f))z(e) C,17:15:19.24,-33:32:54.3,0.31,HD 155806,HD_155806_o33_c2T,53,WIDE,1,0,2017-07-31-01:06:21.546,10446.4441,10706.1776,10446.26742547562,10706.00090356399,/Users/hamano/DIB_analysis/DIB_pipeline_dir/HD_155806/2017_07_30-HD_155806_pipeline_ver3.6/2017_07_30-HD_155806_pipeline_ver3.6--HD_163336_pipeline_ver3.6-T2/sum/HD_155806_sum_m53_fsr1.30_AIR_tel_wscor_helio.fits,True,25920,HD_155806/HD_155806_o33_c2T/HD_155806_sum_m53_fsr1.30_AIR_tel_wscor_helio.fits,HD_155806,/Users/hamano/DIB_analysis/DIB_pipeline_dir/HD_155806/2017_07_30-HD_155806_pipeline_ver3.6/2017_07_30-HD_155806_pipeline_ver3.6--HD_163336_pipeline_ver3.6-T2/,wide
True,paper_2206_03131_reddened_target,,,,,33,HD 155806,HD 155806,O7.5V((f))z(e) C,17:15:19.24,-33:32:54.3,0.31,HD 155806,HD_155806_o33_c2T,59,WIDE,1,0,2017-07-31-01:06:21.546,9392.8252,9600.5951,9392.666832854238,9600.436754729646,/Users/hamano/DIB_analysis/DIB_pipeline_dir/HD_155806/2017_07_30-HD_155806_pipeline_ver3.6/2017_07_30-HD_155806_pipeline_ver3.6--HD_163336_pipeline_ver3.6-T2/sum/HD_155806_sum_m59_fsr1.30_AIR_tel_wscor_helio.fits,True,23040,HD_155806/HD_155806_o33_c2T/HD_155806_sum_m59_fsr1.30_AIR_tel_wscor_helio.fits,HD_155806,/Users/hamano/DIB_analysis/DIB_pipeline_dir/HD_155806/2017_07_30-HD_155806_pipeline_ver3.6/2017_07_30-HD_155806_pipeline_ver3.6--HD_163336_pipeline_ver3.6-T2/,wide
True,paper_2206_03131_reddened_target,,,,,33,HD 155806,HD 155806,O7.5V((f))z(e) C,17:15:19.24,-33:32:54.3,0.31,HD 155806,HD_155806_o33_c2T,43,WIDE,1,0,2017-07-31-01:06:21.546,12852.073,13228.7262,12851.85575191099,13228.50896212327,/Users/hamano/DIB_analysis/DIB_pipeline_dir/HD_155806/2017_07_30-HD_155806_pipeline_ver3.6/2017_07_30-HD_155806_pipeline_ver3.6--HD_163336_pipeline_ver3.6-T2/sum/HD_155806_sum_m43_fsr1.30_AIR_tel_wscor_helio.fits,True,25920,HD_155806/HD_155806_o33_c2T/HD_155806_sum_m43_fsr1.30_AIR_tel_wscor_helio.fits,HD_155806,/Users/hamano/DIB_analysis/DIB_pipeline_dir/HD_155806/2017_07_30-HD_155806_pipeline_ver3.6/2017_07_30-HD_155806_pipeline_ver3.6--HD_163336_pipeline_ver3.6-T2/,wide
True,paper_2206_03131_reddened_target,,,,,33,HD 155806,HD 155806,O7.5V((f))z(e) C,17:15:19.24,-33:32:54.3,0.31,HD 155806,HD_155806_o33_c2T,55,WIDE,1,0,2017-07-31-01:06:21.546,10069.5805,10303.3298,10069.41039791331,10303.15966673358,/Users/hamano/DIB_analysis/DIB_pipeline_dir/HD_155806/2017_07_30-HD_155806_pipeline_ver3.6/2017_07_30-HD_155806_pipeline_ver3.6--HD_163336_pipeline_ver3.6-T2/sum/HD_155806_sum_m55_fsr1.30_AIR_tel_wscor_helio.fits,True,23040,HD_155806/HD_155806_o33_c2T/HD_155806_sum_m55_fsr1.30_AIR_tel_wscor_helio.fits,HD_155806,/Users/hamano/DIB_analysis/DIB_pipeline_dir/HD_155806/2017_07_30-HD_155806_pipeline_ver3.6/2017_07_30-HD_155806_pipeline_ver3.6--HD_163336_pipeline_ver3.6-T2/,wide
True,paper_2206_03131_reddened_target,,,,,33,HD 155806,HD 155806,O7.5V((f))z(e) C,17:15:19.24,-33:32:54.3,0.31,HD 155806,HD_155806_o33_c2T,58,WIDE,1,0,2017-07-31-01:06:21.546,9549.7683,9783.5263,9549.607213742436,9783.365229822364,/Users/hamano/DIB_analysis/DIB_pipeline_dir/HD_155806/2017_07_30-HD_155806_pipeline_ver3.6/2017_07_30-HD_155806_pipeline_ver3.6--HD_163336_pipeline_ver3.6-T2/sum/HD_155806_sum_m58_fsr1.30_AIR_tel_wscor_helio.fits,True,25920,HD_155806/HD_155806_o33_c2T/HD_155806_sum_m58_fsr1.30_AIR_tel_wscor_helio.fits,HD_155806,/Users/hamano/DIB_analysis/DIB_pipeline_dir/HD_155806/2017_07_30-HD_155806_pipeline_ver3.6/2017_07_30-HD_155806_pipeline_ver3.6--HD_163336_pipeline_ver3.6-T2/,wide
True,paper_2206_03131_reddened_target,,,,,33,HD 155806,HD 155806,O7.5V((f))z(e) C,17:15:19.24,-33:32:54.3,0.31,HD 155806,HD_155806_o33_c2T,57,WIDE,1,0,2017-07-31-01:06:21.546,9732.7024,9940.4665,9732.53832602486,9940.302414950904,/Users/hamano/DIB_analysis/DIB_pipeline_dir/HD_155806/2017_07_30-HD_155806_pipeline_ver3.6/2017_07_30-HD_155806_pipeline_ver3.6--HD_163336_pipeline_ver3.6-T2/sum/HD_155806_sum_m57_fsr1.30_AIR_tel_wscor_helio.fits,True,23040,HD_155806/HD_155806_o33_c2T/HD_155806_sum_m57_fsr1.30_AIR_tel_wscor_helio.fits,HD_155806,/Users/hamano/DIB_analysis/DIB_pipeline_dir/HD_155806/2017_07_30-HD_155806_pipeline_ver3.6/2017_07_30-HD_155806_pipeline_ver3.6--HD_163336_pipeline_ver3.6-T2/,wide
True,paper_2206_03131_reddened_target,,,,,33,HD 155806,HD 155806,O7.5V((f))z(e) C,17:15:19.24,-33:32:54.3,0.31,HD 155806,HD_155806_o33_c2T,48,WIDE,1,0,2017-07-31-01:06:21.546,11520.0555,11831.7525,11519.86042660819,11831.5574690368,/Users/hamano/DIB_analysis/DIB_pipeline_dir/HD_155806/2017_07_30-HD_155806_pipeline_ver3.6/2017_07_30-HD_155806_pipeline_ver3.6--HD_163336_pipeline_ver3.6-T2/sum/HD_155806_sum_m48_fsr1.30_AIR_tel_wscor_helio.fits,True,25920,HD_155806/HD_155806_o33_c2T/HD_155806_sum_m48_fsr1.30_AIR_tel_wscor_helio.fits,HD_155806,/Users/hamano/DIB_analysis/DIB_pipeline_dir/HD_155806/2017_07_30-HD_155806_pipeline_ver3.6/2017_07_30-HD_155806_pipeline_ver3.6--HD_163336_pipeline_ver3.6-T2/,wide
True,paper_2206_03131_reddened_target,,,,,246,HD 149404,HD149404 | HD 149404,O8.5Iab(f)p C,16:36:22.56,-42:51:31.9,0.68,HD_149404,HD_149404_o246_c3T,52,WIDE,1,0,2017-07-30-00:25:59.518,10644.7748,10917.499,10644.59464411287,10917.31888517866,/Users/hamano/DIB_analysis/DIB_pipeline_dir/HD_149404/2017_07_29-HD_149404_pipeline_ver3.6/2017_07_29-HD_149404_pipeline_ver3.6--HD_163336_pipeline_ver3.6-T3/sum/HD_149404_sum_m52_fsr1.30_AIR_tel_wscor_helio.fits,True,25920,HD_149404/HD_149404_o246_c3T/HD_149404_sum_m52_fsr1.30_AIR_tel_wscor_helio.fits,HD_149404,/Users/hamano/DIB_analysis/DIB_pipeline_dir/HD_149404/2017_07_29-HD_149404_pipeline_ver3.6/2017_07_29-HD_149404_pipeline_ver3.6--HD_163336_pipeline_ver3.6-T3/,wide
True,paper_2206_03131_reddened_target,,,,,246,HD 149404,HD149404 | HD 149404,O8.5Iab(f)p C,16:36:22.56,-42:51:31.9,0.68,HD_149404,HD_149404_o246_c3T,48,WIDE,1,0,2017-07-30-00:25:59.518,11519.9721,11831.6682,11519.77708597399,11831.47315107454,/Users/hamano/DIB_analysis/DIB_pipeline_dir/HD_149404/2017_07_29-HD_149404_pipeline_ver3.6/2017_07_29-HD_149404_pipeline_ver3.6--HD_163336_pipeline_ver3.6-T3/sum/HD_149404_sum_m48_fsr1.30_AIR_tel_wscor_helio.fits,True,25920,HD_149404/HD_149404_o246_c3T/HD_149404_sum_m48_fsr1.30_AIR_tel_wscor_helio.fits,HD_149404,/Users/hamano/DIB_analysis/DIB_pipeline_dir/HD_149404/2017_07_29-HD_149404_pipeline_ver3.6/2017_07_29-HD_149404_pipeline_ver3.6--HD_163336_pipeline_ver3.6-T3/,wide
True,paper_2206_03131_reddened_target,,,,,246,HD 149404,HD149404 | HD 149404,O8.5Iab(f)p C,16:36:22.56,-42:51:31.9,0.68,HD_149404,HD_149404_o246_c3T,51,WIDE,1,0,2017-07-30-00:25:59.518,10854.7022,11127.4235,10854.51854003629,11127.23986622572,/Users/hamano/DIB_analysis/DIB_pipeline_dir/HD_149404/2017_07_29-HD_149404_pipeline_ver3.6/2017_07_29-HD_149404_pipeline_ver3.6--HD_163336_pipeline_ver3.6-T3/sum/HD_149404_sum_m51_fsr1.30_AIR_tel_wscor_helio.fits,True,25920,HD_149404/HD_149404_o246_c3T/HD_149404_sum_m51_fsr1.30_AIR_tel_wscor_helio.fits,HD_149404,/Users/hamano/DIB_analysis/DIB_pipeline_dir/HD_149404/2017_07_29-HD_149404_pipeline_ver3.6/2017_07_29-HD_149404_pipeline_ver3.6--HD_163336_pipeline_ver3.6-T3/,wide
True,paper_2206_03131_reddened_target,,,,,246,HD 149404,HD149404 | HD 149404,O8.5Iab(f)p C,16:36:22.56,-42:51:31.9,0.68,HD_149404,HD_149404_o246_c3T,42,WIDE,1,0,2017-07-30-00:25:59.518,13137.4125,13553.0451,13137.19020489723,13552.82281632559,/Users/hamano/DIB_analysis/DIB_pipeline_dir/HD_149404/2017_07_29-HD_149404_pipeline_ver3.6/2017_07_29-HD_149404_pipeline_ver3.6--HD_163336_pipeline_ver3.6-T3/sum/HD_149404_sum_m42_fsr1.30_AIR_tel_wscor_helio.fits,True,25920,HD_149404/HD_149404_o246_c3T/HD_149404_sum_m42_fsr1.30_AIR_tel_wscor_helio.fits,HD_149404,/Users/hamano/DIB_analysis/DIB_pipeline_dir/HD_149404/2017_07_29-HD_149404_pipeline_ver3.6/2017_07_29-HD_149404_pipeline_ver3.6--HD_163336_pipeline_ver3.6-T3/,wide
True,paper_2206_03131_reddened_target,,,,,246,HD 149404,HD149404 | HD 149404,O8.5Iab(f)p C,16:36:22.56,-42:51:31.9,0.68,HD_149404,HD_149404_o246_c3T,60,WIDE,1,0,2017-07-30-00:25:59.518,9255.7546,9437.5359,9255.598955188927,9437.380216792604,/Users/hamano/DIB_analysis/DIB_pipeline_dir/HD_149404/2017_07_29-HD_149404_pipeline_ver3.6/2017_07_29-HD_149404_pipeline_ver3.6--HD_163336_pipeline_ver3.6-T3/sum/HD_149404_sum_m60_fsr1.30_AIR_tel_wscor_helio.fits,True,23040,HD_149404/HD_149404_o246_c3T/HD_149404_sum_m60_fsr1.30_AIR_tel_wscor_helio.fits,HD_149404,/Users/hamano/DIB_analysis/DIB_pipeline_dir/HD_149404/2017_07_29-HD_149404_pipeline_ver3.6/2017_07_29-HD_149404_pipeline_ver3.6--HD_163336_pipeline_ver3.6-T3/,wide
True,paper_2206_03131_reddened_target,,,,,246,HD 149404,HD149404 | HD 149404,O8.5Iab(f)p C,16:36:22.56,-42:51:31.9,0.68,HD_149404,HD_149404_o246_c3T,59,WIDE,1,0,2017-07-30-00:25:59.518,9392.7073,9600.4766,9392.548984850244,9600.31825525696,/Users/hamano/DIB_analysis/DIB_pipeline_dir/HD_149404/2017_07_29-HD_149404_pipeline_ver3.6/2017_07_29-HD_149404_pipeline_ver3.6--HD_163336_pipeline_ver3.6-T3/sum/HD_149404_sum_m59_fsr1.30_AIR_tel_wscor_helio.fits,True,23040,HD_149404/HD_149404_o246_c3T/HD_149404_sum_m59_fsr1.30_AIR_tel_wscor_helio.fits,HD_149404,/Users/hamano/DIB_analysis/DIB_pipeline_dir/HD_149404/2017_07_29-HD_149404_pipeline_ver3.6/2017_07_29-HD_149404_pipeline_ver3.6--HD_163336_pipeline_ver3.6-T3/,wide
True,paper_2206_03131_reddened_target,,,,,246,HD 149404,HD149404 | HD 149404,O8.5Iab(f)p C,16:36:22.56,-42:51:31.9,0.68,HD_149404,HD_149404_o246_c3T,44,WIDE,1,0,2017-07-30-00:25:59.518,12550.6156,12938.0861,12550.40326355885,12937.87377415731,/Users/hamano/DIB_analysis/DIB_pipeline_dir/HD_149404/2017_07_29-HD_149404_pipeline_ver3.6/2017_07_29-HD_149404_pipeline_ver3.6--HD_163336_pipeline_ver3.6-T3/sum/HD_149404_sum_m44_fsr1.30_AIR_tel_wscor_helio.fits,True,25920,HD_149404/HD_149404_o246_c3T/HD_149404_sum_m44_fsr1.30_AIR_tel_wscor_helio.fits,HD_149404,/Users/hamano/DIB_analysis/DIB_pipeline_dir/HD_149404/2017_07_29-HD_149404_pipeline_ver3.6/2017_07_29-HD_149404_pipeline_ver3.6--HD_163336_pipeline_ver3.6-T3/,wide
True,paper_2206_03131_reddened_target,,,,,246,HD 149404,HD149404 | HD 149404,O8.5Iab(f)p C,16:36:22.56,-42:51:31.9,0.68,HD_149404,HD_149404_o246_c3T,58,WIDE,1,0,2017-07-30-00:25:59.518,9549.6532,9783.4105,9549.492084871634,9783.24936799709,/Users/hamano/DIB_analysis/DIB_pipeline_dir/HD_149404/2017_07_29-HD_149404_pipeline_ver3.6/2017_07_29-HD_149404_pipeline_ver3.6--HD_163336_pipeline_ver3.6-T3/sum/HD_149404_sum_m58_fsr1.30_AIR_tel_wscor_helio.fits,True,25920,HD_149404/HD_149404_o246_c3T/HD_149404_sum_m58_fsr1.30_AIR_tel_wscor_helio.fits,HD_149404,/Users/hamano/DIB_analysis/DIB_pipeline_dir/HD_149404/2017_07_29-HD_149404_pipeline_ver3.6/2017_07_29-HD_149404_pipeline_ver3.6--HD_163336_pipeline_ver3.6-T3/,wide
True,paper_2206_03131_reddened_target,,,,,246,HD 149404,HD149404 | HD 149404,O8.5Iab(f)p C,16:36:22.56,-42:51:31.9,0.68,HD_149404,HD_149404_o246_c3T,43,WIDE,1,0,2017-07-30-00:25:59.518,12852.0112,13228.6633,12851.79401857358,13228.44604778966,/Users/hamano/DIB_analysis/DIB_pipeline_dir/HD_149404/2017_07_29-HD_149404_pipeline_ver3.6/2017_07_29-HD_149404_pipeline_ver3.6--HD_163336_pipeline_ver3.6-T3/sum/HD_149404_sum_m43_fsr1.30_AIR_tel_wscor_helio.fits,True,25920,HD_149404/HD_149404_o246_c3T/HD_149404_sum_m43_fsr1.30_AIR_tel_wscor_helio.fits,HD_149404,/Users/hamano/DIB_analysis/DIB_pipeline_dir/HD_149404/2017_07_29-HD_149404_pipeline_ver3.6/2017_07_29-HD_149404_pipeline_ver3.6--HD_163336_pipeline_ver3.6-T3/,wide
True,paper_2206_03131_reddened_target,,,,,246,HD 149404,HD149404 | HD 149404,O8.5Iab(f)p C,16:36:22.56,-42:51:31.9,0.68,HD_149404,HD_149404_o246_c3T,61,WIDE,1,0,2017-07-30-00:25:59.518,9092.8109,9300.585,9092.657899495847,9300.432027164323,/Users/hamano/DIB_analysis/DIB_pipeline_dir/HD_149404/2017_07_29-HD_149404_pipeline_ver3.6/2017_07_29-HD_149404_pipeline_ver3.6--HD_163336_pipeline_ver3.6-T3/sum/HD_149404_sum_m61_fsr1.30_AIR_tel_wscor_helio.fits,True,23040,HD_149404/HD_149404_o246_c3T/HD_149404_sum_m61_fsr1.30_AIR_tel_wscor_helio.fits,HD_149404,/Users/hamano/DIB_analysis/DIB_pipeline_dir/HD_149404/2017_07_29-HD_149404_pipeline_ver3.6/2017_07_29-HD_149404_pipeline_ver3.6--HD_163336_pipeline_ver3.6-T3/,wide
True,paper_2206_03131_reddened_target,,,,,246,HD 149404,HD149404 | HD 149404,O8.5Iab(f)p C,16:36:22.56,-42:51:31.9,0.68,HD_149404,HD_149404_o246_c3T,49,WIDE,1,0,2017-07-30-00:25:59.518,11280.0551,11591.7551,11279.8640240995,11591.56397905531,/Users/hamano/DIB_analysis/DIB_pipeline_dir/HD_149404/2017_07_29-HD_149404_pipeline_ver3.6/2017_07_29-HD_149404_pipeline_ver3.6--HD_163336_pipeline_ver3.6-T3/sum/HD_149404_sum_m49_fsr1.30_AIR_tel_wscor_helio.fits,True,25920,HD_149404/HD_149404_o246_c3T/HD_149404_sum_m49_fsr1.30_AIR_tel_wscor_helio.fits,HD_149404,/Users/hamano/DIB_analysis/DIB_pipeline_dir/HD_149404/2017_07_29-HD_149404_pipeline_ver3.6/2017_07_29-HD_149404_pipeline_ver3.6--HD_163336_pipeline_ver3.6-T3/,wide
True,paper_2206_03131_reddened_target,,,,,246,HD 149404,HD149404 | HD 149404,O8.5Iab(f)p C,16:36:22.56,-42:51:31.9,0.68,HD_149404,HD_149404_o246_c3T,50,WIDE,1,0,2017-07-30-00:25:59.518,11063.1301,11348.843,11062.94277592838,11348.65568051024,/Users/hamano/DIB_analysis/DIB_pipeline_dir/HD_149404/2017_07_29-HD_149404_pipeline_ver3.6/2017_07_29-HD_149404_pipeline_ver3.6--HD_163336_pipeline_ver3.6-T3/sum/HD_149404_sum_m50_fsr1.30_AIR_tel_wscor_helio.fits,True,25920,HD_149404/HD_149404_o246_c3T/HD_149404_sum_m50_fsr1.30_AIR_tel_wscor_helio.fits,HD_149404,/Users/hamano/DIB_analysis/DIB_pipeline_dir/HD_149404/2017_07_29-HD_149404_pipeline_ver3.6/2017_07_29-HD_149404_pipeline_ver3.6--HD_163336_pipeline_ver3.6-T3/,wide
True,paper_2206_03131_reddened_target,,,,,246,HD 149404,HD149404 | HD 149404,O8.5Iab(f)p C,16:36:22.56,-42:51:31.9,0.68,HD_149404,HD_149404_o246_c3T,56,WIDE,1,0,2017-07-30-00:25:59.518,9889.5358,10123.2872,9889.368679112982,10123.12013094445,/Users/hamano/DIB_analysis/DIB_pipeline_dir/HD_149404/2017_07_29-HD_149404_pipeline_ver3.6/2017_07_29-HD_149404_pipeline_ver3.6--HD_163336_pipeline_ver3.6-T3/sum/HD_149404_sum_m56_fsr1.30_AIR_tel_wscor_helio.fits,True,23040,HD_149404/HD_149404_o246_c3T/HD_149404_sum_m56_fsr1.30_AIR_tel_wscor_helio.fits,HD_149404,/Users/hamano/DIB_analysis/DIB_pipeline_dir/HD_149404/2017_07_29-HD_149404_pipeline_ver3.6/2017_07_29-HD_149404_pipeline_ver3.6--HD_163336_pipeline_ver3.6-T3/,wide
True,paper_2206_03131_reddened_target,,,,,246,HD 149404,HD149404 | HD 149404,O8.5Iab(f)p C,16:36:22.56,-42:51:31.9,0.68,HD_149404,HD_149404_o246_c3T,46,WIDE,1,0,2017-07-30-00:25:59.518,12005.3043,12355.979,12005.10097302725,12355.77567440016,/Users/hamano/DIB_analysis/DIB_pipeline_dir/HD_149404/2017_07_29-HD_149404_pipeline_ver3.6/2017_07_29-HD_149404_pipeline_ver3.6--HD_163336_pipeline_ver3.6-T3/sum/HD_149404_sum_m46_fsr1.30_AIR_tel_wscor_helio.fits,True,25920,HD_149404/HD_149404_o246_c3T/HD_149404_sum_m46_fsr1.30_AIR_tel_wscor_helio.fits,HD_149404,/Users/hamano/DIB_analysis/DIB_pipeline_dir/HD_149404/2017_07_29-HD_149404_pipeline_ver3.6/2017_07_29-HD_149404_pipeline_ver3.6--HD_163336_pipeline_ver3.6-T3/,wide
True,paper_2206_03131_reddened_target,,,,,246,HD 149404,HD149404 | HD 149404,O8.5Iab(f)p C,16:36:22.56,-42:51:31.9,0.68,HD_149404,HD_149404_o246_c3T,45,WIDE,1,0,2017-07-30-00:25:59.518,12273.7114,12637.3767,12273.50358159805,12637.16889085771,/Users/hamano/DIB_analysis/DIB_pipeline_dir/HD_149404/2017_07_29-HD_149404_pipeline_ver3.6/2017_07_29-HD_149404_pipeline_ver3.6--HD_163336_pipeline_ver3.6-T3/sum/HD_149404_sum_m45_fsr1.30_AIR_tel_wscor_helio.fits,True,25920,HD_149404/HD_149404_o246_c3T/HD_149404_sum_m45_fsr1.30_AIR_tel_wscor_helio.fits,HD_149404,/Users/hamano/DIB_analysis/DIB_pipeline_dir/HD_149404/2017_07_29-HD_149404_pipeline_ver3.6/2017_07_29-HD_149404_pipeline_ver3.6--HD_163336_pipeline_ver3.6-T3/,wide
True,paper_2206_03131_reddened_target,,,,,246,HD 149404,HD149404 | HD 149404,O8.5Iab(f)p C,16:36:22.56,-42:51:31.9,0.68,HD_149404,HD_149404_o246_c3T,57,WIDE,1,0,2017-07-30-00:25:59.518,9732.5899,9940.3534,9732.425834485963,9940.189271962719,/Users/hamano/DIB_analysis/DIB_pipeline_dir/HD_149404/2017_07_29-HD_149404_pipeline_ver3.6/2017_07_29-HD_149404_pipeline_ver3.6--HD_163336_pipeline_ver3.6-T3/sum/HD_149404_sum_m57_fsr1.30_AIR_tel_wscor_helio.fits,True,23040,HD_149404/HD_149404_o246_c3T/HD_149404_sum_m57_fsr1.30_AIR_tel_wscor_helio.fits,HD_149404,/Users/hamano/DIB_analysis/DIB_pipeline_dir/HD_149404/2017_07_29-HD_149404_pipeline_ver3.6/2017_07_29-HD_149404_pipeline_ver3.6--HD_163336_pipeline_ver3.6-T3/,wide
True,paper_2206_03131_reddened_target,,,,,246,HD 149404,HD149404 | HD 149404,O8.5Iab(f)p C,16:36:22.56,-42:51:31.9,0.68,HD_149404,HD_149404_o246_c3T,54,WIDE,1,0,2017-07-30-00:25:59.518,10246.4125,10506.1481,10246.23908482248,10505.97466312812,/Users/hamano/DIB_analysis/DIB_pipeline_dir/HD_149404/2017_07_29-HD_149404_pipeline_ver3.6/2017_07_29-HD_149404_pipeline_ver3.6--HD_163336_pipeline_ver3.6-T3/sum/HD_149404_sum_m54_fsr1.30_AIR_tel_wscor_helio.fits,True,25920,HD_149404/HD_149404_o246_c3T/HD_149404_sum_m54_fsr1.30_AIR_tel_wscor_helio.fits,HD_149404,/Users/hamano/DIB_analysis/DIB_pipeline_dir/HD_149404/2017_07_29-HD_149404_pipeline_ver3.6/2017_07_29-HD_149404_pipeline_ver3.6--HD_163336_pipeline_ver3.6-T3/,wide
True,paper_2206_03131_reddened_target,,,,,246,HD 149404,HD149404 | HD 149404,O8.5Iab(f)p C,16:36:22.56,-42:51:31.9,0.68,HD_149404,HD_149404_o246_c3T,47,WIDE,1,0,2017-07-30-00:25:59.518,11758.3897,12083.0773,11758.19059675139,12082.87824320774,/Users/hamano/DIB_analysis/DIB_pipeline_dir/HD_149404/2017_07_29-HD_149404_pipeline_ver3.6/2017_07_29-HD_149404_pipeline_ver3.6--HD_163336_pipeline_ver3.6-T3/sum/HD_149404_sum_m47_fsr1.30_AIR_tel_wscor_helio.fits,True,25920,HD_149404/HD_149404_o246_c3T/HD_149404_sum_m47_fsr1.30_AIR_tel_wscor_helio.fits,HD_149404,/Users/hamano/DIB_analysis/DIB_pipeline_dir/HD_149404/2017_07_29-HD_149404_pipeline_ver3.6/2017_07_29-HD_149404_pipeline_ver3.6--HD_163336_pipeline_ver3.6-T3/,wide
True,paper_2206_03131_reddened_target,,,,,246,HD 149404,HD149404 | HD 149404,O8.5Iab(f)p C,16:36:22.56,-42:51:31.9,0.68,HD_149404,HD_149404_o246_c3T,55,WIDE,1,0,2017-07-30-00:25:59.518,10069.4736,10303.2221,10069.30346177343,10303.05199766835,/Users/hamano/DIB_analysis/DIB_pipeline_dir/HD_149404/2017_07_29-HD_149404_pipeline_ver3.6/2017_07_29-HD_149404_pipeline_ver3.6--HD_163336_pipeline_ver3.6-T3/sum/HD_149404_sum_m55_fsr1.30_AIR_tel_wscor_helio.fits,True,23040,HD_149404/HD_149404_o246_c3T/HD_149404_sum_m55_fsr1.30_AIR_tel_wscor_helio.fits,HD_149404,/Users/hamano/DIB_analysis/DIB_pipeline_dir/HD_149404/2017_07_29-HD_149404_pipeline_ver3.6/2017_07_29-HD_149404_pipeline_ver3.6--HD_163336_pipeline_ver3.6-T3/,wide
True,paper_2206_03131_reddened_target,,,,,246,HD 149404,HD149404 | HD 149404,O8.5Iab(f)p C,16:36:22.56,-42:51:31.9,0.68,HD_149404,HD_149404_o246_c3T,53,WIDE,1,0,2017-07-30-00:25:59.518,10446.3434,10706.076,10446.16667361504,10705.89933730517,/Users/hamano/DIB_analysis/DIB_pipeline_dir/HD_149404/2017_07_29-HD_149404_pipeline_ver3.6/2017_07_29-HD_149404_pipeline_ver3.6--HD_163336_pipeline_ver3.6-T3/sum/HD_149404_sum_m53_fsr1.30_AIR_tel_wscor_helio.fits,True,25920,HD_149404/HD_149404_o246_c3T/HD_149404_sum_m53_fsr1.30_AIR_tel_wscor_helio.fits,HD_149404,/Users/hamano/DIB_analysis/DIB_pipeline_dir/HD_149404/2017_07_29-HD_149404_pipeline_ver3.6/2017_07_29-HD_149404_pipeline_ver3.6--HD_163336_pipeline_ver3.6-T3/,wide
True,extra_candidate_release_object,,,NTT17c_DIBanalysis_candidate,Found in 2017-07 NTT17c quality/telluric/DIBanalysis traces; not yet tied to a publication.,135,Kleinmann,StRS 174 | KLEINMANN STAR,O4+O4 D,18:20:29.86,-16:10:44.9,2.49,Kleinmann star,Kleinmann_o135_c5T,51,WIDE,1,1,2017-07-30-04:32:17.689,10854.9512,11127.6777,10854.76751762416,11127.49408012416,/Users/hamano/DIB_analysis/DIB_pipeline_dir/Kleinmann/Kleinmann_o135_c5T/spectrum_files/Kleinmann_o135_c5T_m51.fits,True,25920,KLEINMANN_STAR/Kleinmann_o135_c5T/Kleinmann_o135_c5T_m51.fits,KLEINMANN_STAR,/Users/hamano/DIB_analysis/DIB_pipeline_dir/Kleinmann/Kleinmann_o135_c5T/,wide
True,extra_candidate_release_object,,,NTT17c_DIBanalysis_candidate,Found in 2017-07 NTT17c quality/telluric/DIBanalysis traces; not yet tied to a publication.,135,Kleinmann,StRS 174 | KLEINMANN STAR,O4+O4 D,18:20:29.86,-16:10:44.9,2.49,Kleinmann star,Kleinmann_o135_c5T,49,WIDE,1,1,2017-07-30-04:32:17.689,11280.3066,11592.0127,11280.11552716413,11591.82158185163,/Users/hamano/DIB_analysis/DIB_pipeline_dir/Kleinmann/Kleinmann_o135_c5T/spectrum_files/Kleinmann_o135_c5T_m49.fits,True,25920,KLEINMANN_STAR/Kleinmann_o135_c5T/Kleinmann_o135_c5T_m49.fits,KLEINMANN_STAR,/Users/hamano/DIB_analysis/DIB_pipeline_dir/Kleinmann/Kleinmann_o135_c5T/,wide
True,extra_candidate_release_object,,,NTT17c_DIBanalysis_candidate,Found in 2017-07 NTT17c quality/telluric/DIBanalysis traces; not yet tied to a publication.,135,Kleinmann,StRS 174 | KLEINMANN STAR,O4+O4 D,18:20:29.86,-16:10:44.9,2.49,Kleinmann star,Kleinmann_o135_c5T,60,WIDE,1,1,2017-07-30-04:32:17.689,9255.9941,9437.7793,9255.838502648769,9437.62365889877,/Users/hamano/DIB_analysis/DIB_pipeline_dir/Kleinmann/Kleinmann_o135_c5T/spectrum_files/Kleinmann_o135_c5T_m60.fits,True,23040,KLEINMANN_STAR/Kleinmann_o135_c5T/Kleinmann_o135_c5T_m60.fits,KLEINMANN_STAR,/Users/hamano/DIB_analysis/DIB_pipeline_dir/Kleinmann/Kleinmann_o135_c5T/,wide
True,extra_candidate_release_object,,,NTT17c_DIBanalysis_candidate,Found in 2017-07 NTT17c quality/telluric/DIBanalysis traces; not yet tied to a publication.,135,Kleinmann,StRS 174 | KLEINMANN STAR,O4+O4 D,18:20:29.86,-16:10:44.9,2.49,Kleinmann star,Kleinmann_o135_c5T,48,WIDE,1,1,2017-07-30-04:32:17.689,11520.2246,11831.9277,11520.02955109903,11831.73267609903,/Users/hamano/DIB_analysis/DIB_pipeline_dir/Kleinmann/Kleinmann_o135_c5T/spectrum_files/Kleinmann_o135_c5T_m48.fits,True,25920,KLEINMANN_STAR/Kleinmann_o135_c5T/Kleinmann_o135_c5T_m48.fits,KLEINMANN_STAR,/Users/hamano/DIB_analysis/DIB_pipeline_dir/Kleinmann/Kleinmann_o135_c5T/,wide
True,extra_candidate_release_object,,,NTT17c_DIBanalysis_candidate,Found in 2017-07 NTT17c quality/telluric/DIBanalysis traces; not yet tied to a publication.,135,Kleinmann,StRS 174 | KLEINMANN STAR,O4+O4 D,18:20:29.86,-16:10:44.9,2.49,Kleinmann star,Kleinmann_o135_c5T,43,WIDE,1,1,2017-07-30-04:32:17.689,12852.2715,13228.9316,12852.05426398501,13228.714420235,/Users/hamano/DIB_analysis/DIB_pipeline_dir/Kleinmann/Kleinmann_o135_c5T/spectrum_files/Kleinmann_o135_c5T_m43.fits,True,25920,KLEINMANN_STAR/Kleinmann_o135_c5T/Kleinmann_o135_c5T_m43.fits,KLEINMANN_STAR,/Users/hamano/DIB_analysis/DIB_pipeline_dir/Kleinmann/Kleinmann_o135_c5T/,wide
True,extra_candidate_release_object,,,NTT17c_DIBanalysis_candidate,Found in 2017-07 NTT17c quality/telluric/DIBanalysis traces; not yet tied to a publication.,135,Kleinmann,StRS 174 | KLEINMANN STAR,O4+O4 D,18:20:29.86,-16:10:44.9,2.49,Kleinmann star,Kleinmann_o135_c5T,50,WIDE,1,1,2017-07-30-04:32:17.689,11063.3799,11349.0986,11063.19252625562,11348.91127625563,/Users/hamano/DIB_analysis/DIB_pipeline_dir/Kleinmann/Kleinmann_o135_c5T/spectrum_files/Kleinmann_o135_c5T_m50.fits,True,25920,KLEINMANN_STAR/Kleinmann_o135_c5T/Kleinmann_o135_c5T_m50.fits,KLEINMANN_STAR,/Users/hamano/DIB_analysis/DIB_pipeline_dir/Kleinmann/Kleinmann_o135_c5T/,wide
True,extra_candidate_release_object,,,NTT17c_DIBanalysis_candidate,Found in 2017-07 NTT17c quality/telluric/DIBanalysis traces; not yet tied to a publication.,135,Kleinmann,StRS 174 | KLEINMANN STAR,O4+O4 D,18:20:29.86,-16:10:44.9,2.49,Kleinmann star,Kleinmann_o135_c5T,53,WIDE,1,1,2017-07-30-04:32:17.689,10446.5898,10706.3281,10446.41315104167,10706.15143229166,/Users/hamano/DIB_analysis/DIB_pipeline_dir/Kleinmann/Kleinmann_o135_c5T/spectrum_files/Kleinmann_o135_c5T_m53.fits,True,25920,KLEINMANN_STAR/Kleinmann_o135_c5T/Kleinmann_o135_c5T_m53.fits,KLEINMANN_STAR,/Users/hamano/DIB_analysis/DIB_pipeline_dir/Kleinmann/Kleinmann_o135_c5T/,wide
True,extra_candidate_release_object,,,NTT17c_DIBanalysis_candidate,Found in 2017-07 NTT17c quality/telluric/DIBanalysis traces; not yet tied to a publication.,135,Kleinmann,StRS 174 | KLEINMANN STAR,O4+O4 D,18:20:29.86,-16:10:44.9,2.49,Kleinmann star,Kleinmann_o135_c5T,55,WIDE,1,1,2017-07-30-04:32:17.689,10069.7178,10303.4717,10069.54764686768,10303.30155311767,/Users/hamano/DIB_analysis/DIB_pipeline_dir/Kleinmann/Kleinmann_o135_c5T/spectrum_files/Kleinmann_o135_c5T_m55.fits,True,23040,KLEINMANN_STAR/Kleinmann_o135_c5T/Kleinmann_o135_c5T_m55.fits,KLEINMANN_STAR,/Users/hamano/DIB_analysis/DIB_pipeline_dir/Kleinmann/Kleinmann_o135_c5T/,wide
True,extra_candidate_release_object,,,NTT17c_DIBanalysis_candidate,Found in 2017-07 NTT17c quality/telluric/DIBanalysis traces; not yet tied to a publication.,135,Kleinmann,StRS 174 | KLEINMANN STAR,O4+O4 D,18:20:29.86,-16:10:44.9,2.49,Kleinmann star,Kleinmann_o135_c5T,46,WIDE,1,1,2017-07-30-04:32:17.689,12005.5596,12356.2422,12005.35627604217,12356.03889322966,/Users/hamano/DIB_analysis/DIB_pipeline_dir/Kleinmann/Kleinmann_o135_c5T/spectrum_files/Kleinmann_o135_c5T_m46.fits,True,25920,KLEINMANN_STAR/Kleinmann_o135_c5T/Kleinmann_o135_c5T_m46.fits,KLEINMANN_STAR,/Users/hamano/DIB_analysis/DIB_pipeline_dir/Kleinmann/Kleinmann_o135_c5T/,wide
True,extra_candidate_release_object,,,NTT17c_DIBanalysis_candidate,Found in 2017-07 NTT17c quality/telluric/DIBanalysis traces; not yet tied to a publication.,135,Kleinmann,StRS 174 | KLEINMANN STAR,O4+O4 D,18:20:29.86,-16:10:44.9,2.49,Kleinmann star,Kleinmann_o135_c5T,58,WIDE,1,1,2017-07-30-04:32:17.689,9549.8936,9783.6563,9549.732450142152,9783.495145454652,/Users/hamano/DIB_analysis/DIB_pipeline_dir/Kleinmann/Kleinmann_o135_c5T/spectrum_files/Kleinmann_o135_c5T_m58.fits,True,25920,KLEINMANN_STAR/Kleinmann_o135_c5T/Kleinmann_o135_c5T_m58.fits,KLEINMANN_STAR,/Users/hamano/DIB_analysis/DIB_pipeline_dir/Kleinmann/Kleinmann_o135_c5T/,wide
True,extra_candidate_release_object,,,NTT17c_DIBanalysis_candidate,Found in 2017-07 NTT17c quality/telluric/DIBanalysis traces; not yet tied to a publication.,135,Kleinmann,StRS 174 | KLEINMANN STAR,O4+O4 D,18:20:29.86,-16:10:44.9,2.49,Kleinmann star,Kleinmann_o135_c5T,45,WIDE,1,1,2017-07-30-04:32:17.689,12273.9678,12637.6416,12273.75995982193,12637.43378794693,/Users/hamano/DIB_analysis/DIB_pipeline_dir/Kleinmann/Kleinmann_o135_c5T/spectrum_files/Kleinmann_o135_c5T_m45.fits,True,25920,KLEINMANN_STAR/Kleinmann_o135_c5T/Kleinmann_o135_c5T_m45.fits,KLEINMANN_STAR,/Users/hamano/DIB_analysis/DIB_pipeline_dir/Kleinmann/Kleinmann_o135_c5T/,wide
True,extra_candidate_release_object,,,NTT17c_DIBanalysis_candidate,Found in 2017-07 NTT17c quality/telluric/DIBanalysis traces; not yet tied to a publication.,135,Kleinmann,StRS 174 | KLEINMANN STAR,O4+O4 D,18:20:29.86,-16:10:44.9,2.49,Kleinmann star,Kleinmann_o135_c5T,44,WIDE,1,1,2017-07-30-04:32:17.689,12550.874,12938.3525,12550.66170644214,12938.14022206713,/Users/hamano/DIB_analysis/DIB_pipeline_dir/Kleinmann/Kleinmann_o135_c5T/spectrum_files/Kleinmann_o135_c5T_m44.fits,True,25920,KLEINMANN_STAR/Kleinmann_o135_c5T/Kleinmann_o135_c5T_m44.fits,KLEINMANN_STAR,/Users/hamano/DIB_analysis/DIB_pipeline_dir/Kleinmann/Kleinmann_o135_c5T/,wide
True,extra_candidate_release_object,,,NTT17c_DIBanalysis_candidate,Found in 2017-07 NTT17c quality/telluric/DIBanalysis traces; not yet tied to a publication.,135,Kleinmann,StRS 174 | KLEINMANN STAR,O4+O4 D,18:20:29.86,-16:10:44.9,2.49,Kleinmann star,Kleinmann_o135_c5T,56,WIDE,1,1,2017-07-30-04:32:17.689,9889.7783,10123.5352,9889.611231795041,10123.36806773254,/Users/hamano/DIB_analysis/DIB_pipeline_dir/Kleinmann/Kleinmann_o135_c5T/spectrum_files/Kleinmann_o135_c5T_m56.fits,True,23040,KLEINMANN_STAR/Kleinmann_o135_c5T/Kleinmann_o135_c5T_m56.fits,KLEINMANN_STAR,/Users/hamano/DIB_analysis/DIB_pipeline_dir/Kleinmann/Kleinmann_o135_c5T/,wide
True,extra_candidate_release_object,,,NTT17c_DIBanalysis_candidate,Found in 2017-07 NTT17c quality/telluric/DIBanalysis traces; not yet tied to a publication.,135,Kleinmann,StRS 174 | KLEINMANN STAR,O4+O4 D,18:20:29.86,-16:10:44.9,2.49,Kleinmann star,Kleinmann_o135_c5T,47,WIDE,1,1,2017-07-30-04:32:17.689,11758.6436,12083.3379,11758.44447784093,12083.13881377843,/Users/hamano/DIB_analysis/DIB_pipeline_dir/Kleinmann/Kleinmann_o135_c5T/spectrum_files/Kleinmann_o135_c5T_m47.fits,True,25920,KLEINMANN_STAR/Kleinmann_o135_c5T/Kleinmann_o135_c5T_m47.fits,KLEINMANN_STAR,/Users/hamano/DIB_analysis/DIB_pipeline_dir/Kleinmann/Kleinmann_o135_c5T/,wide
True,extra_candidate_release_object,,,NTT17c_DIBanalysis_candidate,Found in 2017-07 NTT17c quality/telluric/DIBanalysis traces; not yet tied to a publication.,135,Kleinmann,StRS 174 | KLEINMANN STAR,O4+O4 D,18:20:29.86,-16:10:44.9,2.49,Kleinmann star,Kleinmann_o135_c5T,61,WIDE,1,1,2017-07-30-04:32:17.689,9093.0488,9300.8281,9092.895824224512,9300.675121099506,/Users/hamano/DIB_analysis/DIB_pipeline_dir/Kleinmann/Kleinmann_o135_c5T/spectrum_files/Kleinmann_o135_c5T_m61.fits,True,23040,KLEINMANN_STAR/Kleinmann_o135_c5T/Kleinmann_o135_c5T_m61.fits,KLEINMANN_STAR,/Users/hamano/DIB_analysis/DIB_pipeline_dir/Kleinmann/Kleinmann_o135_c5T/,wide
True,extra_candidate_release_object,,,NTT17c_DIBanalysis_candidate,Found in 2017-07 NTT17c quality/telluric/DIBanalysis traces; not yet tied to a publication.,135,Kleinmann,StRS 174 | KLEINMANN STAR,O4+O4 D,18:20:29.86,-16:10:44.9,2.49,Kleinmann star,Kleinmann_o135_c5T,42,WIDE,1,1,2017-07-30-04:32:17.689,13137.6748,13553.3164,13137.45253645087,13553.09413801337,/Users/hamano/DIB_analysis/DIB_pipeline_dir/Kleinmann/Kleinmann_o135_c5T/spectrum_files/Kleinmann_o135_c5T_m42.fits,True,25920,KLEINMANN_STAR/Kleinmann_o135_c5T/Kleinmann_o135_c5T_m42.fits,KLEINMANN_STAR,/Users/hamano/DIB_analysis/DIB_pipeline_dir/Kleinmann/Kleinmann_o135_c5T/,wide
True,extra_candidate_release_object,,,NTT17c_DIBanalysis_candidate,Found in 2017-07 NTT17c quality/telluric/DIBanalysis traces; not yet tied to a publication.,135,Kleinmann,StRS 174 | KLEINMANN STAR,O4+O4 D,18:20:29.86,-16:10:44.9,2.49,Kleinmann star,Kleinmann_o135_c5T,54,WIDE,1,1,2017-07-30-04:32:17.689,10246.6572,10506.3984,10246.48383456538,10506.22504550287,/Users/hamano/DIB_analysis/DIB_pipeline_dir/Kleinmann/Kleinmann_o135_c5T/spectrum_files/Kleinmann_o135_c5T_m54.fits,True,25920,KLEINMANN_STAR/Kleinmann_o135_c5T/Kleinmann_o135_c5T_m54.fits,KLEINMANN_STAR,/Users/hamano/DIB_analysis/DIB_pipeline_dir/Kleinmann/Kleinmann_o135_c5T/,wide
True,extra_candidate_release_object,,,NTT17c_DIBanalysis_candidate,Found in 2017-07 NTT17c quality/telluric/DIBanalysis traces; not yet tied to a publication.,135,Kleinmann,StRS 174 | KLEINMANN STAR,O4+O4 D,18:20:29.86,-16:10:44.9,2.49,Kleinmann star,Kleinmann_o135_c5T,52,WIDE,1,1,2017-07-30-04:32:17.689,10645.0225,10917.752,10644.84232256799,10917.57181475549,/Users/hamano/DIB_analysis/DIB_pipeline_dir/Kleinmann/Kleinmann_o135_c5T/spectrum_files/Kleinmann_o135_c5T_m52.fits,True,25920,KLEINMANN_STAR/Kleinmann_o135_c5T/Kleinmann_o135_c5T_m52.fits,KLEINMANN_STAR,/Users/hamano/DIB_analysis/DIB_pipeline_dir/Kleinmann/Kleinmann_o135_c5T/,wide
True,extra_candidate_release_object,,,NTT17c_DIBanalysis_candidate,Found in 2017-07 NTT17c quality/telluric/DIBanalysis traces; not yet tied to a publication.,135,Kleinmann,StRS 174 | KLEINMANN STAR,O4+O4 D,18:20:29.86,-16:10:44.9,2.49,Kleinmann star,Kleinmann_o135_c5T,59,WIDE,1,1,2017-07-30-04:32:17.689,9392.9473,9600.7207,9392.788901724476,9600.56233922448,/Users/hamano/DIB_analysis/DIB_pipeline_dir/Kleinmann/Kleinmann_o135_c5T/spectrum_files/Kleinmann_o135_c5T_m59.fits,True,23040,KLEINMANN_STAR/Kleinmann_o135_c5T/Kleinmann_o135_c5T_m59.fits,KLEINMANN_STAR,/Users/hamano/DIB_analysis/DIB_pipeline_dir/Kleinmann/Kleinmann_o135_c5T/,wide
True,extra_candidate_release_object,,,NTT17c_DIBanalysis_candidate,Found in 2017-07 NTT17c quality/telluric/DIBanalysis traces; not yet tied to a publication.,135,Kleinmann,StRS 174 | KLEINMANN STAR,O4+O4 D,18:20:29.86,-16:10:44.9,2.49,Kleinmann star,Kleinmann_o135_c5T,57,WIDE,1,1,2017-07-30-04:32:17.689,9732.832,9940.5996,9732.667917839168,9940.435495964164,/Users/hamano/DIB_analysis/DIB_pipeline_dir/Kleinmann/Kleinmann_o135_c5T/spectrum_files/Kleinmann_o135_c5T_m57.fits,True,23040,KLEINMANN_STAR/Kleinmann_o135_c5T/Kleinmann_o135_c5T_m57.fits,KLEINMANN_STAR,/Users/hamano/DIB_analysis/DIB_pipeline_dir/Kleinmann/Kleinmann_o135_c5T/,wide
True,extra_candidate_release_object,,,NTT17c_DIBanalysis_candidate,Found in 2017-07 NTT17c quality/telluric/DIBanalysis traces; not yet tied to a publication.,35,HD 164402,HD164402 | HD 164402,B0Iab/b C,18:01:54.38,-22:46:49.0,0.22,HD 164402,HD_164402_o35_c2T,49,WIDE,1,0,2017-07-31-01:45:18.573,11280.25,11591.9545,11280.05889898882,11591.76339755171,/Users/hamano/DIB_analysis/DIB_pipeline_dir/HD_164402/2017_07_30-HD_164402_pipeline_ver3.6/2017_07_30-HD_164402_pipeline_ver3.6--HD_163336_pipeline_ver3.6-T2/sum/HD_164402_sum_m49_fsr1.30_AIR_tel_wscor_helio.fits,True,25920,HD_164402/HD_164402_o35_c2T/HD_164402_sum_m49_fsr1.30_AIR_tel_wscor_helio.fits,HD_164402,/Users/hamano/DIB_analysis/DIB_pipeline_dir/HD_164402/2017_07_30-HD_164402_pipeline_ver3.6/2017_07_30-HD_164402_pipeline_ver3.6--HD_163336_pipeline_ver3.6-T2/,wide
True,extra_candidate_release_object,,,NTT17c_DIBanalysis_candidate,Found in 2017-07 NTT17c quality/telluric/DIBanalysis traces; not yet tied to a publication.,35,HD 164402,HD164402 | HD 164402,B0Iab/b C,18:01:54.38,-22:46:49.0,0.22,HD 164402,HD_164402_o35_c2T,45,WIDE,1,0,2017-07-31-01:45:18.573,12273.9171,12637.5877,12273.70929072975,12637.37990108753,/Users/hamano/DIB_analysis/DIB_pipeline_dir/HD_164402/2017_07_30-HD_164402_pipeline_ver3.6/2017_07_30-HD_164402_pipeline_ver3.6--HD_163336_pipeline_ver3.6-T2/sum/HD_164402_sum_m45_fsr1.30_AIR_tel_wscor_helio.fits,True,25920,HD_164402/HD_164402_o35_c2T/HD_164402_sum_m45_fsr1.30_AIR_tel_wscor_helio.fits,HD_164402,/Users/hamano/DIB_analysis/DIB_pipeline_dir/HD_164402/2017_07_30-HD_164402_pipeline_ver3.6/2017_07_30-HD_164402_pipeline_ver3.6--HD_163336_pipeline_ver3.6-T2/,wide
True,extra_candidate_release_object,,,NTT17c_DIBanalysis_candidate,Found in 2017-07 NTT17c quality/telluric/DIBanalysis traces; not yet tied to a publication.,35,HD 164402,HD164402 | HD 164402,B0Iab/b C,18:01:54.38,-22:46:49.0,0.22,HD 164402,HD_164402_o35_c2T,47,WIDE,1,0,2017-07-31-01:45:18.573,11758.5898,12083.2822,11758.39070862874,12083.08308801161,/Users/hamano/DIB_analysis/DIB_pipeline_dir/HD_164402/2017_07_30-HD_164402_pipeline_ver3.6/2017_07_30-HD_164402_pipeline_ver3.6--HD_163336_pipeline_ver3.6-T2/sum/HD_164402_sum_m47_fsr1.30_AIR_tel_wscor_helio.fits,True,25920,HD_164402/HD_164402_o35_c2T/HD_164402_sum_m47_fsr1.30_AIR_tel_wscor_helio.fits,HD_164402,/Users/hamano/DIB_analysis/DIB_pipeline_dir/HD_164402/2017_07_30-HD_164402_pipeline_ver3.6/2017_07_30-HD_164402_pipeline_ver3.6--HD_163336_pipeline_ver3.6-T2/,wide
True,extra_candidate_release_object,,,NTT17c_DIBanalysis_candidate,Found in 2017-07 NTT17c quality/telluric/DIBanalysis traces; not yet tied to a publication.,35,HD 164402,HD164402 | HD 164402,B0Iab/b C,18:01:54.38,-22:46:49.0,0.22,HD 164402,HD_164402_o35_c2T,42,WIDE,1,0,2017-07-31-01:45:18.573,13137.6276,13553.2663,13137.40531912123,13553.04398916727,/Users/hamano/DIB_analysis/DIB_pipeline_dir/HD_164402/2017_07_30-HD_164402_pipeline_ver3.6/2017_07_30-HD_164402_pipeline_ver3.6--HD_163336_pipeline_ver3.6-T2/sum/HD_164402_sum_m42_fsr1.30_AIR_tel_wscor_helio.fits,True,25920,HD_164402/HD_164402_o35_c2T/HD_164402_sum_m42_fsr1.30_AIR_tel_wscor_helio.fits,HD_164402,/Users/hamano/DIB_analysis/DIB_pipeline_dir/HD_164402/2017_07_30-HD_164402_pipeline_ver3.6/2017_07_30-HD_164402_pipeline_ver3.6--HD_163336_pipeline_ver3.6-T2/,wide
True,extra_candidate_release_object,,,NTT17c_DIBanalysis_candidate,Found in 2017-07 NTT17c quality/telluric/DIBanalysis traces; not yet tied to a publication.,35,HD 164402,HD164402 | HD 164402,B0Iab/b C,18:01:54.38,-22:46:49.0,0.22,HD 164402,HD_164402_o35_c2T,43,WIDE,1,0,2017-07-31-01:45:18.573,12852.2233,13228.8808,12852.00606386255,13228.66358348203,/Users/hamano/DIB_analysis/DIB_pipeline_dir/HD_164402/2017_07_30-HD_164402_pipeline_ver3.6/2017_07_30-HD_164402_pipeline_ver3.6--HD_163336_pipeline_ver3.6-T2/sum/HD_164402_sum_m43_fsr1.30_AIR_tel_wscor_helio.fits,True,25920,HD_164402/HD_164402_o35_c2T/HD_164402_sum_m43_fsr1.30_AIR_tel_wscor_helio.fits,HD_164402,/Users/hamano/DIB_analysis/DIB_pipeline_dir/HD_164402/2017_07_30-HD_164402_pipeline_ver3.6/2017_07_30-HD_164402_pipeline_ver3.6--HD_163336_pipeline_ver3.6-T2/,wide
True,extra_candidate_release_object,,,NTT17c_DIBanalysis_candidate,Found in 2017-07 NTT17c quality/telluric/DIBanalysis traces; not yet tied to a publication.,35,HD 164402,HD164402 | HD 164402,B0Iab/b C,18:01:54.38,-22:46:49.0,0.22,HD 164402,HD_164402_o35_c2T,53,WIDE,1,0,2017-07-31-01:45:18.573,10446.5292,10706.2656,10446.35247324827,10706.08892302613,/Users/hamano/DIB_analysis/DIB_pipeline_dir/HD_164402/2017_07_30-HD_164402_pipeline_ver3.6/2017_07_30-HD_164402_pipeline_ver3.6--HD_163336_pipeline_ver3.6-T2/sum/HD_164402_sum_m53_fsr1.30_AIR_tel_wscor_helio.fits,True,25920,HD_164402/HD_164402_o35_c2T/HD_164402_sum_m53_fsr1.30_AIR_tel_wscor_helio.fits,HD_164402,/Users/hamano/DIB_analysis/DIB_pipeline_dir/HD_164402/2017_07_30-HD_164402_pipeline_ver3.6/2017_07_30-HD_164402_pipeline_ver3.6--HD_163336_pipeline_ver3.6-T2/,wide
True,extra_candidate_release_object,,,NTT17c_DIBanalysis_candidate,Found in 2017-07 NTT17c quality/telluric/DIBanalysis traces; not yet tied to a publication.,35,HD 164402,HD164402 | HD 164402,B0Iab/b C,18:01:54.38,-22:46:49.0,0.22,HD 164402,HD_164402_o35_c2T,55,WIDE,1,0,2017-07-31-01:45:18.573,10069.6553,10303.4072,10069.48516336738,10303.23710658327,/Users/hamano/DIB_analysis/DIB_pipeline_dir/HD_164402/2017_07_30-HD_164402_pipeline_ver3.6/2017_07_30-HD_164402_pipeline_ver3.6--HD_163336_pipeline_ver3.6-T2/sum/HD_164402_sum_m55_fsr1.30_AIR_tel_wscor_helio.fits,True,23040,HD_164402/HD_164402_o35_c2T/HD_164402_sum_m55_fsr1.30_AIR_tel_wscor_helio.fits,HD_164402,/Users/hamano/DIB_analysis/DIB_pipeline_dir/HD_164402/2017_07_30-HD_164402_pipeline_ver3.6/2017_07_30-HD_164402_pipeline_ver3.6--HD_163336_pipeline_ver3.6-T2/,wide
True,extra_candidate_release_object,,,NTT17c_DIBanalysis_candidate,Found in 2017-07 NTT17c quality/telluric/DIBanalysis traces; not yet tied to a publication.,35,HD 164402,HD164402 | HD 164402,B0Iab/b C,18:01:54.38,-22:46:49.0,0.22,HD 164402,HD_164402_o35_c2T,59,WIDE,1,0,2017-07-31-01:45:18.573,9392.8817,9600.654,9392.723290689781,9600.495589721902,/Users/hamano/DIB_analysis/DIB_pipeline_dir/HD_164402/2017_07_30-HD_164402_pipeline_ver3.6/2017_07_30-HD_164402_pipeline_ver3.6--HD_163336_pipeline_ver3.6-T2/sum/HD_164402_sum_m59_fsr1.30_AIR_tel_wscor_helio.fits,True,23040,HD_164402/HD_164402_o35_c2T/HD_164402_sum_m59_fsr1.30_AIR_tel_wscor_helio.fits,HD_164402,/Users/hamano/DIB_analysis/DIB_pipeline_dir/HD_164402/2017_07_30-HD_164402_pipeline_ver3.6/2017_07_30-HD_164402_pipeline_ver3.6--HD_163336_pipeline_ver3.6-T2/,wide
True,extra_candidate_release_object,,,NTT17c_DIBanalysis_candidate,Found in 2017-07 NTT17c quality/telluric/DIBanalysis traces; not yet tied to a publication.,35,HD 164402,HD164402 | HD 164402,B0Iab/b C,18:01:54.38,-22:46:49.0,0.22,HD 164402,HD_164402_o35_c2T,51,WIDE,1,0,2017-07-31-01:45:18.573,10854.8925,11127.6178,10854.70880709984,11127.4341087106,/Users/hamano/DIB_analysis/DIB_pipeline_dir/HD_164402/2017_07_30-HD_164402_pipeline_ver3.6/2017_07_30-HD_164402_pipeline_ver3.6--HD_163336_pipeline_ver3.6-T2/sum/HD_164402_sum_m51_fsr1.30_AIR_tel_wscor_helio.fits,True,25920,HD_164402/HD_164402_o35_c2T/HD_164402_sum_m51_fsr1.30_AIR_tel_wscor_helio.fits,HD_164402,/Users/hamano/DIB_analysis/DIB_pipeline_dir/HD_164402/2017_07_30-HD_164402_pipeline_ver3.6/2017_07_30-HD_164402_pipeline_ver3.6--HD_163336_pipeline_ver3.6-T2/,wide
True,extra_candidate_release_object,,,NTT17c_DIBanalysis_candidate,Found in 2017-07 NTT17c quality/telluric/DIBanalysis traces; not yet tied to a publication.,35,HD 164402,HD164402 | HD 164402,B0Iab/b C,18:01:54.38,-22:46:49.0,0.22,HD 164402,HD_164402_o35_c2T,56,WIDE,1,0,2017-07-31-01:45:18.573,9889.7155,10123.4703,9889.548401783111,10123.30326097823,/Users/hamano/DIB_analysis/DIB_pipeline_dir/HD_164402/2017_07_30-HD_164402_pipeline_ver3.6/2017_07_30-HD_164402_pipeline_ver3.6--HD_163336_pipeline_ver3.6-T2/sum/HD_164402_sum_m56_fsr1.30_AIR_tel_wscor_helio.fits,True,23040,HD_164402/HD_164402_o35_c2T/HD_164402_sum_m56_fsr1.30_AIR_tel_wscor_helio.fits,HD_164402,/Users/hamano/DIB_analysis/DIB_pipeline_dir/HD_164402/2017_07_30-HD_164402_pipeline_ver3.6/2017_07_30-HD_164402_pipeline_ver3.6--HD_163336_pipeline_ver3.6-T2/,wide
True,extra_candidate_release_object,,,NTT17c_DIBanalysis_candidate,Found in 2017-07 NTT17c quality/telluric/DIBanalysis traces; not yet tied to a publication.,35,HD 164402,HD164402 | HD 164402,B0Iab/b C,18:01:54.38,-22:46:49.0,0.22,HD 164402,HD_164402_o35_c2T,46,WIDE,1,0,2017-07-31-01:45:18.573,12005.507,12356.1869,12005.30375370572,12355.98356681466,/Users/hamano/DIB_analysis/DIB_pipeline_dir/HD_164402/2017_07_30-HD_164402_pipeline_ver3.6/2017_07_30-HD_164402_pipeline_ver3.6--HD_163336_pipeline_ver3.6-T2/sum/HD_164402_sum_m46_fsr1.30_AIR_tel_wscor_helio.fits,True,25920,HD_164402/HD_164402_o35_c2T/HD_164402_sum_m46_fsr1.30_AIR_tel_wscor_helio.fits,HD_164402,/Users/hamano/DIB_analysis/DIB_pipeline_dir/HD_164402/2017_07_30-HD_164402_pipeline_ver3.6/2017_07_30-HD_164402_pipeline_ver3.6--HD_163336_pipeline_ver3.6-T2/,wide
True,extra_candidate_release_object,,,NTT17c_DIBanalysis_candidate,Found in 2017-07 NTT17c quality/telluric/DIBanalysis traces; not yet tied to a publication.,35,HD 164402,HD164402 | HD 164402,B0Iab/b C,18:01:54.38,-22:46:49.0,0.22,HD 164402,HD_164402_o35_c2T,54,WIDE,1,0,2017-07-31-01:45:18.573,10246.5961,10506.3354,10246.42268581442,10506.16205025046,/Users/hamano/DIB_analysis/DIB_pipeline_dir/HD_164402/2017_07_30-HD_164402_pipeline_ver3.6/2017_07_30-HD_164402_pipeline_ver3.6--HD_163336_pipeline_ver3.6-T2/sum/HD_164402_sum_m54_fsr1.30_AIR_tel_wscor_helio.fits,True,25920,HD_164402/HD_164402_o35_c2T/HD_164402_sum_m54_fsr1.30_AIR_tel_wscor_helio.fits,HD_164402,/Users/hamano/DIB_analysis/DIB_pipeline_dir/HD_164402/2017_07_30-HD_164402_pipeline_ver3.6/2017_07_30-HD_164402_pipeline_ver3.6--HD_163336_pipeline_ver3.6-T2/,wide
True,extra_candidate_release_object,,,NTT17c_DIBanalysis_candidate,Found in 2017-07 NTT17c quality/telluric/DIBanalysis traces; not yet tied to a publication.,35,HD 164402,HD164402 | HD 164402,B0Iab/b C,18:01:54.38,-22:46:49.0,0.22,HD 164402,HD_164402_o35_c2T,44,WIDE,1,0,2017-07-31-01:45:18.573,12550.8243,12938.3004,12550.6119751569,12938.08813385839,/Users/hamano/DIB_analysis/DIB_pipeline_dir/HD_164402/2017_07_30-HD_164402_pipeline_ver3.6/2017_07_30-HD_164402_pipeline_ver3.6--HD_163336_pipeline_ver3.6-T2/sum/HD_164402_sum_m44_fsr1.30_AIR_tel_wscor_helio.fits,True,25920,HD_164402/HD_164402_o35_c2T/HD_164402_sum_m44_fsr1.30_AIR_tel_wscor_helio.fits,HD_164402,/Users/hamano/DIB_analysis/DIB_pipeline_dir/HD_164402/2017_07_30-HD_164402_pipeline_ver3.6/2017_07_30-HD_164402_pipeline_ver3.6--HD_163336_pipeline_ver3.6-T2/,wide
True,extra_candidate_release_object,,,NTT17c_DIBanalysis_candidate,Found in 2017-07 NTT17c quality/telluric/DIBanalysis traces; not yet tied to a publication.,35,HD 164402,HD164402 | HD 164402,B0Iab/b C,18:01:54.38,-22:46:49.0,0.22,HD 164402,HD_164402_o35_c2T,52,WIDE,1,0,2017-07-31-01:45:18.573,10644.9627,10917.691,10644.78260250737,10917.51081903715,/Users/hamano/DIB_analysis/DIB_pipeline_dir/HD_164402/2017_07_30-HD_164402_pipeline_ver3.6/2017_07_30-HD_164402_pipeline_ver3.6--HD_163336_pipeline_ver3.6-T2/sum/HD_164402_sum_m52_fsr1.30_AIR_tel_wscor_helio.fits,True,25920,HD_164402/HD_164402_o35_c2T/HD_164402_sum_m52_fsr1.30_AIR_tel_wscor_helio.fits,HD_164402,/Users/hamano/DIB_analysis/DIB_pipeline_dir/HD_164402/2017_07_30-HD_164402_pipeline_ver3.6/2017_07_30-HD_164402_pipeline_ver3.6--HD_163336_pipeline_ver3.6-T2/,wide
True,extra_candidate_release_object,,,NTT17c_DIBanalysis_candidate,Found in 2017-07 NTT17c quality/telluric/DIBanalysis traces; not yet tied to a publication.,35,HD 164402,HD164402 | HD 164402,B0Iab/b C,18:01:54.38,-22:46:49.0,0.22,HD 164402,HD_164402_o35_c2T,60,WIDE,1,0,2017-07-31-01:45:18.573,9255.9274,9437.7113,9255.771801483332,9437.555712888779,/Users/hamano/DIB_analysis/DIB_pipeline_dir/HD_164402/2017_07_30-HD_164402_pipeline_ver3.6/2017_07_30-HD_164402_pipeline_ver3.6--HD_163336_pipeline_ver3.6-T2/sum/HD_164402_sum_m60_fsr1.30_AIR_tel_wscor_helio.fits,True,23040,HD_164402/HD_164402_o35_c2T/HD_164402_sum_m60_fsr1.30_AIR_tel_wscor_helio.fits,HD_164402,/Users/hamano/DIB_analysis/DIB_pipeline_dir/HD_164402/2017_07_30-HD_164402_pipeline_ver3.6/2017_07_30-HD_164402_pipeline_ver3.6--HD_163336_pipeline_ver3.6-T2/,wide
True,extra_candidate_release_object,,,NTT17c_DIBanalysis_candidate,Found in 2017-07 NTT17c quality/telluric/DIBanalysis traces; not yet tied to a publication.,35,HD 164402,HD164402 | HD 164402,B0Iab/b C,18:01:54.38,-22:46:49.0,0.22,HD 164402,HD_164402_o35_c2T,50,WIDE,1,0,2017-07-31-01:45:18.573,11063.3227,11349.0397,11063.13531181267,11348.85238119214,/Users/hamano/DIB_analysis/DIB_pipeline_dir/HD_164402/2017_07_30-HD_164402_pipeline_ver3.6/2017_07_30-HD_164402_pipeline_ver3.6--HD_163336_pipeline_ver3.6-T2/sum/HD_164402_sum_m50_fsr1.30_AIR_tel_wscor_helio.fits,True,25920,HD_164402/HD_164402_o35_c2T/HD_164402_sum_m50_fsr1.30_AIR_tel_wscor_helio.fits,HD_164402,/Users/hamano/DIB_analysis/DIB_pipeline_dir/HD_164402/2017_07_30-HD_164402_pipeline_ver3.6/2017_07_30-HD_164402_pipeline_ver3.6--HD_163336_pipeline_ver3.6-T2/,wide
True,extra_candidate_release_object,,,NTT17c_DIBanalysis_candidate,Found in 2017-07 NTT17c quality/telluric/DIBanalysis traces; not yet tied to a publication.,35,HD 164402,HD164402 | HD 164402,B0Iab/b C,18:01:54.38,-22:46:49.0,0.22,HD 164402,HD_164402_o35_c2T,61,WIDE,1,0,2017-07-31-01:45:18.573,9092.9819,9300.7591,9092.828907378926,9300.60606374399,/Users/hamano/DIB_analysis/DIB_pipeline_dir/HD_164402/2017_07_30-HD_164402_pipeline_ver3.6/2017_07_30-HD_164402_pipeline_ver3.6--HD_163336_pipeline_ver3.6-T2/sum/HD_164402_sum_m61_fsr1.30_AIR_tel_wscor_helio.fits,True,23040,HD_164402/HD_164402_o35_c2T/HD_164402_sum_m61_fsr1.30_AIR_tel_wscor_helio.fits,HD_164402,/Users/hamano/DIB_analysis/DIB_pipeline_dir/HD_164402/2017_07_30-HD_164402_pipeline_ver3.6/2017_07_30-HD_164402_pipeline_ver3.6--HD_163336_pipeline_ver3.6-T2/,wide
True,extra_candidate_release_object,,,NTT17c_DIBanalysis_candidate,Found in 2017-07 NTT17c quality/telluric/DIBanalysis traces; not yet tied to a publication.,35,HD 164402,HD164402 | HD 164402,B0Iab/b C,18:01:54.38,-22:46:49.0,0.22,HD 164402,HD_164402_o35_c2T,57,WIDE,1,0,2017-07-31-01:45:18.573,9732.768,9940.5345,9732.603878015012,9940.370344031777,/Users/hamano/DIB_analysis/DIB_pipeline_dir/HD_164402/2017_07_30-HD_164402_pipeline_ver3.6/2017_07_30-HD_164402_pipeline_ver3.6--HD_163336_pipeline_ver3.6-T2/sum/HD_164402_sum_m57_fsr1.30_AIR_tel_wscor_helio.fits,True,23040,HD_164402/HD_164402_o35_c2T/HD_164402_sum_m57_fsr1.30_AIR_tel_wscor_helio.fits,HD_164402,/Users/hamano/DIB_analysis/DIB_pipeline_dir/HD_164402/2017_07_30-HD_164402_pipeline_ver3.6/2017_07_30-HD_164402_pipeline_ver3.6--HD_163336_pipeline_ver3.6-T2/,wide
True,extra_candidate_release_object,,,NTT17c_DIBanalysis_candidate,Found in 2017-07 NTT17c quality/telluric/DIBanalysis traces; not yet tied to a publication.,35,HD 164402,HD164402 | HD 164402,B0Iab/b C,18:01:54.38,-22:46:49.0,0.22,HD 164402,HD_164402_o35_c2T,48,WIDE,1,0,2017-07-31-01:45:18.573,11520.1697,11831.8703,11519.97459926702,11831.67520791778,/Users/hamano/DIB_analysis/DIB_pipeline_dir/HD_164402/2017_07_30-HD_164402_pipeline_ver3.6/2017_07_30-HD_164402_pipeline_ver3.6--HD_163336_pipeline_ver3.6-T2/sum/HD_164402_sum_m48_fsr1.30_AIR_tel_wscor_helio.fits,True,25920,HD_164402/HD_164402_o35_c2T/HD_164402_sum_m48_fsr1.30_AIR_tel_wscor_helio.fits,HD_164402,/Users/hamano/DIB_analysis/DIB_pipeline_dir/HD_164402/2017_07_30-HD_164402_pipeline_ver3.6/2017_07_30-HD_164402_pipeline_ver3.6--HD_163336_pipeline_ver3.6-T2/,wide
True,extra_candidate_release_object,,,NTT17c_DIBanalysis_candidate,Found in 2017-07 NTT17c quality/telluric/DIBanalysis traces; not yet tied to a publication.,35,HD 164402,HD164402 | HD 164402,B0Iab/b C,18:01:54.38,-22:46:49.0,0.22,HD 164402,HD_164402_o35_c2T,58,WIDE,1,0,2017-07-31-01:45:18.573,9549.8292,9783.5899,9549.668070095709,9783.428760670209,/Users/hamano/DIB_analysis/DIB_pipeline_dir/HD_164402/2017_07_30-HD_164402_pipeline_ver3.6/2017_07_30-HD_164402_pipeline_ver3.6--HD_163336_pipeline_ver3.6-T2/sum/HD_164402_sum_m58_fsr1.30_AIR_tel_wscor_helio.fits,True,25920,HD_164402/HD_164402_o35_c2T/HD_164402_sum_m58_fsr1.30_AIR_tel_wscor_helio.fits,HD_164402,/Users/hamano/DIB_analysis/DIB_pipeline_dir/HD_164402/2017_07_30-HD_164402_pipeline_ver3.6/2017_07_30-HD_164402_pipeline_ver3.6--HD_163336_pipeline_ver3.6-T2/,wide
True,extra_candidate_release_object,,,NTT17c_DIBanalysis_candidate,Found in 2017-07 NTT17c quality/telluric/DIBanalysis traces; not yet tied to a publication.,34,*  67 Oph,HD164353 | HD 164353,B5I C,18:00:38.71,+02:55:53.5,0.11,HD 164353,67_Oph_o34_c2T,48,WIDE,1,0,2017-07-31-02:04:12.586,11520.2686,11831.971,11520.0735527355,11831.7759705083,/Users/hamano/DIB_analysis/DIB_pipeline_dir/67_Oph/2017_07_30-HD_164353_pipeline_ver3.6/2017_07_30-HD_164353_pipeline_ver3.6--HD_163336_pipeline_ver3.6-T4/sum/HD_164353_sum_m48_fsr1.30_AIR_tel_wscor_helio.fits,True,25920,HD_164353/67_Oph_o34_c2T/HD_164353_sum_m48_fsr1.30_AIR_tel_wscor_helio.fits,HD_164353,/Users/hamano/DIB_analysis/DIB_pipeline_dir/67_Oph/2017_07_30-HD_164353_pipeline_ver3.6/2017_07_30-HD_164353_pipeline_ver3.6--HD_163336_pipeline_ver3.6-T4/,wide
True,extra_candidate_release_object,,,NTT17c_DIBanalysis_candidate,Found in 2017-07 NTT17c quality/telluric/DIBanalysis traces; not yet tied to a publication.,34,*  67 Oph,HD164353 | HD 164353,B5I C,18:00:38.71,+02:55:53.5,0.11,HD 164353,67_Oph_o34_c2T,57,WIDE,1,0,2017-07-31-02:04:12.586,9732.8671,9940.6347,9732.702939165963,9940.4706110687,/Users/hamano/DIB_analysis/DIB_pipeline_dir/67_Oph/2017_07_30-HD_164353_pipeline_ver3.6/2017_07_30-HD_164353_pipeline_ver3.6--HD_163336_pipeline_ver3.6-T4/sum/HD_164353_sum_m57_fsr1.30_AIR_tel_wscor_helio.fits,True,23040,HD_164353/67_Oph_o34_c2T/HD_164353_sum_m57_fsr1.30_AIR_tel_wscor_helio.fits,HD_164353,/Users/hamano/DIB_analysis/DIB_pipeline_dir/67_Oph/2017_07_30-HD_164353_pipeline_ver3.6/2017_07_30-HD_164353_pipeline_ver3.6--HD_163336_pipeline_ver3.6-T4/,wide
True,extra_candidate_release_object,,,NTT17c_DIBanalysis_candidate,Found in 2017-07 NTT17c quality/telluric/DIBanalysis traces; not yet tied to a publication.,34,*  67 Oph,HD164353 | HD 164353,B5I C,18:00:38.71,+02:55:53.5,0.11,HD 164353,67_Oph_o34_c2T,43,WIDE,1,0,2017-07-31-02:04:12.586,12852.3222,13228.9819,12852.10497246171,13228.7646782145,/Users/hamano/DIB_analysis/DIB_pipeline_dir/67_Oph/2017_07_30-HD_164353_pipeline_ver3.6/2017_07_30-HD_164353_pipeline_ver3.6--HD_163336_pipeline_ver3.6-T4/sum/HD_164353_sum_m43_fsr1.30_AIR_tel_wscor_helio.fits,True,25920,HD_164353/67_Oph_o34_c2T/HD_164353_sum_m43_fsr1.30_AIR_tel_wscor_helio.fits,HD_164353,/Users/hamano/DIB_analysis/DIB_pipeline_dir/67_Oph/2017_07_30-HD_164353_pipeline_ver3.6/2017_07_30-HD_164353_pipeline_ver3.6--HD_163336_pipeline_ver3.6-T4/,wide
True,extra_candidate_release_object,,,NTT17c_DIBanalysis_candidate,Found in 2017-07 NTT17c quality/telluric/DIBanalysis traces; not yet tied to a publication.,34,*  67 Oph,HD164353 | HD 164353,B5I C,18:00:38.71,+02:55:53.5,0.11,HD 164353,67_Oph_o34_c2T,56,WIDE,1,0,2017-07-31-02:04:12.586,9889.8145,10123.5707,9889.64740500392,10123.40362092259,/Users/hamano/DIB_analysis/DIB_pipeline_dir/67_Oph/2017_07_30-HD_164353_pipeline_ver3.6/2017_07_30-HD_164353_pipeline_ver3.6--HD_163336_pipeline_ver3.6-T4/sum/HD_164353_sum_m56_fsr1.30_AIR_tel_wscor_helio.fits,True,23040,HD_164353/67_Oph_o34_c2T/HD_164353_sum_m56_fsr1.30_AIR_tel_wscor_helio.fits,HD_164353,/Users/hamano/DIB_analysis/DIB_pipeline_dir/67_Oph/2017_07_30-HD_164353_pipeline_ver3.6/2017_07_30-HD_164353_pipeline_ver3.6--HD_163336_pipeline_ver3.6-T4/,wide
True,extra_candidate_release_object,,,NTT17c_DIBanalysis_candidate,Found in 2017-07 NTT17c quality/telluric/DIBanalysis traces; not yet tied to a publication.,34,*  67 Oph,HD164353 | HD 164353,B5I C,18:00:38.71,+02:55:53.5,0.11,HD 164353,67_Oph_o34_c2T,47,WIDE,1,0,2017-07-31-02:04:12.586,11758.6887,12083.383,11758.48965016329,12083.18391407272,/Users/hamano/DIB_analysis/DIB_pipeline_dir/67_Oph/2017_07_30-HD_164353_pipeline_ver3.6/2017_07_30-HD_164353_pipeline_ver3.6--HD_163336_pipeline_ver3.6-T4/sum/HD_164353_sum_m47_fsr1.30_AIR_tel_wscor_helio.fits,True,25920,HD_164353/67_Oph_o34_c2T/HD_164353_sum_m47_fsr1.30_AIR_tel_wscor_helio.fits,HD_164353,/Users/hamano/DIB_analysis/DIB_pipeline_dir/67_Oph/2017_07_30-HD_164353_pipeline_ver3.6/2017_07_30-HD_164353_pipeline_ver3.6--HD_163336_pipeline_ver3.6-T4/,wide
True,extra_candidate_release_object,,,NTT17c_DIBanalysis_candidate,Found in 2017-07 NTT17c quality/telluric/DIBanalysis traces; not yet tied to a publication.,34,*  67 Oph,HD164353 | HD 164353,B5I C,18:00:38.71,+02:55:53.5,0.11,HD 164353,67_Oph_o34_c2T,46,WIDE,1,0,2017-07-31-02:04:12.586,12005.6059,12356.2878,12005.4026472299,12356.08449569721,/Users/hamano/DIB_analysis/DIB_pipeline_dir/67_Oph/2017_07_30-HD_164353_pipeline_ver3.6/2017_07_30-HD_164353_pipeline_ver3.6--HD_163336_pipeline_ver3.6-T4/sum/HD_164353_sum_m46_fsr1.30_AIR_tel_wscor_helio.fits,True,25920,HD_164353/67_Oph_o34_c2T/HD_164353_sum_m46_fsr1.30_AIR_tel_wscor_helio.fits,HD_164353,/Users/hamano/DIB_analysis/DIB_pipeline_dir/67_Oph/2017_07_30-HD_164353_pipeline_ver3.6/2017_07_30-HD_164353_pipeline_ver3.6--HD_163336_pipeline_ver3.6-T4/,wide
True,extra_candidate_release_object,,,NTT17c_DIBanalysis_candidate,Found in 2017-07 NTT17c quality/telluric/DIBanalysis traces; not yet tied to a publication.,34,*  67 Oph,HD164353 | HD 164353,B5I C,18:00:38.71,+02:55:53.5,0.11,HD 164353,67_Oph_o34_c2T,52,WIDE,1,0,2017-07-31-02:04:12.586,10645.0617,10917.7915,10644.88157453354,10917.61137398895,/Users/hamano/DIB_analysis/DIB_pipeline_dir/67_Oph/2017_07_30-HD_164353_pipeline_ver3.6/2017_07_30-HD_164353_pipeline_ver3.6--HD_163336_pipeline_ver3.6-T4/sum/HD_164353_sum_m52_fsr1.30_AIR_tel_wscor_helio.fits,True,25920,HD_164353/67_Oph_o34_c2T/HD_164353_sum_m52_fsr1.30_AIR_tel_wscor_helio.fits,HD_164353,/Users/hamano/DIB_analysis/DIB_pipeline_dir/67_Oph/2017_07_30-HD_164353_pipeline_ver3.6/2017_07_30-HD_164353_pipeline_ver3.6--HD_163336_pipeline_ver3.6-T4/,wide
True,extra_candidate_release_object,,,NTT17c_DIBanalysis_candidate,Found in 2017-07 NTT17c quality/telluric/DIBanalysis traces; not yet tied to a publication.,34,*  67 Oph,HD164353 | HD 164353,B5I C,18:00:38.71,+02:55:53.5,0.11,HD 164353,67_Oph_o34_c2T,59,WIDE,1,0,2017-07-31-02:04:12.586,9392.9807,9600.7542,9392.822315988955,9600.595820941375,/Users/hamano/DIB_analysis/DIB_pipeline_dir/67_Oph/2017_07_30-HD_164353_pipeline_ver3.6/2017_07_30-HD_164353_pipeline_ver3.6--HD_163336_pipeline_ver3.6-T4/sum/HD_164353_sum_m59_fsr1.30_AIR_tel_wscor_helio.fits,True,23040,HD_164353/67_Oph_o34_c2T/HD_164353_sum_m59_fsr1.30_AIR_tel_wscor_helio.fits,HD_164353,/Users/hamano/DIB_analysis/DIB_pipeline_dir/67_Oph/2017_07_30-HD_164353_pipeline_ver3.6/2017_07_30-HD_164353_pipeline_ver3.6--HD_163336_pipeline_ver3.6-T4/,wide
True,extra_candidate_release_object,,,NTT17c_DIBanalysis_candidate,Found in 2017-07 NTT17c quality/telluric/DIBanalysis traces; not yet tied to a publication.,34,*  67 Oph,HD164353 | HD 164353,B5I C,18:00:38.71,+02:55:53.5,0.11,HD 164353,67_Oph_o34_c2T,54,WIDE,1,0,2017-07-31-02:04:12.586,10246.695,10506.4359,10246.52165305356,10506.26252502785,/Users/hamano/DIB_analysis/DIB_pipeline_dir/67_Oph/2017_07_30-HD_164353_pipeline_ver3.6/2017_07_30-HD_164353_pipeline_ver3.6--HD_163336_pipeline_ver3.6-T4/sum/HD_164353_sum_m54_fsr1.30_AIR_tel_wscor_helio.fits,True,25920,HD_164353/67_Oph_o34_c2T/HD_164353_sum_m54_fsr1.30_AIR_tel_wscor_helio.fits,HD_164353,/Users/hamano/DIB_analysis/DIB_pipeline_dir/67_Oph/2017_07_30-HD_164353_pipeline_ver3.6/2017_07_30-HD_164353_pipeline_ver3.6--HD_163336_pipeline_ver3.6-T4/,wide
True,extra_candidate_release_object,,,NTT17c_DIBanalysis_candidate,Found in 2017-07 NTT17c quality/telluric/DIBanalysis traces; not yet tied to a publication.,34,*  67 Oph,HD164353 | HD 164353,B5I C,18:00:38.71,+02:55:53.5,0.11,HD 164353,67_Oph_o34_c2T,55,WIDE,1,0,2017-07-31-02:04:12.586,10069.7543,10303.5076,10069.58418580286,10303.33748572514,/Users/hamano/DIB_analysis/DIB_pipeline_dir/67_Oph/2017_07_30-HD_164353_pipeline_ver3.6/2017_07_30-HD_164353_pipeline_ver3.6--HD_163336_pipeline_ver3.6-T4/sum/HD_164353_sum_m55_fsr1.30_AIR_tel_wscor_helio.fits,True,23040,HD_164353/67_Oph_o34_c2T/HD_164353_sum_m55_fsr1.30_AIR_tel_wscor_helio.fits,HD_164353,/Users/hamano/DIB_analysis/DIB_pipeline_dir/67_Oph/2017_07_30-HD_164353_pipeline_ver3.6/2017_07_30-HD_164353_pipeline_ver3.6--HD_163336_pipeline_ver3.6-T4/,wide
True,extra_candidate_release_object,,,NTT17c_DIBanalysis_candidate,Found in 2017-07 NTT17c quality/telluric/DIBanalysis traces; not yet tied to a publication.,34,*  67 Oph,HD164353 | HD 164353,B5I C,18:00:38.71,+02:55:53.5,0.11,HD 164353,67_Oph_o34_c2T,58,WIDE,1,0,2017-07-31-02:04:12.586,9549.9281,9783.6902,9549.767037847949,9783.529085180327,/Users/hamano/DIB_analysis/DIB_pipeline_dir/67_Oph/2017_07_30-HD_164353_pipeline_ver3.6/2017_07_30-HD_164353_pipeline_ver3.6--HD_163336_pipeline_ver3.6-T4/sum/HD_164353_sum_m58_fsr1.30_AIR_tel_wscor_helio.fits,True,25920,HD_164353/67_Oph_o34_c2T/HD_164353_sum_m58_fsr1.30_AIR_tel_wscor_helio.fits,HD_164353,/Users/hamano/DIB_analysis/DIB_pipeline_dir/67_Oph/2017_07_30-HD_164353_pipeline_ver3.6/2017_07_30-HD_164353_pipeline_ver3.6--HD_163336_pipeline_ver3.6-T4/,wide
True,extra_candidate_release_object,,,NTT17c_DIBanalysis_candidate,Found in 2017-07 NTT17c quality/telluric/DIBanalysis traces; not yet tied to a publication.,34,*  67 Oph,HD164353 | HD 164353,B5I C,18:00:38.71,+02:55:53.5,0.11,HD 164353,67_Oph_o34_c2T,60,WIDE,1,0,2017-07-31-02:04:12.586,9256.0265,9437.8115,9255.870886393586,9437.655852881702,/Users/hamano/DIB_analysis/DIB_pipeline_dir/67_Oph/2017_07_30-HD_164353_pipeline_ver3.6/2017_07_30-HD_164353_pipeline_ver3.6--HD_163336_pipeline_ver3.6-T4/sum/HD_164353_sum_m60_fsr1.30_AIR_tel_wscor_helio.fits,True,23040,HD_164353/67_Oph_o34_c2T/HD_164353_sum_m60_fsr1.30_AIR_tel_wscor_helio.fits,HD_164353,/Users/hamano/DIB_analysis/DIB_pipeline_dir/67_Oph/2017_07_30-HD_164353_pipeline_ver3.6/2017_07_30-HD_164353_pipeline_ver3.6--HD_163336_pipeline_ver3.6-T4/,wide
True,extra_candidate_release_object,,,NTT17c_DIBanalysis_candidate,Found in 2017-07 NTT17c quality/telluric/DIBanalysis traces; not yet tied to a publication.,34,*  67 Oph,HD164353 | HD 164353,B5I C,18:00:38.71,+02:55:53.5,0.11,HD 164353,67_Oph_o34_c2T,50,WIDE,1,0,2017-07-31-02:04:12.586,11063.4216,11349.1404,11063.23429109295,11348.95301878543,/Users/hamano/DIB_analysis/DIB_pipeline_dir/67_Oph/2017_07_30-HD_164353_pipeline_ver3.6/2017_07_30-HD_164353_pipeline_ver3.6--HD_163336_pipeline_ver3.6-T4/sum/HD_164353_sum_m50_fsr1.30_AIR_tel_wscor_helio.fits,True,25920,HD_164353/67_Oph_o34_c2T/HD_164353_sum_m50_fsr1.30_AIR_tel_wscor_helio.fits,HD_164353,/Users/hamano/DIB_analysis/DIB_pipeline_dir/67_Oph/2017_07_30-HD_164353_pipeline_ver3.6/2017_07_30-HD_164353_pipeline_ver3.6--HD_163336_pipeline_ver3.6-T4/,wide
True,extra_candidate_release_object,,,NTT17c_DIBanalysis_candidate,Found in 2017-07 NTT17c quality/telluric/DIBanalysis traces; not yet tied to a publication.,34,*  67 Oph,HD164353 | HD 164353,B5I C,18:00:38.71,+02:55:53.5,0.11,HD 164353,67_Oph_o34_c2T,49,WIDE,1,0,2017-07-31-02:04:12.586,11280.3489,11592.0552,11280.15782709539,11591.86413480312,/Users/hamano/DIB_analysis/DIB_pipeline_dir/67_Oph/2017_07_30-HD_164353_pipeline_ver3.6/2017_07_30-HD_164353_pipeline_ver3.6--HD_163336_pipeline_ver3.6-T4/sum/HD_164353_sum_m49_fsr1.30_AIR_tel_wscor_helio.fits,True,25920,HD_164353/67_Oph_o34_c2T/HD_164353_sum_m49_fsr1.30_AIR_tel_wscor_helio.fits,HD_164353,/Users/hamano/DIB_analysis/DIB_pipeline_dir/67_Oph/2017_07_30-HD_164353_pipeline_ver3.6/2017_07_30-HD_164353_pipeline_ver3.6--HD_163336_pipeline_ver3.6-T4/,wide
True,extra_candidate_release_object,,,NTT17c_DIBanalysis_candidate,Found in 2017-07 NTT17c quality/telluric/DIBanalysis traces; not yet tied to a publication.,34,*  67 Oph,HD164353 | HD 164353,B5I C,18:00:38.71,+02:55:53.5,0.11,HD 164353,67_Oph_o34_c2T,42,WIDE,1,0,2017-07-31-02:04:12.586,13137.7264,13553.3675,13137.50414699258,13553.1452294197,/Users/hamano/DIB_analysis/DIB_pipeline_dir/67_Oph/2017_07_30-HD_164353_pipeline_ver3.6/2017_07_30-HD_164353_pipeline_ver3.6--HD_163336_pipeline_ver3.6-T4/sum/HD_164353_sum_m42_fsr1.30_AIR_tel_wscor_helio.fits,True,25920,HD_164353/67_Oph_o34_c2T/HD_164353_sum_m42_fsr1.30_AIR_tel_wscor_helio.fits,HD_164353,/Users/hamano/DIB_analysis/DIB_pipeline_dir/67_Oph/2017_07_30-HD_164353_pipeline_ver3.6/2017_07_30-HD_164353_pipeline_ver3.6--HD_163336_pipeline_ver3.6-T4/,wide
True,extra_candidate_release_object,,,NTT17c_DIBanalysis_candidate,Found in 2017-07 NTT17c quality/telluric/DIBanalysis traces; not yet tied to a publication.,34,*  67 Oph,HD164353 | HD 164353,B5I C,18:00:38.71,+02:55:53.5,0.11,HD 164353,67_Oph_o34_c2T,45,WIDE,1,0,2017-07-31-02:04:12.586,12274.016,12637.6887,12273.80817559971,12637.4808967147,/Users/hamano/DIB_analysis/DIB_pipeline_dir/67_Oph/2017_07_30-HD_164353_pipeline_ver3.6/2017_07_30-HD_164353_pipeline_ver3.6--HD_163336_pipeline_ver3.6-T4/sum/HD_164353_sum_m45_fsr1.30_AIR_tel_wscor_helio.fits,True,25920,HD_164353/67_Oph_o34_c2T/HD_164353_sum_m45_fsr1.30_AIR_tel_wscor_helio.fits,HD_164353,/Users/hamano/DIB_analysis/DIB_pipeline_dir/67_Oph/2017_07_30-HD_164353_pipeline_ver3.6/2017_07_30-HD_164353_pipeline_ver3.6--HD_163336_pipeline_ver3.6-T4/,wide
True,extra_candidate_release_object,,,NTT17c_DIBanalysis_candidate,Found in 2017-07 NTT17c quality/telluric/DIBanalysis traces; not yet tied to a publication.,34,*  67 Oph,HD164353 | HD 164353,B5I C,18:00:38.71,+02:55:53.5,0.11,HD 164353,67_Oph_o34_c2T,61,WIDE,1,0,2017-07-31-02:04:12.586,9093.0809,9300.8593,9092.927901047362,9300.706263361406,/Users/hamano/DIB_analysis/DIB_pipeline_dir/67_Oph/2017_07_30-HD_164353_pipeline_ver3.6/2017_07_30-HD_164353_pipeline_ver3.6--HD_163336_pipeline_ver3.6-T4/sum/HD_164353_sum_m61_fsr1.30_AIR_tel_wscor_helio.fits,True,23040,HD_164353/67_Oph_o34_c2T/HD_164353_sum_m61_fsr1.30_AIR_tel_wscor_helio.fits,HD_164353,/Users/hamano/DIB_analysis/DIB_pipeline_dir/67_Oph/2017_07_30-HD_164353_pipeline_ver3.6/2017_07_30-HD_164353_pipeline_ver3.6--HD_163336_pipeline_ver3.6-T4/,wide
True,extra_candidate_release_object,,,NTT17c_DIBanalysis_candidate,Found in 2017-07 NTT17c quality/telluric/DIBanalysis traces; not yet tied to a publication.,34,*  67 Oph,HD164353 | HD 164353,B5I C,18:00:38.71,+02:55:53.5,0.11,HD 164353,67_Oph_o34_c2T,44,WIDE,1,0,2017-07-31-02:04:12.586,12550.9231,12938.4015,12550.71082133572,12938.18922896246,/Users/hamano/DIB_analysis/DIB_pipeline_dir/67_Oph/2017_07_30-HD_164353_pipeline_ver3.6/2017_07_30-HD_164353_pipeline_ver3.6--HD_163336_pipeline_ver3.6-T4/sum/HD_164353_sum_m44_fsr1.30_AIR_tel_wscor_helio.fits,True,25920,HD_164353/67_Oph_o34_c2T/HD_164353_sum_m44_fsr1.30_AIR_tel_wscor_helio.fits,HD_164353,/Users/hamano/DIB_analysis/DIB_pipeline_dir/67_Oph/2017_07_30-HD_164353_pipeline_ver3.6/2017_07_30-HD_164353_pipeline_ver3.6--HD_163336_pipeline_ver3.6-T4/,wide
True,extra_candidate_release_object,,,NTT17c_DIBanalysis_candidate,Found in 2017-07 NTT17c quality/telluric/DIBanalysis traces; not yet tied to a publication.,34,*  67 Oph,HD164353 | HD 164353,B5I C,18:00:38.71,+02:55:53.5,0.11,HD 164353,67_Oph_o34_c2T,51,WIDE,1,0,2017-07-31-02:04:12.586,10854.9915,11127.7183,10854.80780142301,11127.53468594225,/Users/hamano/DIB_analysis/DIB_pipeline_dir/67_Oph/2017_07_30-HD_164353_pipeline_ver3.6/2017_07_30-HD_164353_pipeline_ver3.6--HD_163336_pipeline_ver3.6-T4/sum/HD_164353_sum_m51_fsr1.30_AIR_tel_wscor_helio.fits,True,25920,HD_164353/67_Oph_o34_c2T/HD_164353_sum_m51_fsr1.30_AIR_tel_wscor_helio.fits,HD_164353,/Users/hamano/DIB_analysis/DIB_pipeline_dir/67_Oph/2017_07_30-HD_164353_pipeline_ver3.6/2017_07_30-HD_164353_pipeline_ver3.6--HD_163336_pipeline_ver3.6-T4/,wide
True,extra_candidate_release_object,,,NTT17c_DIBanalysis_candidate,Found in 2017-07 NTT17c quality/telluric/DIBanalysis traces; not yet tied to a publication.,34,*  67 Oph,HD164353 | HD 164353,B5I C,18:00:38.71,+02:55:53.5,0.11,HD 164353,67_Oph_o34_c2T,53,WIDE,1,0,2017-07-31-02:04:12.586,10446.6282,10706.3661,10446.45146157634,10706.18941887531,/Users/hamano/DIB_analysis/DIB_pipeline_dir/67_Oph/2017_07_30-HD_164353_pipeline_ver3.6/2017_07_30-HD_164353_pipeline_ver3.6--HD_163336_pipeline_ver3.6-T4/sum/HD_164353_sum_m53_fsr1.30_AIR_tel_wscor_helio.fits,True,25920,HD_164353/67_Oph_o34_c2T/HD_164353_sum_m53_fsr1.30_AIR_tel_wscor_helio.fits,HD_164353,/Users/hamano/DIB_analysis/DIB_pipeline_dir/67_Oph/2017_07_30-HD_164353_pipeline_ver3.6/2017_07_30-HD_164353_pipeline_ver3.6--HD_163336_pipeline_ver3.6-T4/,wide
True,extra_candidate_release_object,Hamano2015_NIR_DIB_0p91_1p32um,10.1088/0004-637X/800/2/137,,,55,HD  12953,HD12953,A1Ia C,02:08:40.57,+58:25:24.9,0.6,HD12953,HD_12953_o55_c1T,60,WIDE,1,0,2014-01-22-10:44:27.947,9256.0862,9437.9572,9255.930649750944,9437.801602930504,/Users/hamano/DIB_analysis/DIB_pipeline_dir/HD_12953/2014_01_22-HD12953_pipeline_ver3.5/2014_01_22-HD12953_pipeline_ver3.5--2014_01_22-50_Cas_pipeline_ver3.5-T1/sum/HD12953_sum_m60_fsr1.30_AIR_tel_wscor_helio.fits,True,17280,HD12953/HD_12953_o55_c1T/HD12953_sum_m60_fsr1.30_AIR_tel_wscor_helio.fits,HD12953,/Users/hamano/DIB_analysis/DIB_pipeline_dir/HD_12953/2014_01_22-HD12953_pipeline_ver3.5/2014_01_22-HD12953_pipeline_ver3.5--2014_01_22-50_Cas_pipeline_ver3.5-T1/,wide
True,extra_candidate_release_object,Hamano2015_NIR_DIB_0p91_1p32um,10.1088/0004-637X/800/2/137,,,55,HD  12953,HD12953,A1Ia C,02:08:40.57,+58:25:24.9,0.6,HD12953,HD_12953_o55_c1T,50,WIDE,1,0,2014-01-22-10:44:27.947,11063.3713,11349.1607,11063.18390914286,11348.97332698348,/Users/hamano/DIB_analysis/DIB_pipeline_dir/HD_12953/2014_01_22-HD12953_pipeline_ver3.5/2014_01_22-HD12953_pipeline_ver3.5--2014_01_22-50_Cas_pipeline_ver3.5-T1/sum/HD12953_sum_m50_fsr1.30_AIR_tel_wscor_helio.fits,True,20160,HD12953/HD_12953_o55_c1T/HD12953_sum_m50_fsr1.30_AIR_tel_wscor_helio.fits,HD12953,/Users/hamano/DIB_analysis/DIB_pipeline_dir/HD_12953/2014_01_22-HD12953_pipeline_ver3.5/2014_01_22-HD12953_pipeline_ver3.5--2014_01_22-50_Cas_pipeline_ver3.5-T1/,wide
True,extra_candidate_release_object,Hamano2015_NIR_DIB_0p91_1p32um,10.1088/0004-637X/800/2/137,,,55,HD  12953,HD12953,A1Ia C,02:08:40.57,+58:25:24.9,0.6,HD12953,HD_12953_o55_c1T,43,WIDE,1,0,2014-01-22-10:44:27.947,12851.8794,13228.83,12851.66227847003,13228.61285221599,/Users/hamano/DIB_analysis/DIB_pipeline_dir/HD_12953/2014_01_22-HD12953_pipeline_ver3.5/2014_01_22-HD12953_pipeline_ver3.5--2014_01_22-50_Cas_pipeline_ver3.5-T1/sum/HD12953_sum_m43_fsr1.30_AIR_tel_wscor_helio.fits,True,20160,HD12953/HD_12953_o55_c1T/HD12953_sum_m43_fsr1.30_AIR_tel_wscor_helio.fits,HD12953,/Users/hamano/DIB_analysis/DIB_pipeline_dir/HD_12953/2014_01_22-HD12953_pipeline_ver3.5/2014_01_22-HD12953_pipeline_ver3.5--2014_01_22-50_Cas_pipeline_ver3.5-T1/,wide
True,extra_candidate_release_object,Hamano2015_NIR_DIB_0p91_1p32um,10.1088/0004-637X/800/2/137,,,55,HD  12953,HD12953,A1Ia C,02:08:40.57,+58:25:24.9,0.6,HD12953,HD_12953_o55_c1T,45,WIDE,1,0,2014-01-22-10:44:27.947,12273.5976,12637.5653,12273.38974624634,12637.35744384231,/Users/hamano/DIB_analysis/DIB_pipeline_dir/HD_12953/2014_01_22-HD12953_pipeline_ver3.5/2014_01_22-HD12953_pipeline_ver3.5--2014_01_22-50_Cas_pipeline_ver3.5-T1/sum/HD12953_sum_m45_fsr1.30_AIR_tel_wscor_helio.fits,True,20160,HD12953/HD_12953_o55_c1T/HD12953_sum_m45_fsr1.30_AIR_tel_wscor_helio.fits,HD12953,/Users/hamano/DIB_analysis/DIB_pipeline_dir/HD_12953/2014_01_22-HD12953_pipeline_ver3.5/2014_01_22-HD12953_pipeline_ver3.5--2014_01_22-50_Cas_pipeline_ver3.5-T1/,wide
True,extra_candidate_release_object,Hamano2015_NIR_DIB_0p91_1p32um,10.1088/0004-637X/800/2/137,,,55,HD  12953,HD12953,A1Ia C,02:08:40.57,+58:25:24.9,0.6,HD12953,HD_12953_o55_c1T,59,WIDE,1,0,2014-01-22-10:44:27.947,9392.8654,9600.7509,9392.707111215943,9600.592553532648,/Users/hamano/DIB_analysis/DIB_pipeline_dir/HD_12953/2014_01_22-HD12953_pipeline_ver3.5/2014_01_22-HD12953_pipeline_ver3.5--2014_01_22-50_Cas_pipeline_ver3.5-T1/sum/HD12953_sum_m59_fsr1.30_AIR_tel_wscor_helio.fits,True,17280,HD12953/HD_12953_o55_c1T/HD12953_sum_m59_fsr1.30_AIR_tel_wscor_helio.fits,HD12953,/Users/hamano/DIB_analysis/DIB_pipeline_dir/HD_12953/2014_01_22-HD12953_pipeline_ver3.5/2014_01_22-HD12953_pipeline_ver3.5--2014_01_22-50_Cas_pipeline_ver3.5-T1/,wide
True,extra_candidate_release_object,Hamano2015_NIR_DIB_0p91_1p32um,10.1088/0004-637X/800/2/137,,,55,HD  12953,HD12953,A1Ia C,02:08:40.57,+58:25:24.9,0.6,HD12953,HD_12953_o55_c1T,42,WIDE,1,0,2014-01-22-10:44:27.947,13137.6642,13553.3173,13137.44216141892,13553.09527598924,/Users/hamano/DIB_analysis/DIB_pipeline_dir/HD_12953/2014_01_22-HD12953_pipeline_ver3.5/2014_01_22-HD12953_pipeline_ver3.5--2014_01_22-50_Cas_pipeline_ver3.5-T1/sum/HD12953_sum_m42_fsr1.30_AIR_tel_wscor_helio.fits,True,20160,HD12953/HD_12953_o55_c1T/HD12953_sum_m42_fsr1.30_AIR_tel_wscor_helio.fits,HD12953,/Users/hamano/DIB_analysis/DIB_pipeline_dir/HD_12953/2014_01_22-HD12953_pipeline_ver3.5/2014_01_22-HD12953_pipeline_ver3.5--2014_01_22-50_Cas_pipeline_ver3.5-T1/,wide
True,extra_candidate_release_object,Hamano2015_NIR_DIB_0p91_1p32um,10.1088/0004-637X/800/2/137,,,55,HD  12953,HD12953,A1Ia C,02:08:40.57,+58:25:24.9,0.6,HD12953,HD_12953_o55_c1T,46,WIDE,1,0,2014-01-22-10:44:27.947,12005.2997,12356.2904,12005.09622046218,12356.08691624185,/Users/hamano/DIB_analysis/DIB_pipeline_dir/HD_12953/2014_01_22-HD12953_pipeline_ver3.5/2014_01_22-HD12953_pipeline_ver3.5--2014_01_22-50_Cas_pipeline_ver3.5-T1/sum/HD12953_sum_m46_fsr1.30_AIR_tel_wscor_helio.fits,True,20160,HD12953/HD_12953_o55_c1T/HD12953_sum_m46_fsr1.30_AIR_tel_wscor_helio.fits,HD12953,/Users/hamano/DIB_analysis/DIB_pipeline_dir/HD_12953/2014_01_22-HD12953_pipeline_ver3.5/2014_01_22-HD12953_pipeline_ver3.5--2014_01_22-50_Cas_pipeline_ver3.5-T1/,wide
True,extra_candidate_release_object,Hamano2015_NIR_DIB_0p91_1p32um,10.1088/0004-637X/800/2/137,,,55,HD  12953,HD12953,A1Ia C,02:08:40.57,+58:25:24.9,0.6,HD12953,HD_12953_o55_c1T,58,WIDE,1,0,2014-01-22-10:44:27.947,9549.8538,9783.8611,9549.692617048391,9783.69993734291,/Users/hamano/DIB_analysis/DIB_pipeline_dir/HD_12953/2014_01_22-HD12953_pipeline_ver3.5/2014_01_22-HD12953_pipeline_ver3.5--2014_01_22-50_Cas_pipeline_ver3.5-T1/sum/HD12953_sum_m58_fsr1.30_AIR_tel_wscor_helio.fits,True,20160,HD12953/HD_12953_o55_c1T/HD12953_sum_m58_fsr1.30_AIR_tel_wscor_helio.fits,HD12953,/Users/hamano/DIB_analysis/DIB_pipeline_dir/HD_12953/2014_01_22-HD12953_pipeline_ver3.5/2014_01_22-HD12953_pipeline_ver3.5--2014_01_22-50_Cas_pipeline_ver3.5-T1/,wide
True,extra_candidate_release_object,Hamano2015_NIR_DIB_0p91_1p32um,10.1088/0004-637X/800/2/137,,,55,HD  12953,HD12953,A1Ia C,02:08:40.57,+58:25:24.9,0.6,HD12953,HD_12953_o55_c1T,44,WIDE,1,0,2014-01-22-10:44:27.947,12550.7369,12940.0933,12550.52445334787,12939.88090462084,/Users/hamano/DIB_analysis/DIB_pipeline_dir/HD_12953/2014_01_22-HD12953_pipeline_ver3.5/2014_01_22-HD12953_pipeline_ver3.5--2014_01_22-50_Cas_pipeline_ver3.5-T1/sum/HD12953_sum_m44_fsr1.30_AIR_tel_wscor_helio.fits,True,20160,HD12953/HD_12953_o55_c1T/HD12953_sum_m44_fsr1.30_AIR_tel_wscor_helio.fits,HD12953,/Users/hamano/DIB_analysis/DIB_pipeline_dir/HD_12953/2014_01_22-HD12953_pipeline_ver3.5/2014_01_22-HD12953_pipeline_ver3.5--2014_01_22-50_Cas_pipeline_ver3.5-T1/,wide
True,extra_candidate_release_object,Hamano2015_NIR_DIB_0p91_1p32um,10.1088/0004-637X/800/2/137,,,55,HD  12953,HD12953,A1Ia C,02:08:40.57,+58:25:24.9,0.6,HD12953,HD_12953_o55_c1T,61,WIDE,1,0,2014-01-22-10:44:27.947,9093.0189,9300.9697,9092.865992176821,9300.81681779791,/Users/hamano/DIB_analysis/DIB_pipeline_dir/HD_12953/2014_01_22-HD12953_pipeline_ver3.5/2014_01_22-HD12953_pipeline_ver3.5--2014_01_22-50_Cas_pipeline_ver3.5-T1/sum/HD12953_sum_m61_fsr1.30_AIR_tel_wscor_helio.fits,True,17280,HD12953/HD_12953_o55_c1T/HD12953_sum_m61_fsr1.30_AIR_tel_wscor_helio.fits,HD12953,/Users/hamano/DIB_analysis/DIB_pipeline_dir/HD_12953/2014_01_22-HD12953_pipeline_ver3.5/2014_01_22-HD12953_pipeline_ver3.5--2014_01_22-50_Cas_pipeline_ver3.5-T1/,wide
True,extra_candidate_release_object,Hamano2015_NIR_DIB_0p91_1p32um,10.1088/0004-637X/800/2/137,,,55,HD  12953,HD12953,A1Ia C,02:08:40.57,+58:25:24.9,0.6,HD12953,HD_12953_o55_c1T,55,WIDE,1,0,2014-01-22-10:44:27.947,10069.6379,10303.6716,10069.46770381761,10303.50142103237,/Users/hamano/DIB_analysis/DIB_pipeline_dir/HD_12953/2014_01_22-HD12953_pipeline_ver3.5/2014_01_22-HD12953_pipeline_ver3.5--2014_01_22-50_Cas_pipeline_ver3.5-T1/sum/HD12953_sum_m55_fsr1.30_AIR_tel_wscor_helio.fits,True,17280,HD12953/HD_12953_o55_c1T/HD12953_sum_m55_fsr1.30_AIR_tel_wscor_helio.fits,HD12953,/Users/hamano/DIB_analysis/DIB_pipeline_dir/HD_12953/2014_01_22-HD12953_pipeline_ver3.5/2014_01_22-HD12953_pipeline_ver3.5--2014_01_22-50_Cas_pipeline_ver3.5-T1/,wide
True,extra_candidate_release_object,Hamano2015_NIR_DIB_0p91_1p32um,10.1088/0004-637X/800/2/137,,,55,HD  12953,HD12953,A1Ia C,02:08:40.57,+58:25:24.9,0.6,HD12953,HD_12953_o55_c1T,53,WIDE,1,0,2014-01-22-10:44:27.947,10446.4505,10706.4353,10446.27378346528,10706.25855900492,/Users/hamano/DIB_analysis/DIB_pipeline_dir/HD_12953/2014_01_22-HD12953_pipeline_ver3.5/2014_01_22-HD12953_pipeline_ver3.5--2014_01_22-50_Cas_pipeline_ver3.5-T1/sum/HD12953_sum_m53_fsr1.30_AIR_tel_wscor_helio.fits,True,20160,HD12953/HD_12953_o55_c1T/HD12953_sum_m53_fsr1.30_AIR_tel_wscor_helio.fits,HD12953,/Users/hamano/DIB_analysis/DIB_pipeline_dir/HD_12953/2014_01_22-HD12953_pipeline_ver3.5/2014_01_22-HD12953_pipeline_ver3.5--2014_01_22-50_Cas_pipeline_ver3.5-T1/,wide
True,extra_candidate_release_object,Hamano2015_NIR_DIB_0p91_1p32um,10.1088/0004-637X/800/2/137,,,55,HD  12953,HD12953,A1Ia C,02:08:40.57,+58:25:24.9,0.6,HD12953,HD_12953_o55_c1T,52,WIDE,1,0,2014-01-22-10:44:27.947,10644.8581,10917.8218,10644.67791897076,10917.6416420527,/Users/hamano/DIB_analysis/DIB_pipeline_dir/HD_12953/2014_01_22-HD12953_pipeline_ver3.5/2014_01_22-HD12953_pipeline_ver3.5--2014_01_22-50_Cas_pipeline_ver3.5-T1/sum/HD12953_sum_m52_fsr1.30_AIR_tel_wscor_helio.fits,True,20160,HD12953/HD_12953_o55_c1T/HD12953_sum_m52_fsr1.30_AIR_tel_wscor_helio.fits,HD12953,/Users/hamano/DIB_analysis/DIB_pipeline_dir/HD_12953/2014_01_22-HD12953_pipeline_ver3.5/2014_01_22-HD12953_pipeline_ver3.5--2014_01_22-50_Cas_pipeline_ver3.5-T1/,wide
True,extra_candidate_release_object,Hamano2015_NIR_DIB_0p91_1p32um,10.1088/0004-637X/800/2/137,,,55,HD  12953,HD12953,A1Ia C,02:08:40.57,+58:25:24.9,0.6,HD12953,HD_12953_o55_c1T,57,WIDE,1,0,2014-01-22-10:44:27.947,9732.7574,9940.6497,9732.59332000625,9940.48562032225,/Users/hamano/DIB_analysis/DIB_pipeline_dir/HD_12953/2014_01_22-HD12953_pipeline_ver3.5/2014_01_22-HD12953_pipeline_ver3.5--2014_01_22-50_Cas_pipeline_ver3.5-T1/sum/HD12953_sum_m57_fsr1.30_AIR_tel_wscor_helio.fits,True,17280,HD12953/HD_12953_o55_c1T/HD12953_sum_m57_fsr1.30_AIR_tel_wscor_helio.fits,HD12953,/Users/hamano/DIB_analysis/DIB_pipeline_dir/HD_12953/2014_01_22-HD12953_pipeline_ver3.5/2014_01_22-HD12953_pipeline_ver3.5--2014_01_22-50_Cas_pipeline_ver3.5-T1/,wide
True,extra_candidate_release_object,Hamano2015_NIR_DIB_0p91_1p32um,10.1088/0004-637X/800/2/137,,,55,HD  12953,HD12953,A1Ia C,02:08:40.57,+58:25:24.9,0.6,HD12953,HD_12953_o55_c1T,48,WIDE,1,0,2014-01-22-10:44:27.947,11519.9249,11831.9749,11519.72979100593,11831.77974000574,/Users/hamano/DIB_analysis/DIB_pipeline_dir/HD_12953/2014_01_22-HD12953_pipeline_ver3.5/2014_01_22-HD12953_pipeline_ver3.5--2014_01_22-50_Cas_pipeline_ver3.5-T1/sum/HD12953_sum_m48_fsr1.30_AIR_tel_wscor_helio.fits,True,20160,HD12953/HD_12953_o55_c1T/HD12953_sum_m48_fsr1.30_AIR_tel_wscor_helio.fits,HD12953,/Users/hamano/DIB_analysis/DIB_pipeline_dir/HD_12953/2014_01_22-HD12953_pipeline_ver3.5/2014_01_22-HD12953_pipeline_ver3.5--2014_01_22-50_Cas_pipeline_ver3.5-T1/,wide
True,extra_candidate_release_object,Hamano2015_NIR_DIB_0p91_1p32um,10.1088/0004-637X/800/2/137,,,55,HD  12953,HD12953,A1Ia C,02:08:40.57,+58:25:24.9,0.6,HD12953,HD_12953_o55_c1T,54,WIDE,1,0,2014-01-22-10:44:27.947,10246.5665,10506.522,10246.39309530407,10506.34856998458,/Users/hamano/DIB_analysis/DIB_pipeline_dir/HD_12953/2014_01_22-HD12953_pipeline_ver3.5/2014_01_22-HD12953_pipeline_ver3.5--2014_01_22-50_Cas_pipeline_ver3.5-T1/sum/HD12953_sum_m54_fsr1.30_AIR_tel_wscor_helio.fits,True,20160,HD12953/HD_12953_o55_c1T/HD12953_sum_m54_fsr1.30_AIR_tel_wscor_helio.fits,HD12953,/Users/hamano/DIB_analysis/DIB_pipeline_dir/HD_12953/2014_01_22-HD12953_pipeline_ver3.5/2014_01_22-HD12953_pipeline_ver3.5--2014_01_22-50_Cas_pipeline_ver3.5-T1/,wide
True,extra_candidate_release_object,Hamano2015_NIR_DIB_0p91_1p32um,10.1088/0004-637X/800/2/137,,,55,HD  12953,HD12953,A1Ia C,02:08:40.57,+58:25:24.9,0.6,HD12953,HD_12953_o55_c1T,56,WIDE,1,0,2014-01-22-10:44:27.947,9889.6713,10123.6054,9889.504217072112,10123.43834643528,/Users/hamano/DIB_analysis/DIB_pipeline_dir/HD_12953/2014_01_22-HD12953_pipeline_ver3.5/2014_01_22-HD12953_pipeline_ver3.5--2014_01_22-50_Cas_pipeline_ver3.5-T1/sum/HD12953_sum_m56_fsr1.30_AIR_tel_wscor_helio.fits,True,17280,HD12953/HD_12953_o55_c1T/HD12953_sum_m56_fsr1.30_AIR_tel_wscor_helio.fits,HD12953,/Users/hamano/DIB_analysis/DIB_pipeline_dir/HD_12953/2014_01_22-HD12953_pipeline_ver3.5/2014_01_22-HD12953_pipeline_ver3.5--2014_01_22-50_Cas_pipeline_ver3.5-T1/,wide
True,extra_candidate_release_object,Hamano2015_NIR_DIB_0p91_1p32um,10.1088/0004-637X/800/2/137,,,55,HD  12953,HD12953,A1Ia C,02:08:40.57,+58:25:24.9,0.6,HD12953,HD_12953_o55_c1T,51,WIDE,1,0,2014-01-22-10:44:27.947,10854.9137,11127.7476,10854.72998299307,11127.56388172399,/Users/hamano/DIB_analysis/DIB_pipeline_dir/HD_12953/2014_01_22-HD12953_pipeline_ver3.5/2014_01_22-HD12953_pipeline_ver3.5--2014_01_22-50_Cas_pipeline_ver3.5-T1/sum/HD12953_sum_m51_fsr1.30_AIR_tel_wscor_helio.fits,True,20160,HD12953/HD_12953_o55_c1T/HD12953_sum_m51_fsr1.30_AIR_tel_wscor_helio.fits,HD12953,/Users/hamano/DIB_analysis/DIB_pipeline_dir/HD_12953/2014_01_22-HD12953_pipeline_ver3.5/2014_01_22-HD12953_pipeline_ver3.5--2014_01_22-50_Cas_pipeline_ver3.5-T1/,wide
True,extra_candidate_release_object,Hamano2015_NIR_DIB_0p91_1p32um,10.1088/0004-637X/800/2/137,,,55,HD  12953,HD12953,A1Ia C,02:08:40.57,+58:25:24.9,0.6,HD12953,HD_12953_o55_c1T,49,WIDE,1,0,2014-01-22-10:44:27.947,11280.1083,11591.9718,11279.91712269139,11591.78059731259,/Users/hamano/DIB_analysis/DIB_pipeline_dir/HD_12953/2014_01_22-HD12953_pipeline_ver3.5/2014_01_22-HD12953_pipeline_ver3.5--2014_01_22-50_Cas_pipeline_ver3.5-T1/sum/HD12953_sum_m49_fsr1.30_AIR_tel_wscor_helio.fits,True,20160,HD12953/HD_12953_o55_c1T/HD12953_sum_m49_fsr1.30_AIR_tel_wscor_helio.fits,HD12953,/Users/hamano/DIB_analysis/DIB_pipeline_dir/HD_12953/2014_01_22-HD12953_pipeline_ver3.5/2014_01_22-HD12953_pipeline_ver3.5--2014_01_22-50_Cas_pipeline_ver3.5-T1/,wide
True,extra_candidate_release_object,Hamano2015_NIR_DIB_0p91_1p32um,10.1088/0004-637X/800/2/137,,,55,HD  12953,HD12953,A1Ia C,02:08:40.57,+58:25:24.9,0.6,HD12953,HD_12953_o55_c1T,47,WIDE,1,0,2014-01-22-10:44:27.947,11758.3493,12083.3069,11758.15004507372,12083.10768102979,/Users/hamano/DIB_analysis/DIB_pipeline_dir/HD_12953/2014_01_22-HD12953_pipeline_ver3.5/2014_01_22-HD12953_pipeline_ver3.5--2014_01_22-50_Cas_pipeline_ver3.5-T1/sum/HD12953_sum_m47_fsr1.30_AIR_tel_wscor_helio.fits,True,20160,HD12953/HD_12953_o55_c1T/HD12953_sum_m47_fsr1.30_AIR_tel_wscor_helio.fits,HD12953,/Users/hamano/DIB_analysis/DIB_pipeline_dir/HD_12953/2014_01_22-HD12953_pipeline_ver3.5/2014_01_22-HD12953_pipeline_ver3.5--2014_01_22-50_Cas_pipeline_ver3.5-T1/,wide
True,paper_2206_03131_reddened_target,,,,,45,HD 185247,HD 185247,B9V C,19:38:13.02,-00:29:23.1,0.77,HD 185247,HD_185247_o45_c2T,50,WIDE,1,0,2017-07-30-05:27:17.727,11063.7692,11349.4983,11063.58178886313,11349.31090504004,/Users/hamano/DIB_analysis/DIB_pipeline_dir/HD_185247/2017_07_29-HD_185247_pipeline_ver3.6/2017_07_29-HD_185247_pipeline_ver3.6--2017_07_29-HR_7159_pipeline_ver3.6-T2/sum/HD_185247_sum_m50_fsr1.30_AIR_tel_wscor_helio.fits,True,25920,HD_185247/HD_185247_o45_c2T/HD_185247_sum_m50_fsr1.30_AIR_tel_wscor_helio.fits,HD_185247,/Users/hamano/DIB_analysis/DIB_pipeline_dir/HD_185247/2017_07_29-HD_185247_pipeline_ver3.6/2017_07_29-HD_185247_pipeline_ver3.6--2017_07_29-HR_7159_pipeline_ver3.6-T2/,wide
True,paper_2206_03131_reddened_target,,,,,45,HD 185247,HD 185247,B9V C,19:38:13.02,-00:29:23.1,0.77,HD 185247,HD_185247_o45_c2T,46,WIDE,1,0,2017-07-30-05:27:17.727,12005.9824,12356.677,12005.77905042532,12356.47364938024,/Users/hamano/DIB_analysis/DIB_pipeline_dir/HD_185247/2017_07_29-HD_185247_pipeline_ver3.6/2017_07_29-HD_185247_pipeline_ver3.6--2017_07_29-HR_7159_pipeline_ver3.6-T2/sum/HD_185247_sum_m46_fsr1.30_AIR_tel_wscor_helio.fits,True,25920,HD_185247/HD_185247_o45_c2T/HD_185247_sum_m46_fsr1.30_AIR_tel_wscor_helio.fits,HD_185247,/Users/hamano/DIB_analysis/DIB_pipeline_dir/HD_185247/2017_07_29-HD_185247_pipeline_ver3.6/2017_07_29-HD_185247_pipeline_ver3.6--2017_07_29-HR_7159_pipeline_ver3.6-T2/,wide
True,paper_2206_03131_reddened_target,,,,,45,HD 185247,HD 185247,B9V C,19:38:13.02,-00:29:23.1,0.77,HD 185247,HD_185247_o45_c2T,56,WIDE,1,0,2017-07-30-05:27:17.727,9890.1259,10123.8906,9889.958817645882,10123.72353273657,/Users/hamano/DIB_analysis/DIB_pipeline_dir/HD_185247/2017_07_29-HD_185247_pipeline_ver3.6/2017_07_29-HD_185247_pipeline_ver3.6--2017_07_29-HR_7159_pipeline_ver3.6-T2/sum/HD_185247_sum_m56_fsr1.30_AIR_tel_wscor_helio.fits,True,23040,HD_185247/HD_185247_o45_c2T/HD_185247_sum_m56_fsr1.30_AIR_tel_wscor_helio.fits,HD_185247,/Users/hamano/DIB_analysis/DIB_pipeline_dir/HD_185247/2017_07_29-HD_185247_pipeline_ver3.6/2017_07_29-HD_185247_pipeline_ver3.6--2017_07_29-HR_7159_pipeline_ver3.6-T2/,wide
True,paper_2206_03131_reddened_target,,,,,45,HD 185247,HD 185247,B9V C,19:38:13.02,-00:29:23.1,0.77,HD 185247,HD_185247_o45_c2T,54,WIDE,1,0,2017-07-30-05:27:17.727,10247.0174,10506.7677,10246.84401111618,10506.59432704218,/Users/hamano/DIB_analysis/DIB_pipeline_dir/HD_185247/2017_07_29-HD_185247_pipeline_ver3.6/2017_07_29-HD_185247_pipeline_ver3.6--2017_07_29-HR_7159_pipeline_ver3.6-T2/sum/HD_185247_sum_m54_fsr1.30_AIR_tel_wscor_helio.fits,True,25920,HD_185247/HD_185247_o45_c2T/HD_185247_sum_m54_fsr1.30_AIR_tel_wscor_helio.fits,HD_185247,/Users/hamano/DIB_analysis/DIB_pipeline_dir/HD_185247/2017_07_29-HD_185247_pipeline_ver3.6/2017_07_29-HD_185247_pipeline_ver3.6--2017_07_29-HR_7159_pipeline_ver3.6-T2/,wide
True,paper_2206_03131_reddened_target,,,,,45,HD 185247,HD 185247,B9V C,19:38:13.02,-00:29:23.1,0.77,HD 185247,HD_185247_o45_c2T,53,WIDE,1,0,2017-07-30-05:27:17.727,10446.9567,10706.7041,10446.77999127326,10706.52739241807,/Users/hamano/DIB_analysis/DIB_pipeline_dir/HD_185247/2017_07_29-HD_185247_pipeline_ver3.6/2017_07_29-HD_185247_pipeline_ver3.6--2017_07_29-HR_7159_pipeline_ver3.6-T2/sum/HD_185247_sum_m53_fsr1.30_AIR_tel_wscor_helio.fits,True,25920,HD_185247/HD_185247_o45_c2T/HD_185247_sum_m53_fsr1.30_AIR_tel_wscor_helio.fits,HD_185247,/Users/hamano/DIB_analysis/DIB_pipeline_dir/HD_185247/2017_07_29-HD_185247_pipeline_ver3.6/2017_07_29-HD_185247_pipeline_ver3.6--2017_07_29-HR_7159_pipeline_ver3.6-T2/,wide
True,paper_2206_03131_reddened_target,,,,,45,HD 185247,HD 185247,B9V C,19:38:13.02,-00:29:23.1,0.77,HD 185247,HD_185247_o45_c2T,61,WIDE,1,0,2017-07-30-05:27:17.727,9093.3678,9301.1537,9093.21479150807,9301.000708461508,/Users/hamano/DIB_analysis/DIB_pipeline_dir/HD_185247/2017_07_29-HD_185247_pipeline_ver3.6/2017_07_29-HD_185247_pipeline_ver3.6--2017_07_29-HR_7159_pipeline_ver3.6-T2/sum/HD_185247_sum_m61_fsr1.30_AIR_tel_wscor_helio.fits,True,23040,HD_185247/HD_185247_o45_c2T/HD_185247_sum_m61_fsr1.30_AIR_tel_wscor_helio.fits,HD_185247,/Users/hamano/DIB_analysis/DIB_pipeline_dir/HD_185247/2017_07_29-HD_185247_pipeline_ver3.6/2017_07_29-HD_185247_pipeline_ver3.6--2017_07_29-HR_7159_pipeline_ver3.6-T2/,wide
True,paper_2206_03131_reddened_target,,,,,45,HD 185247,HD 185247,B9V C,19:38:13.02,-00:29:23.1,0.77,HD 185247,HD_185247_o45_c2T,59,WIDE,1,0,2017-07-30-05:27:17.727,9393.2768,9601.0579,9393.118463892231,9600.899523307651,/Users/hamano/DIB_analysis/DIB_pipeline_dir/HD_185247/2017_07_29-HD_185247_pipeline_ver3.6/2017_07_29-HD_185247_pipeline_ver3.6--2017_07_29-HR_7159_pipeline_ver3.6-T2/sum/HD_185247_sum_m59_fsr1.30_AIR_tel_wscor_helio.fits,True,23040,HD_185247/HD_185247_o45_c2T/HD_185247_sum_m59_fsr1.30_AIR_tel_wscor_helio.fits,HD_185247,/Users/hamano/DIB_analysis/DIB_pipeline_dir/HD_185247/2017_07_29-HD_185247_pipeline_ver3.6/2017_07_29-HD_185247_pipeline_ver3.6--2017_07_29-HR_7159_pipeline_ver3.6-T2/,wide
True,paper_2206_03131_reddened_target,,,,,45,HD 185247,HD 185247,B9V C,19:38:13.02,-00:29:23.1,0.77,HD 185247,HD_185247_o45_c2T,52,WIDE,1,0,2017-07-30-05:27:17.727,10645.3963,10918.1361,10645.21619369906,10917.95590937251,/Users/hamano/DIB_analysis/DIB_pipeline_dir/HD_185247/2017_07_29-HD_185247_pipeline_ver3.6/2017_07_29-HD_185247_pipeline_ver3.6--2017_07_29-HR_7159_pipeline_ver3.6-T2/sum/HD_185247_sum_m52_fsr1.30_AIR_tel_wscor_helio.fits,True,25920,HD_185247/HD_185247_o45_c2T/HD_185247_sum_m52_fsr1.30_AIR_tel_wscor_helio.fits,HD_185247,/Users/hamano/DIB_analysis/DIB_pipeline_dir/HD_185247/2017_07_29-HD_185247_pipeline_ver3.6/2017_07_29-HD_185247_pipeline_ver3.6--2017_07_29-HR_7159_pipeline_ver3.6-T2/,wide
True,paper_2206_03131_reddened_target,,,,,45,HD 185247,HD 185247,B9V C,19:38:13.02,-00:29:23.1,0.77,HD 185247,HD_185247_o45_c2T,49,WIDE,1,0,2017-07-30-05:27:17.727,11280.7031,11592.4207,11280.51194973097,11592.22959080907,/Users/hamano/DIB_analysis/DIB_pipeline_dir/HD_185247/2017_07_29-HD_185247_pipeline_ver3.6/2017_07_29-HD_185247_pipeline_ver3.6--2017_07_29-HR_7159_pipeline_ver3.6-T2/sum/HD_185247_sum_m49_fsr1.30_AIR_tel_wscor_helio.fits,True,25920,HD_185247/HD_185247_o45_c2T/HD_185247_sum_m49_fsr1.30_AIR_tel_wscor_helio.fits,HD_185247,/Users/hamano/DIB_analysis/DIB_pipeline_dir/HD_185247/2017_07_29-HD_185247_pipeline_ver3.6/2017_07_29-HD_185247_pipeline_ver3.6--2017_07_29-HR_7159_pipeline_ver3.6-T2/,wide
True,paper_2206_03131_reddened_target,,,,,45,HD 185247,HD 185247,B9V C,19:38:13.02,-00:29:23.1,0.77,HD 185247,HD_185247_o45_c2T,42,WIDE,1,0,2017-07-30-05:27:17.727,13138.1376,13553.7938,13137.91531872061,13553.5715134974,/Users/hamano/DIB_analysis/DIB_pipeline_dir/HD_185247/2017_07_29-HD_185247_pipeline_ver3.6/2017_07_29-HD_185247_pipeline_ver3.6--2017_07_29-HR_7159_pipeline_ver3.6-T2/sum/HD_185247_sum_m42_fsr1.30_AIR_tel_wscor_helio.fits,True,25920,HD_185247/HD_185247_o45_c2T/HD_185247_sum_m42_fsr1.30_AIR_tel_wscor_helio.fits,HD_185247,/Users/hamano/DIB_analysis/DIB_pipeline_dir/HD_185247/2017_07_29-HD_185247_pipeline_ver3.6/2017_07_29-HD_185247_pipeline_ver3.6--2017_07_29-HR_7159_pipeline_ver3.6-T2/,wide
True,paper_2206_03131_reddened_target,,,,,45,HD 185247,HD 185247,B9V C,19:38:13.02,-00:29:23.1,0.77,HD 185247,HD_185247_o45_c2T,57,WIDE,1,0,2017-07-30-05:27:17.727,9733.1737,9940.9489,9733.009578848621,9940.784805002493,/Users/hamano/DIB_analysis/DIB_pipeline_dir/HD_185247/2017_07_29-HD_185247_pipeline_ver3.6/2017_07_29-HD_185247_pipeline_ver3.6--2017_07_29-HR_7159_pipeline_ver3.6-T2/sum/HD_185247_sum_m57_fsr1.30_AIR_tel_wscor_helio.fits,True,23040,HD_185247/HD_185247_o45_c2T/HD_185247_sum_m57_fsr1.30_AIR_tel_wscor_helio.fits,HD_185247,/Users/hamano/DIB_analysis/DIB_pipeline_dir/HD_185247/2017_07_29-HD_185247_pipeline_ver3.6/2017_07_29-HD_185247_pipeline_ver3.6--2017_07_29-HR_7159_pipeline_ver3.6-T2/,wide
True,paper_2206_03131_reddened_target,,,,,45,HD 185247,HD 185247,B9V C,19:38:13.02,-00:29:23.1,0.77,HD 185247,HD_185247_o45_c2T,44,WIDE,1,0,2017-07-30-05:27:17.727,12551.3163,12938.8088,12551.10395661575,12938.59645262141,/Users/hamano/DIB_analysis/DIB_pipeline_dir/HD_185247/2017_07_29-HD_185247_pipeline_ver3.6/2017_07_29-HD_185247_pipeline_ver3.6--2017_07_29-HR_7159_pipeline_ver3.6-T2/sum/HD_185247_sum_m44_fsr1.30_AIR_tel_wscor_helio.fits,True,25920,HD_185247/HD_185247_o45_c2T/HD_185247_sum_m44_fsr1.30_AIR_tel_wscor_helio.fits,HD_185247,/Users/hamano/DIB_analysis/DIB_pipeline_dir/HD_185247/2017_07_29-HD_185247_pipeline_ver3.6/2017_07_29-HD_185247_pipeline_ver3.6--2017_07_29-HR_7159_pipeline_ver3.6-T2/,wide
True,paper_2206_03131_reddened_target,,,,,45,HD 185247,HD 185247,B9V C,19:38:13.02,-00:29:23.1,0.77,HD 185247,HD_185247_o45_c2T,43,WIDE,1,0,2017-07-30-05:27:17.727,12852.7247,13229.3981,12852.50744098427,13229.1808417575,/Users/hamano/DIB_analysis/DIB_pipeline_dir/HD_185247/2017_07_29-HD_185247_pipeline_ver3.6/2017_07_29-HD_185247_pipeline_ver3.6--2017_07_29-HR_7159_pipeline_ver3.6-T2/sum/HD_185247_sum_m43_fsr1.30_AIR_tel_wscor_helio.fits,True,25920,HD_185247/HD_185247_o45_c2T/HD_185247_sum_m43_fsr1.30_AIR_tel_wscor_helio.fits,HD_185247,/Users/hamano/DIB_analysis/DIB_pipeline_dir/HD_185247/2017_07_29-HD_185247_pipeline_ver3.6/2017_07_29-HD_185247_pipeline_ver3.6--2017_07_29-HR_7159_pipeline_ver3.6-T2/,wide
True,paper_2206_03131_reddened_target,,,,,45,HD 185247,HD 185247,B9V C,19:38:13.02,-00:29:23.1,0.77,HD 185247,HD_185247_o45_c2T,60,WIDE,1,0,2017-07-30-05:27:17.727,9256.3185,9438.1101,9256.162878089603,9437.954454120087,/Users/hamano/DIB_analysis/DIB_pipeline_dir/HD_185247/2017_07_29-HD_185247_pipeline_ver3.6/2017_07_29-HD_185247_pipeline_ver3.6--2017_07_29-HR_7159_pipeline_ver3.6-T2/sum/HD_185247_sum_m60_fsr1.30_AIR_tel_wscor_helio.fits,True,23040,HD_185247/HD_185247_o45_c2T/HD_185247_sum_m60_fsr1.30_AIR_tel_wscor_helio.fits,HD_185247,/Users/hamano/DIB_analysis/DIB_pipeline_dir/HD_185247/2017_07_29-HD_185247_pipeline_ver3.6/2017_07_29-HD_185247_pipeline_ver3.6--2017_07_29-HR_7159_pipeline_ver3.6-T2/,wide
True,paper_2206_03131_reddened_target,,,,,45,HD 185247,HD 185247,B9V C,19:38:13.02,-00:29:23.1,0.77,HD 185247,HD_185247_o45_c2T,45,WIDE,1,0,2017-07-30-05:27:17.727,12274.4006,12638.0866,12274.19282858961,12637.87877252924,/Users/hamano/DIB_analysis/DIB_pipeline_dir/HD_185247/2017_07_29-HD_185247_pipeline_ver3.6/2017_07_29-HD_185247_pipeline_ver3.6--2017_07_29-HR_7159_pipeline_ver3.6-T2/sum/HD_185247_sum_m45_fsr1.30_AIR_tel_wscor_helio.fits,True,25920,HD_185247/HD_185247_o45_c2T/HD_185247_sum_m45_fsr1.30_AIR_tel_wscor_helio.fits,HD_185247,/Users/hamano/DIB_analysis/DIB_pipeline_dir/HD_185247/2017_07_29-HD_185247_pipeline_ver3.6/2017_07_29-HD_185247_pipeline_ver3.6--2017_07_29-HR_7159_pipeline_ver3.6-T2/,wide
True,paper_2206_03131_reddened_target,,,,,45,HD 185247,HD 185247,B9V C,19:38:13.02,-00:29:23.1,0.77,HD 185247,HD_185247_o45_c2T,55,WIDE,1,0,2017-07-30-05:27:17.727,10070.0713,10303.8331,10069.90115314073,10303.66295212912,/Users/hamano/DIB_analysis/DIB_pipeline_dir/HD_185247/2017_07_29-HD_185247_pipeline_ver3.6/2017_07_29-HD_185247_pipeline_ver3.6--2017_07_29-HR_7159_pipeline_ver3.6-T2/sum/HD_185247_sum_m55_fsr1.30_AIR_tel_wscor_helio.fits,True,23040,HD_185247/HD_185247_o45_c2T/HD_185247_sum_m55_fsr1.30_AIR_tel_wscor_helio.fits,HD_185247,/Users/hamano/DIB_analysis/DIB_pipeline_dir/HD_185247/2017_07_29-HD_185247_pipeline_ver3.6/2017_07_29-HD_185247_pipeline_ver3.6--2017_07_29-HR_7159_pipeline_ver3.6-T2/,wide
True,paper_2206_03131_reddened_target,,,,,45,HD 185247,HD 185247,B9V C,19:38:13.02,-00:29:23.1,0.77,HD 185247,HD_185247_o45_c2T,48,WIDE,1,0,2017-07-30-05:27:17.727,11520.6301,11832.3439,11520.43508138247,11832.14883238436,/Users/hamano/DIB_analysis/DIB_pipeline_dir/HD_185247/2017_07_29-HD_185247_pipeline_ver3.6/2017_07_29-HD_185247_pipeline_ver3.6--2017_07_29-HR_7159_pipeline_ver3.6-T2/sum/HD_185247_sum_m48_fsr1.30_AIR_tel_wscor_helio.fits,True,25920,HD_185247/HD_185247_o45_c2T/HD_185247_sum_m48_fsr1.30_AIR_tel_wscor_helio.fits,HD_185247,/Users/hamano/DIB_analysis/DIB_pipeline_dir/HD_185247/2017_07_29-HD_185247_pipeline_ver3.6/2017_07_29-HD_185247_pipeline_ver3.6--2017_07_29-HR_7159_pipeline_ver3.6-T2/,wide
True,paper_2206_03131_reddened_target,,,,,45,HD 185247,HD 185247,B9V C,19:38:13.02,-00:29:23.1,0.77,HD 185247,HD_185247_o45_c2T,51,WIDE,1,0,2017-07-30-05:27:17.727,10855.3326,11128.0694,10855.14890094969,11127.88570158113,/Users/hamano/DIB_analysis/DIB_pipeline_dir/HD_185247/2017_07_29-HD_185247_pipeline_ver3.6/2017_07_29-HD_185247_pipeline_ver3.6--2017_07_29-HR_7159_pipeline_ver3.6-T2/sum/HD_185247_sum_m51_fsr1.30_AIR_tel_wscor_helio.fits,True,25920,HD_185247/HD_185247_o45_c2T/HD_185247_sum_m51_fsr1.30_AIR_tel_wscor_helio.fits,HD_185247,/Users/hamano/DIB_analysis/DIB_pipeline_dir/HD_185247/2017_07_29-HD_185247_pipeline_ver3.6/2017_07_29-HD_185247_pipeline_ver3.6--2017_07_29-HR_7159_pipeline_ver3.6-T2/,wide
True,paper_2206_03131_reddened_target,,,,,45,HD 185247,HD 185247,B9V C,19:38:13.02,-00:29:23.1,0.77,HD 185247,HD_185247_o45_c2T,58,WIDE,1,0,2017-07-30-05:27:17.727,9550.2291,9783.9996,9550.067959088185,9783.838505804373,/Users/hamano/DIB_analysis/DIB_pipeline_dir/HD_185247/2017_07_29-HD_185247_pipeline_ver3.6/2017_07_29-HD_185247_pipeline_ver3.6--2017_07_29-HR_7159_pipeline_ver3.6-T2/sum/HD_185247_sum_m58_fsr1.30_AIR_tel_wscor_helio.fits,True,25920,HD_185247/HD_185247_o45_c2T/HD_185247_sum_m58_fsr1.30_AIR_tel_wscor_helio.fits,HD_185247,/Users/hamano/DIB_analysis/DIB_pipeline_dir/HD_185247/2017_07_29-HD_185247_pipeline_ver3.6/2017_07_29-HD_185247_pipeline_ver3.6--2017_07_29-HR_7159_pipeline_ver3.6-T2/,wide
True,paper_2206_03131_reddened_target,,,,,45,HD 185247,HD 185247,B9V C,19:38:13.02,-00:29:23.1,0.77,HD 185247,HD_185247_o45_c2T,47,WIDE,1,0,2017-07-30-05:27:17.727,11759.0576,12083.7637,11758.85850274953,12083.56457226043,/Users/hamano/DIB_analysis/DIB_pipeline_dir/HD_185247/2017_07_29-HD_185247_pipeline_ver3.6/2017_07_29-HD_185247_pipeline_ver3.6--2017_07_29-HR_7159_pipeline_ver3.6-T2/sum/HD_185247_sum_m47_fsr1.30_AIR_tel_wscor_helio.fits,True,25920,HD_185247/HD_185247_o45_c2T/HD_185247_sum_m47_fsr1.30_AIR_tel_wscor_helio.fits,HD_185247,/Users/hamano/DIB_analysis/DIB_pipeline_dir/HD_185247/2017_07_29-HD_185247_pipeline_ver3.6/2017_07_29-HD_185247_pipeline_ver3.6--2017_07_29-HR_7159_pipeline_ver3.6-T2/,wide
True,paper_2206_03131_reddened_target,,,,,22,HD 135591,HD 135591,O8IV((f)) C,15:18:49.14,-60:29:46.7,0.2,HD 135591,HD_135591_o22_c2T,52,WIDE,1,0,2017-07-29-23:55:18.496,10644.8854,10917.6117,10644.70526015128,10917.43158446296,/Users/hamano/DIB_analysis/DIB_pipeline_dir/HD_135591/2017_07_29-HD_135591_pipeline_ver3.6/2017_07_29-HD_135591_pipeline_ver3.6--2017_07_29-HD_139129_pipeline_ver3.6-T2/sum/HD_135591_sum_m52_fsr1.30_AIR_tel_wscor_helio.fits,True,25920,HD_135591/HD_135591_o22_c2T/HD_135591_sum_m52_fsr1.30_AIR_tel_wscor_helio.fits,HD_135591,/Users/hamano/DIB_analysis/DIB_pipeline_dir/HD_135591/2017_07_29-HD_135591_pipeline_ver3.6/2017_07_29-HD_135591_pipeline_ver3.6--2017_07_29-HD_139129_pipeline_ver3.6-T2/,wide
True,paper_2206_03131_reddened_target,,,,,22,HD 135591,HD 135591,O8IV((f)) C,15:18:49.14,-60:29:46.7,0.2,HD 135591,HD_135591_o22_c2T,59,WIDE,1,0,2017-07-29-23:55:18.496,9392.8189,9600.5898,9392.660530701631,9600.431388187251,/Users/hamano/DIB_analysis/DIB_pipeline_dir/HD_135591/2017_07_29-HD_135591_pipeline_ver3.6/2017_07_29-HD_135591_pipeline_ver3.6--2017_07_29-HD_139129_pipeline_ver3.6-T2/sum/HD_135591_sum_m59_fsr1.30_AIR_tel_wscor_helio.fits,True,23040,HD_135591/HD_135591_o22_c2T/HD_135591_sum_m59_fsr1.30_AIR_tel_wscor_helio.fits,HD_135591,/Users/hamano/DIB_analysis/DIB_pipeline_dir/HD_135591/2017_07_29-HD_135591_pipeline_ver3.6/2017_07_29-HD_135591_pipeline_ver3.6--2017_07_29-HD_139129_pipeline_ver3.6-T2/,wide
True,paper_2206_03131_reddened_target,,,,,22,HD 135591,HD 135591,O8IV((f)) C,15:18:49.14,-60:29:46.7,0.2,HD 135591,HD_135591_o22_c2T,50,WIDE,1,0,2017-07-29-23:55:18.496,11063.2405,11348.9556,11063.05311720186,11348.76820424506,/Users/hamano/DIB_analysis/DIB_pipeline_dir/HD_135591/2017_07_29-HD_135591_pipeline_ver3.6/2017_07_29-HD_135591_pipeline_ver3.6--2017_07_29-HD_139129_pipeline_ver3.6-T2/sum/HD_135591_sum_m50_fsr1.30_AIR_tel_wscor_helio.fits,True,25920,HD_135591/HD_135591_o22_c2T/HD_135591_sum_m50_fsr1.30_AIR_tel_wscor_helio.fits,HD_135591,/Users/hamano/DIB_analysis/DIB_pipeline_dir/HD_135591/2017_07_29-HD_135591_pipeline_ver3.6/2017_07_29-HD_135591_pipeline_ver3.6--2017_07_29-HD_139129_pipeline_ver3.6-T2/,wide
True,paper_2206_03131_reddened_target,,,,,22,HD 135591,HD 135591,O8IV((f)) C,15:18:49.14,-60:29:46.7,0.2,HD 135591,HD_135591_o22_c2T,44,WIDE,1,0,2017-07-29-23:55:18.496,12550.7247,12938.1982,12550.51240011127,12937.98587046053,/Users/hamano/DIB_analysis/DIB_pipeline_dir/HD_135591/2017_07_29-HD_135591_pipeline_ver3.6/2017_07_29-HD_135591_pipeline_ver3.6--2017_07_29-HD_139129_pipeline_ver3.6-T2/sum/HD_135591_sum_m44_fsr1.30_AIR_tel_wscor_helio.fits,True,25920,HD_135591/HD_135591_o22_c2T/HD_135591_sum_m44_fsr1.30_AIR_tel_wscor_helio.fits,HD_135591,/Users/hamano/DIB_analysis/DIB_pipeline_dir/HD_135591/2017_07_29-HD_135591_pipeline_ver3.6/2017_07_29-HD_135591_pipeline_ver3.6--2017_07_29-HD_139129_pipeline_ver3.6-T2/,wide
True,paper_2206_03131_reddened_target,,,,,22,HD 135591,HD 135591,O8IV((f)) C,15:18:49.14,-60:29:46.7,0.2,HD 135591,HD_135591_o22_c2T,45,WIDE,1,0,2017-07-29-23:55:18.496,12273.8208,12637.4889,12273.61296236167,12637.28104953277,/Users/hamano/DIB_analysis/DIB_pipeline_dir/HD_135591/2017_07_29-HD_135591_pipeline_ver3.6/2017_07_29-HD_135591_pipeline_ver3.6--2017_07_29-HD_139129_pipeline_ver3.6-T2/sum/HD_135591_sum_m45_fsr1.30_AIR_tel_wscor_helio.fits,True,25920,HD_135591/HD_135591_o22_c2T/HD_135591_sum_m45_fsr1.30_AIR_tel_wscor_helio.fits,HD_135591,/Users/hamano/DIB_analysis/DIB_pipeline_dir/HD_135591/2017_07_29-HD_135591_pipeline_ver3.6/2017_07_29-HD_135591_pipeline_ver3.6--2017_07_29-HD_139129_pipeline_ver3.6-T2/,wide
True,paper_2206_03131_reddened_target,,,,,22,HD 135591,HD 135591,O8IV((f)) C,15:18:49.14,-60:29:46.7,0.2,HD 135591,HD_135591_o22_c2T,46,WIDE,1,0,2017-07-29-23:55:18.496,12005.4138,12356.0912,12005.21054915209,12355.88792920596,/Users/hamano/DIB_analysis/DIB_pipeline_dir/HD_135591/2017_07_29-HD_135591_pipeline_ver3.6/2017_07_29-HD_135591_pipeline_ver3.6--2017_07_29-HD_139129_pipeline_ver3.6-T2/sum/HD_135591_sum_m46_fsr1.30_AIR_tel_wscor_helio.fits,True,25920,HD_135591/HD_135591_o22_c2T/HD_135591_sum_m46_fsr1.30_AIR_tel_wscor_helio.fits,HD_135591,/Users/hamano/DIB_analysis/DIB_pipeline_dir/HD_135591/2017_07_29-HD_135591_pipeline_ver3.6/2017_07_29-HD_135591_pipeline_ver3.6--2017_07_29-HD_139129_pipeline_ver3.6-T2/,wide
True,paper_2206_03131_reddened_target,,,,,22,HD 135591,HD 135591,O8IV((f)) C,15:18:49.14,-60:29:46.7,0.2,HD 135591,HD_135591_o22_c2T,53,WIDE,1,0,2017-07-29-23:55:18.496,10446.4541,10706.1888,10446.27744827947,10706.01209597757,/Users/hamano/DIB_analysis/DIB_pipeline_dir/HD_135591/2017_07_29-HD_135591_pipeline_ver3.6/2017_07_29-HD_135591_pipeline_ver3.6--2017_07_29-HD_139129_pipeline_ver3.6-T2/sum/HD_135591_sum_m53_fsr1.30_AIR_tel_wscor_helio.fits,True,25920,HD_135591/HD_135591_o22_c2T/HD_135591_sum_m53_fsr1.30_AIR_tel_wscor_helio.fits,HD_135591,/Users/hamano/DIB_analysis/DIB_pipeline_dir/HD_135591/2017_07_29-HD_135591_pipeline_ver3.6/2017_07_29-HD_135591_pipeline_ver3.6--2017_07_29-HD_139129_pipeline_ver3.6-T2/,wide
True,paper_2206_03131_reddened_target,,,,,22,HD 135591,HD 135591,O8IV((f)) C,15:18:49.14,-60:29:46.7,0.2,HD 135591,HD_135591_o22_c2T,51,WIDE,1,0,2017-07-29-23:55:18.496,10854.8127,11127.5361,10854.62904494485,11127.35245435768,/Users/hamano/DIB_analysis/DIB_pipeline_dir/HD_135591/2017_07_29-HD_135591_pipeline_ver3.6/2017_07_29-HD_135591_pipeline_ver3.6--2017_07_29-HD_139129_pipeline_ver3.6-T2/sum/HD_135591_sum_m51_fsr1.30_AIR_tel_wscor_helio.fits,True,25920,HD_135591/HD_135591_o22_c2T/HD_135591_sum_m51_fsr1.30_AIR_tel_wscor_helio.fits,HD_135591,/Users/hamano/DIB_analysis/DIB_pipeline_dir/HD_135591/2017_07_29-HD_135591_pipeline_ver3.6/2017_07_29-HD_135591_pipeline_ver3.6--2017_07_29-HD_139129_pipeline_ver3.6-T2/,wide
True,paper_2206_03131_reddened_target,,,,,22,HD 135591,HD 135591,O8IV((f)) C,15:18:49.14,-60:29:46.7,0.2,HD 135591,HD_135591_o22_c2T,60,WIDE,1,0,2017-07-29-23:55:18.496,9255.8663,9437.649,9255.710679844016,9437.493330013242,/Users/hamano/DIB_analysis/DIB_pipeline_dir/HD_135591/2017_07_29-HD_135591_pipeline_ver3.6/2017_07_29-HD_135591_pipeline_ver3.6--2017_07_29-HD_139129_pipeline_ver3.6-T2/sum/HD_135591_sum_m60_fsr1.30_AIR_tel_wscor_helio.fits,True,23040,HD_135591/HD_135591_o22_c2T/HD_135591_sum_m60_fsr1.30_AIR_tel_wscor_helio.fits,HD_135591,/Users/hamano/DIB_analysis/DIB_pipeline_dir/HD_135591/2017_07_29-HD_135591_pipeline_ver3.6/2017_07_29-HD_135591_pipeline_ver3.6--2017_07_29-HD_139129_pipeline_ver3.6-T2/,wide
True,paper_2206_03131_reddened_target,,,,,22,HD 135591,HD 135591,O8IV((f)) C,15:18:49.14,-60:29:46.7,0.2,HD 135591,HD_135591_o22_c2T,61,WIDE,1,0,2017-07-29-23:55:18.496,9092.9226,9300.6983,9092.769604421503,9300.545319206498,/Users/hamano/DIB_analysis/DIB_pipeline_dir/HD_135591/2017_07_29-HD_135591_pipeline_ver3.6/2017_07_29-HD_135591_pipeline_ver3.6--2017_07_29-HD_139129_pipeline_ver3.6-T2/sum/HD_135591_sum_m61_fsr1.30_AIR_tel_wscor_helio.fits,True,23040,HD_135591/HD_135591_o22_c2T/HD_135591_sum_m61_fsr1.30_AIR_tel_wscor_helio.fits,HD_135591,/Users/hamano/DIB_analysis/DIB_pipeline_dir/HD_135591/2017_07_29-HD_135591_pipeline_ver3.6/2017_07_29-HD_135591_pipeline_ver3.6--2017_07_29-HD_139129_pipeline_ver3.6-T2/,wide
True,paper_2206_03131_reddened_target,,,,,22,HD 135591,HD 135591,O8IV((f)) C,15:18:49.14,-60:29:46.7,0.2,HD 135591,HD_135591_o22_c2T,42,WIDE,1,0,2017-07-29-23:55:18.496,13137.5212,13553.157,13137.29891522534,13552.9347015245,/Users/hamano/DIB_analysis/DIB_pipeline_dir/HD_135591/2017_07_29-HD_135591_pipeline_ver3.6/2017_07_29-HD_135591_pipeline_ver3.6--2017_07_29-HD_139129_pipeline_ver3.6-T2/sum/HD_135591_sum_m42_fsr1.30_AIR_tel_wscor_helio.fits,True,25920,HD_135591/HD_135591_o22_c2T/HD_135591_sum_m42_fsr1.30_AIR_tel_wscor_helio.fits,HD_135591,/Users/hamano/DIB_analysis/DIB_pipeline_dir/HD_135591/2017_07_29-HD_135591_pipeline_ver3.6/2017_07_29-HD_135591_pipeline_ver3.6--2017_07_29-HD_139129_pipeline_ver3.6-T2/,wide
True,paper_2206_03131_reddened_target,,,,,22,HD 135591,HD 135591,O8IV((f)) C,15:18:49.14,-60:29:46.7,0.2,HD 135591,HD_135591_o22_c2T,57,WIDE,1,0,2017-07-29-23:55:18.496,9732.7013,9940.4663,9732.537200057843,9940.302224568451,/Users/hamano/DIB_analysis/DIB_pipeline_dir/HD_135591/2017_07_29-HD_135591_pipeline_ver3.6/2017_07_29-HD_135591_pipeline_ver3.6--2017_07_29-HD_139129_pipeline_ver3.6-T2/sum/HD_135591_sum_m57_fsr1.30_AIR_tel_wscor_helio.fits,True,23040,HD_135591/HD_135591_o22_c2T/HD_135591_sum_m57_fsr1.30_AIR_tel_wscor_helio.fits,HD_135591,/Users/hamano/DIB_analysis/DIB_pipeline_dir/HD_135591/2017_07_29-HD_135591_pipeline_ver3.6/2017_07_29-HD_135591_pipeline_ver3.6--2017_07_29-HD_139129_pipeline_ver3.6-T2/,wide
True,paper_2206_03131_reddened_target,,,,,22,HD 135591,HD 135591,O8IV((f)) C,15:18:49.14,-60:29:46.7,0.2,HD 135591,HD_135591_o22_c2T,56,WIDE,1,0,2017-07-29-23:55:18.496,9889.6469,10123.4002,9889.479854662639,10123.23309204127,/Users/hamano/DIB_analysis/DIB_pipeline_dir/HD_135591/2017_07_29-HD_135591_pipeline_ver3.6/2017_07_29-HD_135591_pipeline_ver3.6--2017_07_29-HD_139129_pipeline_ver3.6-T2/sum/HD_135591_sum_m56_fsr1.30_AIR_tel_wscor_helio.fits,True,23040,HD_135591/HD_135591_o22_c2T/HD_135591_sum_m56_fsr1.30_AIR_tel_wscor_helio.fits,HD_135591,/Users/hamano/DIB_analysis/DIB_pipeline_dir/HD_135591/2017_07_29-HD_135591_pipeline_ver3.6/2017_07_29-HD_135591_pipeline_ver3.6--2017_07_29-HD_139129_pipeline_ver3.6-T2/,wide
True,paper_2206_03131_reddened_target,,,,,22,HD 135591,HD 135591,O8IV((f)) C,15:18:49.14,-60:29:46.7,0.2,HD 135591,HD_135591_o22_c2T,54,WIDE,1,0,2017-07-29-23:55:18.496,10246.5234,10506.2609,10246.34996553443,10506.08752787054,/Users/hamano/DIB_analysis/DIB_pipeline_dir/HD_135591/2017_07_29-HD_135591_pipeline_ver3.6/2017_07_29-HD_135591_pipeline_ver3.6--2017_07_29-HD_139129_pipeline_ver3.6-T2/sum/HD_135591_sum_m54_fsr1.30_AIR_tel_wscor_helio.fits,True,25920,HD_135591/HD_135591_o22_c2T/HD_135591_sum_m54_fsr1.30_AIR_tel_wscor_helio.fits,HD_135591,/Users/hamano/DIB_analysis/DIB_pipeline_dir/HD_135591/2017_07_29-HD_135591_pipeline_ver3.6/2017_07_29-HD_135591_pipeline_ver3.6--2017_07_29-HD_139129_pipeline_ver3.6-T2/,wide
True,paper_2206_03131_reddened_target,,,,,22,HD 135591,HD 135591,O8IV((f)) C,15:18:49.14,-60:29:46.7,0.2,HD 135591,HD_135591_o22_c2T,43,WIDE,1,0,2017-07-29-23:55:18.496,12852.1203,13228.7752,12851.90303916514,13228.55794549328,/Users/hamano/DIB_analysis/DIB_pipeline_dir/HD_135591/2017_07_29-HD_135591_pipeline_ver3.6/2017_07_29-HD_135591_pipeline_ver3.6--2017_07_29-HD_139129_pipeline_ver3.6-T2/sum/HD_135591_sum_m43_fsr1.30_AIR_tel_wscor_helio.fits,True,25920,HD_135591/HD_135591_o22_c2T/HD_135591_sum_m43_fsr1.30_AIR_tel_wscor_helio.fits,HD_135591,/Users/hamano/DIB_analysis/DIB_pipeline_dir/HD_135591/2017_07_29-HD_135591_pipeline_ver3.6/2017_07_29-HD_135591_pipeline_ver3.6--2017_07_29-HD_139129_pipeline_ver3.6-T2/,wide
True,paper_2206_03131_reddened_target,,,,,22,HD 135591,HD 135591,O8IV((f)) C,15:18:49.14,-60:29:46.7,0.2,HD 135591,HD_135591_o22_c2T,47,WIDE,1,0,2017-07-29-23:55:18.496,11758.4995,12083.1896,11758.30041000474,12082.99053663625,/Users/hamano/DIB_analysis/DIB_pipeline_dir/HD_135591/2017_07_29-HD_135591_pipeline_ver3.6/2017_07_29-HD_135591_pipeline_ver3.6--2017_07_29-HD_139129_pipeline_ver3.6-T2/sum/HD_135591_sum_m47_fsr1.30_AIR_tel_wscor_helio.fits,True,25920,HD_135591/HD_135591_o22_c2T/HD_135591_sum_m47_fsr1.30_AIR_tel_wscor_helio.fits,HD_135591,/Users/hamano/DIB_analysis/DIB_pipeline_dir/HD_135591/2017_07_29-HD_135591_pipeline_ver3.6/2017_07_29-HD_135591_pipeline_ver3.6--2017_07_29-HD_139129_pipeline_ver3.6-T2/,wide
True,paper_2206_03131_reddened_target,,,,,22,HD 135591,HD 135591,O8IV((f)) C,15:18:49.14,-60:29:46.7,0.2,HD 135591,HD_135591_o22_c2T,48,WIDE,1,0,2017-07-29-23:55:18.496,11520.0821,11831.7806,11519.88707884794,11831.5855248857,/Users/hamano/DIB_analysis/DIB_pipeline_dir/HD_135591/2017_07_29-HD_135591_pipeline_ver3.6/2017_07_29-HD_135591_pipeline_ver3.6--2017_07_29-HD_139129_pipeline_ver3.6-T2/sum/HD_135591_sum_m48_fsr1.30_AIR_tel_wscor_helio.fits,True,25920,HD_135591/HD_135591_o22_c2T/HD_135591_sum_m48_fsr1.30_AIR_tel_wscor_helio.fits,HD_135591,/Users/hamano/DIB_analysis/DIB_pipeline_dir/HD_135591/2017_07_29-HD_135591_pipeline_ver3.6/2017_07_29-HD_135591_pipeline_ver3.6--2017_07_29-HD_139129_pipeline_ver3.6-T2/,wide
True,paper_2206_03131_reddened_target,,,,,22,HD 135591,HD 135591,O8IV((f)) C,15:18:49.14,-60:29:46.7,0.2,HD 135591,HD_135591_o22_c2T,58,WIDE,1,0,2017-07-29-23:55:18.496,9549.7645,9783.5236,9549.603441250119,9783.362509967794,/Users/hamano/DIB_analysis/DIB_pipeline_dir/HD_135591/2017_07_29-HD_135591_pipeline_ver3.6/2017_07_29-HD_135591_pipeline_ver3.6--2017_07_29-HD_139129_pipeline_ver3.6-T2/sum/HD_135591_sum_m58_fsr1.30_AIR_tel_wscor_helio.fits,True,25920,HD_135591/HD_135591_o22_c2T/HD_135591_sum_m58_fsr1.30_AIR_tel_wscor_helio.fits,HD_135591,/Users/hamano/DIB_analysis/DIB_pipeline_dir/HD_135591/2017_07_29-HD_135591_pipeline_ver3.6/2017_07_29-HD_135591_pipeline_ver3.6--2017_07_29-HD_139129_pipeline_ver3.6-T2/,wide
True,paper_2206_03131_reddened_target,,,,,22,HD 135591,HD 135591,O8IV((f)) C,15:18:49.14,-60:29:46.7,0.2,HD 135591,HD_135591_o22_c2T,49,WIDE,1,0,2017-07-29-23:55:18.496,11280.1653,11591.8676,11279.97414415188,11591.67648007483,/Users/hamano/DIB_analysis/DIB_pipeline_dir/HD_135591/2017_07_29-HD_135591_pipeline_ver3.6/2017_07_29-HD_135591_pipeline_ver3.6--2017_07_29-HD_139129_pipeline_ver3.6-T2/sum/HD_135591_sum_m49_fsr1.30_AIR_tel_wscor_helio.fits,True,25920,HD_135591/HD_135591_o22_c2T/HD_135591_sum_m49_fsr1.30_AIR_tel_wscor_helio.fits,HD_135591,/Users/hamano/DIB_analysis/DIB_pipeline_dir/HD_135591/2017_07_29-HD_135591_pipeline_ver3.6/2017_07_29-HD_135591_pipeline_ver3.6--2017_07_29-HD_139129_pipeline_ver3.6-T2/,wide
True,paper_2206_03131_reddened_target,,,,,22,HD 135591,HD 135591,O8IV((f)) C,15:18:49.14,-60:29:46.7,0.2,HD 135591,HD_135591_o22_c2T,55,WIDE,1,0,2017-07-29-23:55:18.496,10069.5847,10303.335,10069.41454221672,10303.1648636363,/Users/hamano/DIB_analysis/DIB_pipeline_dir/HD_135591/2017_07_29-HD_135591_pipeline_ver3.6/2017_07_29-HD_135591_pipeline_ver3.6--2017_07_29-HD_139129_pipeline_ver3.6-T2/sum/HD_135591_sum_m55_fsr1.30_AIR_tel_wscor_helio.fits,True,23040,HD_135591/HD_135591_o22_c2T/HD_135591_sum_m55_fsr1.30_AIR_tel_wscor_helio.fits,HD_135591,/Users/hamano/DIB_analysis/DIB_pipeline_dir/HD_135591/2017_07_29-HD_135591_pipeline_ver3.6/2017_07_29-HD_135591_pipeline_ver3.6--2017_07_29-HD_139129_pipeline_ver3.6-T2/,wide
True,paper_2206_03131_reddened_target,,,,,32,HD 154368,HD 154368,O9.5Iab C,17:06:28.36,-35:27:03.7,0.75,HD 154368,HD_154368_o32_c2T,46,WIDE,1,0,2017-07-31-00:55:19.538,12005.3654,12356.0407,12005.16208105745,12355.83740238742,/Users/hamano/DIB_analysis/DIB_pipeline_dir/HD_154368/2017_07_30-HD_154368_pipeline_ver3.6/2017_07_30-HD_154368_pipeline_ver3.6--HD_139129_pipeline_ver3.6-T4/sum/HD_154368_sum_m46_fsr1.30_AIR_tel_wscor_helio.fits,True,25920,HD_154368/HD_154368_o32_c2T/HD_154368_sum_m46_fsr1.30_AIR_tel_wscor_helio.fits,HD_154368,/Users/hamano/DIB_analysis/DIB_pipeline_dir/HD_154368/2017_07_30-HD_154368_pipeline_ver3.6/2017_07_30-HD_154368_pipeline_ver3.6--HD_139129_pipeline_ver3.6-T4/,wide
True,paper_2206_03131_reddened_target,,,,,32,HD 154368,HD 154368,O9.5Iab C,17:06:28.36,-35:27:03.7,0.75,HD 154368,HD_154368_o32_c2T,60,WIDE,1,0,2017-07-31-00:55:19.538,9255.8642,9437.6458,9255.708589689935,9437.490172669561,/Users/hamano/DIB_analysis/DIB_pipeline_dir/HD_154368/2017_07_30-HD_154368_pipeline_ver3.6/2017_07_30-HD_154368_pipeline_ver3.6--HD_139129_pipeline_ver3.6-T4/sum/HD_154368_sum_m60_fsr1.30_AIR_tel_wscor_helio.fits,True,23040,HD_154368/HD_154368_o32_c2T/HD_154368_sum_m60_fsr1.30_AIR_tel_wscor_helio.fits,HD_154368,/Users/hamano/DIB_analysis/DIB_pipeline_dir/HD_154368/2017_07_30-HD_154368_pipeline_ver3.6/2017_07_30-HD_154368_pipeline_ver3.6--HD_139129_pipeline_ver3.6-T4/,wide
True,paper_2206_03131_reddened_target,,,,,32,HD 154368,HD 154368,O9.5Iab C,17:06:28.36,-35:27:03.7,0.75,HD 154368,HD_154368_o32_c2T,47,WIDE,1,0,2017-07-31-00:55:19.538,11758.4552,12083.1435,11758.25616444475,12082.94438491614,/Users/hamano/DIB_analysis/DIB_pipeline_dir/HD_154368/2017_07_30-HD_154368_pipeline_ver3.6/2017_07_30-HD_154368_pipeline_ver3.6--HD_139129_pipeline_ver3.6-T4/sum/HD_154368_sum_m47_fsr1.30_AIR_tel_wscor_helio.fits,True,25920,HD_154368/HD_154368_o32_c2T/HD_154368_sum_m47_fsr1.30_AIR_tel_wscor_helio.fits,HD_154368,/Users/hamano/DIB_analysis/DIB_pipeline_dir/HD_154368/2017_07_30-HD_154368_pipeline_ver3.6/2017_07_30-HD_154368_pipeline_ver3.6--HD_139129_pipeline_ver3.6-T4/,wide
True,paper_2206_03131_reddened_target,,,,,32,HD 154368,HD 154368,O9.5Iab C,17:06:28.36,-35:27:03.7,0.75,HD 154368,HD_154368_o32_c2T,43,WIDE,1,0,2017-07-31-00:55:19.538,12852.0576,13228.7103,12851.84042781876,13228.49312291583,/Users/hamano/DIB_analysis/DIB_pipeline_dir/HD_154368/2017_07_30-HD_154368_pipeline_ver3.6/2017_07_30-HD_154368_pipeline_ver3.6--HD_139129_pipeline_ver3.6-T4/sum/HD_154368_sum_m43_fsr1.30_AIR_tel_wscor_helio.fits,True,25920,HD_154368/HD_154368_o32_c2T/HD_154368_sum_m43_fsr1.30_AIR_tel_wscor_helio.fits,HD_154368,/Users/hamano/DIB_analysis/DIB_pipeline_dir/HD_154368/2017_07_30-HD_154368_pipeline_ver3.6/2017_07_30-HD_154368_pipeline_ver3.6--HD_139129_pipeline_ver3.6-T4/,wide
True,paper_2206_03131_reddened_target,,,,,32,HD 154368,HD 154368,O9.5Iab C,17:06:28.36,-35:27:03.7,0.75,HD 154368,HD_154368_o32_c2T,50,WIDE,1,0,2017-07-31-00:55:19.538,11063.2079,11348.9213,11063.02057897986,11348.73398867467,/Users/hamano/DIB_analysis/DIB_pipeline_dir/HD_154368/2017_07_30-HD_154368_pipeline_ver3.6/2017_07_30-HD_154368_pipeline_ver3.6--HD_139129_pipeline_ver3.6-T4/sum/HD_154368_sum_m50_fsr1.30_AIR_tel_wscor_helio.fits,True,25920,HD_154368/HD_154368_o32_c2T/HD_154368_sum_m50_fsr1.30_AIR_tel_wscor_helio.fits,HD_154368,/Users/hamano/DIB_analysis/DIB_pipeline_dir/HD_154368/2017_07_30-HD_154368_pipeline_ver3.6/2017_07_30-HD_154368_pipeline_ver3.6--HD_139129_pipeline_ver3.6-T4/,wide
True,paper_2206_03131_reddened_target,,,,,32,HD 154368,HD 154368,O9.5Iab C,17:06:28.36,-35:27:03.7,0.75,HD 154368,HD_154368_o32_c2T,56,WIDE,1,0,2017-07-31-00:55:19.538,9889.6341,10123.386,9889.467003886961,10123.2188689714,/Users/hamano/DIB_analysis/DIB_pipeline_dir/HD_154368/2017_07_30-HD_154368_pipeline_ver3.6/2017_07_30-HD_154368_pipeline_ver3.6--HD_139129_pipeline_ver3.6-T4/sum/HD_154368_sum_m56_fsr1.30_AIR_tel_wscor_helio.fits,True,23040,HD_154368/HD_154368_o32_c2T/HD_154368_sum_m56_fsr1.30_AIR_tel_wscor_helio.fits,HD_154368,/Users/hamano/DIB_analysis/DIB_pipeline_dir/HD_154368/2017_07_30-HD_154368_pipeline_ver3.6/2017_07_30-HD_154368_pipeline_ver3.6--HD_139129_pipeline_ver3.6-T4/,wide
True,paper_2206_03131_reddened_target,,,,,32,HD 154368,HD 154368,O9.5Iab C,17:06:28.36,-35:27:03.7,0.75,HD 154368,HD_154368_o32_c2T,57,WIDE,1,0,2017-07-31-00:55:19.538,9732.6912,9940.455,9732.527084561911,9940.290889347503,/Users/hamano/DIB_analysis/DIB_pipeline_dir/HD_154368/2017_07_30-HD_154368_pipeline_ver3.6/2017_07_30-HD_154368_pipeline_ver3.6--HD_139129_pipeline_ver3.6-T4/sum/HD_154368_sum_m57_fsr1.30_AIR_tel_wscor_helio.fits,True,23040,HD_154368/HD_154368_o32_c2T/HD_154368_sum_m57_fsr1.30_AIR_tel_wscor_helio.fits,HD_154368,/Users/hamano/DIB_analysis/DIB_pipeline_dir/HD_154368/2017_07_30-HD_154368_pipeline_ver3.6/2017_07_30-HD_154368_pipeline_ver3.6--HD_139129_pipeline_ver3.6-T4/,wide
True,paper_2206_03131_reddened_target,,,,,32,HD 154368,HD 154368,O9.5Iab C,17:06:28.36,-35:27:03.7,0.75,HD 154368,HD_154368_o32_c2T,45,WIDE,1,0,2017-07-31-00:55:19.538,12273.7678,12637.4337,12273.55998569117,12637.22593787348,/Users/hamano/DIB_analysis/DIB_pipeline_dir/HD_154368/2017_07_30-HD_154368_pipeline_ver3.6/2017_07_30-HD_154368_pipeline_ver3.6--HD_139129_pipeline_ver3.6-T4/sum/HD_154368_sum_m45_fsr1.30_AIR_tel_wscor_helio.fits,True,25920,HD_154368/HD_154368_o32_c2T/HD_154368_sum_m45_fsr1.30_AIR_tel_wscor_helio.fits,HD_154368,/Users/hamano/DIB_analysis/DIB_pipeline_dir/HD_154368/2017_07_30-HD_154368_pipeline_ver3.6/2017_07_30-HD_154368_pipeline_ver3.6--HD_139129_pipeline_ver3.6-T4/,wide
True,paper_2206_03131_reddened_target,,,,,32,HD 154368,HD 154368,O9.5Iab C,17:06:28.36,-35:27:03.7,0.75,HD 154368,HD_154368_o32_c2T,51,WIDE,1,0,2017-07-31-00:55:19.538,10854.7837,11127.5055,10854.60002337482,11127.3218317098,/Users/hamano/DIB_analysis/DIB_pipeline_dir/HD_154368/2017_07_30-HD_154368_pipeline_ver3.6/2017_07_30-HD_154368_pipeline_ver3.6--HD_139129_pipeline_ver3.6-T4/sum/HD_154368_sum_m51_fsr1.30_AIR_tel_wscor_helio.fits,True,25920,HD_154368/HD_154368_o32_c2T/HD_154368_sum_m51_fsr1.30_AIR_tel_wscor_helio.fits,HD_154368,/Users/hamano/DIB_analysis/DIB_pipeline_dir/HD_154368/2017_07_30-HD_154368_pipeline_ver3.6/2017_07_30-HD_154368_pipeline_ver3.6--HD_139129_pipeline_ver3.6-T4/,wide
True,paper_2206_03131_reddened_target,,,,,32,HD 154368,HD 154368,O9.5Iab C,17:06:28.36,-35:27:03.7,0.75,HD 154368,HD_154368_o32_c2T,53,WIDE,1,0,2017-07-31-00:55:19.538,10446.4319,10706.1651,10446.25525024947,10705.98837312343,/Users/hamano/DIB_analysis/DIB_pipeline_dir/HD_154368/2017_07_30-HD_154368_pipeline_ver3.6/2017_07_30-HD_154368_pipeline_ver3.6--HD_139129_pipeline_ver3.6-T4/sum/HD_154368_sum_m53_fsr1.30_AIR_tel_wscor_helio.fits,True,25920,HD_154368/HD_154368_o32_c2T/HD_154368_sum_m53_fsr1.30_AIR_tel_wscor_helio.fits,HD_154368,/Users/hamano/DIB_analysis/DIB_pipeline_dir/HD_154368/2017_07_30-HD_154368_pipeline_ver3.6/2017_07_30-HD_154368_pipeline_ver3.6--HD_139129_pipeline_ver3.6-T4/,wide
True,paper_2206_03131_reddened_target,,,,,32,HD 154368,HD 154368,O9.5Iab C,17:06:28.36,-35:27:03.7,0.75,HD 154368,HD_154368_o32_c2T,48,WIDE,1,0,2017-07-31-00:55:19.538,11520.0419,11831.7385,11519.84684606335,11831.54346221158,/Users/hamano/DIB_analysis/DIB_pipeline_dir/HD_154368/2017_07_30-HD_154368_pipeline_ver3.6/2017_07_30-HD_154368_pipeline_ver3.6--HD_139129_pipeline_ver3.6-T4/sum/HD_154368_sum_m48_fsr1.30_AIR_tel_wscor_helio.fits,True,25920,HD_154368/HD_154368_o32_c2T/HD_154368_sum_m48_fsr1.30_AIR_tel_wscor_helio.fits,HD_154368,/Users/hamano/DIB_analysis/DIB_pipeline_dir/HD_154368/2017_07_30-HD_154368_pipeline_ver3.6/2017_07_30-HD_154368_pipeline_ver3.6--HD_139129_pipeline_ver3.6-T4/,wide
True,paper_2206_03131_reddened_target,,,,,32,HD 154368,HD 154368,O9.5Iab C,17:06:28.36,-35:27:03.7,0.75,HD 154368,HD_154368_o32_c2T,49,WIDE,1,0,2017-07-31-00:55:19.538,11280.129,11591.8295,11279.93787941433,11591.63838542518,/Users/hamano/DIB_analysis/DIB_pipeline_dir/HD_154368/2017_07_30-HD_154368_pipeline_ver3.6/2017_07_30-HD_154368_pipeline_ver3.6--HD_139129_pipeline_ver3.6-T4/sum/HD_154368_sum_m49_fsr1.30_AIR_tel_wscor_helio.fits,True,25920,HD_154368/HD_154368_o32_c2T/HD_154368_sum_m49_fsr1.30_AIR_tel_wscor_helio.fits,HD_154368,/Users/hamano/DIB_analysis/DIB_pipeline_dir/HD_154368/2017_07_30-HD_154368_pipeline_ver3.6/2017_07_30-HD_154368_pipeline_ver3.6--HD_139129_pipeline_ver3.6-T4/,wide
True,paper_2206_03131_reddened_target,,,,,32,HD 154368,HD 154368,O9.5Iab C,17:06:28.36,-35:27:03.7,0.75,HD 154368,HD_154368_o32_c2T,54,WIDE,1,0,2017-07-31-00:55:19.538,10246.5045,10506.2405,10246.33107429655,10506.06711179173,/Users/hamano/DIB_analysis/DIB_pipeline_dir/HD_154368/2017_07_30-HD_154368_pipeline_ver3.6/2017_07_30-HD_154368_pipeline_ver3.6--HD_139129_pipeline_ver3.6-T4/sum/HD_154368_sum_m54_fsr1.30_AIR_tel_wscor_helio.fits,True,25920,HD_154368/HD_154368_o32_c2T/HD_154368_sum_m54_fsr1.30_AIR_tel_wscor_helio.fits,HD_154368,/Users/hamano/DIB_analysis/DIB_pipeline_dir/HD_154368/2017_07_30-HD_154368_pipeline_ver3.6/2017_07_30-HD_154368_pipeline_ver3.6--HD_139129_pipeline_ver3.6-T4/,wide
True,paper_2206_03131_reddened_target,,,,,32,HD 154368,HD 154368,O9.5Iab C,17:06:28.36,-35:27:03.7,0.75,HD 154368,HD_154368_o32_c2T,61,WIDE,1,0,2017-07-31-00:55:19.538,9092.9231,9300.6976,9092.770070656494,9300.544565655007,/Users/hamano/DIB_analysis/DIB_pipeline_dir/HD_154368/2017_07_30-HD_154368_pipeline_ver3.6/2017_07_30-HD_154368_pipeline_ver3.6--HD_139129_pipeline_ver3.6-T4/sum/HD_154368_sum_m61_fsr1.30_AIR_tel_wscor_helio.fits,True,23040,HD_154368/HD_154368_o32_c2T/HD_154368_sum_m61_fsr1.30_AIR_tel_wscor_helio.fits,HD_154368,/Users/hamano/DIB_analysis/DIB_pipeline_dir/HD_154368/2017_07_30-HD_154368_pipeline_ver3.6/2017_07_30-HD_154368_pipeline_ver3.6--HD_139129_pipeline_ver3.6-T4/,wide
True,paper_2206_03131_reddened_target,,,,,32,HD 154368,HD 154368,O9.5Iab C,17:06:28.36,-35:27:03.7,0.75,HD 154368,HD_154368_o32_c2T,58,WIDE,1,0,2017-07-31-00:55:19.538,9549.7573,9783.515,9549.59621273168,9783.353909121583,/Users/hamano/DIB_analysis/DIB_pipeline_dir/HD_154368/2017_07_30-HD_154368_pipeline_ver3.6/2017_07_30-HD_154368_pipeline_ver3.6--HD_139129_pipeline_ver3.6-T4/sum/HD_154368_sum_m58_fsr1.30_AIR_tel_wscor_helio.fits,True,25920,HD_154368/HD_154368_o32_c2T/HD_154368_sum_m58_fsr1.30_AIR_tel_wscor_helio.fits,HD_154368,/Users/hamano/DIB_analysis/DIB_pipeline_dir/HD_154368/2017_07_30-HD_154368_pipeline_ver3.6/2017_07_30-HD_154368_pipeline_ver3.6--HD_139129_pipeline_ver3.6-T4/,wide
True,paper_2206_03131_reddened_target,,,,,32,HD 154368,HD 154368,O9.5Iab C,17:06:28.36,-35:27:03.7,0.75,HD 154368,HD_154368_o32_c2T,44,WIDE,1,0,2017-07-31-00:55:19.538,12550.667,12938.1382,12550.45471640981,12937.9259120156,/Users/hamano/DIB_analysis/DIB_pipeline_dir/HD_154368/2017_07_30-HD_154368_pipeline_ver3.6/2017_07_30-HD_154368_pipeline_ver3.6--HD_139129_pipeline_ver3.6-T4/sum/HD_154368_sum_m44_fsr1.30_AIR_tel_wscor_helio.fits,True,25920,HD_154368/HD_154368_o32_c2T/HD_154368_sum_m44_fsr1.30_AIR_tel_wscor_helio.fits,HD_154368,/Users/hamano/DIB_analysis/DIB_pipeline_dir/HD_154368/2017_07_30-HD_154368_pipeline_ver3.6/2017_07_30-HD_154368_pipeline_ver3.6--HD_139129_pipeline_ver3.6-T4/,wide
True,paper_2206_03131_reddened_target,,,,,32,HD 154368,HD 154368,O9.5Iab C,17:06:28.36,-35:27:03.7,0.75,HD 154368,HD_154368_o32_c2T,59,WIDE,1,0,2017-07-31-00:55:19.538,9392.8144,9600.584,9392.656036749524,9600.425674476517,/Users/hamano/DIB_analysis/DIB_pipeline_dir/HD_154368/2017_07_30-HD_154368_pipeline_ver3.6/2017_07_30-HD_154368_pipeline_ver3.6--HD_139129_pipeline_ver3.6-T4/sum/HD_154368_sum_m59_fsr1.30_AIR_tel_wscor_helio.fits,True,23040,HD_154368/HD_154368_o32_c2T/HD_154368_sum_m59_fsr1.30_AIR_tel_wscor_helio.fits,HD_154368,/Users/hamano/DIB_analysis/DIB_pipeline_dir/HD_154368/2017_07_30-HD_154368_pipeline_ver3.6/2017_07_30-HD_154368_pipeline_ver3.6--HD_139129_pipeline_ver3.6-T4/,wide
True,paper_2206_03131_reddened_target,,,,,32,HD 154368,HD 154368,O9.5Iab C,17:06:28.36,-35:27:03.7,0.75,HD 154368,HD_154368_o32_c2T,55,WIDE,1,0,2017-07-31-00:55:19.538,10069.5688,10303.3178,10069.39871576827,10303.14766491046,/Users/hamano/DIB_analysis/DIB_pipeline_dir/HD_154368/2017_07_30-HD_154368_pipeline_ver3.6/2017_07_30-HD_154368_pipeline_ver3.6--HD_139129_pipeline_ver3.6-T4/sum/HD_154368_sum_m55_fsr1.30_AIR_tel_wscor_helio.fits,True,23040,HD_154368/HD_154368_o32_c2T/HD_154368_sum_m55_fsr1.30_AIR_tel_wscor_helio.fits,HD_154368,/Users/hamano/DIB_analysis/DIB_pipeline_dir/HD_154368/2017_07_30-HD_154368_pipeline_ver3.6/2017_07_30-HD_154368_pipeline_ver3.6--HD_139129_pipeline_ver3.6-T4/,wide
True,paper_2206_03131_reddened_target,,,,,32,HD 154368,HD 154368,O9.5Iab C,17:06:28.36,-35:27:03.7,0.75,HD 154368,HD_154368_o32_c2T,42,WIDE,1,0,2017-07-31-00:55:19.538,13137.4536,13553.087,13137.23137593509,13552.86472215759,/Users/hamano/DIB_analysis/DIB_pipeline_dir/HD_154368/2017_07_30-HD_154368_pipeline_ver3.6/2017_07_30-HD_154368_pipeline_ver3.6--HD_139129_pipeline_ver3.6-T4/sum/HD_154368_sum_m42_fsr1.30_AIR_tel_wscor_helio.fits,True,25920,HD_154368/HD_154368_o32_c2T/HD_154368_sum_m42_fsr1.30_AIR_tel_wscor_helio.fits,HD_154368,/Users/hamano/DIB_analysis/DIB_pipeline_dir/HD_154368/2017_07_30-HD_154368_pipeline_ver3.6/2017_07_30-HD_154368_pipeline_ver3.6--HD_139129_pipeline_ver3.6-T4/,wide
True,paper_2206_03131_reddened_target,,,,,32,HD 154368,HD 154368,O9.5Iab C,17:06:28.36,-35:27:03.7,0.75,HD 154368,HD_154368_o32_c2T,52,WIDE,1,0,2017-07-31-00:55:19.538,10644.8598,10917.5846,10644.67971042421,10917.40443364121,/Users/hamano/DIB_analysis/DIB_pipeline_dir/HD_154368/2017_07_30-HD_154368_pipeline_ver3.6/2017_07_30-HD_154368_pipeline_ver3.6--HD_139129_pipeline_ver3.6-T4/sum/HD_154368_sum_m52_fsr1.30_AIR_tel_wscor_helio.fits,True,25920,HD_154368/HD_154368_o32_c2T/HD_154368_sum_m52_fsr1.30_AIR_tel_wscor_helio.fits,HD_154368,/Users/hamano/DIB_analysis/DIB_pipeline_dir/HD_154368/2017_07_30-HD_154368_pipeline_ver3.6/2017_07_30-HD_154368_pipeline_ver3.6--HD_139129_pipeline_ver3.6-T4/,wide
True,paper_2206_03131_reddened_target,,,,,40,HD 168625,HD 168625,B6Iap C,18:21:19.54,-16:22:26.0,1.48,HD 168625,HD_168625_o40_c2T,54,WIDE,1,0,2017-07-31-02:16:49.595,10246.6897,10506.4309,10246.51630127496,10506.25749381696,/Users/hamano/DIB_analysis/DIB_pipeline_dir/HD_168625/2017_07_30-HD_168625_pipeline_ver3.6/2017_07_30-HD_168625_pipeline_ver3.6--HD_163336_pipeline_ver3.6-T2/sum/HD_168625_sum_m54_fsr1.30_AIR_tel_wscor_helio.fits,True,25920,HD_168625/HD_168625_o40_c2T/HD_168625_sum_m54_fsr1.30_AIR_tel_wscor_helio.fits,HD_168625,/Users/hamano/DIB_analysis/DIB_pipeline_dir/HD_168625/2017_07_30-HD_168625_pipeline_ver3.6/2017_07_30-HD_168625_pipeline_ver3.6--HD_163336_pipeline_ver3.6-T2/,wide
True,paper_2206_03131_reddened_target,,,,,40,HD 168625,HD 168625,B6Iap C,18:21:19.54,-16:22:26.0,1.48,HD 168625,HD_168625_o40_c2T,51,WIDE,1,0,2017-07-31-02:16:49.595,10854.981,11127.7082,10854.79736851655,11127.52458963045,/Users/hamano/DIB_analysis/DIB_pipeline_dir/HD_168625/2017_07_30-HD_168625_pipeline_ver3.6/2017_07_30-HD_168625_pipeline_ver3.6--HD_163336_pipeline_ver3.6-T2/sum/HD_168625_sum_m51_fsr1.30_AIR_tel_wscor_helio.fits,True,25920,HD_168625/HD_168625_o40_c2T/HD_168625_sum_m51_fsr1.30_AIR_tel_wscor_helio.fits,HD_168625,/Users/hamano/DIB_analysis/DIB_pipeline_dir/HD_168625/2017_07_30-HD_168625_pipeline_ver3.6/2017_07_30-HD_168625_pipeline_ver3.6--HD_163336_pipeline_ver3.6-T2/,wide
True,paper_2206_03131_reddened_target,,,,,40,HD 168625,HD 168625,B6Iap C,18:21:19.54,-16:22:26.0,1.48,HD 168625,HD_168625_o40_c2T,48,WIDE,1,0,2017-07-31-02:16:49.595,11520.2525,11831.9553,11520.05744542186,11831.76024789213,/Users/hamano/DIB_analysis/DIB_pipeline_dir/HD_168625/2017_07_30-HD_168625_pipeline_ver3.6/2017_07_30-HD_168625_pipeline_ver3.6--HD_163336_pipeline_ver3.6-T2/sum/HD_168625_sum_m48_fsr1.30_AIR_tel_wscor_helio.fits,True,25920,HD_168625/HD_168625_o40_c2T/HD_168625_sum_m48_fsr1.30_AIR_tel_wscor_helio.fits,HD_168625,/Users/hamano/DIB_analysis/DIB_pipeline_dir/HD_168625/2017_07_30-HD_168625_pipeline_ver3.6/2017_07_30-HD_168625_pipeline_ver3.6--HD_163336_pipeline_ver3.6-T2/,wide
True,paper_2206_03131_reddened_target,,,,,40,HD 168625,HD 168625,B6Iap C,18:21:19.54,-16:22:26.0,1.48,HD 168625,HD_168625_o40_c2T,55,WIDE,1,0,2017-07-31-02:16:49.595,10069.7505,10303.5041,10069.5804170108,10303.33400542742,/Users/hamano/DIB_analysis/DIB_pipeline_dir/HD_168625/2017_07_30-HD_168625_pipeline_ver3.6/2017_07_30-HD_168625_pipeline_ver3.6--HD_163336_pipeline_ver3.6-T2/sum/HD_168625_sum_m55_fsr1.30_AIR_tel_wscor_helio.fits,True,23040,HD_168625/HD_168625_o40_c2T/HD_168625_sum_m55_fsr1.30_AIR_tel_wscor_helio.fits,HD_168625,/Users/hamano/DIB_analysis/DIB_pipeline_dir/HD_168625/2017_07_30-HD_168625_pipeline_ver3.6/2017_07_30-HD_168625_pipeline_ver3.6--HD_163336_pipeline_ver3.6-T2/,wide
True,paper_2206_03131_reddened_target,,,,,40,HD 168625,HD 168625,B6Iap C,18:21:19.54,-16:22:26.0,1.48,HD 168625,HD_168625_o40_c2T,47,WIDE,1,0,2017-07-31-02:16:49.595,11758.6706,12083.3653,11758.4715137775,12083.16617841867,/Users/hamano/DIB_analysis/DIB_pipeline_dir/HD_168625/2017_07_30-HD_168625_pipeline_ver3.6/2017_07_30-HD_168625_pipeline_ver3.6--HD_163336_pipeline_ver3.6-T2/sum/HD_168625_sum_m47_fsr1.30_AIR_tel_wscor_helio.fits,True,25920,HD_168625/HD_168625_o40_c2T/HD_168625_sum_m47_fsr1.30_AIR_tel_wscor_helio.fits,HD_168625,/Users/hamano/DIB_analysis/DIB_pipeline_dir/HD_168625/2017_07_30-HD_168625_pipeline_ver3.6/2017_07_30-HD_168625_pipeline_ver3.6--HD_163336_pipeline_ver3.6-T2/,wide
True,paper_2206_03131_reddened_target,,,,,40,HD 168625,HD 168625,B6Iap C,18:21:19.54,-16:22:26.0,1.48,HD 168625,HD_168625_o40_c2T,42,WIDE,1,0,2017-07-31-02:16:49.595,13137.6965,13553.3381,13137.47420001246,13553.11579541621,/Users/hamano/DIB_analysis/DIB_pipeline_dir/HD_168625/2017_07_30-HD_168625_pipeline_ver3.6/2017_07_30-HD_168625_pipeline_ver3.6--HD_163336_pipeline_ver3.6-T2/sum/HD_168625_sum_m42_fsr1.30_AIR_tel_wscor_helio.fits,True,25920,HD_168625/HD_168625_o40_c2T/HD_168625_sum_m42_fsr1.30_AIR_tel_wscor_helio.fits,HD_168625,/Users/hamano/DIB_analysis/DIB_pipeline_dir/HD_168625/2017_07_30-HD_168625_pipeline_ver3.6/2017_07_30-HD_168625_pipeline_ver3.6--HD_163336_pipeline_ver3.6-T2/,wide
True,paper_2206_03131_reddened_target,,,,,40,HD 168625,HD 168625,B6Iap C,18:21:19.54,-16:22:26.0,1.48,HD 168625,HD_168625_o40_c2T,43,WIDE,1,0,2017-07-31-02:16:49.595,12852.2948,13228.955,12852.07756501222,13228.73773563153,/Users/hamano/DIB_analysis/DIB_pipeline_dir/HD_168625/2017_07_30-HD_168625_pipeline_ver3.6/2017_07_30-HD_168625_pipeline_ver3.6--HD_163336_pipeline_ver3.6-T2/sum/HD_168625_sum_m43_fsr1.30_AIR_tel_wscor_helio.fits,True,25920,HD_168625/HD_168625_o40_c2T/HD_168625_sum_m43_fsr1.30_AIR_tel_wscor_helio.fits,HD_168625,/Users/hamano/DIB_analysis/DIB_pipeline_dir/HD_168625/2017_07_30-HD_168625_pipeline_ver3.6/2017_07_30-HD_168625_pipeline_ver3.6--HD_163336_pipeline_ver3.6-T2/,wide
True,paper_2206_03131_reddened_target,,,,,40,HD 168625,HD 168625,B6Iap C,18:21:19.54,-16:22:26.0,1.48,HD 168625,HD_168625_o40_c2T,50,WIDE,1,0,2017-07-31-02:16:49.595,11063.4094,11349.1285,11063.22207667172,11348.94115699312,/Users/hamano/DIB_analysis/DIB_pipeline_dir/HD_168625/2017_07_30-HD_168625_pipeline_ver3.6/2017_07_30-HD_168625_pipeline_ver3.6--HD_163336_pipeline_ver3.6-T2/sum/HD_168625_sum_m50_fsr1.30_AIR_tel_wscor_helio.fits,True,25920,HD_168625/HD_168625_o40_c2T/HD_168625_sum_m50_fsr1.30_AIR_tel_wscor_helio.fits,HD_168625,/Users/hamano/DIB_analysis/DIB_pipeline_dir/HD_168625/2017_07_30-HD_168625_pipeline_ver3.6/2017_07_30-HD_168625_pipeline_ver3.6--HD_163336_pipeline_ver3.6-T2/,wide
True,paper_2206_03131_reddened_target,,,,,40,HD 168625,HD 168625,B6Iap C,18:21:19.54,-16:22:26.0,1.48,HD 168625,HD_168625_o40_c2T,49,WIDE,1,0,2017-07-31-02:16:49.595,11280.3348,11592.0415,11280.14369940762,11591.85039181764,/Users/hamano/DIB_analysis/DIB_pipeline_dir/HD_168625/2017_07_30-HD_168625_pipeline_ver3.6/2017_07_30-HD_168625_pipeline_ver3.6--HD_163336_pipeline_ver3.6-T2/sum/HD_168625_sum_m49_fsr1.30_AIR_tel_wscor_helio.fits,True,25920,HD_168625/HD_168625_o40_c2T/HD_168625_sum_m49_fsr1.30_AIR_tel_wscor_helio.fits,HD_168625,/Users/hamano/DIB_analysis/DIB_pipeline_dir/HD_168625/2017_07_30-HD_168625_pipeline_ver3.6/2017_07_30-HD_168625_pipeline_ver3.6--HD_163336_pipeline_ver3.6-T2/,wide
True,paper_2206_03131_reddened_target,,,,,40,HD 168625,HD 168625,B6Iap C,18:21:19.54,-16:22:26.0,1.48,HD 168625,HD_168625_o40_c2T,53,WIDE,1,0,2017-07-31-02:16:49.595,10446.6212,10706.3594,10446.44446003397,10706.18273789698,/Users/hamano/DIB_analysis/DIB_pipeline_dir/HD_168625/2017_07_30-HD_168625_pipeline_ver3.6/2017_07_30-HD_168625_pipeline_ver3.6--HD_163336_pipeline_ver3.6-T2/sum/HD_168625_sum_m53_fsr1.30_AIR_tel_wscor_helio.fits,True,25920,HD_168625/HD_168625_o40_c2T/HD_168625_sum_m53_fsr1.30_AIR_tel_wscor_helio.fits,HD_168625,/Users/hamano/DIB_analysis/DIB_pipeline_dir/HD_168625/2017_07_30-HD_168625_pipeline_ver3.6/2017_07_30-HD_168625_pipeline_ver3.6--HD_163336_pipeline_ver3.6-T2/,wide
True,paper_2206_03131_reddened_target,,,,,40,HD 168625,HD 168625,B6Iap C,18:21:19.54,-16:22:26.0,1.48,HD 168625,HD_168625_o40_c2T,46,WIDE,1,0,2017-07-31-02:16:49.595,12005.5856,12356.2679,12005.382350112,12356.06463138444,/Users/hamano/DIB_analysis/DIB_pipeline_dir/HD_168625/2017_07_30-HD_168625_pipeline_ver3.6/2017_07_30-HD_168625_pipeline_ver3.6--HD_163336_pipeline_ver3.6-T2/sum/HD_168625_sum_m46_fsr1.30_AIR_tel_wscor_helio.fits,True,25920,HD_168625/HD_168625_o40_c2T/HD_168625_sum_m46_fsr1.30_AIR_tel_wscor_helio.fits,HD_168625,/Users/hamano/DIB_analysis/DIB_pipeline_dir/HD_168625/2017_07_30-HD_168625_pipeline_ver3.6/2017_07_30-HD_168625_pipeline_ver3.6--HD_163336_pipeline_ver3.6-T2/,wide
True,paper_2206_03131_reddened_target,,,,,40,HD 168625,HD 168625,B6Iap C,18:21:19.54,-16:22:26.0,1.48,HD 168625,HD_168625_o40_c2T,44,WIDE,1,0,2017-07-31-02:16:49.595,12550.8982,12938.3771,12550.68584992308,12938.16473576858,/Users/hamano/DIB_analysis/DIB_pipeline_dir/HD_168625/2017_07_30-HD_168625_pipeline_ver3.6/2017_07_30-HD_168625_pipeline_ver3.6--HD_163336_pipeline_ver3.6-T2/sum/HD_168625_sum_m44_fsr1.30_AIR_tel_wscor_helio.fits,True,25920,HD_168625/HD_168625_o40_c2T/HD_168625_sum_m44_fsr1.30_AIR_tel_wscor_helio.fits,HD_168625,/Users/hamano/DIB_analysis/DIB_pipeline_dir/HD_168625/2017_07_30-HD_168625_pipeline_ver3.6/2017_07_30-HD_168625_pipeline_ver3.6--HD_163336_pipeline_ver3.6-T2/,wide
True,paper_2206_03131_reddened_target,,,,,40,HD 168625,HD 168625,B6Iap C,18:21:19.54,-16:22:26.0,1.48,HD 168625,HD_168625_o40_c2T,61,WIDE,1,0,2017-07-31-02:16:49.595,9093.0853,9300.8639,9092.932314941367,9300.710933692351,/Users/hamano/DIB_analysis/DIB_pipeline_dir/HD_168625/2017_07_30-HD_168625_pipeline_ver3.6/2017_07_30-HD_168625_pipeline_ver3.6--HD_163336_pipeline_ver3.6-T2/sum/HD_168625_sum_m61_fsr1.30_AIR_tel_wscor_helio.fits,True,23040,HD_168625/HD_168625_o40_c2T/HD_168625_sum_m61_fsr1.30_AIR_tel_wscor_helio.fits,HD_168625,/Users/hamano/DIB_analysis/DIB_pipeline_dir/HD_168625/2017_07_30-HD_168625_pipeline_ver3.6/2017_07_30-HD_168625_pipeline_ver3.6--HD_163336_pipeline_ver3.6-T2/,wide
True,paper_2206_03131_reddened_target,,,,,40,HD 168625,HD 168625,B6Iap C,18:21:19.54,-16:22:26.0,1.48,HD 168625,HD_168625_o40_c2T,60,WIDE,1,0,2017-07-31-02:16:49.595,9256.0297,9437.8149,9255.874079002311,9437.659269846632,/Users/hamano/DIB_analysis/DIB_pipeline_dir/HD_168625/2017_07_30-HD_168625_pipeline_ver3.6/2017_07_30-HD_168625_pipeline_ver3.6--HD_163336_pipeline_ver3.6-T2/sum/HD_168625_sum_m60_fsr1.30_AIR_tel_wscor_helio.fits,True,23040,HD_168625/HD_168625_o40_c2T/HD_168625_sum_m60_fsr1.30_AIR_tel_wscor_helio.fits,HD_168625,/Users/hamano/DIB_analysis/DIB_pipeline_dir/HD_168625/2017_07_30-HD_168625_pipeline_ver3.6/2017_07_30-HD_168625_pipeline_ver3.6--HD_163336_pipeline_ver3.6-T2/,wide
True,paper_2206_03131_reddened_target,,,,,40,HD 168625,HD 168625,B6Iap C,18:21:19.54,-16:22:26.0,1.48,HD 168625,HD_168625_o40_c2T,59,WIDE,1,0,2017-07-31-02:16:49.595,9392.9826,9600.7564,9392.824255237974,9600.598016621178,/Users/hamano/DIB_analysis/DIB_pipeline_dir/HD_168625/2017_07_30-HD_168625_pipeline_ver3.6/2017_07_30-HD_168625_pipeline_ver3.6--HD_163336_pipeline_ver3.6-T2/sum/HD_168625_sum_m59_fsr1.30_AIR_tel_wscor_helio.fits,True,23040,HD_168625/HD_168625_o40_c2T/HD_168625_sum_m59_fsr1.30_AIR_tel_wscor_helio.fits,HD_168625,/Users/hamano/DIB_analysis/DIB_pipeline_dir/HD_168625/2017_07_30-HD_168625_pipeline_ver3.6/2017_07_30-HD_168625_pipeline_ver3.6--HD_163336_pipeline_ver3.6-T2/,wide
True,paper_2206_03131_reddened_target,,,,,40,HD 168625,HD 168625,B6Iap C,18:21:19.54,-16:22:26.0,1.48,HD 168625,HD_168625_o40_c2T,57,WIDE,1,0,2017-07-31-02:16:49.595,9732.8662,9940.6341,9732.702073819828,9940.470002146005,/Users/hamano/DIB_analysis/DIB_pipeline_dir/HD_168625/2017_07_30-HD_168625_pipeline_ver3.6/2017_07_30-HD_168625_pipeline_ver3.6--HD_163336_pipeline_ver3.6-T2/sum/HD_168625_sum_m57_fsr1.30_AIR_tel_wscor_helio.fits,True,23040,HD_168625/HD_168625_o40_c2T/HD_168625_sum_m57_fsr1.30_AIR_tel_wscor_helio.fits,HD_168625,/Users/hamano/DIB_analysis/DIB_pipeline_dir/HD_168625/2017_07_30-HD_168625_pipeline_ver3.6/2017_07_30-HD_168625_pipeline_ver3.6--HD_163336_pipeline_ver3.6-T2/,wide
True,paper_2206_03131_reddened_target,,,,,40,HD 168625,HD 168625,B6Iap C,18:21:19.54,-16:22:26.0,1.48,HD 168625,HD_168625_o40_c2T,56,WIDE,1,0,2017-07-31-02:16:49.595,9889.8122,10123.5687,9889.645120608073,10123.40162502474,/Users/hamano/DIB_analysis/DIB_pipeline_dir/HD_168625/2017_07_30-HD_168625_pipeline_ver3.6/2017_07_30-HD_168625_pipeline_ver3.6--HD_163336_pipeline_ver3.6-T2/sum/HD_168625_sum_m56_fsr1.30_AIR_tel_wscor_helio.fits,True,23040,HD_168625/HD_168625_o40_c2T/HD_168625_sum_m56_fsr1.30_AIR_tel_wscor_helio.fits,HD_168625,/Users/hamano/DIB_analysis/DIB_pipeline_dir/HD_168625/2017_07_30-HD_168625_pipeline_ver3.6/2017_07_30-HD_168625_pipeline_ver3.6--HD_163336_pipeline_ver3.6-T2/,wide
True,paper_2206_03131_reddened_target,,,,,40,HD 168625,HD 168625,B6Iap C,18:21:19.54,-16:22:26.0,1.48,HD 168625,HD_168625_o40_c2T,58,WIDE,1,0,2017-07-31-02:16:49.595,9549.9287,9783.691,9549.767558683556,9783.52989452128,/Users/hamano/DIB_analysis/DIB_pipeline_dir/HD_168625/2017_07_30-HD_168625_pipeline_ver3.6/2017_07_30-HD_168625_pipeline_ver3.6--HD_163336_pipeline_ver3.6-T2/sum/HD_168625_sum_m58_fsr1.30_AIR_tel_wscor_helio.fits,True,25920,HD_168625/HD_168625_o40_c2T/HD_168625_sum_m58_fsr1.30_AIR_tel_wscor_helio.fits,HD_168625,/Users/hamano/DIB_analysis/DIB_pipeline_dir/HD_168625/2017_07_30-HD_168625_pipeline_ver3.6/2017_07_30-HD_168625_pipeline_ver3.6--HD_163336_pipeline_ver3.6-T2/,wide
True,paper_2206_03131_reddened_target,,,,,40,HD 168625,HD 168625,B6Iap C,18:21:19.54,-16:22:26.0,1.48,HD 168625,HD_168625_o40_c2T,45,WIDE,1,0,2017-07-31-02:16:49.595,12273.9934,12637.6666,12273.78560213823,12637.45877209144,/Users/hamano/DIB_analysis/DIB_pipeline_dir/HD_168625/2017_07_30-HD_168625_pipeline_ver3.6/2017_07_30-HD_168625_pipeline_ver3.6--HD_163336_pipeline_ver3.6-T2/sum/HD_168625_sum_m45_fsr1.30_AIR_tel_wscor_helio.fits,True,25920,HD_168625/HD_168625_o40_c2T/HD_168625_sum_m45_fsr1.30_AIR_tel_wscor_helio.fits,HD_168625,/Users/hamano/DIB_analysis/DIB_pipeline_dir/HD_168625/2017_07_30-HD_168625_pipeline_ver3.6/2017_07_30-HD_168625_pipeline_ver3.6--HD_163336_pipeline_ver3.6-T2/,wide
True,paper_2206_03131_reddened_target,,,,,40,HD 168625,HD 168625,B6Iap C,18:21:19.54,-16:22:26.0,1.48,HD 168625,HD_168625_o40_c2T,52,WIDE,1,0,2017-07-31-02:16:49.595,10645.053,10917.7831,10644.87287362332,10917.60300967702,/Users/hamano/DIB_analysis/DIB_pipeline_dir/HD_168625/2017_07_30-HD_168625_pipeline_ver3.6/2017_07_30-HD_168625_pipeline_ver3.6--HD_163336_pipeline_ver3.6-T2/sum/HD_168625_sum_m52_fsr1.30_AIR_tel_wscor_helio.fits,True,25920,HD_168625/HD_168625_o40_c2T/HD_168625_sum_m52_fsr1.30_AIR_tel_wscor_helio.fits,HD_168625,/Users/hamano/DIB_analysis/DIB_pipeline_dir/HD_168625/2017_07_30-HD_168625_pipeline_ver3.6/2017_07_30-HD_168625_pipeline_ver3.6--HD_163336_pipeline_ver3.6-T2/,wide
True,paper_2206_03131_reddened_target,,,,,30,HD 151804,HD 151804,O8Iaf C,16:51:33.72,-41:13:49.9,0.34,HD 151804,HD_151804_o30_c2T,45,WIDE,1,0,2017-07-30-02:40:12.611,12273.7268,12637.3928,12273.51902789411,12637.18504072687,/Users/hamano/DIB_analysis/DIB_pipeline_dir/HD_151804/2017_07_29-HD_151804_pipeline_ver3.6/2017_07_29-HD_151804_pipeline_ver3.6--2017_07_29-HR_7159_pipeline_ver3.6-T2/sum/HD_151804_sum_m45_fsr1.30_AIR_tel_wscor_helio.fits,True,25920,HD_151804/HD_151804_o30_c2T/HD_151804_sum_m45_fsr1.30_AIR_tel_wscor_helio.fits,HD_151804,/Users/hamano/DIB_analysis/DIB_pipeline_dir/HD_151804/2017_07_29-HD_151804_pipeline_ver3.6/2017_07_29-HD_151804_pipeline_ver3.6--2017_07_29-HR_7159_pipeline_ver3.6-T2/,wide
True,paper_2206_03131_reddened_target,,,,,30,HD 151804,HD 151804,O8Iaf C,16:51:33.72,-41:13:49.9,0.34,HD 151804,HD_151804_o30_c2T,56,WIDE,1,0,2017-07-30-02:40:12.611,9889.5851,10123.337,9889.418046477265,10123.16995054364,/Users/hamano/DIB_analysis/DIB_pipeline_dir/HD_151804/2017_07_29-HD_151804_pipeline_ver3.6/2017_07_29-HD_151804_pipeline_ver3.6--2017_07_29-HR_7159_pipeline_ver3.6-T2/sum/HD_151804_sum_m56_fsr1.30_AIR_tel_wscor_helio.fits,True,23040,HD_151804/HD_151804_o30_c2T/HD_151804_sum_m56_fsr1.30_AIR_tel_wscor_helio.fits,HD_151804,/Users/hamano/DIB_analysis/DIB_pipeline_dir/HD_151804/2017_07_29-HD_151804_pipeline_ver3.6/2017_07_29-HD_151804_pipeline_ver3.6--2017_07_29-HR_7159_pipeline_ver3.6-T2/,wide
True,paper_2206_03131_reddened_target,,,,,30,HD 151804,HD 151804,O8Iaf C,16:51:33.72,-41:13:49.9,0.34,HD 151804,HD_151804_o30_c2T,59,WIDE,1,0,2017-07-30-02:40:12.611,9392.7638,9600.5334,9392.605413740686,9600.375086115971,/Users/hamano/DIB_analysis/DIB_pipeline_dir/HD_151804/2017_07_29-HD_151804_pipeline_ver3.6/2017_07_29-HD_151804_pipeline_ver3.6--2017_07_29-HR_7159_pipeline_ver3.6-T2/sum/HD_151804_sum_m59_fsr1.30_AIR_tel_wscor_helio.fits,True,23040,HD_151804/HD_151804_o30_c2T/HD_151804_sum_m59_fsr1.30_AIR_tel_wscor_helio.fits,HD_151804,/Users/hamano/DIB_analysis/DIB_pipeline_dir/HD_151804/2017_07_29-HD_151804_pipeline_ver3.6/2017_07_29-HD_151804_pipeline_ver3.6--2017_07_29-HR_7159_pipeline_ver3.6-T2/,wide
True,paper_2206_03131_reddened_target,,,,,30,HD 151804,HD 151804,O8Iaf C,16:51:33.72,-41:13:49.9,0.34,HD 151804,HD_151804_o30_c2T,44,WIDE,1,0,2017-07-30-02:40:12.611,12550.627,12938.0983,12550.414701296,12937.88596152258,/Users/hamano/DIB_analysis/DIB_pipeline_dir/HD_151804/2017_07_29-HD_151804_pipeline_ver3.6/2017_07_29-HD_151804_pipeline_ver3.6--2017_07_29-HR_7159_pipeline_ver3.6-T2/sum/HD_151804_sum_m44_fsr1.30_AIR_tel_wscor_helio.fits,True,25920,HD_151804/HD_151804_o30_c2T/HD_151804_sum_m44_fsr1.30_AIR_tel_wscor_helio.fits,HD_151804,/Users/hamano/DIB_analysis/DIB_pipeline_dir/HD_151804/2017_07_29-HD_151804_pipeline_ver3.6/2017_07_29-HD_151804_pipeline_ver3.6--2017_07_29-HR_7159_pipeline_ver3.6-T2/,wide
True,paper_2206_03131_reddened_target,,,,,30,HD 151804,HD 151804,O8Iaf C,16:51:33.72,-41:13:49.9,0.34,HD 151804,HD_151804_o30_c2T,42,WIDE,1,0,2017-07-30-02:40:12.611,13137.4156,13553.049,13137.19332380242,13552.82673934292,/Users/hamano/DIB_analysis/DIB_pipeline_dir/HD_151804/2017_07_29-HD_151804_pipeline_ver3.6/2017_07_29-HD_151804_pipeline_ver3.6--2017_07_29-HR_7159_pipeline_ver3.6-T2/sum/HD_151804_sum_m42_fsr1.30_AIR_tel_wscor_helio.fits,True,25920,HD_151804/HD_151804_o30_c2T/HD_151804_sum_m42_fsr1.30_AIR_tel_wscor_helio.fits,HD_151804,/Users/hamano/DIB_analysis/DIB_pipeline_dir/HD_151804/2017_07_29-HD_151804_pipeline_ver3.6/2017_07_29-HD_151804_pipeline_ver3.6--2017_07_29-HR_7159_pipeline_ver3.6-T2/,wide
True,paper_2206_03131_reddened_target,,,,,30,HD 151804,HD 151804,O8Iaf C,16:51:33.72,-41:13:49.9,0.34,HD 151804,HD_151804_o30_c2T,51,WIDE,1,0,2017-07-30-02:40:12.611,10854.7379,11127.4598,10854.55428313339,11127.27613695044,/Users/hamano/DIB_analysis/DIB_pipeline_dir/HD_151804/2017_07_29-HD_151804_pipeline_ver3.6/2017_07_29-HD_151804_pipeline_ver3.6--2017_07_29-HR_7159_pipeline_ver3.6-T2/sum/HD_151804_sum_m51_fsr1.30_AIR_tel_wscor_helio.fits,True,25920,HD_151804/HD_151804_o30_c2T/HD_151804_sum_m51_fsr1.30_AIR_tel_wscor_helio.fits,HD_151804,/Users/hamano/DIB_analysis/DIB_pipeline_dir/HD_151804/2017_07_29-HD_151804_pipeline_ver3.6/2017_07_29-HD_151804_pipeline_ver3.6--2017_07_29-HR_7159_pipeline_ver3.6-T2/,wide
True,paper_2206_03131_reddened_target,,,,,30,HD 151804,HD 151804,O8Iaf C,16:51:33.72,-41:13:49.9,0.34,HD 151804,HD_151804_o30_c2T,46,WIDE,1,0,2017-07-30-02:40:12.611,12005.3235,12355.9989,12005.12022521895,12355.79560503263,/Users/hamano/DIB_analysis/DIB_pipeline_dir/HD_151804/2017_07_29-HD_151804_pipeline_ver3.6/2017_07_29-HD_151804_pipeline_ver3.6--2017_07_29-HR_7159_pipeline_ver3.6-T2/sum/HD_151804_sum_m46_fsr1.30_AIR_tel_wscor_helio.fits,True,25920,HD_151804/HD_151804_o30_c2T/HD_151804_sum_m46_fsr1.30_AIR_tel_wscor_helio.fits,HD_151804,/Users/hamano/DIB_analysis/DIB_pipeline_dir/HD_151804/2017_07_29-HD_151804_pipeline_ver3.6/2017_07_29-HD_151804_pipeline_ver3.6--2017_07_29-HR_7159_pipeline_ver3.6-T2/,wide
True,paper_2206_03131_reddened_target,,,,,30,HD 151804,HD 151804,O8Iaf C,16:51:33.72,-41:13:49.9,0.34,HD 151804,HD_151804_o30_c2T,60,WIDE,1,0,2017-07-30-02:40:12.611,9255.8131,9437.5947,9255.657478397392,9437.43909169126,/Users/hamano/DIB_analysis/DIB_pipeline_dir/HD_151804/2017_07_29-HD_151804_pipeline_ver3.6/2017_07_29-HD_151804_pipeline_ver3.6--2017_07_29-HR_7159_pipeline_ver3.6-T2/sum/HD_151804_sum_m60_fsr1.30_AIR_tel_wscor_helio.fits,True,23040,HD_151804/HD_151804_o30_c2T/HD_151804_sum_m60_fsr1.30_AIR_tel_wscor_helio.fits,HD_151804,/Users/hamano/DIB_analysis/DIB_pipeline_dir/HD_151804/2017_07_29-HD_151804_pipeline_ver3.6/2017_07_29-HD_151804_pipeline_ver3.6--2017_07_29-HR_7159_pipeline_ver3.6-T2/,wide
True,paper_2206_03131_reddened_target,,,,,30,HD 151804,HD 151804,O8Iaf C,16:51:33.72,-41:13:49.9,0.34,HD 151804,HD_151804_o30_c2T,54,WIDE,1,0,2017-07-30-02:40:12.611,10246.4567,10506.1928,10246.28332426323,10506.01940507414,/Users/hamano/DIB_analysis/DIB_pipeline_dir/HD_151804/2017_07_29-HD_151804_pipeline_ver3.6/2017_07_29-HD_151804_pipeline_ver3.6--2017_07_29-HR_7159_pipeline_ver3.6-T2/sum/HD_151804_sum_m54_fsr1.30_AIR_tel_wscor_helio.fits,True,25920,HD_151804/HD_151804_o30_c2T/HD_151804_sum_m54_fsr1.30_AIR_tel_wscor_helio.fits,HD_151804,/Users/hamano/DIB_analysis/DIB_pipeline_dir/HD_151804/2017_07_29-HD_151804_pipeline_ver3.6/2017_07_29-HD_151804_pipeline_ver3.6--2017_07_29-HR_7159_pipeline_ver3.6-T2/,wide
True,paper_2206_03131_reddened_target,,,,,30,HD 151804,HD 151804,O8Iaf C,16:51:33.72,-41:13:49.9,0.34,HD 151804,HD_151804_o30_c2T,47,WIDE,1,0,2017-07-30-02:40:12.611,11758.4125,12083.1008,11758.21346066035,12082.90173528125,/Users/hamano/DIB_analysis/DIB_pipeline_dir/HD_151804/2017_07_29-HD_151804_pipeline_ver3.6/2017_07_29-HD_151804_pipeline_ver3.6--2017_07_29-HR_7159_pipeline_ver3.6-T2/sum/HD_151804_sum_m47_fsr1.30_AIR_tel_wscor_helio.fits,True,25920,HD_151804/HD_151804_o30_c2T/HD_151804_sum_m47_fsr1.30_AIR_tel_wscor_helio.fits,HD_151804,/Users/hamano/DIB_analysis/DIB_pipeline_dir/HD_151804/2017_07_29-HD_151804_pipeline_ver3.6/2017_07_29-HD_151804_pipeline_ver3.6--2017_07_29-HR_7159_pipeline_ver3.6-T2/,wide
True,paper_2206_03131_reddened_target,,,,,30,HD 151804,HD 151804,O8Iaf C,16:51:33.72,-41:13:49.9,0.34,HD 151804,HD_151804_o30_c2T,49,WIDE,1,0,2017-07-30-02:40:12.611,11280.0847,11591.7853,11279.89359092416,11591.59414891807,/Users/hamano/DIB_analysis/DIB_pipeline_dir/HD_151804/2017_07_29-HD_151804_pipeline_ver3.6/2017_07_29-HD_151804_pipeline_ver3.6--2017_07_29-HR_7159_pipeline_ver3.6-T2/sum/HD_151804_sum_m49_fsr1.30_AIR_tel_wscor_helio.fits,True,25920,HD_151804/HD_151804_o30_c2T/HD_151804_sum_m49_fsr1.30_AIR_tel_wscor_helio.fits,HD_151804,/Users/hamano/DIB_analysis/DIB_pipeline_dir/HD_151804/2017_07_29-HD_151804_pipeline_ver3.6/2017_07_29-HD_151804_pipeline_ver3.6--2017_07_29-HR_7159_pipeline_ver3.6-T2/,wide
True,paper_2206_03131_reddened_target,,,,,30,HD 151804,HD 151804,O8Iaf C,16:51:33.72,-41:13:49.9,0.34,HD 151804,HD_151804_o30_c2T,57,WIDE,1,0,2017-07-30-02:40:12.611,9732.6417,9940.4055,9732.477573241971,9940.241412675356,/Users/hamano/DIB_analysis/DIB_pipeline_dir/HD_151804/2017_07_29-HD_151804_pipeline_ver3.6/2017_07_29-HD_151804_pipeline_ver3.6--2017_07_29-HR_7159_pipeline_ver3.6-T2/sum/HD_151804_sum_m57_fsr1.30_AIR_tel_wscor_helio.fits,True,23040,HD_151804/HD_151804_o30_c2T/HD_151804_sum_m57_fsr1.30_AIR_tel_wscor_helio.fits,HD_151804,/Users/hamano/DIB_analysis/DIB_pipeline_dir/HD_151804/2017_07_29-HD_151804_pipeline_ver3.6/2017_07_29-HD_151804_pipeline_ver3.6--2017_07_29-HR_7159_pipeline_ver3.6-T2/,wide
True,paper_2206_03131_reddened_target,,,,,30,HD 151804,HD 151804,O8Iaf C,16:51:33.72,-41:13:49.9,0.34,HD 151804,HD_151804_o30_c2T,58,WIDE,1,0,2017-07-30-02:40:12.611,9549.7072,9783.465,9549.546143425376,9783.303878797693,/Users/hamano/DIB_analysis/DIB_pipeline_dir/HD_151804/2017_07_29-HD_151804_pipeline_ver3.6/2017_07_29-HD_151804_pipeline_ver3.6--2017_07_29-HR_7159_pipeline_ver3.6-T2/sum/HD_151804_sum_m58_fsr1.30_AIR_tel_wscor_helio.fits,True,25920,HD_151804/HD_151804_o30_c2T/HD_151804_sum_m58_fsr1.30_AIR_tel_wscor_helio.fits,HD_151804,/Users/hamano/DIB_analysis/DIB_pipeline_dir/HD_151804/2017_07_29-HD_151804_pipeline_ver3.6/2017_07_29-HD_151804_pipeline_ver3.6--2017_07_29-HR_7159_pipeline_ver3.6-T2/,wide
True,paper_2206_03131_reddened_target,,,,,30,HD 151804,HD 151804,O8Iaf C,16:51:33.72,-41:13:49.9,0.34,HD 151804,HD_151804_o30_c2T,61,WIDE,1,0,2017-07-30-02:40:12.611,9092.8715,9300.646,9092.71846674446,9300.492996391593,/Users/hamano/DIB_analysis/DIB_pipeline_dir/HD_151804/2017_07_29-HD_151804_pipeline_ver3.6/2017_07_29-HD_151804_pipeline_ver3.6--2017_07_29-HR_7159_pipeline_ver3.6-T2/sum/HD_151804_sum_m61_fsr1.30_AIR_tel_wscor_helio.fits,True,23040,HD_151804/HD_151804_o30_c2T/HD_151804_sum_m61_fsr1.30_AIR_tel_wscor_helio.fits,HD_151804,/Users/hamano/DIB_analysis/DIB_pipeline_dir/HD_151804/2017_07_29-HD_151804_pipeline_ver3.6/2017_07_29-HD_151804_pipeline_ver3.6--2017_07_29-HR_7159_pipeline_ver3.6-T2/,wide
True,paper_2206_03131_reddened_target,,,,,30,HD 151804,HD 151804,O8Iaf C,16:51:33.72,-41:13:49.9,0.34,HD 151804,HD_151804_o30_c2T,53,WIDE,1,0,2017-07-30-02:40:12.611,10446.3848,10706.118,10446.2081541507,10705.94132034015,/Users/hamano/DIB_analysis/DIB_pipeline_dir/HD_151804/2017_07_29-HD_151804_pipeline_ver3.6/2017_07_29-HD_151804_pipeline_ver3.6--2017_07_29-HR_7159_pipeline_ver3.6-T2/sum/HD_151804_sum_m53_fsr1.30_AIR_tel_wscor_helio.fits,True,25920,HD_151804/HD_151804_o30_c2T/HD_151804_sum_m53_fsr1.30_AIR_tel_wscor_helio.fits,HD_151804,/Users/hamano/DIB_analysis/DIB_pipeline_dir/HD_151804/2017_07_29-HD_151804_pipeline_ver3.6/2017_07_29-HD_151804_pipeline_ver3.6--2017_07_29-HR_7159_pipeline_ver3.6-T2/,wide
True,paper_2206_03131_reddened_target,,,,,30,HD 151804,HD 151804,O8Iaf C,16:51:33.72,-41:13:49.9,0.34,HD 151804,HD_151804_o30_c2T,43,WIDE,1,0,2017-07-30-02:40:12.611,12852.0186,13228.6714,12851.80138182634,13228.45413974014,/Users/hamano/DIB_analysis/DIB_pipeline_dir/HD_151804/2017_07_29-HD_151804_pipeline_ver3.6/2017_07_29-HD_151804_pipeline_ver3.6--2017_07_29-HR_7159_pipeline_ver3.6-T2/sum/HD_151804_sum_m43_fsr1.30_AIR_tel_wscor_helio.fits,True,25920,HD_151804/HD_151804_o30_c2T/HD_151804_sum_m43_fsr1.30_AIR_tel_wscor_helio.fits,HD_151804,/Users/hamano/DIB_analysis/DIB_pipeline_dir/HD_151804/2017_07_29-HD_151804_pipeline_ver3.6/2017_07_29-HD_151804_pipeline_ver3.6--2017_07_29-HR_7159_pipeline_ver3.6-T2/,wide
True,paper_2206_03131_reddened_target,,,,,30,HD 151804,HD 151804,O8Iaf C,16:51:33.72,-41:13:49.9,0.34,HD 151804,HD_151804_o30_c2T,52,WIDE,1,0,2017-07-30-02:40:12.611,10644.8134,10917.5382,10644.63328363577,10917.3580523351,/Users/hamano/DIB_analysis/DIB_pipeline_dir/HD_151804/2017_07_29-HD_151804_pipeline_ver3.6/2017_07_29-HD_151804_pipeline_ver3.6--2017_07_29-HR_7159_pipeline_ver3.6-T2/sum/HD_151804_sum_m52_fsr1.30_AIR_tel_wscor_helio.fits,True,25920,HD_151804/HD_151804_o30_c2T/HD_151804_sum_m52_fsr1.30_AIR_tel_wscor_helio.fits,HD_151804,/Users/hamano/DIB_analysis/DIB_pipeline_dir/HD_151804/2017_07_29-HD_151804_pipeline_ver3.6/2017_07_29-HD_151804_pipeline_ver3.6--2017_07_29-HR_7159_pipeline_ver3.6-T2/,wide
True,paper_2206_03131_reddened_target,,,,,30,HD 151804,HD 151804,O8Iaf C,16:51:33.72,-41:13:49.9,0.34,HD 151804,HD_151804_o30_c2T,48,WIDE,1,0,2017-07-30-02:40:12.611,11519.9984,11831.6951,11519.80334226393,11831.50001039479,/Users/hamano/DIB_analysis/DIB_pipeline_dir/HD_151804/2017_07_29-HD_151804_pipeline_ver3.6/2017_07_29-HD_151804_pipeline_ver3.6--2017_07_29-HR_7159_pipeline_ver3.6-T2/sum/HD_151804_sum_m48_fsr1.30_AIR_tel_wscor_helio.fits,True,25920,HD_151804/HD_151804_o30_c2T/HD_151804_sum_m48_fsr1.30_AIR_tel_wscor_helio.fits,HD_151804,/Users/hamano/DIB_analysis/DIB_pipeline_dir/HD_151804/2017_07_29-HD_151804_pipeline_ver3.6/2017_07_29-HD_151804_pipeline_ver3.6--2017_07_29-HR_7159_pipeline_ver3.6-T2/,wide
True,paper_2206_03131_reddened_target,,,,,30,HD 151804,HD 151804,O8Iaf C,16:51:33.72,-41:13:49.9,0.34,HD 151804,HD_151804_o30_c2T,50,WIDE,1,0,2017-07-30-02:40:12.611,11063.1629,11348.8764,11062.97554063342,11348.68899797714,/Users/hamano/DIB_analysis/DIB_pipeline_dir/HD_151804/2017_07_29-HD_151804_pipeline_ver3.6/2017_07_29-HD_151804_pipeline_ver3.6--2017_07_29-HR_7159_pipeline_ver3.6-T2/sum/HD_151804_sum_m50_fsr1.30_AIR_tel_wscor_helio.fits,True,25920,HD_151804/HD_151804_o30_c2T/HD_151804_sum_m50_fsr1.30_AIR_tel_wscor_helio.fits,HD_151804,/Users/hamano/DIB_analysis/DIB_pipeline_dir/HD_151804/2017_07_29-HD_151804_pipeline_ver3.6/2017_07_29-HD_151804_pipeline_ver3.6--2017_07_29-HR_7159_pipeline_ver3.6-T2/,wide
True,paper_2206_03131_reddened_target,,,,,30,HD 151804,HD 151804,O8Iaf C,16:51:33.72,-41:13:49.9,0.34,HD 151804,HD_151804_o30_c2T,55,WIDE,1,0,2017-07-30-02:40:12.611,10069.5205,10303.2695,10069.3503467719,10303.09933489577,/Users/hamano/DIB_analysis/DIB_pipeline_dir/HD_151804/2017_07_29-HD_151804_pipeline_ver3.6/2017_07_29-HD_151804_pipeline_ver3.6--2017_07_29-HR_7159_pipeline_ver3.6-T2/sum/HD_151804_sum_m55_fsr1.30_AIR_tel_wscor_helio.fits,True,23040,HD_151804/HD_151804_o30_c2T/HD_151804_sum_m55_fsr1.30_AIR_tel_wscor_helio.fits,HD_151804,/Users/hamano/DIB_analysis/DIB_pipeline_dir/HD_151804/2017_07_29-HD_151804_pipeline_ver3.6/2017_07_29-HD_151804_pipeline_ver3.6--2017_07_29-HR_7159_pipeline_ver3.6-T2/,wide
True,extra_candidate_release_object,,,NTT17c_DIBanalysis_candidate,Found in 2017-07 NTT17c quality/telluric/DIBanalysis traces; not yet tied to a publication.,28,* mu. Nor,HD 149038,O9.7Iab C,16:34:05.02,-44:02:43.1,0.3,HD 149038,mu._Nor_o28_c2T,50,WIDE,1,0,2017-07-30-01:03:48.544,11063.1565,11348.8698,11062.96917731525,11348.6824154606,/Users/hamano/DIB_analysis/DIB_pipeline_dir/mu._Nor/2017_07_29-HD_149038_pipeline_ver3.6/2017_07_29-HD_149038_pipeline_ver3.6--2017_07_29-HD_163336_pipeline_ver3.6-T2/sum/HD_149038_sum_m50_fsr1.30_AIR_tel_wscor_helio.fits,True,25920,HD_149038/mu._Nor_o28_c2T/HD_149038_sum_m50_fsr1.30_AIR_tel_wscor_helio.fits,HD_149038,/Users/hamano/DIB_analysis/DIB_pipeline_dir/mu._Nor/2017_07_29-HD_149038_pipeline_ver3.6/2017_07_29-HD_149038_pipeline_ver3.6--2017_07_29-HD_163336_pipeline_ver3.6-T2/,wide
True,extra_candidate_release_object,,,NTT17c_DIBanalysis_candidate,Found in 2017-07 NTT17c quality/telluric/DIBanalysis traces; not yet tied to a publication.,28,* mu. Nor,HD 149038,O9.7Iab C,16:34:05.02,-44:02:43.1,0.3,HD 149038,mu._Nor_o28_c2T,44,WIDE,1,0,2017-07-30-01:03:48.544,12550.6415,12938.1124,12550.42913806248,12937.90010102367,/Users/hamano/DIB_analysis/DIB_pipeline_dir/mu._Nor/2017_07_29-HD_149038_pipeline_ver3.6/2017_07_29-HD_149038_pipeline_ver3.6--2017_07_29-HD_163336_pipeline_ver3.6-T2/sum/HD_149038_sum_m44_fsr1.30_AIR_tel_wscor_helio.fits,True,25920,HD_149038/mu._Nor_o28_c2T/HD_149038_sum_m44_fsr1.30_AIR_tel_wscor_helio.fits,HD_149038,/Users/hamano/DIB_analysis/DIB_pipeline_dir/mu._Nor/2017_07_29-HD_149038_pipeline_ver3.6/2017_07_29-HD_149038_pipeline_ver3.6--2017_07_29-HD_163336_pipeline_ver3.6-T2/,wide
True,extra_candidate_release_object,,,NTT17c_DIBanalysis_candidate,Found in 2017-07 NTT17c quality/telluric/DIBanalysis traces; not yet tied to a publication.,28,* mu. Nor,HD 149038,O9.7Iab C,16:34:05.02,-44:02:43.1,0.3,HD 149038,mu._Nor_o28_c2T,56,WIDE,1,0,2017-07-30-01:03:48.544,9889.5626,10123.3143,9889.395475267023,10123.14719999854,/Users/hamano/DIB_analysis/DIB_pipeline_dir/mu._Nor/2017_07_29-HD_149038_pipeline_ver3.6/2017_07_29-HD_149038_pipeline_ver3.6--2017_07_29-HD_163336_pipeline_ver3.6-T2/sum/HD_149038_sum_m56_fsr1.30_AIR_tel_wscor_helio.fits,True,23040,HD_149038/mu._Nor_o28_c2T/HD_149038_sum_m56_fsr1.30_AIR_tel_wscor_helio.fits,HD_149038,/Users/hamano/DIB_analysis/DIB_pipeline_dir/mu._Nor/2017_07_29-HD_149038_pipeline_ver3.6/2017_07_29-HD_149038_pipeline_ver3.6--2017_07_29-HD_163336_pipeline_ver3.6-T2/,wide
True,extra_candidate_release_object,,,NTT17c_DIBanalysis_candidate,Found in 2017-07 NTT17c quality/telluric/DIBanalysis traces; not yet tied to a publication.,28,* mu. Nor,HD 149038,O9.7Iab C,16:34:05.02,-44:02:43.1,0.3,HD 149038,mu._Nor_o28_c2T,55,WIDE,1,0,2017-07-30-01:03:48.544,10069.5003,10303.2491,10069.33020330982,10303.07901210131,/Users/hamano/DIB_analysis/DIB_pipeline_dir/mu._Nor/2017_07_29-HD_149038_pipeline_ver3.6/2017_07_29-HD_149038_pipeline_ver3.6--2017_07_29-HD_163336_pipeline_ver3.6-T2/sum/HD_149038_sum_m55_fsr1.30_AIR_tel_wscor_helio.fits,True,23040,HD_149038/mu._Nor_o28_c2T/HD_149038_sum_m55_fsr1.30_AIR_tel_wscor_helio.fits,HD_149038,/Users/hamano/DIB_analysis/DIB_pipeline_dir/mu._Nor/2017_07_29-HD_149038_pipeline_ver3.6/2017_07_29-HD_149038_pipeline_ver3.6--2017_07_29-HD_163336_pipeline_ver3.6-T2/,wide
True,extra_candidate_release_object,,,NTT17c_DIBanalysis_candidate,Found in 2017-07 NTT17c quality/telluric/DIBanalysis traces; not yet tied to a publication.,28,* mu. Nor,HD 149038,O9.7Iab C,16:34:05.02,-44:02:43.1,0.3,HD 149038,mu._Nor_o28_c2T,53,WIDE,1,0,2017-07-30-01:03:48.544,10446.37,10706.1029,10446.19328156075,10705.92624848323,/Users/hamano/DIB_analysis/DIB_pipeline_dir/mu._Nor/2017_07_29-HD_149038_pipeline_ver3.6/2017_07_29-HD_149038_pipeline_ver3.6--2017_07_29-HD_163336_pipeline_ver3.6-T2/sum/HD_149038_sum_m53_fsr1.30_AIR_tel_wscor_helio.fits,True,25920,HD_149038/mu._Nor_o28_c2T/HD_149038_sum_m53_fsr1.30_AIR_tel_wscor_helio.fits,HD_149038,/Users/hamano/DIB_analysis/DIB_pipeline_dir/mu._Nor/2017_07_29-HD_149038_pipeline_ver3.6/2017_07_29-HD_149038_pipeline_ver3.6--2017_07_29-HD_163336_pipeline_ver3.6-T2/,wide
True,extra_candidate_release_object,,,NTT17c_DIBanalysis_candidate,Found in 2017-07 NTT17c quality/telluric/DIBanalysis traces; not yet tied to a publication.,28,* mu. Nor,HD 149038,O9.7Iab C,16:34:05.02,-44:02:43.1,0.3,HD 149038,mu._Nor_o28_c2T,57,WIDE,1,0,2017-07-30-01:03:48.544,9732.6168,9940.3805,9732.452697563129,9940.216377599527,/Users/hamano/DIB_analysis/DIB_pipeline_dir/mu._Nor/2017_07_29-HD_149038_pipeline_ver3.6/2017_07_29-HD_149038_pipeline_ver3.6--2017_07_29-HD_163336_pipeline_ver3.6-T2/sum/HD_149038_sum_m57_fsr1.30_AIR_tel_wscor_helio.fits,True,23040,HD_149038/mu._Nor_o28_c2T/HD_149038_sum_m57_fsr1.30_AIR_tel_wscor_helio.fits,HD_149038,/Users/hamano/DIB_analysis/DIB_pipeline_dir/mu._Nor/2017_07_29-HD_149038_pipeline_ver3.6/2017_07_29-HD_149038_pipeline_ver3.6--2017_07_29-HD_163336_pipeline_ver3.6-T2/,wide
True,extra_candidate_release_object,,,NTT17c_DIBanalysis_candidate,Found in 2017-07 NTT17c quality/telluric/DIBanalysis traces; not yet tied to a publication.,28,* mu. Nor,HD 149038,O9.7Iab C,16:34:05.02,-44:02:43.1,0.3,HD 149038,mu._Nor_o28_c2T,58,WIDE,1,0,2017-07-30-01:03:48.544,9549.6801,9783.4376,9549.518984405622,9783.276540438099,/Users/hamano/DIB_analysis/DIB_pipeline_dir/mu._Nor/2017_07_29-HD_149038_pipeline_ver3.6/2017_07_29-HD_149038_pipeline_ver3.6--2017_07_29-HD_163336_pipeline_ver3.6-T2/sum/HD_149038_sum_m58_fsr1.30_AIR_tel_wscor_helio.fits,True,25920,HD_149038/mu._Nor_o28_c2T/HD_149038_sum_m58_fsr1.30_AIR_tel_wscor_helio.fits,HD_149038,/Users/hamano/DIB_analysis/DIB_pipeline_dir/mu._Nor/2017_07_29-HD_149038_pipeline_ver3.6/2017_07_29-HD_149038_pipeline_ver3.6--2017_07_29-HD_163336_pipeline_ver3.6-T2/,wide
True,extra_candidate_release_object,,,NTT17c_DIBanalysis_candidate,Found in 2017-07 NTT17c quality/telluric/DIBanalysis traces; not yet tied to a publication.,28,* mu. Nor,HD 149038,O9.7Iab C,16:34:05.02,-44:02:43.1,0.3,HD 149038,mu._Nor_o28_c2T,49,WIDE,1,0,2017-07-30-01:03:48.544,11280.0815,11591.7818,11279.89034044818,11591.5906593067,/Users/hamano/DIB_analysis/DIB_pipeline_dir/mu._Nor/2017_07_29-HD_149038_pipeline_ver3.6/2017_07_29-HD_149038_pipeline_ver3.6--2017_07_29-HD_163336_pipeline_ver3.6-T2/sum/HD_149038_sum_m49_fsr1.30_AIR_tel_wscor_helio.fits,True,25920,HD_149038/mu._Nor_o28_c2T/HD_149038_sum_m49_fsr1.30_AIR_tel_wscor_helio.fits,HD_149038,/Users/hamano/DIB_analysis/DIB_pipeline_dir/mu._Nor/2017_07_29-HD_149038_pipeline_ver3.6/2017_07_29-HD_149038_pipeline_ver3.6--2017_07_29-HD_163336_pipeline_ver3.6-T2/,wide
True,extra_candidate_release_object,,,NTT17c_DIBanalysis_candidate,Found in 2017-07 NTT17c quality/telluric/DIBanalysis traces; not yet tied to a publication.,28,* mu. Nor,HD 149038,O9.7Iab C,16:34:05.02,-44:02:43.1,0.3,HD 149038,mu._Nor_o28_c2T,45,WIDE,1,0,2017-07-30-01:03:48.544,12273.7374,12637.4031,12273.52955777634,12637.19529160678,/Users/hamano/DIB_analysis/DIB_pipeline_dir/mu._Nor/2017_07_29-HD_149038_pipeline_ver3.6/2017_07_29-HD_149038_pipeline_ver3.6--2017_07_29-HD_163336_pipeline_ver3.6-T2/sum/HD_149038_sum_m45_fsr1.30_AIR_tel_wscor_helio.fits,True,25920,HD_149038/mu._Nor_o28_c2T/HD_149038_sum_m45_fsr1.30_AIR_tel_wscor_helio.fits,HD_149038,/Users/hamano/DIB_analysis/DIB_pipeline_dir/mu._Nor/2017_07_29-HD_149038_pipeline_ver3.6/2017_07_29-HD_149038_pipeline_ver3.6--2017_07_29-HD_163336_pipeline_ver3.6-T2/,wide
True,extra_candidate_release_object,,,NTT17c_DIBanalysis_candidate,Found in 2017-07 NTT17c quality/telluric/DIBanalysis traces; not yet tied to a publication.,28,* mu. Nor,HD 149038,O9.7Iab C,16:34:05.02,-44:02:43.1,0.3,HD 149038,mu._Nor_o28_c2T,43,WIDE,1,0,2017-07-30-01:03:48.544,12852.037,13228.6895,12851.81980939948,13228.4722783479,/Users/hamano/DIB_analysis/DIB_pipeline_dir/mu._Nor/2017_07_29-HD_149038_pipeline_ver3.6/2017_07_29-HD_149038_pipeline_ver3.6--2017_07_29-HD_163336_pipeline_ver3.6-T2/sum/HD_149038_sum_m43_fsr1.30_AIR_tel_wscor_helio.fits,True,25920,HD_149038/mu._Nor_o28_c2T/HD_149038_sum_m43_fsr1.30_AIR_tel_wscor_helio.fits,HD_149038,/Users/hamano/DIB_analysis/DIB_pipeline_dir/mu._Nor/2017_07_29-HD_149038_pipeline_ver3.6/2017_07_29-HD_149038_pipeline_ver3.6--2017_07_29-HD_163336_pipeline_ver3.6-T2/,wide
True,extra_candidate_release_object,,,NTT17c_DIBanalysis_candidate,Found in 2017-07 NTT17c quality/telluric/DIBanalysis traces; not yet tied to a publication.,28,* mu. Nor,HD 149038,O9.7Iab C,16:34:05.02,-44:02:43.1,0.3,HD 149038,mu._Nor_o28_c2T,47,WIDE,1,0,2017-07-30-01:03:48.544,11758.4158,12083.1039,11758.21675818698,12082.90478370873,/Users/hamano/DIB_analysis/DIB_pipeline_dir/mu._Nor/2017_07_29-HD_149038_pipeline_ver3.6/2017_07_29-HD_149038_pipeline_ver3.6--2017_07_29-HD_163336_pipeline_ver3.6-T2/sum/HD_149038_sum_m47_fsr1.30_AIR_tel_wscor_helio.fits,True,25920,HD_149038/mu._Nor_o28_c2T/HD_149038_sum_m47_fsr1.30_AIR_tel_wscor_helio.fits,HD_149038,/Users/hamano/DIB_analysis/DIB_pipeline_dir/mu._Nor/2017_07_29-HD_149038_pipeline_ver3.6/2017_07_29-HD_149038_pipeline_ver3.6--2017_07_29-HD_163336_pipeline_ver3.6-T2/,wide
True,extra_candidate_release_object,,,NTT17c_DIBanalysis_candidate,Found in 2017-07 NTT17c quality/telluric/DIBanalysis traces; not yet tied to a publication.,28,* mu. Nor,HD 149038,O9.7Iab C,16:34:05.02,-44:02:43.1,0.3,HD 149038,mu._Nor_o28_c2T,61,WIDE,1,0,2017-07-30-01:03:48.544,9092.838,9300.6123,9092.684956985333,9300.45932722625,/Users/hamano/DIB_analysis/DIB_pipeline_dir/mu._Nor/2017_07_29-HD_149038_pipeline_ver3.6/2017_07_29-HD_149038_pipeline_ver3.6--2017_07_29-HD_163336_pipeline_ver3.6-T2/sum/HD_149038_sum_m61_fsr1.30_AIR_tel_wscor_helio.fits,True,23040,HD_149038/mu._Nor_o28_c2T/HD_149038_sum_m61_fsr1.30_AIR_tel_wscor_helio.fits,HD_149038,/Users/hamano/DIB_analysis/DIB_pipeline_dir/mu._Nor/2017_07_29-HD_149038_pipeline_ver3.6/2017_07_29-HD_149038_pipeline_ver3.6--2017_07_29-HD_163336_pipeline_ver3.6-T2/,wide
True,extra_candidate_release_object,,,NTT17c_DIBanalysis_candidate,Found in 2017-07 NTT17c quality/telluric/DIBanalysis traces; not yet tied to a publication.,28,* mu. Nor,HD 149038,O9.7Iab C,16:34:05.02,-44:02:43.1,0.3,HD 149038,mu._Nor_o28_c2T,60,WIDE,1,0,2017-07-30-01:03:48.544,9255.7816,9437.5631,9255.625982284495,9437.407456114353,/Users/hamano/DIB_analysis/DIB_pipeline_dir/mu._Nor/2017_07_29-HD_149038_pipeline_ver3.6/2017_07_29-HD_149038_pipeline_ver3.6--2017_07_29-HD_163336_pipeline_ver3.6-T2/sum/HD_149038_sum_m60_fsr1.30_AIR_tel_wscor_helio.fits,True,23040,HD_149038/mu._Nor_o28_c2T/HD_149038_sum_m60_fsr1.30_AIR_tel_wscor_helio.fits,HD_149038,/Users/hamano/DIB_analysis/DIB_pipeline_dir/mu._Nor/2017_07_29-HD_149038_pipeline_ver3.6/2017_07_29-HD_149038_pipeline_ver3.6--2017_07_29-HD_163336_pipeline_ver3.6-T2/,wide
True,extra_candidate_release_object,,,NTT17c_DIBanalysis_candidate,Found in 2017-07 NTT17c quality/telluric/DIBanalysis traces; not yet tied to a publication.,28,* mu. Nor,HD 149038,O9.7Iab C,16:34:05.02,-44:02:43.1,0.3,HD 149038,mu._Nor_o28_c2T,59,WIDE,1,0,2017-07-30-01:03:48.544,9392.7343,9600.5038,9392.575951208542,9600.34546418187,/Users/hamano/DIB_analysis/DIB_pipeline_dir/mu._Nor/2017_07_29-HD_149038_pipeline_ver3.6/2017_07_29-HD_149038_pipeline_ver3.6--2017_07_29-HD_163336_pipeline_ver3.6-T2/sum/HD_149038_sum_m59_fsr1.30_AIR_tel_wscor_helio.fits,True,23040,HD_149038/mu._Nor_o28_c2T/HD_149038_sum_m59_fsr1.30_AIR_tel_wscor_helio.fits,HD_149038,/Users/hamano/DIB_analysis/DIB_pipeline_dir/mu._Nor/2017_07_29-HD_149038_pipeline_ver3.6/2017_07_29-HD_149038_pipeline_ver3.6--2017_07_29-HD_163336_pipeline_ver3.6-T2/,wide
True,extra_candidate_release_object,,,NTT17c_DIBanalysis_candidate,Found in 2017-07 NTT17c quality/telluric/DIBanalysis traces; not yet tied to a publication.,28,* mu. Nor,HD 149038,O9.7Iab C,16:34:05.02,-44:02:43.1,0.3,HD 149038,mu._Nor_o28_c2T,46,WIDE,1,0,2017-07-30-01:03:48.544,12005.3303,12356.0054,12005.12704031161,12355.80215108914,/Users/hamano/DIB_analysis/DIB_pipeline_dir/mu._Nor/2017_07_29-HD_149038_pipeline_ver3.6/2017_07_29-HD_149038_pipeline_ver3.6--2017_07_29-HD_163336_pipeline_ver3.6-T2/sum/HD_149038_sum_m46_fsr1.30_AIR_tel_wscor_helio.fits,True,25920,HD_149038/mu._Nor_o28_c2T/HD_149038_sum_m46_fsr1.30_AIR_tel_wscor_helio.fits,HD_149038,/Users/hamano/DIB_analysis/DIB_pipeline_dir/mu._Nor/2017_07_29-HD_149038_pipeline_ver3.6/2017_07_29-HD_149038_pipeline_ver3.6--2017_07_29-HD_163336_pipeline_ver3.6-T2/,wide
True,extra_candidate_release_object,,,NTT17c_DIBanalysis_candidate,Found in 2017-07 NTT17c quality/telluric/DIBanalysis traces; not yet tied to a publication.,28,* mu. Nor,HD 149038,O9.7Iab C,16:34:05.02,-44:02:43.1,0.3,HD 149038,mu._Nor_o28_c2T,51,WIDE,1,0,2017-07-30-01:03:48.544,10854.7287,11127.4503,10854.54501431919,11127.26665890478,/Users/hamano/DIB_analysis/DIB_pipeline_dir/mu._Nor/2017_07_29-HD_149038_pipeline_ver3.6/2017_07_29-HD_149038_pipeline_ver3.6--2017_07_29-HD_163336_pipeline_ver3.6-T2/sum/HD_149038_sum_m51_fsr1.30_AIR_tel_wscor_helio.fits,True,25920,HD_149038/mu._Nor_o28_c2T/HD_149038_sum_m51_fsr1.30_AIR_tel_wscor_helio.fits,HD_149038,/Users/hamano/DIB_analysis/DIB_pipeline_dir/mu._Nor/2017_07_29-HD_149038_pipeline_ver3.6/2017_07_29-HD_149038_pipeline_ver3.6--2017_07_29-HD_163336_pipeline_ver3.6-T2/,wide
True,extra_candidate_release_object,,,NTT17c_DIBanalysis_candidate,Found in 2017-07 NTT17c quality/telluric/DIBanalysis traces; not yet tied to a publication.,28,* mu. Nor,HD 149038,O9.7Iab C,16:34:05.02,-44:02:43.1,0.3,HD 149038,mu._Nor_o28_c2T,48,WIDE,1,0,2017-07-30-01:03:48.544,11519.9984,11831.6948,11519.80332943257,11831.49975843122,/Users/hamano/DIB_analysis/DIB_pipeline_dir/mu._Nor/2017_07_29-HD_149038_pipeline_ver3.6/2017_07_29-HD_149038_pipeline_ver3.6--2017_07_29-HD_163336_pipeline_ver3.6-T2/sum/HD_149038_sum_m48_fsr1.30_AIR_tel_wscor_helio.fits,True,25920,HD_149038/mu._Nor_o28_c2T/HD_149038_sum_m48_fsr1.30_AIR_tel_wscor_helio.fits,HD_149038,/Users/hamano/DIB_analysis/DIB_pipeline_dir/mu._Nor/2017_07_29-HD_149038_pipeline_ver3.6/2017_07_29-HD_149038_pipeline_ver3.6--2017_07_29-HD_163336_pipeline_ver3.6-T2/,wide
True,extra_candidate_release_object,,,NTT17c_DIBanalysis_candidate,Found in 2017-07 NTT17c quality/telluric/DIBanalysis traces; not yet tied to a publication.,28,* mu. Nor,HD 149038,O9.7Iab C,16:34:05.02,-44:02:43.1,0.3,HD 149038,mu._Nor_o28_c2T,54,WIDE,1,0,2017-07-30-01:03:48.544,10246.4391,10506.175,10246.26575352175,10506.00163506321,/Users/hamano/DIB_analysis/DIB_pipeline_dir/mu._Nor/2017_07_29-HD_149038_pipeline_ver3.6/2017_07_29-HD_149038_pipeline_ver3.6--2017_07_29-HD_163336_pipeline_ver3.6-T2/sum/HD_149038_sum_m54_fsr1.30_AIR_tel_wscor_helio.fits,True,25920,HD_149038/mu._Nor_o28_c2T/HD_149038_sum_m54_fsr1.30_AIR_tel_wscor_helio.fits,HD_149038,/Users/hamano/DIB_analysis/DIB_pipeline_dir/mu._Nor/2017_07_29-HD_149038_pipeline_ver3.6/2017_07_29-HD_149038_pipeline_ver3.6--2017_07_29-HD_163336_pipeline_ver3.6-T2/,wide
True,extra_candidate_release_object,,,NTT17c_DIBanalysis_candidate,Found in 2017-07 NTT17c quality/telluric/DIBanalysis traces; not yet tied to a publication.,28,* mu. Nor,HD 149038,O9.7Iab C,16:34:05.02,-44:02:43.1,0.3,HD 149038,mu._Nor_o28_c2T,42,WIDE,1,0,2017-07-30-01:03:48.544,13137.4381,13553.0712,13137.21588038144,13552.84897705098,/Users/hamano/DIB_analysis/DIB_pipeline_dir/mu._Nor/2017_07_29-HD_149038_pipeline_ver3.6/2017_07_29-HD_149038_pipeline_ver3.6--2017_07_29-HD_163336_pipeline_ver3.6-T2/sum/HD_149038_sum_m42_fsr1.30_AIR_tel_wscor_helio.fits,True,25920,HD_149038/mu._Nor_o28_c2T/HD_149038_sum_m42_fsr1.30_AIR_tel_wscor_helio.fits,HD_149038,/Users/hamano/DIB_analysis/DIB_pipeline_dir/mu._Nor/2017_07_29-HD_149038_pipeline_ver3.6/2017_07_29-HD_149038_pipeline_ver3.6--2017_07_29-HD_163336_pipeline_ver3.6-T2/,wide
True,extra_candidate_release_object,,,NTT17c_DIBanalysis_candidate,Found in 2017-07 NTT17c quality/telluric/DIBanalysis traces; not yet tied to a publication.,28,* mu. Nor,HD 149038,O9.7Iab C,16:34:05.02,-44:02:43.1,0.3,HD 149038,mu._Nor_o28_c2T,52,WIDE,1,0,2017-07-30-01:03:48.544,10644.8013,10917.5259,10644.62118214727,10917.3457416127,/Users/hamano/DIB_analysis/DIB_pipeline_dir/mu._Nor/2017_07_29-HD_149038_pipeline_ver3.6/2017_07_29-HD_149038_pipeline_ver3.6--2017_07_29-HD_163336_pipeline_ver3.6-T2/sum/HD_149038_sum_m52_fsr1.30_AIR_tel_wscor_helio.fits,True,25920,HD_149038/mu._Nor_o28_c2T/HD_149038_sum_m52_fsr1.30_AIR_tel_wscor_helio.fits,HD_149038,/Users/hamano/DIB_analysis/DIB_pipeline_dir/mu._Nor/2017_07_29-HD_149038_pipeline_ver3.6/2017_07_29-HD_149038_pipeline_ver3.6--2017_07_29-HD_163336_pipeline_ver3.6-T2/,wide
True,extra_candidate_release_object,,,NTT17c_DIBanalysis_candidate,Found in 2017-07 NTT17c quality/telluric/DIBanalysis traces; not yet tied to a publication.,60,* i Sco,HD148605,B3V C,16:30:12.47,-25:06:54.8,0.13,HD148605,i_Sco_o60_c2T,56,WIDE,1,0,2017-07-30-23:38:45.485,9889.5125,10123.2619,9889.345395966264,10123.09485954804,/Users/hamano/DIB_analysis/DIB_pipeline_dir/i_Sco/2017_07_30-HD148605_pipeline_ver3.6/2017_07_30-HD148605_pipeline_ver3.6--HD_139129_pipeline_ver3.6-T5/sum/HD148605_sum_m56_fsr1.30_AIR_tel_wscor_helio.fits,True,23040,HD148605/i_Sco_o60_c2T/HD148605_sum_m56_fsr1.30_AIR_tel_wscor_helio.fits,HD148605,/Users/hamano/DIB_analysis/DIB_pipeline_dir/i_Sco/2017_07_30-HD148605_pipeline_ver3.6/2017_07_30-HD148605_pipeline_ver3.6--HD_139129_pipeline_ver3.6-T5/,wide
True,extra_candidate_release_object,,,NTT17c_DIBanalysis_candidate,Found in 2017-07 NTT17c quality/telluric/DIBanalysis traces; not yet tied to a publication.,60,* i Sco,HD148605,B3V C,16:30:12.47,-25:06:54.8,0.13,HD148605,i_Sco_o60_c2T,53,WIDE,1,0,2017-07-30-23:38:45.485,10446.3091,10706.0395,10446.13240452552,10705.86285897306,/Users/hamano/DIB_analysis/DIB_pipeline_dir/i_Sco/2017_07_30-HD148605_pipeline_ver3.6/2017_07_30-HD148605_pipeline_ver3.6--HD_139129_pipeline_ver3.6-T5/sum/HD148605_sum_m53_fsr1.30_AIR_tel_wscor_helio.fits,True,25920,HD148605/i_Sco_o60_c2T/HD148605_sum_m53_fsr1.30_AIR_tel_wscor_helio.fits,HD148605,/Users/hamano/DIB_analysis/DIB_pipeline_dir/i_Sco/2017_07_30-HD148605_pipeline_ver3.6/2017_07_30-HD148605_pipeline_ver3.6--HD_139129_pipeline_ver3.6-T5/,wide
True,extra_candidate_release_object,,,NTT17c_DIBanalysis_candidate,Found in 2017-07 NTT17c quality/telluric/DIBanalysis traces; not yet tied to a publication.,60,* i Sco,HD148605,B3V C,16:30:12.47,-25:06:54.8,0.13,HD148605,i_Sco_o60_c2T,55,WIDE,1,0,2017-07-30-23:38:45.485,10069.4468,10303.1933,10069.27667466457,10303.02322233423,/Users/hamano/DIB_analysis/DIB_pipeline_dir/i_Sco/2017_07_30-HD148605_pipeline_ver3.6/2017_07_30-HD148605_pipeline_ver3.6--HD_139129_pipeline_ver3.6-T5/sum/HD148605_sum_m55_fsr1.30_AIR_tel_wscor_helio.fits,True,23040,HD148605/i_Sco_o60_c2T/HD148605_sum_m55_fsr1.30_AIR_tel_wscor_helio.fits,HD148605,/Users/hamano/DIB_analysis/DIB_pipeline_dir/i_Sco/2017_07_30-HD148605_pipeline_ver3.6/2017_07_30-HD148605_pipeline_ver3.6--HD_139129_pipeline_ver3.6-T5/,wide
True,extra_candidate_release_object,,,NTT17c_DIBanalysis_candidate,Found in 2017-07 NTT17c quality/telluric/DIBanalysis traces; not yet tied to a publication.,60,* i Sco,HD148605,B3V C,16:30:12.47,-25:06:54.8,0.13,HD148605,i_Sco_o60_c2T,59,WIDE,1,0,2017-07-30-23:38:45.485,9392.6939,9600.4614,9392.535521160753,9600.30302431885,/Users/hamano/DIB_analysis/DIB_pipeline_dir/i_Sco/2017_07_30-HD148605_pipeline_ver3.6/2017_07_30-HD148605_pipeline_ver3.6--HD_139129_pipeline_ver3.6-T5/sum/HD148605_sum_m59_fsr1.30_AIR_tel_wscor_helio.fits,True,23040,HD148605/i_Sco_o60_c2T/HD148605_sum_m59_fsr1.30_AIR_tel_wscor_helio.fits,HD148605,/Users/hamano/DIB_analysis/DIB_pipeline_dir/i_Sco/2017_07_30-HD148605_pipeline_ver3.6/2017_07_30-HD148605_pipeline_ver3.6--HD_139129_pipeline_ver3.6-T5/,wide
True,extra_candidate_release_object,,,NTT17c_DIBanalysis_candidate,Found in 2017-07 NTT17c quality/telluric/DIBanalysis traces; not yet tied to a publication.,60,* i Sco,HD148605,B3V C,16:30:12.47,-25:06:54.8,0.13,HD148605,i_Sco_o60_c2T,54,WIDE,1,0,2017-07-30-23:38:45.485,10246.3821,10506.1155,10246.20870952699,10505.94207856562,/Users/hamano/DIB_analysis/DIB_pipeline_dir/i_Sco/2017_07_30-HD148605_pipeline_ver3.6/2017_07_30-HD148605_pipeline_ver3.6--HD_139129_pipeline_ver3.6-T5/sum/HD148605_sum_m54_fsr1.30_AIR_tel_wscor_helio.fits,True,25920,HD148605/i_Sco_o60_c2T/HD148605_sum_m54_fsr1.30_AIR_tel_wscor_helio.fits,HD148605,/Users/hamano/DIB_analysis/DIB_pipeline_dir/i_Sco/2017_07_30-HD148605_pipeline_ver3.6/2017_07_30-HD148605_pipeline_ver3.6--HD_139129_pipeline_ver3.6-T5/,wide
True,extra_candidate_release_object,,,NTT17c_DIBanalysis_candidate,Found in 2017-07 NTT17c quality/telluric/DIBanalysis traces; not yet tied to a publication.,60,* i Sco,HD148605,B3V C,16:30:12.47,-25:06:54.8,0.13,HD148605,i_Sco_o60_c2T,45,WIDE,1,0,2017-07-30-23:38:45.485,12273.641,12637.3032,12273.43315302894,12637.09536900905,/Users/hamano/DIB_analysis/DIB_pipeline_dir/i_Sco/2017_07_30-HD148605_pipeline_ver3.6/2017_07_30-HD148605_pipeline_ver3.6--HD_139129_pipeline_ver3.6-T5/sum/HD148605_sum_m45_fsr1.30_AIR_tel_wscor_helio.fits,True,25920,HD148605/i_Sco_o60_c2T/HD148605_sum_m45_fsr1.30_AIR_tel_wscor_helio.fits,HD148605,/Users/hamano/DIB_analysis/DIB_pipeline_dir/i_Sco/2017_07_30-HD148605_pipeline_ver3.6/2017_07_30-HD148605_pipeline_ver3.6--HD_139129_pipeline_ver3.6-T5/,wide
True,extra_candidate_release_object,,,NTT17c_DIBanalysis_candidate,Found in 2017-07 NTT17c quality/telluric/DIBanalysis traces; not yet tied to a publication.,60,* i Sco,HD148605,B3V C,16:30:12.47,-25:06:54.8,0.13,HD148605,i_Sco_o60_c2T,47,WIDE,1,0,2017-07-30-23:38:45.485,11758.3295,12083.0144,11758.13041815297,12082.81530286821,/Users/hamano/DIB_analysis/DIB_pipeline_dir/i_Sco/2017_07_30-HD148605_pipeline_ver3.6/2017_07_30-HD148605_pipeline_ver3.6--HD_139129_pipeline_ver3.6-T5/sum/HD148605_sum_m47_fsr1.30_AIR_tel_wscor_helio.fits,True,25920,HD148605/i_Sco_o60_c2T/HD148605_sum_m47_fsr1.30_AIR_tel_wscor_helio.fits,HD148605,/Users/hamano/DIB_analysis/DIB_pipeline_dir/i_Sco/2017_07_30-HD148605_pipeline_ver3.6/2017_07_30-HD148605_pipeline_ver3.6--HD_139129_pipeline_ver3.6-T5/,wide
True,extra_candidate_release_object,,,NTT17c_DIBanalysis_candidate,Found in 2017-07 NTT17c quality/telluric/DIBanalysis traces; not yet tied to a publication.,60,* i Sco,HD148605,B3V C,16:30:12.47,-25:06:54.8,0.13,HD148605,i_Sco_o60_c2T,61,WIDE,1,0,2017-07-30-23:38:45.485,9092.8033,9300.5756,9092.65027649633,9300.422636875661,/Users/hamano/DIB_analysis/DIB_pipeline_dir/i_Sco/2017_07_30-HD148605_pipeline_ver3.6/2017_07_30-HD148605_pipeline_ver3.6--HD_139129_pipeline_ver3.6-T5/sum/HD148605_sum_m61_fsr1.30_AIR_tel_wscor_helio.fits,True,23040,HD148605/i_Sco_o60_c2T/HD148605_sum_m61_fsr1.30_AIR_tel_wscor_helio.fits,HD148605,/Users/hamano/DIB_analysis/DIB_pipeline_dir/i_Sco/2017_07_30-HD148605_pipeline_ver3.6/2017_07_30-HD148605_pipeline_ver3.6--HD_139129_pipeline_ver3.6-T5/,wide
True,extra_candidate_release_object,,,NTT17c_DIBanalysis_candidate,Found in 2017-07 NTT17c quality/telluric/DIBanalysis traces; not yet tied to a publication.,60,* i Sco,HD148605,B3V C,16:30:12.47,-25:06:54.8,0.13,HD148605,i_Sco_o60_c2T,44,WIDE,1,0,2017-07-30-23:38:45.485,12550.5396,12938.0068,12550.32731137525,12937.79452621056,/Users/hamano/DIB_analysis/DIB_pipeline_dir/i_Sco/2017_07_30-HD148605_pipeline_ver3.6/2017_07_30-HD148605_pipeline_ver3.6--HD_139129_pipeline_ver3.6-T5/sum/HD148605_sum_m44_fsr1.30_AIR_tel_wscor_helio.fits,True,25920,HD148605/i_Sco_o60_c2T/HD148605_sum_m44_fsr1.30_AIR_tel_wscor_helio.fits,HD148605,/Users/hamano/DIB_analysis/DIB_pipeline_dir/i_Sco/2017_07_30-HD148605_pipeline_ver3.6/2017_07_30-HD148605_pipeline_ver3.6--HD_139129_pipeline_ver3.6-T5/,wide
True,extra_candidate_release_object,,,NTT17c_DIBanalysis_candidate,Found in 2017-07 NTT17c quality/telluric/DIBanalysis traces; not yet tied to a publication.,60,* i Sco,HD148605,B3V C,16:30:12.47,-25:06:54.8,0.13,HD148605,i_Sco_o60_c2T,60,WIDE,1,0,2017-07-30-23:38:45.485,9255.7439,9437.5237,9255.588301304517,9437.368016709308,/Users/hamano/DIB_analysis/DIB_pipeline_dir/i_Sco/2017_07_30-HD148605_pipeline_ver3.6/2017_07_30-HD148605_pipeline_ver3.6--HD_139129_pipeline_ver3.6-T5/sum/HD148605_sum_m60_fsr1.30_AIR_tel_wscor_helio.fits,True,23040,HD148605/i_Sco_o60_c2T/HD148605_sum_m60_fsr1.30_AIR_tel_wscor_helio.fits,HD148605,/Users/hamano/DIB_analysis/DIB_pipeline_dir/i_Sco/2017_07_30-HD148605_pipeline_ver3.6/2017_07_30-HD148605_pipeline_ver3.6--HD_139129_pipeline_ver3.6-T5/,wide
True,extra_candidate_release_object,,,NTT17c_DIBanalysis_candidate,Found in 2017-07 NTT17c quality/telluric/DIBanalysis traces; not yet tied to a publication.,60,* i Sco,HD148605,B3V C,16:30:12.47,-25:06:54.8,0.13,HD148605,i_Sco_o60_c2T,43,WIDE,1,0,2017-07-30-23:38:45.485,12851.9295,13228.5783,12851.71225545808,13228.36108093103,/Users/hamano/DIB_analysis/DIB_pipeline_dir/i_Sco/2017_07_30-HD148605_pipeline_ver3.6/2017_07_30-HD148605_pipeline_ver3.6--HD_139129_pipeline_ver3.6-T5/sum/HD148605_sum_m43_fsr1.30_AIR_tel_wscor_helio.fits,True,25920,HD148605/i_Sco_o60_c2T/HD148605_sum_m43_fsr1.30_AIR_tel_wscor_helio.fits,HD148605,/Users/hamano/DIB_analysis/DIB_pipeline_dir/i_Sco/2017_07_30-HD148605_pipeline_ver3.6/2017_07_30-HD148605_pipeline_ver3.6--HD_139129_pipeline_ver3.6-T5/,wide
True,extra_candidate_release_object,,,NTT17c_DIBanalysis_candidate,Found in 2017-07 NTT17c quality/telluric/DIBanalysis traces; not yet tied to a publication.,60,* i Sco,HD148605,B3V C,16:30:12.47,-25:06:54.8,0.13,HD148605,i_Sco_o60_c2T,58,WIDE,1,0,2017-07-30-23:38:45.485,9549.6365,9783.3918,9549.475421905279,9783.230716732234,/Users/hamano/DIB_analysis/DIB_pipeline_dir/i_Sco/2017_07_30-HD148605_pipeline_ver3.6/2017_07_30-HD148605_pipeline_ver3.6--HD_139129_pipeline_ver3.6-T5/sum/HD148605_sum_m58_fsr1.30_AIR_tel_wscor_helio.fits,True,25920,HD148605/i_Sco_o60_c2T/HD148605_sum_m58_fsr1.30_AIR_tel_wscor_helio.fits,HD148605,/Users/hamano/DIB_analysis/DIB_pipeline_dir/i_Sco/2017_07_30-HD148605_pipeline_ver3.6/2017_07_30-HD148605_pipeline_ver3.6--HD_139129_pipeline_ver3.6-T5/,wide
True,extra_candidate_release_object,,,NTT17c_DIBanalysis_candidate,Found in 2017-07 NTT17c quality/telluric/DIBanalysis traces; not yet tied to a publication.,60,* i Sco,HD148605,B3V C,16:30:12.47,-25:06:54.8,0.13,HD148605,i_Sco_o60_c2T,48,WIDE,1,0,2017-07-30-23:38:45.485,11519.9167,11831.6101,11519.72162210869,11831.41503597274,/Users/hamano/DIB_analysis/DIB_pipeline_dir/i_Sco/2017_07_30-HD148605_pipeline_ver3.6/2017_07_30-HD148605_pipeline_ver3.6--HD_139129_pipeline_ver3.6-T5/sum/HD148605_sum_m48_fsr1.30_AIR_tel_wscor_helio.fits,True,25920,HD148605/i_Sco_o60_c2T/HD148605_sum_m48_fsr1.30_AIR_tel_wscor_helio.fits,HD148605,/Users/hamano/DIB_analysis/DIB_pipeline_dir/i_Sco/2017_07_30-HD148605_pipeline_ver3.6/2017_07_30-HD148605_pipeline_ver3.6--HD_139129_pipeline_ver3.6-T5/,wide
True,extra_candidate_release_object,,,NTT17c_DIBanalysis_candidate,Found in 2017-07 NTT17c quality/telluric/DIBanalysis traces; not yet tied to a publication.,60,* i Sco,HD148605,B3V C,16:30:12.47,-25:06:54.8,0.13,HD148605,i_Sco_o60_c2T,50,WIDE,1,0,2017-07-30-23:38:45.485,11063.0837,11348.7942,11062.89635183288,11348.60682618746,/Users/hamano/DIB_analysis/DIB_pipeline_dir/i_Sco/2017_07_30-HD148605_pipeline_ver3.6/2017_07_30-HD148605_pipeline_ver3.6--HD_139129_pipeline_ver3.6-T5/sum/HD148605_sum_m50_fsr1.30_AIR_tel_wscor_helio.fits,True,25920,HD148605/i_Sco_o60_c2T/HD148605_sum_m50_fsr1.30_AIR_tel_wscor_helio.fits,HD148605,/Users/hamano/DIB_analysis/DIB_pipeline_dir/i_Sco/2017_07_30-HD148605_pipeline_ver3.6/2017_07_30-HD148605_pipeline_ver3.6--HD_139129_pipeline_ver3.6-T5/,wide
True,extra_candidate_release_object,,,NTT17c_DIBanalysis_candidate,Found in 2017-07 NTT17c quality/telluric/DIBanalysis traces; not yet tied to a publication.,60,* i Sco,HD148605,B3V C,16:30:12.47,-25:06:54.8,0.13,HD148605,i_Sco_o60_c2T,57,WIDE,1,0,2017-07-30-23:38:45.485,9732.5699,9940.3315,9732.405751348915,9940.167421625902,/Users/hamano/DIB_analysis/DIB_pipeline_dir/i_Sco/2017_07_30-HD148605_pipeline_ver3.6/2017_07_30-HD148605_pipeline_ver3.6--HD_139129_pipeline_ver3.6-T5/sum/HD148605_sum_m57_fsr1.30_AIR_tel_wscor_helio.fits,True,23040,HD148605/i_Sco_o60_c2T/HD148605_sum_m57_fsr1.30_AIR_tel_wscor_helio.fits,HD148605,/Users/hamano/DIB_analysis/DIB_pipeline_dir/i_Sco/2017_07_30-HD148605_pipeline_ver3.6/2017_07_30-HD148605_pipeline_ver3.6--HD_139129_pipeline_ver3.6-T5/,wide
True,extra_candidate_release_object,,,NTT17c_DIBanalysis_candidate,Found in 2017-07 NTT17c quality/telluric/DIBanalysis traces; not yet tied to a publication.,60,* i Sco,HD148605,B3V C,16:30:12.47,-25:06:54.8,0.13,HD148605,i_Sco_o60_c2T,51,WIDE,1,0,2017-07-30-23:38:45.485,10854.6599,11127.3789,10854.4762464972,11127.19525296391,/Users/hamano/DIB_analysis/DIB_pipeline_dir/i_Sco/2017_07_30-HD148605_pipeline_ver3.6/2017_07_30-HD148605_pipeline_ver3.6--HD_139129_pipeline_ver3.6-T5/sum/HD148605_sum_m51_fsr1.30_AIR_tel_wscor_helio.fits,True,25920,HD148605/i_Sco_o60_c2T/HD148605_sum_m51_fsr1.30_AIR_tel_wscor_helio.fits,HD148605,/Users/hamano/DIB_analysis/DIB_pipeline_dir/i_Sco/2017_07_30-HD148605_pipeline_ver3.6/2017_07_30-HD148605_pipeline_ver3.6--HD_139129_pipeline_ver3.6-T5/,wide
True,extra_candidate_release_object,,,NTT17c_DIBanalysis_candidate,Found in 2017-07 NTT17c quality/telluric/DIBanalysis traces; not yet tied to a publication.,60,* i Sco,HD148605,B3V C,16:30:12.47,-25:06:54.8,0.13,HD148605,i_Sco_o60_c2T,52,WIDE,1,0,2017-07-30-23:38:45.485,10644.7366,10917.4585,10644.55643876057,10917.27836007919,/Users/hamano/DIB_analysis/DIB_pipeline_dir/i_Sco/2017_07_30-HD148605_pipeline_ver3.6/2017_07_30-HD148605_pipeline_ver3.6--HD_139129_pipeline_ver3.6-T5/sum/HD148605_sum_m52_fsr1.30_AIR_tel_wscor_helio.fits,True,25920,HD148605/i_Sco_o60_c2T/HD148605_sum_m52_fsr1.30_AIR_tel_wscor_helio.fits,HD148605,/Users/hamano/DIB_analysis/DIB_pipeline_dir/i_Sco/2017_07_30-HD148605_pipeline_ver3.6/2017_07_30-HD148605_pipeline_ver3.6--HD_139129_pipeline_ver3.6-T5/,wide
True,extra_candidate_release_object,,,NTT17c_DIBanalysis_candidate,Found in 2017-07 NTT17c quality/telluric/DIBanalysis traces; not yet tied to a publication.,60,* i Sco,HD148605,B3V C,16:30:12.47,-25:06:54.8,0.13,HD148605,i_Sco_o60_c2T,49,WIDE,1,0,2017-07-30-23:38:45.485,11280.0043,11591.7016,11279.81323268055,11591.51053636711,/Users/hamano/DIB_analysis/DIB_pipeline_dir/i_Sco/2017_07_30-HD148605_pipeline_ver3.6/2017_07_30-HD148605_pipeline_ver3.6--HD_139129_pipeline_ver3.6-T5/sum/HD148605_sum_m49_fsr1.30_AIR_tel_wscor_helio.fits,True,25920,HD148605/i_Sco_o60_c2T/HD148605_sum_m49_fsr1.30_AIR_tel_wscor_helio.fits,HD148605,/Users/hamano/DIB_analysis/DIB_pipeline_dir/i_Sco/2017_07_30-HD148605_pipeline_ver3.6/2017_07_30-HD148605_pipeline_ver3.6--HD_139129_pipeline_ver3.6-T5/,wide
True,extra_candidate_release_object,,,NTT17c_DIBanalysis_candidate,Found in 2017-07 NTT17c quality/telluric/DIBanalysis traces; not yet tied to a publication.,60,* i Sco,HD148605,B3V C,16:30:12.47,-25:06:54.8,0.13,HD148605,i_Sco_o60_c2T,46,WIDE,1,0,2017-07-30-23:38:45.485,12005.2391,12355.9108,12005.035843036,12355.70756162574,/Users/hamano/DIB_analysis/DIB_pipeline_dir/i_Sco/2017_07_30-HD148605_pipeline_ver3.6/2017_07_30-HD148605_pipeline_ver3.6--HD_139129_pipeline_ver3.6-T5/sum/HD148605_sum_m46_fsr1.30_AIR_tel_wscor_helio.fits,True,25920,HD148605/i_Sco_o60_c2T/HD148605_sum_m46_fsr1.30_AIR_tel_wscor_helio.fits,HD148605,/Users/hamano/DIB_analysis/DIB_pipeline_dir/i_Sco/2017_07_30-HD148605_pipeline_ver3.6/2017_07_30-HD148605_pipeline_ver3.6--HD_139129_pipeline_ver3.6-T5/,wide
True,extra_candidate_release_object,,,NTT17c_DIBanalysis_candidate,Found in 2017-07 NTT17c quality/telluric/DIBanalysis traces; not yet tied to a publication.,60,* i Sco,HD148605,B3V C,16:30:12.47,-25:06:54.8,0.13,HD148605,i_Sco_o60_c2T,42,WIDE,1,0,2017-07-30-23:38:45.485,13137.3249,13552.954,13137.10267004047,13552.73174616269,/Users/hamano/DIB_analysis/DIB_pipeline_dir/i_Sco/2017_07_30-HD148605_pipeline_ver3.6/2017_07_30-HD148605_pipeline_ver3.6--HD_139129_pipeline_ver3.6-T5/sum/HD148605_sum_m42_fsr1.30_AIR_tel_wscor_helio.fits,True,25920,HD148605/i_Sco_o60_c2T/HD148605_sum_m42_fsr1.30_AIR_tel_wscor_helio.fits,HD148605,/Users/hamano/DIB_analysis/DIB_pipeline_dir/i_Sco/2017_07_30-HD148605_pipeline_ver3.6/2017_07_30-HD148605_pipeline_ver3.6--HD_139129_pipeline_ver3.6-T5/,wide
True,extra_candidate_release_object,Hamano2015_NIR_DIB_0p91_1p32um,10.1088/0004-637X/800/2/137,,,86,HD  21389,HD21389 | HD 21389,A0Ia C,03:29:54.74,+58:52:43.5,0.57,HD21389,HD_21389_o86_c1T,45,WIDE,1,0,2013-12-25-09:30:40.896,12273.7201,12637.7001,12273.51219812257,12637.49221867378,/Users/hamano/DIB_analysis/DIB_pipeline_dir/HD_21389/2013_12_25-HD21389_pipeline_ver3.5/2013_12_25-HD21389_pipeline_ver3.5--2013_12_25-50_Cas_pipeline_ver3.5-T1/sum/HD21389_sum_m45_fsr1.30_AIR_tel_wscor_helio.fits,True,20160,HD_21389/HD_21389_o86_c1T/HD21389_sum_m45_fsr1.30_AIR_tel_wscor_helio.fits,HD_21389,/Users/hamano/DIB_analysis/DIB_pipeline_dir/HD_21389/2013_12_25-HD21389_pipeline_ver3.5/2013_12_25-HD21389_pipeline_ver3.5--2013_12_25-50_Cas_pipeline_ver3.5-T1/,wide
True,extra_candidate_release_object,Hamano2015_NIR_DIB_0p91_1p32um,10.1088/0004-637X/800/2/137,,,86,HD  21389,HD21389 | HD 21389,A0Ia C,03:29:54.74,+58:52:43.5,0.57,HD21389,HD_21389_o86_c1T,44,WIDE,1,0,2013-12-25-09:30:40.896,12550.8634,12940.2331,12550.65102436108,12940.02065818427,/Users/hamano/DIB_analysis/DIB_pipeline_dir/HD_21389/2013_12_25-HD21389_pipeline_ver3.5/2013_12_25-HD21389_pipeline_ver3.5--2013_12_25-50_Cas_pipeline_ver3.5-T1/sum/HD21389_sum_m44_fsr1.30_AIR_tel_wscor_helio.fits,True,20160,HD_21389/HD_21389_o86_c1T/HD21389_sum_m44_fsr1.30_AIR_tel_wscor_helio.fits,HD_21389,/Users/hamano/DIB_analysis/DIB_pipeline_dir/HD_21389/2013_12_25-HD21389_pipeline_ver3.5/2013_12_25-HD21389_pipeline_ver3.5--2013_12_25-50_Cas_pipeline_ver3.5-T1/,wide
True,extra_candidate_release_object,Hamano2015_NIR_DIB_0p91_1p32um,10.1088/0004-637X/800/2/137,,,86,HD  21389,HD21389 | HD 21389,A0Ia C,03:29:54.74,+58:52:43.5,0.57,HD21389,HD_21389_o86_c1T,60,WIDE,1,0,2013-12-25-09:30:40.896,9256.163,9438.0401,9256.007419497066,9437.884530323985,/Users/hamano/DIB_analysis/DIB_pipeline_dir/HD_21389/2013_12_25-HD21389_pipeline_ver3.5/2013_12_25-HD21389_pipeline_ver3.5--2013_12_25-50_Cas_pipeline_ver3.5-T1/sum/HD21389_sum_m60_fsr1.30_AIR_tel_wscor_helio.fits,True,17280,HD_21389/HD_21389_o86_c1T/HD21389_sum_m60_fsr1.30_AIR_tel_wscor_helio.fits,HD_21389,/Users/hamano/DIB_analysis/DIB_pipeline_dir/HD_21389/2013_12_25-HD21389_pipeline_ver3.5/2013_12_25-HD21389_pipeline_ver3.5--2013_12_25-50_Cas_pipeline_ver3.5-T1/,wide
True,extra_candidate_release_object,Hamano2015_NIR_DIB_0p91_1p32um,10.1088/0004-637X/800/2/137,,,86,HD  21389,HD21389 | HD 21389,A0Ia C,03:29:54.74,+58:52:43.5,0.57,HD21389,HD_21389_o86_c1T,50,WIDE,1,0,2013-12-25-09:30:40.896,11063.4755,11349.2746,11063.28808911091,11349.08718299945,/Users/hamano/DIB_analysis/DIB_pipeline_dir/HD_21389/2013_12_25-HD21389_pipeline_ver3.5/2013_12_25-HD21389_pipeline_ver3.5--2013_12_25-50_Cas_pipeline_ver3.5-T1/sum/HD21389_sum_m50_fsr1.30_AIR_tel_wscor_helio.fits,True,20160,HD_21389/HD_21389_o86_c1T/HD21389_sum_m50_fsr1.30_AIR_tel_wscor_helio.fits,HD_21389,/Users/hamano/DIB_analysis/DIB_pipeline_dir/HD_21389/2013_12_25-HD21389_pipeline_ver3.5/2013_12_25-HD21389_pipeline_ver3.5--2013_12_25-50_Cas_pipeline_ver3.5-T1/,wide
True,extra_candidate_release_object,Hamano2015_NIR_DIB_0p91_1p32um,10.1088/0004-637X/800/2/137,,,86,HD  21389,HD21389 | HD 21389,A0Ia C,03:29:54.74,+58:52:43.5,0.57,HD21389,HD_21389_o86_c1T,54,WIDE,1,0,2013-12-25-09:30:40.896,10246.6581,10506.6224,10246.48469307767,10506.44896913647,/Users/hamano/DIB_analysis/DIB_pipeline_dir/HD_21389/2013_12_25-HD21389_pipeline_ver3.5/2013_12_25-HD21389_pipeline_ver3.5--2013_12_25-50_Cas_pipeline_ver3.5-T1/sum/HD21389_sum_m54_fsr1.30_AIR_tel_wscor_helio.fits,True,20160,HD_21389/HD_21389_o86_c1T/HD21389_sum_m54_fsr1.30_AIR_tel_wscor_helio.fits,HD_21389,/Users/hamano/DIB_analysis/DIB_pipeline_dir/HD_21389/2013_12_25-HD21389_pipeline_ver3.5/2013_12_25-HD21389_pipeline_ver3.5--2013_12_25-50_Cas_pipeline_ver3.5-T1/,wide
True,extra_candidate_release_object,Hamano2015_NIR_DIB_0p91_1p32um,10.1088/0004-637X/800/2/137,,,86,HD  21389,HD21389 | HD 21389,A0Ia C,03:29:54.74,+58:52:43.5,0.57,HD21389,HD_21389_o86_c1T,55,WIDE,1,0,2013-12-25-09:30:40.896,10069.727,10303.7686,10069.55676276719,10303.59840372001,/Users/hamano/DIB_analysis/DIB_pipeline_dir/HD_21389/2013_12_25-HD21389_pipeline_ver3.5/2013_12_25-HD21389_pipeline_ver3.5--2013_12_25-50_Cas_pipeline_ver3.5-T1/sum/HD21389_sum_m55_fsr1.30_AIR_tel_wscor_helio.fits,True,17280,HD_21389/HD_21389_o86_c1T/HD21389_sum_m55_fsr1.30_AIR_tel_wscor_helio.fits,HD_21389,/Users/hamano/DIB_analysis/DIB_pipeline_dir/HD_21389/2013_12_25-HD21389_pipeline_ver3.5/2013_12_25-HD21389_pipeline_ver3.5--2013_12_25-50_Cas_pipeline_ver3.5-T1/,wide
True,extra_candidate_release_object,Hamano2015_NIR_DIB_0p91_1p32um,10.1088/0004-637X/800/2/137,,,86,HD  21389,HD21389 | HD 21389,A0Ia C,03:29:54.74,+58:52:43.5,0.57,HD21389,HD_21389_o86_c1T,43,WIDE,1,0,2013-12-25-09:30:40.896,12852.0108,13228.9742,12851.79368542934,13228.75702169711,/Users/hamano/DIB_analysis/DIB_pipeline_dir/HD_21389/2013_12_25-HD21389_pipeline_ver3.5/2013_12_25-HD21389_pipeline_ver3.5--2013_12_25-50_Cas_pipeline_ver3.5-T1/sum/HD21389_sum_m43_fsr1.30_AIR_tel_wscor_helio.fits,True,20160,HD_21389/HD_21389_o86_c1T/HD21389_sum_m43_fsr1.30_AIR_tel_wscor_helio.fits,HD_21389,/Users/hamano/DIB_analysis/DIB_pipeline_dir/HD_21389/2013_12_25-HD21389_pipeline_ver3.5/2013_12_25-HD21389_pipeline_ver3.5--2013_12_25-50_Cas_pipeline_ver3.5-T1/,wide
True,extra_candidate_release_object,Hamano2015_NIR_DIB_0p91_1p32um,10.1088/0004-637X/800/2/137,,,86,HD  21389,HD21389 | HD 21389,A0Ia C,03:29:54.74,+58:52:43.5,0.57,HD21389,HD_21389_o86_c1T,49,WIDE,1,0,2013-12-25-09:30:40.896,11280.2157,11592.0897,11280.02446311654,11591.89849658273,/Users/hamano/DIB_analysis/DIB_pipeline_dir/HD_21389/2013_12_25-HD21389_pipeline_ver3.5/2013_12_25-HD21389_pipeline_ver3.5--2013_12_25-50_Cas_pipeline_ver3.5-T1/sum/HD21389_sum_m49_fsr1.30_AIR_tel_wscor_helio.fits,True,20160,HD_21389/HD_21389_o86_c1T/HD21389_sum_m49_fsr1.30_AIR_tel_wscor_helio.fits,HD_21389,/Users/hamano/DIB_analysis/DIB_pipeline_dir/HD_21389/2013_12_25-HD21389_pipeline_ver3.5/2013_12_25-HD21389_pipeline_ver3.5--2013_12_25-50_Cas_pipeline_ver3.5-T1/,wide
True,extra_candidate_release_object,Hamano2015_NIR_DIB_0p91_1p32um,10.1088/0004-637X/800/2/137,,,86,HD  21389,HD21389 | HD 21389,A0Ia C,03:29:54.74,+58:52:43.5,0.57,HD21389,HD_21389_o86_c1T,59,WIDE,1,0,2013-12-25-09:30:40.896,9392.9441,9600.8366,9392.785789222584,9600.678269965967,/Users/hamano/DIB_analysis/DIB_pipeline_dir/HD_21389/2013_12_25-HD21389_pipeline_ver3.5/2013_12_25-HD21389_pipeline_ver3.5--2013_12_25-50_Cas_pipeline_ver3.5-T1/sum/HD21389_sum_m59_fsr1.30_AIR_tel_wscor_helio.fits,True,17280,HD_21389/HD_21389_o86_c1T/HD21389_sum_m59_fsr1.30_AIR_tel_wscor_helio.fits,HD_21389,/Users/hamano/DIB_analysis/DIB_pipeline_dir/HD_21389/2013_12_25-HD21389_pipeline_ver3.5/2013_12_25-HD21389_pipeline_ver3.5--2013_12_25-50_Cas_pipeline_ver3.5-T1/,wide
True,extra_candidate_release_object,Hamano2015_NIR_DIB_0p91_1p32um,10.1088/0004-637X/800/2/137,,,86,HD  21389,HD21389 | HD 21389,A0Ia C,03:29:54.74,+58:52:43.5,0.57,HD21389,HD_21389_o86_c1T,56,WIDE,1,0,2013-12-25-09:30:40.896,9889.7576,10123.6996,9889.590453714887,10123.53250344363,/Users/hamano/DIB_analysis/DIB_pipeline_dir/HD_21389/2013_12_25-HD21389_pipeline_ver3.5/2013_12_25-HD21389_pipeline_ver3.5--2013_12_25-50_Cas_pipeline_ver3.5-T1/sum/HD21389_sum_m56_fsr1.30_AIR_tel_wscor_helio.fits,True,17280,HD_21389/HD_21389_o86_c1T/HD21389_sum_m56_fsr1.30_AIR_tel_wscor_helio.fits,HD_21389,/Users/hamano/DIB_analysis/DIB_pipeline_dir/HD_21389/2013_12_25-HD21389_pipeline_ver3.5/2013_12_25-HD21389_pipeline_ver3.5--2013_12_25-50_Cas_pipeline_ver3.5-T1/,wide
True,extra_candidate_release_object,Hamano2015_NIR_DIB_0p91_1p32um,10.1088/0004-637X/800/2/137,,,86,HD  21389,HD21389 | HD 21389,A0Ia C,03:29:54.74,+58:52:43.5,0.57,HD21389,HD_21389_o86_c1T,52,WIDE,1,0,2013-12-25-09:30:40.896,10644.9558,10917.9288,10644.77564831336,10917.74861319878,/Users/hamano/DIB_analysis/DIB_pipeline_dir/HD_21389/2013_12_25-HD21389_pipeline_ver3.5/2013_12_25-HD21389_pipeline_ver3.5--2013_12_25-50_Cas_pipeline_ver3.5-T1/sum/HD21389_sum_m52_fsr1.30_AIR_tel_wscor_helio.fits,True,20160,HD_21389/HD_21389_o86_c1T/HD21389_sum_m52_fsr1.30_AIR_tel_wscor_helio.fits,HD_21389,/Users/hamano/DIB_analysis/DIB_pipeline_dir/HD_21389/2013_12_25-HD21389_pipeline_ver3.5/2013_12_25-HD21389_pipeline_ver3.5--2013_12_25-50_Cas_pipeline_ver3.5-T1/,wide
True,extra_candidate_release_object,Hamano2015_NIR_DIB_0p91_1p32um,10.1088/0004-637X/800/2/137,,,86,HD  21389,HD21389 | HD 21389,A0Ia C,03:29:54.74,+58:52:43.5,0.57,HD21389,HD_21389_o86_c1T,47,WIDE,1,0,2013-12-25-09:30:40.896,11758.464,12083.4327,11758.26476835325,12083.2334064885,/Users/hamano/DIB_analysis/DIB_pipeline_dir/HD_21389/2013_12_25-HD21389_pipeline_ver3.5/2013_12_25-HD21389_pipeline_ver3.5--2013_12_25-50_Cas_pipeline_ver3.5-T1/sum/HD21389_sum_m47_fsr1.30_AIR_tel_wscor_helio.fits,True,20160,HD_21389/HD_21389_o86_c1T/HD21389_sum_m47_fsr1.30_AIR_tel_wscor_helio.fits,HD_21389,/Users/hamano/DIB_analysis/DIB_pipeline_dir/HD_21389/2013_12_25-HD21389_pipeline_ver3.5/2013_12_25-HD21389_pipeline_ver3.5--2013_12_25-50_Cas_pipeline_ver3.5-T1/,wide
True,extra_candidate_release_object,Hamano2015_NIR_DIB_0p91_1p32um,10.1088/0004-637X/800/2/137,,,86,HD  21389,HD21389 | HD 21389,A0Ia C,03:29:54.74,+58:52:43.5,0.57,HD21389,HD_21389_o86_c1T,58,WIDE,1,0,2013-12-25-09:30:40.896,9549.9347,9783.9499,9549.773522133879,9783.78876527051,/Users/hamano/DIB_analysis/DIB_pipeline_dir/HD_21389/2013_12_25-HD21389_pipeline_ver3.5/2013_12_25-HD21389_pipeline_ver3.5--2013_12_25-50_Cas_pipeline_ver3.5-T1/sum/HD21389_sum_m58_fsr1.30_AIR_tel_wscor_helio.fits,True,20160,HD_21389/HD_21389_o86_c1T/HD21389_sum_m58_fsr1.30_AIR_tel_wscor_helio.fits,HD_21389,/Users/hamano/DIB_analysis/DIB_pipeline_dir/HD_21389/2013_12_25-HD21389_pipeline_ver3.5/2013_12_25-HD21389_pipeline_ver3.5--2013_12_25-50_Cas_pipeline_ver3.5-T1/,wide
True,extra_candidate_release_object,Hamano2015_NIR_DIB_0p91_1p32um,10.1088/0004-637X/800/2/137,,,86,HD  21389,HD21389 | HD 21389,A0Ia C,03:29:54.74,+58:52:43.5,0.57,HD21389,HD_21389_o86_c1T,57,WIDE,1,0,2013-12-25-09:30:40.896,9732.8414,9940.7408,9732.677331167253,9940.576670143539,/Users/hamano/DIB_analysis/DIB_pipeline_dir/HD_21389/2013_12_25-HD21389_pipeline_ver3.5/2013_12_25-HD21389_pipeline_ver3.5--2013_12_25-50_Cas_pipeline_ver3.5-T1/sum/HD21389_sum_m57_fsr1.30_AIR_tel_wscor_helio.fits,True,17280,HD_21389/HD_21389_o86_c1T/HD21389_sum_m57_fsr1.30_AIR_tel_wscor_helio.fits,HD_21389,/Users/hamano/DIB_analysis/DIB_pipeline_dir/HD_21389/2013_12_25-HD21389_pipeline_ver3.5/2013_12_25-HD21389_pipeline_ver3.5--2013_12_25-50_Cas_pipeline_ver3.5-T1/,wide
True,extra_candidate_release_object,Hamano2015_NIR_DIB_0p91_1p32um,10.1088/0004-637X/800/2/137,,,86,HD  21389,HD21389 | HD 21389,A0Ia C,03:29:54.74,+58:52:43.5,0.57,HD21389,HD_21389_o86_c1T,42,WIDE,1,0,2013-12-25-09:30:40.896,13137.7997,13553.4669,13137.57770427106,13553.24489172689,/Users/hamano/DIB_analysis/DIB_pipeline_dir/HD_21389/2013_12_25-HD21389_pipeline_ver3.5/2013_12_25-HD21389_pipeline_ver3.5--2013_12_25-50_Cas_pipeline_ver3.5-T1/sum/HD21389_sum_m42_fsr1.30_AIR_tel_wscor_helio.fits,True,20160,HD_21389/HD_21389_o86_c1T/HD21389_sum_m42_fsr1.30_AIR_tel_wscor_helio.fits,HD_21389,/Users/hamano/DIB_analysis/DIB_pipeline_dir/HD_21389/2013_12_25-HD21389_pipeline_ver3.5/2013_12_25-HD21389_pipeline_ver3.5--2013_12_25-50_Cas_pipeline_ver3.5-T1/,wide
True,extra_candidate_release_object,Hamano2015_NIR_DIB_0p91_1p32um,10.1088/0004-637X/800/2/137,,,86,HD  21389,HD21389 | HD 21389,A0Ia C,03:29:54.74,+58:52:43.5,0.57,HD21389,HD_21389_o86_c1T,46,WIDE,1,0,2013-12-25-09:30:40.896,12005.4181,12356.4206,12005.21458354444,12356.21716291255,/Users/hamano/DIB_analysis/DIB_pipeline_dir/HD_21389/2013_12_25-HD21389_pipeline_ver3.5/2013_12_25-HD21389_pipeline_ver3.5--2013_12_25-50_Cas_pipeline_ver3.5-T1/sum/HD21389_sum_m46_fsr1.30_AIR_tel_wscor_helio.fits,True,20160,HD_21389/HD_21389_o86_c1T/HD21389_sum_m46_fsr1.30_AIR_tel_wscor_helio.fits,HD_21389,/Users/hamano/DIB_analysis/DIB_pipeline_dir/HD_21389/2013_12_25-HD21389_pipeline_ver3.5/2013_12_25-HD21389_pipeline_ver3.5--2013_12_25-50_Cas_pipeline_ver3.5-T1/,wide
True,extra_candidate_release_object,Hamano2015_NIR_DIB_0p91_1p32um,10.1088/0004-637X/800/2/137,,,86,HD  21389,HD21389 | HD 21389,A0Ia C,03:29:54.74,+58:52:43.5,0.57,HD21389,HD_21389_o86_c1T,53,WIDE,1,0,2013-12-25-09:30:40.896,10446.5453,10706.5388,10446.36851803984,10706.36209595061,/Users/hamano/DIB_analysis/DIB_pipeline_dir/HD_21389/2013_12_25-HD21389_pipeline_ver3.5/2013_12_25-HD21389_pipeline_ver3.5--2013_12_25-50_Cas_pipeline_ver3.5-T1/sum/HD21389_sum_m53_fsr1.30_AIR_tel_wscor_helio.fits,True,20160,HD_21389/HD_21389_o86_c1T/HD21389_sum_m53_fsr1.30_AIR_tel_wscor_helio.fits,HD_21389,/Users/hamano/DIB_analysis/DIB_pipeline_dir/HD_21389/2013_12_25-HD21389_pipeline_ver3.5/2013_12_25-HD21389_pipeline_ver3.5--2013_12_25-50_Cas_pipeline_ver3.5-T1/,wide
True,extra_candidate_release_object,Hamano2015_NIR_DIB_0p91_1p32um,10.1088/0004-637X/800/2/137,,,86,HD  21389,HD21389 | HD 21389,A0Ia C,03:29:54.74,+58:52:43.5,0.57,HD21389,HD_21389_o86_c1T,51,WIDE,1,0,2013-12-25-09:30:40.896,10855.0147,11127.8579,10854.83100873259,11127.67414487225,/Users/hamano/DIB_analysis/DIB_pipeline_dir/HD_21389/2013_12_25-HD21389_pipeline_ver3.5/2013_12_25-HD21389_pipeline_ver3.5--2013_12_25-50_Cas_pipeline_ver3.5-T1/sum/HD21389_sum_m51_fsr1.30_AIR_tel_wscor_helio.fits,True,20160,HD_21389/HD_21389_o86_c1T/HD21389_sum_m51_fsr1.30_AIR_tel_wscor_helio.fits,HD_21389,/Users/hamano/DIB_analysis/DIB_pipeline_dir/HD_21389/2013_12_25-HD21389_pipeline_ver3.5/2013_12_25-HD21389_pipeline_ver3.5--2013_12_25-50_Cas_pipeline_ver3.5-T1/,wide
True,extra_candidate_release_object,Hamano2015_NIR_DIB_0p91_1p32um,10.1088/0004-637X/800/2/137,,,86,HD  21389,HD21389 | HD 21389,A0Ia C,03:29:54.74,+58:52:43.5,0.57,HD21389,HD_21389_o86_c1T,61,WIDE,1,0,2013-12-25-09:30:40.896,9093.0929,9301.0507,9092.93996746849,9300.897833728552,/Users/hamano/DIB_analysis/DIB_pipeline_dir/HD_21389/2013_12_25-HD21389_pipeline_ver3.5/2013_12_25-HD21389_pipeline_ver3.5--2013_12_25-50_Cas_pipeline_ver3.5-T1/sum/HD21389_sum_m61_fsr1.30_AIR_tel_wscor_helio.fits,True,17280,HD_21389/HD_21389_o86_c1T/HD21389_sum_m61_fsr1.30_AIR_tel_wscor_helio.fits,HD_21389,/Users/hamano/DIB_analysis/DIB_pipeline_dir/HD_21389/2013_12_25-HD21389_pipeline_ver3.5/2013_12_25-HD21389_pipeline_ver3.5--2013_12_25-50_Cas_pipeline_ver3.5-T1/,wide
True,extra_candidate_release_object,Hamano2015_NIR_DIB_0p91_1p32um,10.1088/0004-637X/800/2/137,,,86,HD  21389,HD21389 | HD 21389,A0Ia C,03:29:54.74,+58:52:43.5,0.57,HD21389,HD_21389_o86_c1T,48,WIDE,1,0,2013-12-25-09:30:40.896,11520.0361,11832.0966,11519.84089066878,11831.90140482791,/Users/hamano/DIB_analysis/DIB_pipeline_dir/HD_21389/2013_12_25-HD21389_pipeline_ver3.5/2013_12_25-HD21389_pipeline_ver3.5--2013_12_25-50_Cas_pipeline_ver3.5-T1/sum/HD21389_sum_m48_fsr1.30_AIR_tel_wscor_helio.fits,True,20160,HD_21389/HD_21389_o86_c1T/HD21389_sum_m48_fsr1.30_AIR_tel_wscor_helio.fits,HD_21389,/Users/hamano/DIB_analysis/DIB_pipeline_dir/HD_21389/2013_12_25-HD21389_pipeline_ver3.5/2013_12_25-HD21389_pipeline_ver3.5--2013_12_25-50_Cas_pipeline_ver3.5-T1/,wide
True,paper_2206_03131_reddened_target,,,,,23,* b Sco,HD141637 | HD 141637,B1.5Vn E,15:50:58.74,-25:45:04.6,0.17,HD 141637,b_Sco_o23_c3T,47,WIDE,1,0,2017-07-29-23:31:46.480,11758.2193,12082.9021,11758.02019842402,12082.7030795339,/Users/hamano/DIB_analysis/DIB_pipeline_dir/b_Sco/2017_07_29-HD_141637_pipeline_ver3.6/2017_07_29-HD_141637_pipeline_ver3.6--2017_07_29-HD_139129_pipeline_ver3.6-T3/sum/HD_141637_sum_m47_fsr1.30_AIR_tel_wscor_helio.fits,True,25920,HD_141637/b_Sco_o23_c3T/HD_141637_sum_m47_fsr1.30_AIR_tel_wscor_helio.fits,HD_141637,/Users/hamano/DIB_analysis/DIB_pipeline_dir/b_Sco/2017_07_29-HD_141637_pipeline_ver3.6/2017_07_29-HD_141637_pipeline_ver3.6--2017_07_29-HD_139129_pipeline_ver3.6-T3/,wide
True,paper_2206_03131_reddened_target,,,,,23,* b Sco,HD141637 | HD 141637,B1.5Vn E,15:50:58.74,-25:45:04.6,0.17,HD 141637,b_Sco_o23_c3T,60,WIDE,1,0,2017-07-29-23:31:46.480,9255.6371,9437.4157,9255.48146879291,9437.260062446909,/Users/hamano/DIB_analysis/DIB_pipeline_dir/b_Sco/2017_07_29-HD_141637_pipeline_ver3.6/2017_07_29-HD_141637_pipeline_ver3.6--2017_07_29-HD_139129_pipeline_ver3.6-T3/sum/HD_141637_sum_m60_fsr1.30_AIR_tel_wscor_helio.fits,True,23040,HD_141637/b_Sco_o23_c3T/HD_141637_sum_m60_fsr1.30_AIR_tel_wscor_helio.fits,HD_141637,/Users/hamano/DIB_analysis/DIB_pipeline_dir/b_Sco/2017_07_29-HD_141637_pipeline_ver3.6/2017_07_29-HD_141637_pipeline_ver3.6--2017_07_29-HD_139129_pipeline_ver3.6-T3/,wide
True,paper_2206_03131_reddened_target,,,,,23,* b Sco,HD141637 | HD 141637,B1.5Vn E,15:50:58.74,-25:45:04.6,0.17,HD 141637,b_Sco_o23_c3T,51,WIDE,1,0,2017-07-29-23:31:46.480,10854.5509,11127.2682,10854.36724903908,11127.08457257706,/Users/hamano/DIB_analysis/DIB_pipeline_dir/b_Sco/2017_07_29-HD_141637_pipeline_ver3.6/2017_07_29-HD_141637_pipeline_ver3.6--2017_07_29-HD_139129_pipeline_ver3.6-T3/sum/HD_141637_sum_m51_fsr1.30_AIR_tel_wscor_helio.fits,True,25920,HD_141637/b_Sco_o23_c3T/HD_141637_sum_m51_fsr1.30_AIR_tel_wscor_helio.fits,HD_141637,/Users/hamano/DIB_analysis/DIB_pipeline_dir/b_Sco/2017_07_29-HD_141637_pipeline_ver3.6/2017_07_29-HD_141637_pipeline_ver3.6--2017_07_29-HD_139129_pipeline_ver3.6-T3/,wide
True,paper_2206_03131_reddened_target,,,,,23,* b Sco,HD141637 | HD 141637,B1.5Vn E,15:50:58.74,-25:45:04.6,0.17,HD 141637,b_Sco_o23_c3T,45,WIDE,1,0,2017-07-29-23:31:46.480,12273.5301,12637.19,12273.3222581391,12636.98222998821,/Users/hamano/DIB_analysis/DIB_pipeline_dir/b_Sco/2017_07_29-HD_141637_pipeline_ver3.6/2017_07_29-HD_141637_pipeline_ver3.6--2017_07_29-HD_139129_pipeline_ver3.6-T3/sum/HD_141637_sum_m45_fsr1.30_AIR_tel_wscor_helio.fits,True,25920,HD_141637/b_Sco_o23_c3T/HD_141637_sum_m45_fsr1.30_AIR_tel_wscor_helio.fits,HD_141637,/Users/hamano/DIB_analysis/DIB_pipeline_dir/b_Sco/2017_07_29-HD_141637_pipeline_ver3.6/2017_07_29-HD_141637_pipeline_ver3.6--2017_07_29-HD_139129_pipeline_ver3.6-T3/,wide
True,paper_2206_03131_reddened_target,,,,,23,* b Sco,HD141637 | HD 141637,B1.5Vn E,15:50:58.74,-25:45:04.6,0.17,HD 141637,b_Sco_o23_c3T,48,WIDE,1,0,2017-07-29-23:31:46.480,11519.8068,11831.4983,11519.61172648644,11831.30321691429,/Users/hamano/DIB_analysis/DIB_pipeline_dir/b_Sco/2017_07_29-HD_141637_pipeline_ver3.6/2017_07_29-HD_141637_pipeline_ver3.6--2017_07_29-HD_139129_pipeline_ver3.6-T3/sum/HD_141637_sum_m48_fsr1.30_AIR_tel_wscor_helio.fits,True,25920,HD_141637/b_Sco_o23_c3T/HD_141637_sum_m48_fsr1.30_AIR_tel_wscor_helio.fits,HD_141637,/Users/hamano/DIB_analysis/DIB_pipeline_dir/b_Sco/2017_07_29-HD_141637_pipeline_ver3.6/2017_07_29-HD_141637_pipeline_ver3.6--2017_07_29-HD_139129_pipeline_ver3.6-T3/,wide
True,paper_2206_03131_reddened_target,,,,,23,* b Sco,HD141637 | HD 141637,B1.5Vn E,15:50:58.74,-25:45:04.6,0.17,HD 141637,b_Sco_o23_c3T,49,WIDE,1,0,2017-07-29-23:31:46.480,11279.8948,11591.5902,11279.70369391806,11591.39907414419,/Users/hamano/DIB_analysis/DIB_pipeline_dir/b_Sco/2017_07_29-HD_141637_pipeline_ver3.6/2017_07_29-HD_141637_pipeline_ver3.6--2017_07_29-HD_139129_pipeline_ver3.6-T3/sum/HD_141637_sum_m49_fsr1.30_AIR_tel_wscor_helio.fits,True,25920,HD_141637/b_Sco_o23_c3T/HD_141637_sum_m49_fsr1.30_AIR_tel_wscor_helio.fits,HD_141637,/Users/hamano/DIB_analysis/DIB_pipeline_dir/b_Sco/2017_07_29-HD_141637_pipeline_ver3.6/2017_07_29-HD_141637_pipeline_ver3.6--2017_07_29-HD_139129_pipeline_ver3.6-T3/,wide
True,paper_2206_03131_reddened_target,,,,,23,* b Sco,HD141637 | HD 141637,B1.5Vn E,15:50:58.74,-25:45:04.6,0.17,HD 141637,b_Sco_o23_c3T,44,WIDE,1,0,2017-07-29-23:31:46.480,12550.4284,12937.8932,12550.2160604669,12937.68088427266,/Users/hamano/DIB_analysis/DIB_pipeline_dir/b_Sco/2017_07_29-HD_141637_pipeline_ver3.6/2017_07_29-HD_141637_pipeline_ver3.6--2017_07_29-HD_139129_pipeline_ver3.6-T3/sum/HD_141637_sum_m44_fsr1.30_AIR_tel_wscor_helio.fits,True,25920,HD_141637/b_Sco_o23_c3T/HD_141637_sum_m44_fsr1.30_AIR_tel_wscor_helio.fits,HD_141637,/Users/hamano/DIB_analysis/DIB_pipeline_dir/b_Sco/2017_07_29-HD_141637_pipeline_ver3.6/2017_07_29-HD_141637_pipeline_ver3.6--2017_07_29-HD_139129_pipeline_ver3.6-T3/,wide
True,paper_2206_03131_reddened_target,,,,,23,* b Sco,HD141637 | HD 141637,B1.5Vn E,15:50:58.74,-25:45:04.6,0.17,HD 141637,b_Sco_o23_c3T,54,WIDE,1,0,2017-07-29-23:31:46.480,10246.274,10506.0057,10246.10058626695,10505.83235250955,/Users/hamano/DIB_analysis/DIB_pipeline_dir/b_Sco/2017_07_29-HD_141637_pipeline_ver3.6/2017_07_29-HD_141637_pipeline_ver3.6--2017_07_29-HD_139129_pipeline_ver3.6-T3/sum/HD_141637_sum_m54_fsr1.30_AIR_tel_wscor_helio.fits,True,25920,HD_141637/b_Sco_o23_c3T/HD_141637_sum_m54_fsr1.30_AIR_tel_wscor_helio.fits,HD_141637,/Users/hamano/DIB_analysis/DIB_pipeline_dir/b_Sco/2017_07_29-HD_141637_pipeline_ver3.6/2017_07_29-HD_141637_pipeline_ver3.6--2017_07_29-HD_139129_pipeline_ver3.6-T3/,wide
True,paper_2206_03131_reddened_target,,,,,23,* b Sco,HD141637 | HD 141637,B1.5Vn E,15:50:58.74,-25:45:04.6,0.17,HD 141637,b_Sco_o23_c3T,59,WIDE,1,0,2017-07-29-23:31:46.480,9392.5869,9600.3531,9392.428545834478,9600.194766873075,/Users/hamano/DIB_analysis/DIB_pipeline_dir/b_Sco/2017_07_29-HD_141637_pipeline_ver3.6/2017_07_29-HD_141637_pipeline_ver3.6--2017_07_29-HD_139129_pipeline_ver3.6-T3/sum/HD_141637_sum_m59_fsr1.30_AIR_tel_wscor_helio.fits,True,23040,HD_141637/b_Sco_o23_c3T/HD_141637_sum_m59_fsr1.30_AIR_tel_wscor_helio.fits,HD_141637,/Users/hamano/DIB_analysis/DIB_pipeline_dir/b_Sco/2017_07_29-HD_141637_pipeline_ver3.6/2017_07_29-HD_141637_pipeline_ver3.6--2017_07_29-HD_139129_pipeline_ver3.6-T3/,wide
True,paper_2206_03131_reddened_target,,,,,23,* b Sco,HD141637 | HD 141637,B1.5Vn E,15:50:58.74,-25:45:04.6,0.17,HD 141637,b_Sco_o23_c3T,61,WIDE,1,0,2017-07-29-23:31:46.480,9092.6967,9300.4678,9092.543747184844,9300.314825414203,/Users/hamano/DIB_analysis/DIB_pipeline_dir/b_Sco/2017_07_29-HD_141637_pipeline_ver3.6/2017_07_29-HD_141637_pipeline_ver3.6--2017_07_29-HD_139129_pipeline_ver3.6-T3/sum/HD_141637_sum_m61_fsr1.30_AIR_tel_wscor_helio.fits,True,23040,HD_141637/b_Sco_o23_c3T/HD_141637_sum_m61_fsr1.30_AIR_tel_wscor_helio.fits,HD_141637,/Users/hamano/DIB_analysis/DIB_pipeline_dir/b_Sco/2017_07_29-HD_141637_pipeline_ver3.6/2017_07_29-HD_141637_pipeline_ver3.6--2017_07_29-HD_139129_pipeline_ver3.6-T3/,wide
True,paper_2206_03131_reddened_target,,,,,23,* b Sco,HD141637 | HD 141637,B1.5Vn E,15:50:58.74,-25:45:04.6,0.17,HD 141637,b_Sco_o23_c3T,50,WIDE,1,0,2017-07-29-23:31:46.480,11062.9744,11348.6831,11062.78707482541,11348.49578608209,/Users/hamano/DIB_analysis/DIB_pipeline_dir/b_Sco/2017_07_29-HD_141637_pipeline_ver3.6/2017_07_29-HD_141637_pipeline_ver3.6--2017_07_29-HD_139129_pipeline_ver3.6-T3/sum/HD_141637_sum_m50_fsr1.30_AIR_tel_wscor_helio.fits,True,25920,HD_141637/b_Sco_o23_c3T/HD_141637_sum_m50_fsr1.30_AIR_tel_wscor_helio.fits,HD_141637,/Users/hamano/DIB_analysis/DIB_pipeline_dir/b_Sco/2017_07_29-HD_141637_pipeline_ver3.6/2017_07_29-HD_141637_pipeline_ver3.6--2017_07_29-HD_139129_pipeline_ver3.6-T3/,wide
True,paper_2206_03131_reddened_target,,,,,23,* b Sco,HD141637 | HD 141637,B1.5Vn E,15:50:58.74,-25:45:04.6,0.17,HD 141637,b_Sco_o23_c3T,46,WIDE,1,0,2017-07-29-23:31:46.480,12005.1286,12355.7982,12004.92531695027,12355.59487157214,/Users/hamano/DIB_analysis/DIB_pipeline_dir/b_Sco/2017_07_29-HD_141637_pipeline_ver3.6/2017_07_29-HD_141637_pipeline_ver3.6--2017_07_29-HD_139129_pipeline_ver3.6-T3/sum/HD_141637_sum_m46_fsr1.30_AIR_tel_wscor_helio.fits,True,25920,HD_141637/b_Sco_o23_c3T/HD_141637_sum_m46_fsr1.30_AIR_tel_wscor_helio.fits,HD_141637,/Users/hamano/DIB_analysis/DIB_pipeline_dir/b_Sco/2017_07_29-HD_141637_pipeline_ver3.6/2017_07_29-HD_141637_pipeline_ver3.6--2017_07_29-HD_139129_pipeline_ver3.6-T3/,wide
True,paper_2206_03131_reddened_target,,,,,23,* b Sco,HD141637 | HD 141637,B1.5Vn E,15:50:58.74,-25:45:04.6,0.17,HD 141637,b_Sco_o23_c3T,53,WIDE,1,0,2017-07-29-23:31:46.480,10446.2007,10705.9295,10446.02398392015,10705.75283558989,/Users/hamano/DIB_analysis/DIB_pipeline_dir/b_Sco/2017_07_29-HD_141637_pipeline_ver3.6/2017_07_29-HD_141637_pipeline_ver3.6--2017_07_29-HD_139129_pipeline_ver3.6-T3/sum/HD_141637_sum_m53_fsr1.30_AIR_tel_wscor_helio.fits,True,25920,HD_141637/b_Sco_o23_c3T/HD_141637_sum_m53_fsr1.30_AIR_tel_wscor_helio.fits,HD_141637,/Users/hamano/DIB_analysis/DIB_pipeline_dir/b_Sco/2017_07_29-HD_141637_pipeline_ver3.6/2017_07_29-HD_141637_pipeline_ver3.6--2017_07_29-HD_139129_pipeline_ver3.6-T3/,wide
True,paper_2206_03131_reddened_target,,,,,23,* b Sco,HD141637 | HD 141637,B1.5Vn E,15:50:58.74,-25:45:04.6,0.17,HD 141637,b_Sco_o23_c3T,58,WIDE,1,0,2017-07-29-23:31:46.480,9549.5294,9783.2832,9549.368274066162,9783.122126404962,/Users/hamano/DIB_analysis/DIB_pipeline_dir/b_Sco/2017_07_29-HD_141637_pipeline_ver3.6/2017_07_29-HD_141637_pipeline_ver3.6--2017_07_29-HD_139129_pipeline_ver3.6-T3/sum/HD_141637_sum_m58_fsr1.30_AIR_tel_wscor_helio.fits,True,25920,HD_141637/b_Sco_o23_c3T/HD_141637_sum_m58_fsr1.30_AIR_tel_wscor_helio.fits,HD_141637,/Users/hamano/DIB_analysis/DIB_pipeline_dir/b_Sco/2017_07_29-HD_141637_pipeline_ver3.6/2017_07_29-HD_141637_pipeline_ver3.6--2017_07_29-HD_139129_pipeline_ver3.6-T3/,wide
True,paper_2206_03131_reddened_target,,,,,23,* b Sco,HD141637 | HD 141637,B1.5Vn E,15:50:58.74,-25:45:04.6,0.17,HD 141637,b_Sco_o23_c3T,42,WIDE,1,0,2017-07-29-23:31:46.480,13137.2129,13552.8394,13136.99061234133,13552.6171236498,/Users/hamano/DIB_analysis/DIB_pipeline_dir/b_Sco/2017_07_29-HD_141637_pipeline_ver3.6/2017_07_29-HD_141637_pipeline_ver3.6--2017_07_29-HD_139129_pipeline_ver3.6-T3/sum/HD_141637_sum_m42_fsr1.30_AIR_tel_wscor_helio.fits,True,25920,HD_141637/b_Sco_o23_c3T/HD_141637_sum_m42_fsr1.30_AIR_tel_wscor_helio.fits,HD_141637,/Users/hamano/DIB_analysis/DIB_pipeline_dir/b_Sco/2017_07_29-HD_141637_pipeline_ver3.6/2017_07_29-HD_141637_pipeline_ver3.6--2017_07_29-HD_139129_pipeline_ver3.6-T3/,wide
True,paper_2206_03131_reddened_target,,,,,23,* b Sco,HD141637 | HD 141637,B1.5Vn E,15:50:58.74,-25:45:04.6,0.17,HD 141637,b_Sco_o23_c3T,55,WIDE,1,0,2017-07-29-23:31:46.480,10069.3389,10303.084,10069.16875385037,10302.9138590866,/Users/hamano/DIB_analysis/DIB_pipeline_dir/b_Sco/2017_07_29-HD_141637_pipeline_ver3.6/2017_07_29-HD_141637_pipeline_ver3.6--2017_07_29-HD_139129_pipeline_ver3.6-T3/sum/HD_141637_sum_m55_fsr1.30_AIR_tel_wscor_helio.fits,True,23040,HD_141637/b_Sco_o23_c3T/HD_141637_sum_m55_fsr1.30_AIR_tel_wscor_helio.fits,HD_141637,/Users/hamano/DIB_analysis/DIB_pipeline_dir/b_Sco/2017_07_29-HD_141637_pipeline_ver3.6/2017_07_29-HD_141637_pipeline_ver3.6--2017_07_29-HD_139129_pipeline_ver3.6-T3/,wide
True,paper_2206_03131_reddened_target,,,,,23,* b Sco,HD141637 | HD 141637,B1.5Vn E,15:50:58.74,-25:45:04.6,0.17,HD 141637,b_Sco_o23_c3T,52,WIDE,1,0,2017-07-29-23:31:46.480,10644.6279,10917.3481,10644.44775364126,10917.16799201294,/Users/hamano/DIB_analysis/DIB_pipeline_dir/b_Sco/2017_07_29-HD_141637_pipeline_ver3.6/2017_07_29-HD_141637_pipeline_ver3.6--2017_07_29-HD_139129_pipeline_ver3.6-T3/sum/HD_141637_sum_m52_fsr1.30_AIR_tel_wscor_helio.fits,True,25920,HD_141637/b_Sco_o23_c3T/HD_141637_sum_m52_fsr1.30_AIR_tel_wscor_helio.fits,HD_141637,/Users/hamano/DIB_analysis/DIB_pipeline_dir/b_Sco/2017_07_29-HD_141637_pipeline_ver3.6/2017_07_29-HD_141637_pipeline_ver3.6--2017_07_29-HD_139129_pipeline_ver3.6-T3/,wide
True,paper_2206_03131_reddened_target,,,,,23,* b Sco,HD141637 | HD 141637,B1.5Vn E,15:50:58.74,-25:45:04.6,0.17,HD 141637,b_Sco_o23_c3T,57,WIDE,1,0,2017-07-29-23:31:46.480,9732.4624,9940.2228,9732.298270535679,9940.058658729644,/Users/hamano/DIB_analysis/DIB_pipeline_dir/b_Sco/2017_07_29-HD_141637_pipeline_ver3.6/2017_07_29-HD_141637_pipeline_ver3.6--2017_07_29-HD_139129_pipeline_ver3.6-T3/sum/HD_141637_sum_m57_fsr1.30_AIR_tel_wscor_helio.fits,True,23040,HD_141637/b_Sco_o23_c3T/HD_141637_sum_m57_fsr1.30_AIR_tel_wscor_helio.fits,HD_141637,/Users/hamano/DIB_analysis/DIB_pipeline_dir/b_Sco/2017_07_29-HD_141637_pipeline_ver3.6/2017_07_29-HD_141637_pipeline_ver3.6--2017_07_29-HD_139129_pipeline_ver3.6-T3/,wide
True,paper_2206_03131_reddened_target,,,,,23,* b Sco,HD141637 | HD 141637,B1.5Vn E,15:50:58.74,-25:45:04.6,0.17,HD 141637,b_Sco_o23_c3T,43,WIDE,1,0,2017-07-29-23:31:46.480,12851.8177,13228.4642,12851.60053112819,13228.24703233121,/Users/hamano/DIB_analysis/DIB_pipeline_dir/b_Sco/2017_07_29-HD_141637_pipeline_ver3.6/2017_07_29-HD_141637_pipeline_ver3.6--2017_07_29-HD_139129_pipeline_ver3.6-T3/sum/HD_141637_sum_m43_fsr1.30_AIR_tel_wscor_helio.fits,True,25920,HD_141637/b_Sco_o23_c3T/HD_141637_sum_m43_fsr1.30_AIR_tel_wscor_helio.fits,HD_141637,/Users/hamano/DIB_analysis/DIB_pipeline_dir/b_Sco/2017_07_29-HD_141637_pipeline_ver3.6/2017_07_29-HD_141637_pipeline_ver3.6--2017_07_29-HD_139129_pipeline_ver3.6-T3/,wide
True,paper_2206_03131_reddened_target,,,,,23,* b Sco,HD141637 | HD 141637,B1.5Vn E,15:50:58.74,-25:45:04.6,0.17,HD 141637,b_Sco_o23_c3T,56,WIDE,1,0,2017-07-29-23:31:46.480,9889.4048,10123.1528,9889.237742955414,10122.98576408552,/Users/hamano/DIB_analysis/DIB_pipeline_dir/b_Sco/2017_07_29-HD_141637_pipeline_ver3.6/2017_07_29-HD_141637_pipeline_ver3.6--2017_07_29-HD_139129_pipeline_ver3.6-T3/sum/HD_141637_sum_m56_fsr1.30_AIR_tel_wscor_helio.fits,True,23040,HD_141637/b_Sco_o23_c3T/HD_141637_sum_m56_fsr1.30_AIR_tel_wscor_helio.fits,HD_141637,/Users/hamano/DIB_analysis/DIB_pipeline_dir/b_Sco/2017_07_29-HD_141637_pipeline_ver3.6/2017_07_29-HD_141637_pipeline_ver3.6--2017_07_29-HD_139129_pipeline_ver3.6-T3/,wide
