# t09572g430x+000m0                                           
# 1084311148.kgf                                              
# data\m51.fits                                               
# xmin,xmax,dshft,yshift,fz:  10690.50  11300.50   0.00000   0.00000   1.00000
# vw,rp,ifabs:   0.0    28300.   0
#                                                                     
# wave(A)   obs.spec.  the.spec.  overplot1  overplot2  overplot3  overplot4
10843.000      1.0187     1.0000
10843.100      1.0184     1.0000
10843.200      1.0182     1.0000
10843.300      1.0179     1.0000
10843.400      1.0176     1.0000
10843.500      1.0173     1.0000
10843.600      1.0171     1.0000
10843.700      1.0168     1.0000
10843.800      1.0165     0.9577
10843.900      1.0163     0.9570
10844.000      1.0160     0.9638
10844.100      1.0157     0.9736
10844.200      1.0154     0.9815
10844.300      1.0152     0.9860
10844.400      1.0149     0.9879
10844.500      1.0146     0.9886
10844.600      1.0143     0.9888
10844.700      1.0141     0.9889
10844.800      1.0138     0.9890
10844.900      1.0135     0.9890
10845.000      1.0132     0.9890
10845.100      1.0119     0.9890
10845.200      1.0100     0.9890
10845.300      1.0059     0.9890
10845.400      1.0015     0.9889
10845.500      0.9982     0.9889
10845.600      0.9950     0.9889
10845.700      0.9913     0.9889
10845.800      0.9840     0.9888
10845.900      0.9701     0.9888
10846.000      0.9551     0.9888
10846.100      0.9399     0.9888
10846.200      0.9355     0.9887
10846.300      0.9432     0.9884
10846.400      0.9606     0.9877
10846.500      0.9788     0.9867
10846.600      0.9897     0.9858
10846.700      0.9963     0.9855
10846.800      0.9993     0.9861
10846.900      1.0012     0.9871
10847.000      1.0022     0.9879
10847.100      1.0011     0.9883
10847.200      0.9986     0.9884
10847.300      0.9988     0.9885
10847.400      1.0004     0.9884
10847.500      0.9982     0.9884
10847.600      0.9953     0.9884
10847.700      0.9932     0.9884
10847.800      0.9927     0.9883
10847.900      0.9951     0.9883
10848.000      0.9969     0.9883
10848.100      0.9972     0.9882
10848.200      0.9978     0.9882
10848.300      0.9986     0.9882
10848.400      0.9993     0.9882
10848.500      0.9999     0.9881
10848.600      1.0011     0.9881
10848.700      1.0023     0.9881
10848.800      1.0005     0.9880
10848.900      0.9988     0.9880
10849.000      0.9986     0.9880
10849.100      1.0006     0.9879
10849.200      1.0046     0.9879
10849.300      1.0063     0.9878
10849.400      1.0053     0.9877
10849.500      1.0066     0.9877
10849.600      1.0093     0.9877
10849.700      1.0078     0.9877
10849.800      1.0039     0.9877
10849.900      0.9989     0.9877
10850.000      0.9941     0.9876
10850.100      0.9937     0.9876
10850.200      0.9964     0.9876
10850.300      1.0010     0.9875
10850.400      1.0052     0.9875
10850.500      1.0082     0.9875
10850.600      1.0086     0.9875
10850.700      1.0071     0.9874
10850.800      1.0043     0.9874
10850.900      1.0014     0.9874
10851.000      1.0018     0.9873
10851.100      1.0040     0.9873
10851.200      1.0072     0.9873
10851.300      1.0092     0.9873
10851.400      1.0073     0.9872
10851.500      1.0053     0.9872
10851.600      1.0032     0.9872
10851.700      1.0037     0.9871
10851.800      1.0061     0.9871
10851.900      1.0073     0.9871
10852.000      1.0064     0.9870
10852.100      0.9998     0.9870
10852.200      0.9928     0.9870
10852.300      0.9881     0.9869
10852.400      0.9871     0.9869
10852.500      0.9914     0.9868
10852.600      0.9964     0.9868
10852.700      1.0016     0.9868
10852.800      1.0001     0.9867
10852.900      0.9931     0.9867
10853.000      0.9866     0.9867
10853.100      0.9816     0.9867
10853.200      0.9838     0.9866
10853.300      0.9868     0.9866
10853.400      0.9895     0.9865
10853.500      0.9926     0.9865
10853.600      0.9970     0.9865
10853.700      0.9999     0.9864
10853.800      0.9998     0.9864
10853.900      0.9992     0.9864
10854.000      0.9982     0.9863
10854.100      0.9923     0.9863
10854.200      0.9846     0.9863
10854.300      0.9842     0.9862
10854.400      0.9874     0.9862
10854.500      0.9929     0.9862
10854.600      0.9974     0.9861
10854.700      0.9979     0.9861
10854.800      0.9989     0.9860
10854.900      1.0005     0.9860
10855.000      1.0016     0.9860
10855.100      1.0020     0.9859
10855.200      1.0027     0.9859
10855.300      1.0035     0.9859
10855.400      1.0044     0.9858
10855.500      1.0052     0.9858
10855.600      1.0005     0.9857
10855.700      0.9961     0.9857
10855.800      0.9933     0.9857
10855.900      0.9925     0.9856
10856.000      0.9938     0.9856
10856.100      0.9965     0.9856
10856.200      1.0003     0.9855
10856.300      1.0050     0.9855
10856.400      1.0100     0.9854
10856.500      1.0079     0.9854
10856.600      1.0042     0.9854
10856.700      1.0011     0.9853
10856.800      0.9994     0.9853
10856.900      1.0013     0.9852
10857.000      1.0036     0.9852
10857.100      1.0060     0.9852
10857.200      1.0077     0.9851
10857.300      1.0083     0.9851
10857.400      1.0087     0.9850
10857.500      1.0088     0.9850
10857.600      1.0085     0.9850
10857.700      1.0079     0.9849
10857.800      1.0070     0.9849
10857.900      1.0064     0.9848
10858.000      1.0080     0.9848
10858.100      1.0092     0.9847
10858.200      1.0089     0.9847
10858.300      1.0058     0.9847
10858.400      1.0009     0.9846
10858.500      1.0011     0.9846
10858.600      1.0045     0.9845
10858.700      1.0062     0.9845
10858.800      1.0072     0.9845
10858.900      1.0083     0.9844
10859.000      1.0092     0.9844
10859.100      1.0093     0.9843
10859.200      1.0079     0.9843
10859.300      1.0042     0.9842
10859.400      1.0007     0.9842
10859.500      0.9981     0.9842
10859.600      0.9972     0.9841
10859.700      0.9971     0.9841
10859.800      0.9925     0.9840
10859.900      0.9794     0.9840
10860.000      0.9426     0.9839
10860.100      0.9006     0.9839
10860.200      0.8566     0.9838
10860.300      0.8247     0.9838
10860.400      0.8427     0.9837
10860.500      0.8858     0.9837
10860.600      0.9386     0.9837
10860.700      0.9774     0.9836
10860.800      0.9946     0.9836
10860.900      0.9965     0.9835
10861.000      0.9943     0.9835
10861.100      0.9905     0.9834
10861.200      0.9869     0.9833
10861.300      0.9880     0.9832
10861.400      0.9888     0.9831
10861.500      0.9890     0.9830
10861.600      0.9894     0.9829
10861.700      0.9906     0.9829
10861.800      0.9923     0.9829
10861.900      0.9943     0.9830
10862.000      0.9953     0.9829
10862.100      0.9951     0.9825
10862.200      0.9942     0.9810
10862.300      0.9912     0.9768
10862.400      0.9741     0.9683
10862.500      0.9409     0.9569
10862.600      0.8854     0.9485
10862.700      0.8116     0.9491
10862.800      0.7285     0.9581
10862.900      0.6564     0.9692
10863.000      0.6189     0.9770
10863.100      0.6500     0.9805
10863.200      0.7224     0.9811
10863.300      0.8154     0.9803
10863.400      0.9087     0.9791
10863.500      0.9599     0.9785
10863.600      0.9861     0.9789
10863.700      0.9931     0.9799
10863.800      0.9999     0.9809
10863.900      1.0067     0.9815
10864.000      1.0124     0.9817
10864.100      1.0156     0.9818
10864.200      1.0150     0.9818
10864.300      1.0134     0.9818
10864.400      1.0147     0.9818
10864.500      1.0166     0.9817
10864.600      1.0140     0.9817
10864.700      1.0088     0.9816
10864.800      1.0016     0.9816
10864.900      0.9966     0.9815
10865.000      0.9975     0.9815
10865.100      1.0006     0.9814
10865.200      1.0042     0.9814
10865.300      1.0063     0.9813
10865.400      1.0068     0.9812
10865.500      1.0063     0.9812
10865.600      1.0056     0.9811
10865.700      1.0077     0.9811
10865.800      1.0094     0.9810
10865.900      1.0075     0.9810
10866.000      1.0023     0.9809
10866.100      0.9943     0.9808
10866.200      0.9851     0.9808
10866.300      0.9756     0.9807
10866.400      0.9679     0.9807
10866.500      0.9645     0.9806
10866.600      0.9692     0.9805
10866.700      0.9767     0.9805
10866.800      0.9853     0.9804
10866.900      0.9934     0.9804
10867.000      0.9967     0.9803
10867.100      0.9978     0.9802
10867.200      0.9975     0.9802
10867.300      0.9955     0.9801
10867.400      0.9928     0.9800
10867.500      0.9933     0.9800
10867.600      0.9957     0.9799
10867.700      0.9966     0.9798
10867.800      0.9972     0.9797
10867.900      0.9996     0.9797
10868.000      1.0017     0.9796
10868.100      0.9989     0.9794
10868.200      0.9972     0.9790
10868.300      0.9983     0.9776
10868.400      0.9994     0.9738
10868.500      0.9999     0.9655
10868.600      0.9963     0.9526
10868.700      0.9900     0.9400
10868.800      0.9901     0.9351
10868.900      0.9954     0.9407
10869.000      1.0038     0.9503
10869.100      1.0112     0.9520
10869.200      1.0060     0.9354
10869.300      1.0018     0.8984
10869.400      1.0003     0.8532
10869.500      0.9988     0.8237
10869.600      0.9974     0.8290
10869.700      0.9964     0.8657
10869.800      0.9963     0.9120
10869.900      0.9982     0.9477
10870.000      1.0005     0.9670
10870.100      1.0021     0.9747
10870.200      1.0021     0.9770
10870.300      0.9971     0.9776
10870.400      0.9923     0.9778
10870.500      0.9881     0.9778
10870.600      0.9829     0.9778
10870.700      0.9729     0.9778
10870.800      0.9532     0.9778
10870.900      0.9281     0.9777
10871.000      0.9066     0.9776
10871.100      0.8933     0.9775
10871.200      0.9053     0.9771
10871.300      0.9284     0.9762
10871.400      0.9576     0.9747
10871.500      0.9839     0.9731
10871.600      0.9931     0.9723
10871.700      0.9933     0.9730
10871.800      0.9874     0.9745
10871.900      0.9765     0.9759
10872.000      0.9642     0.9766
10872.100      0.9535     0.9769
10872.200      0.9470     0.9769
10872.300      0.9563     0.9769
10872.400      0.9698     0.9768
10872.500      0.9844     0.9767
10872.600      0.9983     0.9765
10872.700      1.0052     0.9763
10872.800      1.0046     0.9760
10872.900      0.9984     0.9758
10873.000      0.9925     0.9756
10873.100      0.9880     0.9757
10873.200      0.9887     0.9758
10873.300      0.9915     0.9759
10873.400      0.9934     0.9760
10873.500      0.9949     0.9760
10873.600      0.9962     0.9759
10873.700      0.9975     0.9759
10873.800      0.9991     0.9758
10873.900      1.0004     0.9757
10874.000      1.0006     0.9757
10874.100      0.9987     0.9756
10874.200      0.9956     0.9755
10874.300      0.9954     0.9754
10874.400      0.9967     0.9753
10874.500      0.9960     0.9753
10874.600      0.9950     0.9752
10874.700      0.9979     0.9751
10874.800      1.0005     0.9750
10874.900      1.0001     0.9749
10875.000      0.9988     0.9749
10875.100      0.9970     0.9748
10875.200      0.9975     0.9747
10875.300      1.0006     0.9747
10875.400      1.0030     0.9746
10875.500      1.0047     0.9745
10875.600      1.0064     0.9744
10875.700      1.0080     0.9743
10875.800      1.0089     0.9742
10875.900      1.0082     0.9742
10876.000      1.0037     0.9741
10876.100      1.0012     0.9740
10876.200      1.0038     0.9739
10876.300      1.0063     0.9738
10876.400      1.0082     0.9737
10876.500      1.0083     0.9737
10876.600      1.0072     0.9736
10876.700      1.0057     0.9735
10876.800      1.0041     0.9734
10876.900      1.0023     0.9733
10877.000      1.0000     0.9732
10877.100      0.9963     0.9731
10877.200      0.9932     0.9730
10877.300      0.9919     0.9729
10877.400      0.9913     0.9729
10877.500      0.9911     0.9728
10877.600      0.9832     0.9727
10877.700      0.9701     0.9726
10877.800      0.9575     0.9725
10877.900      0.9465     0.9724
10878.000      0.9532     0.9723
10878.100      0.9638     0.9722
10878.200      0.9757     0.9722
10878.300      0.9854     0.9721
10878.400      0.9875     0.9720
10878.500      0.9912     0.9719
10878.600      0.9971     0.9718
10878.700      1.0024     0.9716
10878.800      1.0057     0.9714
10878.900      1.0053     0.9712
10879.000      1.0031     0.9708
10879.100      0.9999     0.9706
10879.200      0.9966     0.9705
10879.300      0.9936     0.9706
10879.400      0.9920     0.9707
10879.500      0.9944     0.9707
10879.600      0.9962     0.9707
10879.700      0.9966     0.9705
10879.800      0.9967     0.9704
10879.900      0.9966     0.9703
10880.000      0.9968     0.9702
10880.100      0.9977     0.9702
10880.200      0.9992     0.9702
10880.300      1.0012     0.9701
10880.400      1.0037     0.9700
10880.500      1.0060     0.9699
10880.600      1.0073     0.9698
10880.700      1.0089     0.9697
10880.800      1.0109     0.9696
10880.900      1.0123     0.9695
10881.000      1.0120     0.9694
10881.100      1.0081     0.9693
10881.200      1.0030     0.9692
10881.300      1.0036     0.9691
10881.400      1.0051     0.9690
10881.500      1.0062     0.9689
10881.600      1.0063     0.9687
10881.700      1.0051     0.9686
10881.800      1.0048     0.9685
10881.900      1.0065     0.9684
10882.000      1.0066     0.9683
10882.100      1.0047     0.9682
10882.200      1.0019     0.9680
10882.300      0.9990     0.9677
10882.400      0.9975     0.9670
10882.500      0.9963     0.9657
10882.600      0.9929     0.9635
10882.700      0.9900     0.9613
10882.800      0.9911     0.9601
10882.900      0.9944     0.9608
10883.000      0.9987     0.9627
10883.100      1.0008     0.9647
10883.200      1.0005     0.9660
10883.300      1.0003     0.9665
10883.400      1.0002     0.9667
10883.500      0.9997     0.9666
10883.600      0.9992     0.9665
10883.700      1.0020     0.9664
10883.800      1.0047     0.9663
10883.900      1.0053     0.9661
10884.000      1.0033     0.9658
10884.100      0.9989     0.9654
10884.200      0.9955     0.9650
10884.300      0.9945     0.9647
10884.400      0.9949     0.9646
10884.500      0.9957     0.9646
10884.600      0.9936     0.9646
10884.700      0.9867     0.9645
10884.800      0.9696     0.9639
10884.900      0.9522     0.9618
10885.000      0.9368     0.9561
10885.100      0.9291     0.9458
10885.200      0.9390     0.9333
10885.300      0.9559     0.9250
10885.400      0.9749     0.9267
10885.500      0.9882     0.9370
10885.600      0.9939     0.9491
10885.700      0.9942     0.9576
10885.800      0.9932     0.9618
10885.900      0.9917     0.9632
10886.000      0.9908     0.9635
10886.100      0.9952     0.9634
10886.200      0.9995     0.9633
10886.300      1.0032     0.9632
10886.400      1.0056     0.9630
10886.500      1.0056     0.9629
10886.600      1.0033     0.9628
10886.700      1.0003     0.9627
10886.800      1.0016     0.9626
10886.900      1.0044     0.9625
10887.000      1.0061     0.9624
10887.100      1.0060     0.9622
10887.200      1.0016     0.9621
10887.300      0.9980     0.9620
10887.400      0.9981     0.9618
10887.500      1.0005     0.9617
10887.600      1.0038     0.9616
10887.700      1.0049     0.9614
10887.800      1.0039     0.9613
10887.900      1.0025     0.9612
10888.000      1.0011     0.9610
10888.100      1.0029     0.9609
10888.200      1.0052     0.9607
10888.300      1.0051     0.9605
10888.400      1.0026     0.9603
10888.500      0.9976     0.9602
10888.600      0.9945     0.9601
10888.700      0.9956     0.9600
10888.800      0.9983     0.9599
10888.900      1.0014     0.9597
10889.000      1.0033     0.9596
10889.100      1.0034     0.9595
10889.200      1.0021     0.9593
10889.300      0.9991     0.9592
10889.400      0.9934     0.9590
10889.500      0.9880     0.9589
10889.600      0.9860     0.9587
10889.700      0.9880     0.9586
10889.800      0.9932     0.9584
10889.900      0.9966     0.9583
10890.000      0.9975     0.9581
10890.100      0.9977     0.9580
10890.200      0.9977     0.9578
10890.300      0.9988     0.9576
10890.400      1.0001     0.9575
10890.500      0.9999     0.9573
10890.600      0.9991     0.9572
10890.700      0.9981     0.9570
10890.800      0.9974     0.9568
10890.900      0.9974     0.9567
10891.000      0.9968     0.9565
10891.100      0.9941     0.9562
10891.200      0.9869     0.9560
10891.300      0.9748     0.9556
10891.400      0.9589     0.9552
10891.500      0.9398     0.9547
10891.600      0.9172     0.9540
10891.700      0.8947     0.9534
10891.800      0.8770     0.9532
10891.900      0.8746     0.9535
10892.000      0.9000     0.9539
10892.100      0.9348     0.9542
10892.200      0.9722     0.9543
10892.300      0.9927     0.9542
10892.400      0.9975     0.9541
10892.500      0.9954     0.9539
10892.600      0.9928     0.9538
10892.700      0.9944     0.9537
10892.800      0.9958     0.9535
10892.900      0.9949     0.9533
10893.000      0.9935     0.9532
10893.100      0.9918     0.9530
10893.200      0.9923     0.9528
10893.300      0.9954     0.9526
10893.400      0.9981     0.9523
10893.500      0.9999     0.9519
10893.600      0.9985     0.9516
10893.700      0.9964     0.9513
10893.800      0.9979     0.9512
10893.900      1.0006     0.9512
10894.000      1.0041     0.9512
10894.100      1.0063     0.9511
10894.200      1.0039     0.9510
10894.300      1.0004     0.9508
10894.400      0.9966     0.9505
10894.500      0.9932     0.9500
10894.600      0.9900     0.9495
10894.700      0.9857     0.9489
10894.800      0.9788     0.9486
10894.900      0.9595     0.9486
10895.000      0.9346     0.9488
10895.100      0.9064     0.9490
10895.200      0.8841     0.9490
10895.300      0.8894     0.9489
10895.400      0.9140     0.9487
10895.500      0.9476     0.9485
10895.600      0.9749     0.9482
10895.700      0.9905     0.9479
10895.800      0.9934     0.9477
10895.900      0.9939     0.9474
10896.000      0.9957     0.9471
10896.100      0.9989     0.9469
10896.200      1.0044     0.9466
10896.300      1.0089     0.9464
10896.400      1.0090     0.9463
10896.500      1.0067     0.9462
10896.600      1.0034     0.9461
10896.700      1.0031     0.9460
10896.800      1.0053     0.9458
10896.900      1.0022     0.9456
10897.000      0.9971     0.9454
10897.100      0.9941     0.9452
10897.200      0.9934     0.9450
10897.300      0.9956     0.9448
10897.400      0.9973     0.9446
10897.500      0.9967     0.9443
10897.600      0.9966     0.9441
10897.700      0.9980     0.9439
10897.800      1.0008     0.9437
10897.900      1.0043     0.9435
10898.000      1.0080     0.9433
10898.100      1.0118     0.9430
10898.200      1.0097     0.9428
10898.300      1.0065     0.9426
10898.400      1.0036     0.9424
10898.500      1.0023     0.9421
10898.600      1.0054     0.9419
10898.700      1.0083     0.9417
10898.800      1.0096     0.9415
10898.900      1.0081     0.9412
10899.000      1.0050     0.9410
10899.100      1.0025     0.9408
10899.200      1.0015     0.9405
10899.300      1.0033     0.9403
10899.400      1.0056     0.9400
10899.500      1.0057     0.9397
10899.600      1.0041     0.9395
10899.700      1.0007     0.9392
10899.800      0.9988     0.9390
10899.900      1.0000     0.9387
10900.000      1.0011     0.9385
10900.100      1.0016     0.9382
10900.200      0.9997     0.9380
10900.300      0.9968     0.9378
10900.400      0.9951     0.9375
10900.500      0.9945     0.9373
10900.600      0.9950     0.9370
10900.700      0.9951     0.9368
10900.800      0.9930     0.9365
10900.900      0.9909     0.9363
10901.000      0.9888     0.9360
10901.100      0.9870     0.9357
10901.200      0.9853     0.9355
10901.300      0.9818     0.9352
10901.400      0.9744     0.9350
10901.500      0.9597     0.9347
10901.600      0.9437     0.9344
10901.700      0.9352     0.9342
10901.800      0.9359     0.9339
10901.900      0.9500     0.9337
10902.000      0.9638     0.9334
10902.100      0.9757     0.9331
10902.200      0.9850     0.9329
10902.300      0.9906     0.9326
10902.400      0.9936     0.9323
10902.500      0.9947     0.9321
10902.600      0.9938     0.9318
10902.700      0.9927     0.9315
10902.800      0.9924     0.9313
10902.900      0.9931     0.9310
10903.000      0.9951     0.9307
10903.100      0.9964     0.9304
10903.200      0.9936     0.9300
10903.300      0.9861     0.9297
10903.400      0.9722     0.9294
10903.500      0.9534     0.9291
10903.600      0.9260     0.9288
10903.700      0.8648     0.9285
10903.800      0.7949     0.9282
10903.900      0.7320     0.9279
10904.000      0.6870     0.9276
10904.100      0.7185     0.9273
10904.200      0.7783     0.9270
10904.300      0.8524     0.9267
10904.400      0.9150     0.9264
10904.500      0.9498     0.9261
10904.600      0.9681     0.9258
10904.700      0.9781     0.9255
10904.800      0.9837     0.9252
10904.900      0.9863     0.9249
10905.000      0.9847     0.9246
10905.100      0.9829     0.9243
10905.200      0.9827     0.9240
10905.300      0.9840     0.9237
10905.400      0.9868     0.9234
10905.500      0.9900     0.9230
10905.600      0.9933     0.9226
10905.700      0.9942     0.9222
10905.800      0.9926     0.9218
10905.900      0.9907     0.9215
10906.000      0.9884     0.9212
10906.100      0.9849     0.9210
10906.200      0.9794     0.9208
10906.300      0.9699     0.9205
10906.400      0.9517     0.9202
10906.500      0.9197     0.9198
10906.600      0.8916     0.9195
10906.700      0.8810     0.9191
10906.800      0.8957     0.9187
10906.900      0.9228     0.9183
10907.000      0.9491     0.9179
10907.100      0.9727     0.9175
10907.200      0.9844     0.9171
10907.300      0.9898     0.9168
10907.400      0.9913     0.9164
10907.500      0.9923     0.9161
10907.600      0.9931     0.9157
10907.700      0.9934     0.9154
10907.800      0.9930     0.9150
10907.900      0.9923     0.9147
10908.000      0.9915     0.9143
10908.100      0.9929     0.9140
10908.200      0.9956     0.9137
10908.300      0.9985     0.9133
10908.400      1.0014     0.9129
10908.500      1.0035     0.9126
10908.600      1.0041     0.9122
10908.700      1.0016     0.9118
10908.800      0.9993     0.9115
10908.900      0.9980     0.9111
10909.000      0.9981     0.9108
10909.100      0.9989     0.9104
10909.200      0.9983     0.9100
10909.300      0.9970     0.9096
10909.400      0.9984     0.9092
10909.500      1.0003     0.9088
10909.600      1.0017     0.9084
10909.700      1.0026     0.9080
10909.800      1.0028     0.9076
10909.900      1.0020     0.9072
10910.000      1.0004     0.9068
10910.100      0.9989     0.9065
10910.200      0.9982     0.9061
10910.300      0.9996     0.9057
10910.400      1.0017     0.9052
10910.500      1.0034     0.9047
10910.600      1.0041     0.9043
10910.700      1.0024     0.9038
10910.800      1.0007     0.9034
10910.900      1.0003     0.9029
10911.000      1.0005     0.9025
10911.100      1.0013     0.9021
10911.200      1.0011     0.9017
10911.300      0.9998     0.9013
10911.400      0.9990     0.9009
10911.500      0.9986     0.9005
10911.600      0.9979     0.9000
10911.700      0.9968     0.8996
10911.800      0.9936     0.8992
10911.900      0.9892     0.8988
10912.000      0.9841     0.8983
10912.100      0.9798     0.8979
10912.200      0.9790     0.8975
10912.300      0.9813     0.8970
10912.400      0.9852     0.8966
10912.500      0.9877     0.8961
10912.600      0.9893     0.8957
10912.700      0.9937     0.8952
10912.800      0.9991     0.8947
10912.900      0.9993     0.8943
10913.000      0.9991     0.8938
10913.100      1.0005     0.8933
10913.200      1.0019     0.8929
10913.300      1.0029     0.8924
10913.400      1.0037     0.8918
10913.500      1.0038     0.8911
10913.600      1.0029     0.8897
10913.700      1.0002     0.8859
10913.800      0.9935     0.8753
10913.900      0.9857     0.8522
10914.000      0.9857     0.8147
10914.100      0.9896     0.7720
10914.200      0.9959     0.7435
10914.300      1.0000     0.7451
10914.400      0.9963     0.7752
10914.500      0.9942     0.8158
10914.600      0.9948     0.8474
10914.700      0.9938     0.8616
10914.800      0.9916     0.8627
10914.900      0.9931     0.8578
10915.000      0.9962     0.8499
10915.100      0.9975     0.8387
10915.200      0.9975     0.8278
10915.300      0.9965     0.8251
10915.400      0.9960     0.8348
10915.500      0.9971     0.8514
10915.600      0.9982     0.8663
10915.700      0.9993     0.8749
10915.800      0.9996     0.8783
10915.900      0.9993     0.8790
10916.000      1.0005     0.8787
10916.100      1.0024     0.8783
10916.200      1.0038     0.8778
10916.300      1.0050     0.8772
10916.400      1.0063     0.8767
10916.500      1.0072     0.8761
10916.600      1.0065     0.8755
10916.700      1.0062     0.8749
10916.800      1.0064     0.8742
10916.900      1.0066     0.8736
10917.000      1.0063     0.8730
10917.100      1.0050     0.8724
10917.200      1.0017     0.8718
10917.300      0.9951     0.8713
10917.400      0.9867     0.8707
10917.500      0.9774     0.8701
10917.600      0.9691     0.8696
10917.700      0.9658     0.8690
10917.800      0.9618     0.8684
10917.900      0.9560     0.8679
10918.000      0.9493     0.8673
10918.100      0.9423     0.8667
10918.200      0.9369     0.8661
10918.300      0.9335     0.8655
10918.400      0.9307     0.8649
10918.500      0.9290     0.8644
10918.600      0.9303     0.8638
10918.700      0.9323     0.8632
10918.800      0.9347     0.8626
10918.900      0.9369     0.8619
10919.000      0.9389     0.8613
10919.100      0.9425     0.8606
10919.200      0.9482     0.8599
10919.300      0.9528     0.8591
10919.400      0.9568     0.8584
10919.500      0.9615     0.8577
10919.600      0.9668     0.8570
10919.700      0.9726     0.8564
10919.800      0.9773     0.8558
10919.900      0.9737     0.8552
10920.000      0.9699     0.8545
10920.100      0.9661     0.8539
10920.200      0.9653     0.8532
10920.300      0.9704     0.8526
10920.400      0.9783     0.8519
10920.500      0.9868     0.8513
10920.600      0.9939     0.8506
10920.700      0.9992     0.8499
10920.800      1.0029     0.8493
10920.900      1.0045     0.8486
10921.000      1.0035     0.8479
10921.100      1.0011     0.8473
10921.200      0.9978     0.8466
10921.300      0.9975     0.8459
10921.400      1.0012     0.8451
10921.500      1.0046     0.8443
10921.600      1.0073     0.8434
10921.700      1.0074     0.8426
10921.800      1.0062     0.8419
10921.900      1.0045     0.8411
10922.000      1.0028     0.8404
10922.100      1.0011     0.8397
10922.200      0.9992     0.8390
10922.300      0.9968     0.8382
10922.400      0.9956     0.8375
10922.500      0.9969     0.8368
10922.600      0.9988     0.8360
10922.700      1.0009     0.8353
10922.800      1.0027     0.8346
10922.900      1.0041     0.8338
10923.000      1.0032     0.8330
10923.100      1.0020     0.8323
10923.200      1.0012     0.8315
10923.300      1.0008     0.8307
10923.400      1.0011     0.8298
10923.500      1.0006     0.8289
10923.600      0.9985     0.8280
10923.700      0.9965     0.8272
10923.800      0.9947     0.8264
10923.900      0.9944     0.8256
10924.000      0.9948     0.8248
10924.100      0.9932     0.8240
10924.200      0.9912     0.8232
10924.300      0.9904     0.8224
10924.400      0.9916     0.8216
10924.500      0.9959     0.8207
10924.600      0.9987     0.8199
10924.700      0.9978     0.8191
10924.800      0.9951     0.8182
10924.900      0.9918     0.8174
10925.000      0.9892     0.8164
10925.100      0.9868     0.8155
10925.200      0.9809     0.8145
10925.300      0.9710     0.8136
10925.400      0.9574     0.8127
10925.500      0.9336     0.8118
10925.600      0.8806     0.8109
10925.700      0.7949     0.8100
10925.800      0.6852     0.8092
10925.900      0.6006     0.8083
10926.000      0.5841     0.8074
10926.100      0.6599     0.8065
10926.200      0.7639     0.8056
10926.300      0.8557     0.8047
10926.400      0.9286     0.8037
10926.500      0.9646     0.8026
10926.600      0.9802     0.8016
10926.700      0.9815     0.8006
10926.800      0.9804     0.7996
10926.900      0.9786     0.7986
10927.000      0.9776     0.7977
10927.100      0.9775     0.7968
10927.200      0.9729     0.7958
10927.300      0.9570     0.7948
10927.400      0.9109     0.7939
10927.500      0.8591     0.7929
10927.600      0.8076     0.7918
10927.700      0.7633     0.7907
10927.800      0.7785     0.7896
10927.900      0.8170     0.7886
10928.000      0.8667     0.7875
10928.100      0.8972     0.7865
10928.200      0.8983     0.7855
10928.300      0.8911     0.7844
10928.400      0.8827     0.7834
10928.500      0.8974     0.7824
10928.600      0.9218     0.7813
10928.700      0.9486     0.7801
10928.800      0.9739     0.7790
10928.900      0.9841     0.7778
10929.000      0.9910     0.7767
10929.100      0.9962     0.7756
10929.200      0.9994     0.7745
10929.300      1.0012     0.7734
10929.400      1.0024     0.7723
10929.500      1.0027     0.7711
10929.600      1.0013     0.7699
10929.700      0.9990     0.7687
10929.800      0.9962     0.7675
10929.900      0.9939     0.7663
10930.000      0.9970     0.7652
10930.100      1.0000     0.7640
10930.200      1.0023     0.7628
10930.300      1.0035     0.7616
10930.400      1.0036     0.7604
10930.500      1.0038     0.7591
10930.600      1.0039     0.7578
10930.700      1.0021     0.7566
10930.800      0.9998     0.7553
10930.900      0.9979     0.7541
10931.000      0.9963     0.7528
10931.100      0.9948     0.7515
10931.200      0.9942     0.7502
10931.300      0.9957     0.7489
10931.400      0.9972     0.7476
10931.500      0.9984     0.7462
10931.600      0.9978     0.7449
10931.700      0.9961     0.7435
10931.800      0.9960     0.7422
10931.900      0.9970     0.7408
10932.000      0.9984     0.7394
10932.100      0.9997     0.7380
10932.200      0.9991     0.7366
10932.300      0.9985     0.7352
10932.400      0.9979     0.7337
10932.500      0.9971     0.7323
10932.600      0.9955     0.7308
10932.700      0.9924     0.7293
10932.800      0.9887     0.7278
10932.900      0.9849     0.7263
10933.000      0.9813     0.7248
10933.100      0.9827     0.7233
10933.200      0.9849     0.7218
10933.300      0.9856     0.7202
10933.400      0.9828     0.7186
10933.500      0.9684     0.7170
10933.600      0.9451     0.7154
10933.700      0.9168     0.7138
10933.800      0.8943     0.7121
10933.900      0.8879     0.7104
10934.000      0.9066     0.7087
10934.100      0.9329     0.7070
10934.200      0.9568     0.7053
10934.300      0.9762     0.7035
10934.400      0.9773     0.7017
10934.500      0.9786     0.6999
10934.600      0.9808     0.6981
10934.700      0.9825     0.6962
10934.800      0.9822     0.6943
10934.900      0.9809     0.6923
10935.000      0.9793     0.6904
10935.100      0.9793     0.6884
10935.200      0.9800     0.6863
10935.300      0.9803     0.6842
10935.400      0.9797     0.6821
10935.500      0.9746     0.6799
10935.600      0.9697     0.6776
10935.700      0.9685     0.6753
10935.800      0.9711     0.6729
10935.900      0.9767     0.6705
10936.000      0.9786     0.6679
10936.100      0.9744     0.6653
10936.200      0.9673     0.6626
10936.300      0.9598     0.6597
10936.400      0.9570     0.6568
10936.500      0.9555     0.6536
10936.600      0.9528     0.6504
10936.700      0.9498     0.6469
10936.800      0.9466     0.6432
10936.900      0.9436     0.6392
10937.000      0.9416     0.6350
10937.100      0.9421     0.6304
10937.200      0.9445     0.6253
10937.300      0.9458     0.6197
10937.400      0.9455     0.6133
10937.500      0.9443     0.6060
10937.600      0.9414     0.5975
10937.700      0.9333     0.5872
10937.800      0.9176     0.5755
10937.900      0.8889     0.5636
10938.000      0.8604     0.5545
10938.100      0.8350     0.5515
10938.200      0.8241     0.5560
10938.300      0.8369     0.5660
10938.400      0.8620     0.5781
10938.500      0.8900     0.5896
10938.600      0.9088     0.5994
10938.700      0.9166     0.6077
10938.800      0.9115     0.6148
10938.900      0.9063     0.6210
10939.000      0.9094     0.6265
10939.100      0.9143     0.6314
10939.200      0.9200     0.6360
10939.300      0.9195     0.6402
10939.400      0.9101     0.6441
10939.500      0.9018     0.6477
10939.600      0.8960     0.6512
10939.700      0.8943     0.6544
10939.800      0.8937     0.6575
10939.900      0.8898     0.6605
10940.000      0.8852     0.6633
10940.100      0.8802     0.6660
10940.200      0.8755     0.6686
10940.300      0.8717     0.6711
10940.400      0.8682     0.6736
10940.500      0.8649     0.6760
10940.600      0.8624     0.6783
10940.700      0.8603     0.6805
10940.800      0.8565     0.6827
10940.900      0.8496     0.6848
10941.000      0.8363     0.6869
10941.100      0.8228     0.6890
10941.200      0.8176     0.6910
10941.300      0.8119     0.6930
10941.400      0.8027     0.6949
10941.500      0.7912     0.6968
10941.600      0.7783     0.6987
10941.700      0.7710     0.7005
10941.800      0.7693     0.7023
10941.900      0.7678     0.7041
10942.000      0.7668     0.7058
10942.100      0.7667     0.7076
10942.200      0.7674     0.7093
10942.300      0.7687     0.7111
10942.400      0.7690     0.7127
10942.500      0.7650     0.7144
10942.600      0.7612     0.7160
10942.700      0.7577     0.7176
10942.800      0.7534     0.7192
10942.900      0.7482     0.7208
10943.000      0.7458     0.7224
10943.100      0.7484     0.7239
10943.200      0.7579     0.7255
10943.300      0.7701     0.7270
10943.400      0.7835     0.7285
10943.500      0.7965     0.7300
10943.600      0.8071     0.7315
10943.700      0.8179     0.7329
10943.800      0.8292     0.7344
10943.900      0.8401     0.7358
10944.000      0.8496     0.7373
10944.100      0.8563     0.7387
10944.200      0.8618     0.7401
10944.300      0.8672     0.7414
10944.400      0.8723     0.7428
10944.500      0.8769     0.7442
10944.600      0.8802     0.7456
10944.700      0.8803     0.7469
10944.800      0.8776     0.7482
10944.900      0.8732     0.7495
10945.000      0.8705     0.7509
10945.100      0.8705     0.7522
10945.200      0.8712     0.7535
10945.300      0.8720     0.7548
10945.400      0.8683     0.7560
10945.500      0.8634     0.7573
10945.600      0.8685     0.7585
10945.700      0.8799     0.7598
10945.800      0.8963     0.7610
10945.900      0.9106     0.7623
10946.000      0.9178     0.7635
10946.100      0.9216     0.7647
10946.200      0.9238     0.7659
10946.300      0.9252     0.7671
10946.400      0.9264     0.7682
10946.500      0.9304     0.7695
10946.600      0.9351     0.7707
10946.700      0.9279     0.7718
10946.800      0.9167     0.7730
10946.900      0.9035     0.7741
10947.000      0.8923     0.7752
10947.100      0.8867     0.7763
10947.200      0.8788     0.7774
10947.300      0.8678     0.7785
10947.400      0.8585     0.7797
10947.500      0.8549     0.7808
10947.600      0.8672     0.7820
10947.700      0.8878     0.7831
10947.800      0.9121     0.7841
10947.900      0.9360     0.7852
10948.000      0.9513     0.7862
10948.100      0.9599     0.7872
10948.200      0.9619     0.7883
10948.300      0.9583     0.7893
10948.400      0.9523     0.7904
10948.500      0.9463     0.7915
10948.600      0.9405     0.7926
10948.700      0.9346     0.7936
10948.800      0.9285     0.7946
10948.900      0.9146     0.7956
10949.000      0.8874     0.7966
10949.100      0.8275     0.7975
10949.200      0.7694     0.7985
10949.300      0.7301     0.7994
10949.400      0.7306     0.8004
10949.500      0.7778     0.8014
10949.600      0.8368     0.8024
10949.700      0.8979     0.8034
10949.800      0.9357     0.8044
10949.900      0.9532     0.8054
10950.000      0.9592     0.8064
10950.100      0.9640     0.8073
10950.200      0.9685     0.8082
10950.300      0.9731     0.8091
10950.400      0.9780     0.8100
10950.500      0.9824     0.8108
10950.600      0.9849     0.8117
10950.700      0.9846     0.8126
10950.800      0.9829     0.8134
10950.900      0.9833     0.8143
10951.000      0.9846     0.8152
10951.100      0.9855     0.8160
10951.200      0.9863     0.8162
10951.300      0.9902     0.8141
10951.400      0.9940     0.8066
10951.500      0.9976     0.7909
10951.600      1.0000     0.7685
10951.700      1.0008     0.7490
10951.800      1.0016     0.7443
10951.900      1.0023     0.7580
10952.000      1.0029     0.7819
10952.100      1.0031     0.8038
10952.200      1.0004     0.8176
10952.300      0.9972     0.8240
10952.400      0.9973     0.8266
10952.500      0.9989     0.8279
10952.600      1.0016     0.8288
10952.700      1.0021     0.8297
10952.800      0.9970     0.8305
10952.900      0.9899     0.8312
10953.000      0.9823     0.8315
10953.100      0.9805     0.8313
10953.200      0.9848     0.8309
10953.300      0.9930     0.8310
10953.400      1.0015     0.8320
10953.500      1.0018     0.8338
10953.600      0.9986     0.8356
10953.700      0.9931     0.8371
10953.800      0.9892     0.8382
10953.900      0.9910     0.8390
10954.000      0.9957     0.8398
10954.100      1.0013     0.8405
10954.200      1.0058     0.8413
10954.300      1.0096     0.8420
10954.400      1.0146     0.8427
10954.500      1.0199     0.8435
10954.600      1.0188     0.8443
10954.700      1.0154     0.8451
10954.800      1.0109     0.8458
10954.900      1.0064     0.8463
10955.000      1.0025     0.8466
10955.100      0.9984     0.8468
10955.200      0.9940     0.8472
10955.300      0.9910     0.8479
10955.400      0.9891     0.8491
10955.500      0.9864     0.8503
10955.600      0.9835     0.8513
10955.700      0.9863     0.8521
10955.800      0.9896     0.8528
10955.900      0.9922     0.8534
10956.000      0.9915     0.8541
10956.100      0.9837     0.8547
10956.200      0.9772     0.8554
10956.300      0.9748     0.8560
10956.400      0.9783     0.8566
10956.500      0.9843     0.8573
10956.600      0.9879     0.8578
10956.700      0.9897     0.8584
10956.800      0.9911     0.8587
10956.900      0.9913     0.8586
10957.000      0.9880     0.8575
10957.100      0.9808     0.8555
10957.200      0.9685     0.8534
10957.300      0.9496     0.8529
10957.400      0.9266     0.8548
10957.500      0.9156     0.8582
10957.600      0.9227     0.8615
10957.700      0.9415     0.8638
10957.800      0.9623     0.8653
10957.900      0.9788     0.8662
10958.000      0.9907     0.8669
10958.100      0.9969     0.8675
10958.200      0.9976     0.8681
10958.300      0.9941     0.8687
10958.400      0.9906     0.8693
10958.500      0.9871     0.8699
10958.600      0.9792     0.8705
10958.700      0.9579     0.8710
10958.800      0.9064     0.8716
10958.900      0.8457     0.8722
10959.000      0.7908     0.8728
10959.100      0.7493     0.8733
10959.200      0.7780     0.8739
10959.300      0.8266     0.8745
10959.400      0.8855     0.8751
10959.500      0.9348     0.8757
10959.600      0.9499     0.8763
10959.700      0.9367     0.8770
10959.800      0.9051     0.8776
10959.900      0.8619     0.8781
10960.000      0.8170     0.8787
10960.100      0.8027     0.8793
10960.200      0.8188     0.8798
10960.300      0.8716     0.8803
10960.400      0.9228     0.8808
10960.500      0.9597     0.8814
10960.600      0.9803     0.8819
10960.700      0.9875     0.8824
10960.800      0.9936     0.8829
10960.900      0.9988     0.8834
10961.000      1.0018     0.8838
10961.100      1.0022     0.8843
10961.200      0.9989     0.8848
10961.300      0.9951     0.8854
10961.400      0.9936     0.8859
10961.500      0.9922     0.8864
10961.600      0.9908     0.8869
10961.700      0.9891     0.8874
10961.800      0.9870     0.8879
10961.900      0.9867     0.8884
10962.000      0.9882     0.8888
10962.100      0.9891     0.8893
10962.200      0.9881     0.8898
10962.300      0.9827     0.8903
10962.400      0.9702     0.8909
10962.500      0.9462     0.8914
10962.600      0.9102     0.8920
10962.700      0.8613     0.8925
10962.800      0.8187     0.8930
10962.900      0.8079     0.8935
10963.000      0.8349     0.8940
10963.100      0.8830     0.8945
10963.200      0.9270     0.8949
10963.300      0.9612     0.8954
10963.400      0.9758     0.8958
10963.500      0.9831     0.8963
10963.600      0.9881     0.8967
10963.700      0.9925     0.8971
10963.800      0.9967     0.8976
10963.900      0.9991     0.8980
10964.000      0.9976     0.8984
10964.100      0.9965     0.8989
10964.200      0.9965     0.8993
10964.300      0.9973     0.8997
10964.400      0.9984     0.9001
10964.500      0.9988     0.9005
10964.600      0.9983     0.9010
10964.700      0.9962     0.9013
10964.800      0.9941     0.9016
10964.900      0.9936     0.9016
10965.000      0.9911     0.9004
10965.100      0.9827     0.8969
10965.200      0.9746     0.8901
10965.300      0.9685     0.8813
10965.400      0.9710     0.8752
10965.500      0.9786     0.8759
10965.600      0.9850     0.8833
10965.700      0.9892     0.8929
10965.800      0.9895     0.9004
10965.900      0.9896     0.9045
10966.000      0.9906     0.9064
10966.100      0.9922     0.9073
10966.200      0.9941     0.9078
10966.300      0.9957     0.9082
10966.400      0.9966     0.9086
10966.500      0.9985     0.9090
10966.600      1.0012     0.9094
10966.700      1.0031     0.9098
10966.800      1.0036     0.9102
10966.900      1.0009     0.9106
10967.000      0.9981     0.9109
10967.100      0.9962     0.9112
10967.200      0.9944     0.9115
10967.300      0.9927     0.9118
10967.400      0.9924     0.9121
10967.500      0.9946     0.9126
10967.600      0.9967     0.9130
10967.700      0.9987     0.9135
10967.800      0.9990     0.9139
10967.900      0.9984     0.9143
10968.000      1.0000     0.9146
10968.100      1.0019     0.9150
10968.200      1.0033     0.9153
10968.300      1.0030     0.9157
10968.400      0.9984     0.9160
10968.500      0.9955     0.9164
10968.600      0.9962     0.9167
10968.700      0.9979     0.9171
10968.800      0.9999     0.9174
10968.900      0.9960     0.9178
10969.000      0.9892     0.9181
10969.100      0.9870     0.9185
10969.200      0.9881     0.9188
10969.300      0.9919     0.9192
10969.400      0.9954     0.9196
10969.500      0.9966     0.9200
10969.600      0.9967     0.9204
10969.700      0.9961     0.9208
10969.800      0.9952     0.9211
10969.900      0.9942     0.9215
10970.000      0.9954     0.9218
10970.100      0.9977     0.9221
10970.200      0.9978     0.9224
10970.300      0.9974     0.9228
10970.400      0.9993     0.9231
10970.500      1.0017     0.9234
10970.600      1.0044     0.9237
10970.700      1.0063     0.9240
10970.800      1.0058     0.9243
10970.900      1.0048     0.9246
10971.000      1.0033     0.9250
10971.100      1.0007     0.9253
10971.200      0.9978     0.9256
10971.300      0.9966     0.9259
10971.400      0.9970     0.9262
10971.500      0.9989     0.9265
10971.600      1.0006     0.9268
10971.700      0.9999     0.9271
10971.800      0.9972     0.9274
10971.900      0.9931     0.9277
10972.000      0.9886     0.9280
10972.100      0.9839     0.9283
10972.200      0.9795     0.9286
10972.300      0.9759     0.9288
10972.400      0.9744     0.9291
10972.500      0.9751     0.9294
10972.600      0.9771     0.9297
10972.700      0.9811     0.9300
10972.800      0.9880     0.9303
10972.900      0.9941     0.9306
10973.000      0.9960     0.9309
10973.100      0.9942     0.9312
10973.200      0.9907     0.9314
10973.300      0.9887     0.9317
10973.400      0.9889     0.9321
10973.500      0.9900     0.9324
10973.600      0.9920     0.9327
10973.700      0.9965     0.9330
10973.800      1.0010     0.9333
10973.900      1.0027     0.9335
10974.000      1.0022     0.9338
10974.100      0.9998     0.9341
10974.200      0.9990     0.9343
10974.300      1.0003     0.9346
10974.400      1.0003     0.9348
10974.500      0.9985     0.9351
10974.600      0.9956     0.9353
10974.700      0.9926     0.9356
10974.800      0.9924     0.9359
10974.900      0.9923     0.9361
10975.000      0.9901     0.9364
10975.100      0.9888     0.9367
10975.200      0.9909     0.9369
10975.300      0.9922     0.9372
10975.400      0.9894     0.9374
10975.500      0.9798     0.9376
10975.600      0.9603     0.9379
10975.700      0.9280     0.9382
10975.800      0.8928     0.9384
10975.900      0.8635     0.9386
10976.000      0.8453     0.9389
10976.100      0.8609     0.9391
10976.200      0.8909     0.9392
10976.300      0.9294     0.9394
10976.400      0.9625     0.9397
10976.500      0.9797     0.9400
10976.600      0.9858     0.9403
10976.700      0.9865     0.9406
10976.800      0.9855     0.9408
10976.900      0.9828     0.9411
10977.000      0.9756     0.9414
10977.100      0.9679     0.9416
10977.200      0.9620     0.9419
10977.300      0.9600     0.9421
10977.400      0.9665     0.9423
10977.500      0.9748     0.9426
10977.600      0.9836     0.9428
10977.700      0.9910     0.9430
10977.800      0.9944     0.9432
10977.900      0.9942     0.9433
10978.000      0.9890     0.9434
10978.100      0.9761     0.9435
10978.200      0.9589     0.9437
10978.300      0.9384     0.9440
10978.400      0.9182     0.9443
10978.500      0.8991     0.9446
10978.600      0.8795     0.9448
10978.700      0.8577     0.9449
10978.800      0.8335     0.9441
10978.900      0.8081     0.9412
10979.000      0.7916     0.9339
10979.100      0.7929     0.9217
10979.200      0.8227     0.9085
10979.300      0.8602     0.9021
10979.400      0.8998     0.9071
10979.500      0.9372     0.9201
10979.600      0.9520     0.9331
10979.700      0.9486     0.9414
10979.800      0.9314     0.9452
10979.900      0.9110     0.9466
10980.000      0.8898     0.9473
10980.100      0.8728     0.9478
10980.200      0.8657     0.9482
10980.300      0.8768     0.9485
10980.400      0.8977     0.9487
10980.500      0.9245     0.9489
10980.600      0.9509     0.9492
10980.700      0.9711     0.9494
10980.800      0.9880     0.9496
10980.900      1.0016     0.9498
10981.000      1.0091     0.9499
10981.100      1.0085     0.9501
10981.200      0.9992     0.9503
10981.300      0.9873     0.9505
10981.400      0.9769     0.9506
10981.500      0.9670     0.9504
10981.600      0.9408     0.9494
10981.700      0.9145     0.9461
10981.800      0.9065     0.9394
10981.900      0.9163     0.9302
10982.000      0.9418     0.9229
10982.100      0.9660     0.9224
10982.200      0.9850     0.9293
10982.300      0.9956     0.9389
10982.400      0.9990     0.9465
10982.500      0.9982     0.9507
10982.600      0.9969     0.9523
10982.700      1.0001     0.9530
10982.800      1.0034     0.9532
10982.900      1.0020     0.9534
10983.000      0.9987     0.9536
10983.100      0.9945     0.9538
10983.200      0.9939     0.9540
10983.300      0.9989     0.9542
10983.400      1.0023     0.9543
10983.500      1.0034     0.9545
10983.600      1.0035     0.9547
10983.700      1.0033     0.9549
10983.800      1.0035     0.9550
10983.900      1.0036     0.9552
10984.000      1.0024     0.9551
10984.100      1.0004     0.9547
10984.200      0.9979     0.9532
10984.300      0.9968     0.9503
10984.400      0.9979     0.9466
10984.500      0.9982     0.9441
10984.600      0.9977     0.9447
10984.700      0.9972     0.9480
10984.800      0.9968     0.9520
10984.900      0.9939     0.9549
10985.000      0.9864     0.9564
10985.100      0.9623     0.9570
10985.200      0.9361     0.9573
10985.300      0.9091     0.9575
10985.400      0.8910     0.9577
10985.500      0.8988     0.9578
10985.600      0.9234     0.9580
10985.700      0.9536     0.9581
10985.800      0.9750     0.9583
10985.900      0.9861     0.9584
10986.000      0.9881     0.9586
10986.100      0.9894     0.9588
10986.200      0.9942     0.9589
10986.300      0.9980     0.9591
10986.400      0.9968     0.9592
10986.500      0.9954     0.9594
10986.600      0.9939     0.9595
10986.700      0.9926     0.9597
10986.800      0.9915     0.9598
10986.900      0.9871     0.9599
10987.000      0.9762     0.9601
10987.100      0.9548     0.9602
10987.200      0.9319     0.9603
10987.300      0.9215     0.9605
10987.400      0.9246     0.9607
10987.500      0.9447     0.9608
10987.600      0.9631     0.9610
10987.700      0.9750     0.9611
10987.800      0.9816     0.9613
10987.900      0.9850     0.9614
10988.000      0.9875     0.9615
10988.100      0.9889     0.9617
10988.200      0.9873     0.9618
10988.300      0.9814     0.9620
10988.400      0.9694     0.9621
10988.500      0.9460     0.9622
10988.600      0.9036     0.9624
10988.700      0.8619     0.9625
10988.800      0.8266     0.9626
10988.900      0.8161     0.9627
10989.000      0.8410     0.9628
10989.100      0.8837     0.9629
10989.200      0.9299     0.9630
10989.300      0.9636     0.9632
10989.400      0.9833     0.9634
10989.500      0.9915     0.9635
10989.600      0.9886     0.9637
10989.700      0.9747     0.9638
10989.800      0.9611     0.9640
10989.900      0.9498     0.9641
10990.000      0.9458     0.9642
10990.100      0.9520     0.9644
10990.200      0.9632     0.9645
10990.300      0.9754     0.9646
10990.400      0.9830     0.9647
10990.500      0.9870     0.9648
10990.600      0.9894     0.9650
10990.700      0.9899     0.9651
10990.800      0.9886     0.9651
10990.900      0.9796     0.9652
10991.000      0.9525     0.9652
10991.100      0.9166     0.9653
10991.200      0.8775     0.9654
10991.300      0.8576     0.9656
10991.400      0.8680     0.9658
10991.500      0.9031     0.9660
10991.600      0.9424     0.9662
10991.700      0.9684     0.9663
10991.800      0.9846     0.9664
10991.900      0.9924     0.9666
10992.000      0.9958     0.9667
10992.100      0.9969     0.9668
10992.200      0.9979     0.9669
10992.300      0.9990     0.9670
10992.400      1.0009     0.9671
10992.500      1.0035     0.9672
10992.600      1.0003     0.9674
10992.700      0.9949     0.9675
10992.800      0.9904     0.9676
10992.900      0.9878     0.9677
10993.000      0.9918     0.9678
10993.100      0.9958     0.9679
10993.200      0.9994     0.9680
10993.300      1.0020     0.9681
10993.400      1.0012     0.9682
10993.500      0.9947     0.9684
10993.600      0.9852     0.9685
10993.700      0.9757     0.9686
10993.800      0.9663     0.9687
10993.900      0.9660     0.9688
10994.000      0.9670     0.9689
10994.100      0.9663     0.9690
10994.200      0.9631     0.9691
10994.300      0.9566     0.9692
10994.400      0.9531     0.9693
10994.500      0.9550     0.9695
10994.600      0.9567     0.9696
10994.700      0.9575     0.9697
10994.800      0.9488     0.9698
10994.900      0.9359     0.9699
10995.000      0.9257     0.9700
10995.100      0.9200     0.9701
10995.200      0.9298     0.9702
10995.300      0.9391     0.9703
10995.400      0.9452     0.9704
10995.500      0.9491     0.9705
10995.600      0.9517     0.9706
10995.700      0.9575     0.9707
10995.800      0.9665     0.9708
10995.900      0.9738     0.9709
10996.000      0.9774     0.9710
10996.100      0.9752     0.9711
10996.200      0.9672     0.9712
10996.300      0.9551     0.9713
10996.400      0.9334     0.9714
10996.500      0.8878     0.9715
10996.600      0.8106     0.9716
10996.700      0.7071     0.9717
10996.800      0.6099     0.9717
10996.900      0.5406     0.9718
10997.000      0.5468     0.9719
10997.100      0.6168     0.9720
10997.200      0.7234     0.9721
10997.300      0.8334     0.9722
10997.400      0.8977     0.9723
10997.500      0.9353     0.9724
10997.600      0.9524     0.9725
10997.700      0.9608     0.9726
10997.800      0.9634     0.9727
10997.900      0.9534     0.9728
10998.000      0.9309     0.9729
10998.100      0.9003     0.9730
10998.200      0.8680     0.9731
10998.300      0.8587     0.9731
10998.400      0.8717     0.9732
10998.500      0.9057     0.9733
10998.600      0.9390     0.9734
10998.700      0.9548     0.9735
10998.800      0.9624     0.9736
10998.900      0.9632     0.9737
10999.000      0.9538     0.9738
10999.100      0.9289     0.9738
10999.200      0.8750     0.9739
10999.300      0.8092     0.9740
10999.400      0.7596     0.9741
10999.500      0.7391     0.9742
10999.600      0.7820     0.9743
10999.700      0.8368     0.9743
10999.800      0.8955     0.9744
10999.900      0.9478     0.9745
11000.000      0.9718     0.9746
11000.100      0.9795     0.9747
11000.200      0.9798     0.9748
11000.300      0.9789     0.9748
11000.400      0.9777     0.9749
11000.500      0.9781     0.9750
11000.600      0.9790     0.9751
11000.700      0.9791     0.9752
11000.800      0.9793     0.9752
11000.900      0.9823     0.9753
11001.000      0.9860     0.9754
11001.100      0.9901     0.9755
11001.200      0.9938     0.9756
11001.300      0.9966     0.9756
11001.400      0.9988     0.9757
11001.500      1.0002     0.9758
11001.600      0.9978     0.9759
11001.700      0.9940     0.9759
11001.800      0.9925     0.9760
11001.900      0.9911     0.9761
11002.000      0.9869     0.9762
11002.100      0.9784     0.9763
11002.200      0.9630     0.9763
11002.300      0.9439     0.9764
11002.400      0.9233     0.9764
11002.500      0.9083     0.9765
11002.600      0.9062     0.9765
11002.700      0.9210     0.9766
11002.800      0.9404     0.9767
11002.900      0.9588     0.9768
11003.000      0.9754     0.9769
11003.100      0.9834     0.9770
11003.200      0.9893     0.9771
11003.300      0.9940     0.9772
11003.400      0.9956     0.9772
11003.500      0.9931     0.9773
11003.600      0.9878     0.9774
11003.700      0.9816     0.9774
11003.800      0.9817     0.9775
11003.900      0.9846     0.9776
11004.000      0.9845     0.9776
11004.100      0.9838     0.9777
11004.200      0.9860     0.9778
11004.300      0.9881     0.9779
11004.400      0.9895     0.9779
11004.500      0.9886     0.9780
11004.600      0.9822     0.9781
11004.700      0.9729     0.9781
11004.800      0.9605     0.9781
11004.900      0.9423     0.9780
11005.000      0.9208     0.9779
11005.100      0.8979     0.9779
11005.200      0.8749     0.9780
11005.300      0.8638     0.9782
11005.400      0.8525     0.9784
11005.500      0.8382     0.9786
11005.600      0.8241     0.9787
11005.700      0.8116     0.9788
11005.800      0.8141     0.9789
11005.900      0.8408     0.9789
11006.000      0.8806     0.9790
11006.100      0.9231     0.9790
11006.200      0.9545     0.9791
11006.300      0.9736     0.9792
11006.400      0.9795     0.9792
11006.500      0.9799     0.9793
11006.600      0.9772     0.9794
11006.700      0.9714     0.9794
11006.800      0.9624     0.9794
11006.900      0.9463     0.9794
11007.000      0.9255     0.9795
11007.100      0.9109     0.9796
11007.200      0.9089     0.9797
11007.300      0.9249     0.9798
11007.400      0.9442     0.9799
11007.500      0.9621     0.9800
11007.600      0.9775     0.9800
11007.700      0.9859     0.9801
11007.800      0.9907     0.9801
11007.900      0.9931     0.9802
11008.000      0.9950     0.9803
11008.100      0.9964     0.9803
11008.200      0.9962     0.9804
11008.300      0.9944     0.9804
11008.400      0.9916     0.9805
11008.500      0.9886     0.9806
11008.600      0.9866     0.9806
11008.700      0.9856     0.9807
11008.800      0.9860     0.9807
11008.900      0.9857     0.9808
11009.000      0.9823     0.9809
11009.100      0.9781     0.9809
11009.200      0.9731     0.9810
11009.300      0.9660     0.9810
11009.400      0.9536     0.9811
11009.500      0.9224     0.9811
11009.600      0.8743     0.9812
11009.700      0.8122     0.9813
11009.800      0.7510     0.9813
11009.900      0.7333     0.9814
11010.000      0.7512     0.9814
11010.100      0.7993     0.9815
11010.200      0.8406     0.9815
11010.300      0.8539     0.9816
11010.400      0.8231     0.9816
11010.500      0.7711     0.9817
11010.600      0.7282     0.9817
11010.700      0.7066     0.9818
11010.800      0.7511     0.9819
11010.900      0.8092     0.9819
11011.000      0.8702     0.9820
11011.100      0.9251     0.9820
11011.200      0.9489     0.9821
11011.300      0.9624     0.9821
11011.400      0.9709     0.9821
11011.500      0.9762     0.9821
11011.600      0.9785     0.9821
11011.700      0.9746     0.9822
11011.800      0.9638     0.9822
11011.900      0.9437     0.9823
11012.000      0.9229     0.9824
11012.100      0.9120     0.9825
11012.200      0.9136     0.9826
11012.300      0.9315     0.9826
11012.400      0.9493     0.9827
11012.500      0.9667     0.9827
11012.600      0.9788     0.9828
11012.700      0.9836     0.9828
11012.800      0.9859     0.9828
11012.900      0.9871     0.9827
11013.000      0.9875     0.9825
11013.100      0.9880     0.9822
11013.200      0.9885     0.9820
11013.300      0.9887     0.9818
11013.400      0.9874     0.9815
11013.500      0.9864     0.9807
11013.600      0.9864     0.9797
11013.700      0.9878     0.9793
11013.800      0.9899     0.9797
11013.900      0.9913     0.9808
11014.000      0.9923     0.9819
11014.100      0.9950     0.9827
11014.200      0.9981     0.9831
11014.300      1.0001     0.9834
11014.400      1.0009     0.9836
11014.500      1.0001     0.9837
11014.600      0.9989     0.9837
11014.700      0.9978     0.9838
11014.800      0.9977     0.9838
11014.900      0.9990     0.9838
11015.000      1.0002     0.9839
11015.100      1.0014     0.9839
11015.200      1.0028     0.9840
11015.300      1.0043     0.9839
11015.400      1.0037     0.9838
11015.500      1.0009     0.9837
11015.600      0.9955     0.9835
11015.700      0.9929     0.9835
11015.800      0.9973     0.9836
11015.900      1.0014     0.9838
11016.000      1.0036     0.9838
11016.100      1.0013     0.9836
11016.200      0.9968     0.9834
11016.300      0.9931     0.9833
11016.400      0.9897     0.9833
11016.500      0.9838     0.9834
11016.600      0.9734     0.9837
11016.700      0.9520     0.9840
11016.800      0.9308     0.9842
11016.900      0.9122     0.9844
11017.000      0.9020     0.9845
11017.100      0.9080     0.9845
11017.200      0.9274     0.9845
11017.300      0.9508     0.9842
11017.400      0.9722     0.9828
11017.500      0.9896     0.9782
11017.600      0.9963     0.9661
11017.700      0.9974     0.9425
11017.800      0.9949     0.9106
11017.900      0.9934     0.8845
11018.000      0.9951     0.8802
11018.100      0.9945     0.9009
11018.200      0.9886     0.9329
11018.300      0.9812     0.9601
11018.400      0.9716     0.9758
11018.500      0.9511     0.9824
11018.600      0.9142     0.9845
11018.700      0.8502     0.9851
11018.800      0.7843     0.9853
11018.900      0.7439     0.9854
11019.000      0.7405     0.9855
11019.100      0.7867     0.9855
11019.200      0.8357     0.9856
11019.300      0.8853     0.9857
11019.400      0.9085     0.9857
11019.500      0.8999     0.9856
11019.600      0.8800     0.9855
11019.700      0.8588     0.9853
11019.800      0.8591     0.9852
11019.900      0.8740     0.9852
11020.000      0.9007     0.9855
11020.100      0.9258     0.9857
11020.200      0.9383     0.9859
11020.300      0.9359     0.9861
11020.400      0.9206     0.9861
11020.500      0.9018     0.9862
11020.600      0.8823     0.9862
11020.700      0.8735     0.9862
11020.800      0.8698     0.9863
11020.900      0.8535     0.9863
11021.000      0.8213     0.9864
11021.100      0.7616     0.9864
11021.200      0.7075     0.9865
11021.300      0.7007     0.9865
11021.400      0.7407     0.9865
11021.500      0.8138     0.9866
11021.600      0.8818     0.9866
11021.700      0.9334     0.9866
11021.800      0.9578     0.9867
11021.900      0.9667     0.9867
11022.000      0.9689     0.9867
11022.100      0.9707     0.9867
11022.200      0.9725     0.9867
11022.300      0.9744     0.9867
11022.400      0.9753     0.9867
11022.500      0.9729     0.9866
11022.600      0.9610     0.9865
11022.700      0.9404     0.9865
11022.800      0.9159     0.9867
11022.900      0.9025     0.9869
11023.000      0.9069     0.9870
11023.100      0.9308     0.9871
11023.200      0.9574     0.9872
11023.300      0.9757     0.9872
11023.400      0.9851     0.9873
11023.500      0.9824     0.9873
11023.600      0.9703     0.9873
11023.700      0.9528     0.9874
11023.800      0.9380     0.9874
11023.900      0.9323     0.9874
11024.000      0.9404     0.9875
11024.100      0.9555     0.9875
11024.200      0.9723     0.9875
11024.300      0.9893     0.9876
11024.400      0.9985     0.9876
11024.500      1.0018     0.9876
11024.600      0.9993     0.9877
11024.700      0.9967     0.9877
11024.800      0.9941     0.9877
11024.900      0.9905     0.9877
11025.000      0.9841     0.9878
11025.100      0.9761     0.9878
11025.200      0.9659     0.9879
11025.300      0.9529     0.9879
11025.400      0.9345     0.9879
11025.500      0.8945     0.9880
11025.600      0.8495     0.9880
11025.700      0.8026     0.9880
11025.800      0.7657     0.9880
11025.900      0.7739     0.9881
11026.000      0.8115     0.9881
11026.100      0.8620     0.9881
11026.200      0.8940     0.9882
11026.300      0.8924     0.9882
11026.400      0.8548     0.9882
11026.500      0.8102     0.9882
11026.600      0.7830     0.9882
11026.700      0.7789     0.9882
11026.800      0.8141     0.9882
11026.900      0.8578     0.9883
11027.000      0.9052     0.9884
11027.100      0.9463     0.9884
11027.200      0.9693     0.9885
11027.300      0.9768     0.9885
11027.400      0.9790     0.9885
11027.500      0.9819     0.9886
11027.600      0.9862     0.9886
11027.700      0.9938     0.9886
11027.800      1.0013     0.9886
11027.900      1.0000     0.9887
11028.000      0.9981     0.9887
11028.100      0.9960     0.9887
11028.200      0.9958     0.9888
11028.300      0.9990     0.9888
11028.400      1.0015     0.9888
11028.500      1.0030     0.9888
11028.600      1.0038     0.9889
11028.700      1.0037     0.9889
11028.800      1.0010     0.9889
11028.900      0.9977     0.9890
11029.000      0.9941     0.9890
11029.100      0.9910     0.9890
11029.200      0.9899     0.9890
11029.300      0.9894     0.9891
11029.400      0.9893     0.9891
11029.500      0.9874     0.9891
11029.600      0.9828     0.9892
11029.700      0.9765     0.9892
11029.800      0.9698     0.9892
11029.900      0.9661     0.9892
11030.000      0.9629     0.9893
11030.100      0.9487     0.9893
11030.200      0.9174     0.9893
11030.300      0.8521     0.9893
11030.400      0.7636     0.9894
11030.500      0.6627     0.9894
11030.600      0.5883     0.9894
11030.700      0.5806     0.9894
11030.800      0.6529     0.9895
11030.900      0.7485     0.9895
11031.000      0.8391     0.9895
11031.100      0.9194     0.9896
11031.200      0.9562     0.9896
11031.300      0.9767     0.9896
11031.400      0.9877     0.9896
11031.500      0.9943     0.9896
11031.600      0.9986     0.9896
11031.700      0.9998     0.9896
11031.800      0.9997     0.9894
11031.900      0.9999     0.9892
11032.000      1.0002     0.9890
11032.100      0.9971     0.9889
11032.200      0.9925     0.9891
11032.300      0.9877     0.9894
11032.400      0.9817     0.9896
11032.500      0.9708     0.9898
11032.600      0.9521     0.9899
11032.700      0.9252     0.9899
11032.800      0.8982     0.9900
11032.900      0.8713     0.9900
11033.000      0.8563     0.9900
11033.100      0.8617     0.9900
11033.200      0.8905     0.9901
11033.300      0.9231     0.9900
11033.400      0.9538     0.9900
11033.500      0.9797     0.9899
11033.600      0.9891     0.9898
11033.700      0.9931     0.9898
11033.800      0.9946     0.9899
11033.900      0.9958     0.9900
11034.000      0.9968     0.9902
11034.100      0.9952     0.9902
11034.200      0.9922     0.9902
11034.300      0.9894     0.9902
11034.400      0.9867     0.9902
11034.500      0.9815     0.9902
11034.600      0.9764     0.9903
11034.700      0.9744     0.9903
11034.800      0.9724     0.9904
11034.900      0.9702     0.9905
11035.000      0.9603     0.9905
11035.100      0.9305     0.9905
11035.200      0.8856     0.9905
11035.300      0.8362     0.9906
11035.400      0.8041     0.9906
11035.500      0.7992     0.9906
11035.600      0.8383     0.9906
11035.700      0.8821     0.9907
11035.800      0.9267     0.9907
11035.900      0.9662     0.9907
11036.000      0.9837     0.9907
11036.100      0.9933     0.9907
11036.200      0.9989     0.9908
11036.300      1.0025     0.9908
11036.400      1.0045     0.9908
11036.500      1.0027     0.9908
11036.600      0.9985     0.9909
11036.700      0.9931     0.9909
11036.800      0.9862     0.9909
11036.900      0.9764     0.9909
11037.000      0.9676     0.9909
11037.100      0.9670     0.9910
11037.200      0.9751     0.9910
11037.300      0.9892     0.9910
11037.400      0.9974     0.9910
11037.500      0.9992     0.9910
11037.600      0.9998     0.9911
11037.700      1.0003     0.9911
11037.800      1.0061     0.9911
11037.900      1.0126     0.9911
11038.000      1.0133     0.9911
11038.100      1.0129     0.9912
11038.200      1.0120     0.9912
11038.300      1.0126     0.9911
11038.400      1.0161     0.9910
11038.500      1.0159     0.9909
11038.600      1.0120     0.9908
11038.700      1.0095     0.9907
11038.800      1.0088     0.9909
11038.900      1.0097     0.9910
11039.000      1.0112     0.9912
11039.100      1.0132     0.9913
11039.200      1.0150     0.9913
11039.300      1.0143     0.9914
11039.400      1.0117     0.9914
11039.500      1.0065     0.9914
11039.600      0.9973     0.9914
11039.700      0.9859     0.9914
11039.800      0.9747     0.9914
11039.900      0.9639     0.9914
11040.000      0.9593     0.9913
11040.100      0.9618     0.9910
11040.200      0.9745     0.9907
11040.300      0.9866     0.9902
11040.400      0.9930     0.9900
11040.500      0.9960     0.9902
11040.600      0.9966     0.9906
11040.700      0.9956     0.9910
11040.800      0.9940     0.9913
11040.900      0.9919     0.9914
11041.000      0.9898     0.9915
11041.100      0.9877     0.9916
11041.200      0.9857     0.9916
11041.300      0.9794     0.9916
11041.400      0.9665     0.9916
11041.500      0.9379     0.9915
11041.600      0.8858     0.9914
11041.700      0.8108     0.9914
11041.800      0.7375     0.9915
11041.900      0.6737     0.9917
11042.000      0.6540     0.9918
11042.100      0.6869     0.9919
11042.200      0.7609     0.9919
11042.300      0.8405     0.9919
11042.400      0.9026     0.9919
11042.500      0.9462     0.9919
11042.600      0.9666     0.9920
11042.700      0.9720     0.9920
11042.800      0.9659     0.9920
11042.900      0.9454     0.9921
11043.000      0.9165     0.9921
11043.100      0.8856     0.9921
11043.200      0.8545     0.9921
11043.300      0.8459     0.9921
11043.400      0.8565     0.9922
11043.500      0.8809     0.9922
11043.600      0.9052     0.9922
11043.700      0.9120     0.9922
11043.800      0.8966     0.9922
11043.900      0.8475     0.9922
11044.000      0.7718     0.9923
11044.100      0.6839     0.9923
11044.200      0.6195     0.9923
11044.300      0.5964     0.9923
11044.400      0.6113     0.9923
11044.500      0.6334     0.9924
11044.600      0.6499     0.9924
11044.700      0.6666     0.9924
11044.800      0.7056     0.9924
11044.900      0.7617     0.9924
11045.000      0.8320     0.9924
11045.100      0.8967     0.9924
11045.200      0.9411     0.9923
11045.300      0.9645     0.9919
11045.400      0.9735     0.9912
11045.500      0.9745     0.9905
11045.600      0.9735     0.9901
11045.700      0.9714     0.9904
11045.800      0.9696     0.9911
11045.900      0.9745     0.9919
11046.000      0.9817     0.9923
11046.100      0.9901     0.9926
11046.200      0.9965     0.9926
11046.300      0.9985     0.9927
11046.400      0.9997     0.9927
11046.500      1.0007     0.9927
11046.600      1.0027     0.9927
11046.700      1.0052     0.9927
11046.800      1.0070     0.9928
11046.900      1.0074     0.9928
11047.000      1.0039     0.9928
11047.100      1.0005     0.9928
11047.200      0.9973     0.9928
11047.300      0.9940     0.9928
11047.400      0.9905     0.9928
11047.500      0.9879     0.9928
11047.600      0.9859     0.9929
11047.700      0.9837     0.9929
11047.800      0.9804     0.9929
11047.900      0.9642     0.9929
11048.000      0.9369     0.9929
11048.100      0.8976     0.9930
11048.200      0.8606     0.9930
11048.300      0.8426     0.9930
11048.400      0.8376     0.9930
11048.500      0.8425     0.9930
11048.600      0.8524     0.9930
11048.700      0.8662     0.9931
11048.800      0.8875     0.9931
11048.900      0.9110     0.9931
11049.000      0.9283     0.9931
11049.100      0.9385     0.9931
11049.200      0.9395     0.9931
11049.300      0.9407     0.9931
11049.400      0.9448     0.9931
11049.500      0.9480     0.9931
11049.600      0.9494     0.9931
11049.700      0.9523     0.9931
11049.800      0.9586     0.9931
11049.900      0.9675     0.9931
11050.000      0.9771     0.9930
11050.100      0.9862     0.9926
11050.200      0.9944     0.9922
11050.300      0.9962     0.9919
11050.400      0.9958     0.9920
11050.500      0.9943     0.9924
11050.600      0.9928     0.9928
11050.700      0.9920     0.9931
11050.800      0.9917     0.9933
11050.900      0.9922     0.9933
11051.000      0.9943     0.9933
11051.100      0.9971     0.9933
11051.200      0.9964     0.9933
11051.300      0.9944     0.9934
11051.400      0.9923     0.9934
11051.500      0.9903     0.9934
11051.600      0.9908     0.9935
11051.700      0.9937     0.9935
11051.800      0.9987     0.9935
11051.900      1.0001     0.9935
11052.000      0.9961     0.9935
11052.100      0.9914     0.9935
11052.200      0.9866     0.9935
11052.300      0.9885     0.9935
11052.400      0.9926     0.9935
11052.500      0.9959     0.9936
11052.600      0.9977     0.9936
11052.700      0.9961     0.9936
11052.800      0.9934     0.9936
11052.900      0.9898     0.9936
11053.000      0.9833     0.9936
11053.100      0.9740     0.9937
11053.200      0.9647     0.9937
11053.300      0.9554     0.9937
11053.400      0.9507     0.9937
11053.500      0.9511     0.9937
11053.600      0.9570     0.9937
11053.700      0.9631     0.9937
11053.800      0.9641     0.9937
11053.900      0.9630     0.9936
11054.000      0.9605     0.9935
11054.100      0.9587     0.9932
11054.200      0.9600     0.9930
11054.300      0.9669     0.9930
11054.400      0.9768     0.9932
11054.500      0.9844     0.9935
11054.600      0.9879     0.9937
11054.700      0.9868     0.9938
11054.800      0.9816     0.9939
11054.900      0.9734     0.9939
11055.000      0.9595     0.9939
11055.100      0.9340     0.9939
11055.200      0.8849     0.9939
11055.300      0.8133     0.9939
11055.400      0.7411     0.9939
11055.500      0.6687     0.9939
11055.600      0.6275     0.9938
11055.700      0.6273     0.9938
11055.800      0.6654     0.9938
11055.900      0.7142     0.9939
11056.000      0.7678     0.9939
11056.100      0.8184     0.9940
11056.200      0.8425     0.9938
11056.300      0.8400     0.9931
11056.400      0.8185     0.9916
11056.500      0.8044     0.9891
11056.600      0.8108     0.9863
11056.700      0.8464     0.9846
11056.800      0.8910     0.9851
11056.900      0.9283     0.9875
11057.000      0.9561     0.9903
11057.100      0.9703     0.9925
11057.200      0.9763     0.9936
11057.300      0.9763     0.9940
11057.400      0.9645     0.9941
11057.500      0.9426     0.9941
11057.600      0.9208     0.9941
11057.700      0.8998     0.9940
11057.800      0.8946     0.9940
11057.900      0.9070     0.9941
11058.000      0.9313     0.9941
11058.100      0.9568     0.9942
11058.200      0.9744     0.9942
11058.300      0.9843     0.9942
11058.400      0.9853     0.9941
11058.500      0.9864     0.9939
11058.600      0.9875     0.9939
11058.700      0.9883     0.9939
11058.800      0.9871     0.9940
11058.900      0.9794     0.9942
11059.000      0.9618     0.9943
11059.100      0.9315     0.9943
11059.200      0.8991     0.9944
11059.300      0.8711     0.9944
11059.400      0.8515     0.9944
11059.500      0.8555     0.9944
11059.600      0.8771     0.9944
11059.700      0.9100     0.9944
11059.800      0.9409     0.9945
11059.900      0.9630     0.9945
11060.000      0.9705     0.9945
11060.100      0.9648     0.9945
11060.200      0.9519     0.9945
11060.300      0.9344     0.9945
11060.400      0.9145     0.9945
11060.500      0.8879     0.9945
11060.600      0.8429     0.9946
11060.700      0.7986     0.9946
11060.800      0.7623     0.9946
11060.900      0.7507     0.9946
11061.000      0.7741     0.9946
11061.100      0.8127     0.9946
11061.200      0.8545     0.9946
11061.300      0.8792     0.9946
11061.400      0.8929     0.9946
11061.500      0.9020     0.9946
11061.600      0.9116     0.9946
11061.700      0.9292     0.9947
11061.800      0.9440     0.9947
11061.900      0.9399     0.9947
11062.000      0.9135     0.9947
11062.100      0.8720     0.9947
11062.200      0.8323     0.9947
11062.300      0.7998     0.9947
11062.400      0.7960     0.9947
11062.500      0.8016     0.9947
11062.600      0.7978     0.9947
11062.700      0.7761     0.9947
11062.800      0.7018     0.9947
11062.900      0.6291     0.9947
11063.000      0.5755     0.9948
11063.100      0.5657     0.9948
11063.200      0.6180     0.9948
11063.300      0.6986     0.9948
11063.400      0.7859     0.9948
11063.500      0.8567     0.9948
11063.600      0.9050     0.9948
11063.700      0.9331     0.9948
11063.800      0.9476     0.9949
11063.900      0.9513     0.9949
11064.000      0.9512     0.9949
11064.100      0.9490     0.9949
11064.200      0.9420     0.9949
11064.300      0.9263     0.9949
11064.400      0.8950     0.9949
11064.500      0.8554     0.9949
11064.600      0.8212     0.9950
11064.700      0.8000     0.9950
11064.800      0.8156     0.9950
11064.900      0.8368     0.9950
11065.000      0.8573     0.9950
11065.100      0.8710     0.9950
11065.200      0.8574     0.9950
11065.300      0.8456     0.9950
11065.400      0.8440     0.9950
11065.500      0.8625     0.9950
11065.600      0.8939     0.9951
11065.700      0.9234     0.9951
11065.800      0.9479     0.9951
11065.900      0.9583     0.9951
11066.000      0.9578     0.9951
11066.100      0.9476     0.9951
11066.200      0.9384     0.9951
11066.300      0.9361     0.9951
11066.400      0.9336     0.9951
11066.500      0.9288     0.9951
11066.600      0.9178     0.9952
11066.700      0.8895     0.9952
11066.800      0.8220     0.9952
11066.900      0.7388     0.9952
11067.000      0.6559     0.9952
11067.100      0.5737     0.9952
11067.200      0.5720     0.9952
11067.300      0.6224     0.9952
11067.400      0.7165     0.9952
11067.500      0.8078     0.9952
11067.600      0.8814     0.9952
11067.700      0.9313     0.9953
11067.800      0.9555     0.9953
11067.900      0.9604     0.9953
11068.000      0.9606     0.9953
11068.100      0.9617     0.9953
11068.200      0.9645     0.9953
11068.300      0.9743     0.9953
11068.400      0.9842     0.9953
11068.500      0.9905     0.9953
11068.600      0.9949     0.9953
11068.700      0.9978     0.9953
11068.800      0.9980     0.9954
11068.900      0.9958     0.9954
11069.000      0.9919     0.9954
11069.100      0.9877     0.9954
11069.200      0.9893     0.9954
11069.300      0.9928     0.9954
11069.400      0.9936     0.9954
11069.500      0.9929     0.9953
11069.600      0.9910     0.9952
11069.700      0.9902     0.9950
11069.800      0.9927     0.9946
11069.900      0.9953     0.9943
11070.000      0.9979     0.9942
11070.100      0.9989     0.9943
11070.200      0.9989     0.9947
11070.300      0.9999     0.9950
11070.400      1.0015     0.9953
11070.500      1.0032     0.9954
11070.600      1.0047     0.9955
11070.700      1.0036     0.9955
11070.800      1.0022     0.9955
11070.900      1.0008     0.9955
11071.000      0.9991     0.9955
11071.100      0.9971     0.9955
11071.200      0.9959     0.9956
11071.300      0.9952     0.9956
11071.400      0.9940     0.9956
11071.500      0.9919     0.9956
11071.600      0.9891     0.9956
11071.700      0.9850     0.9956
11071.800      0.9773     0.9956
11071.900      0.9625     0.9956
11072.000      0.9366     0.9956
11072.100      0.9133     0.9956
11072.200      0.9016     0.9956
11072.300      0.9064     0.9956
11072.400      0.9229     0.9956
11072.500      0.9440     0.9956
11072.600      0.9657     0.9956
11072.700      0.9795     0.9957
11072.800      0.9861     0.9957
11072.900      0.9850     0.9957
11073.000      0.9832     0.9957
11073.100      0.9811     0.9957
11073.200      0.9805     0.9957
11073.300      0.9827     0.9957
11073.400      0.9804     0.9957
11073.500      0.9694     0.9957
11073.600      0.9509     0.9957
11073.700      0.9308     0.9958
11073.800      0.9201     0.9958
11073.900      0.9192     0.9958
11074.000      0.9307     0.9958
11074.100      0.9421     0.9958
11074.200      0.9500     0.9958
11074.300      0.9487     0.9958
11074.400      0.9303     0.9958
11074.500      0.9036     0.9958
11074.600      0.8744     0.9958
11074.700      0.8634     0.9958
11074.800      0.8727     0.9958
11074.900      0.8956     0.9958
11075.000      0.9198     0.9959
11075.100      0.9351     0.9959
11075.200      0.9479     0.9959
11075.300      0.9595     0.9959
11075.400      0.9692     0.9959
11075.500      0.9766     0.9959
11075.600      0.9813     0.9959
11075.700      0.9835     0.9959
11075.800      0.9834     0.9959
11075.900      0.9828     0.9959
11076.000      0.9836     0.9959
11076.100      0.9848     0.9959
11076.200      0.9842     0.9959
11076.300      0.9835     0.9959
11076.400      0.9838     0.9959
11076.500      0.9833     0.9959
11076.600      0.9798     0.9959
11076.700      0.9737     0.9960
11076.800      0.9662     0.9960
11076.900      0.9602     0.9960
11077.000      0.9551     0.9960
11077.100      0.9473     0.9960
11077.200      0.9333     0.9960
11077.300      0.8981     0.9959
11077.400      0.8541     0.9959
11077.500      0.8048     0.9959
11077.600      0.7650     0.9959
11077.700      0.7680     0.9959
11077.800      0.8027     0.9958
11077.900      0.8523     0.9958
11078.000      0.8971     0.9958
11078.100      0.9307     0.9959
11078.200      0.9485     0.9959
11078.300      0.9580     0.9959
11078.400      0.9628     0.9960
11078.500      0.9672     0.9960
11078.600      0.9715     0.9959
11078.700      0.9745     0.9958
11078.800      0.9719     0.9958
11078.900      0.9648     0.9958
11079.000      0.9553     0.9959
11079.100      0.9476     0.9960
11079.200      0.9438     0.9961
11079.300      0.9461     0.9961
11079.400      0.9497     0.9961
11079.500      0.9504     0.9961
11079.600      0.9446     0.9962
11079.700      0.9108     0.9962
11079.800      0.8543     0.9962
11079.900      0.7791     0.9962
11080.000      0.7081     0.9962
11080.100      0.6585     0.9962
11080.200      0.6518     0.9962
11080.300      0.6814     0.9962
11080.400      0.7272     0.9962
11080.500      0.7749     0.9962
11080.600      0.7881     0.9962
11080.700      0.7796     0.9962
11080.800      0.7551     0.9962
11080.900      0.7355     0.9963
11081.000      0.7448     0.9963
11081.100      0.7732     0.9963
11081.200      0.8112     0.9963
11081.300      0.8294     0.9963
11081.400      0.8147     0.9963
11081.500      0.7778     0.9963
11081.600      0.7368     0.9963
11081.700      0.7334     0.9963
11081.800      0.7593     0.9963
11081.900      0.8114     0.9963
11082.000      0.8605     0.9963
11082.100      0.8822     0.9963
11082.200      0.8721     0.9962
11082.300      0.8330     0.9961
11082.400      0.7852     0.9959
11082.500      0.7355     0.9955
11082.600      0.6931     0.9949
11082.700      0.6645     0.9944
11082.800      0.6504     0.9940
11082.900      0.6553     0.9939
11083.000      0.6897     0.9943
11083.100      0.7444     0.9949
11083.200      0.8144     0.9955
11083.300      0.8808     0.9960
11083.400      0.9289     0.9962
11083.500      0.9536     0.9963
11083.600      0.9632     0.9963
11083.700      0.9701     0.9963
11083.800      0.9750     0.9963
11083.900      0.9763     0.9963
11084.000      0.9740     0.9964
11084.100      0.9662     0.9964
11084.200      0.9584     0.9964
11084.300      0.9507     0.9964
11084.400      0.9410     0.9964
11084.500      0.9185     0.9965
11084.600      0.8753     0.9965
11084.700      0.8053     0.9965
11084.800      0.7125     0.9965
11084.900      0.6139     0.9965
11085.000      0.5572     0.9965
11085.100      0.5532     0.9965
11085.200      0.6240     0.9965
11085.300      0.6980     0.9965
11085.400      0.7722     0.9965
11085.500      0.8369     0.9965
11085.600      0.8716     0.9965
11085.700      0.8992     0.9965
11085.800      0.9225     0.9965
11085.900      0.9409     0.9965
11086.000      0.9545     0.9965
11086.100      0.9623     0.9965
11086.200      0.9674     0.9965
11086.300      0.9713     0.9965
11086.400      0.9742     0.9965
11086.500      0.9762     0.9965
11086.600      0.9757     0.9965
11086.700      0.9703     0.9965
11086.800      0.9626     0.9966
11086.900      0.9521     0.9966
11087.000      0.9357     0.9966
11087.100      0.9070     0.9966
11087.200      0.8551     0.9966
11087.300      0.7794     0.9966
11087.400      0.6760     0.9966
11087.500      0.5717     0.9966
11087.600      0.4914     0.9966
11087.700      0.4522     0.9966
11087.800      0.4912     0.9967
11087.900      0.5795     0.9967
11088.000      0.6890     0.9967
11088.100      0.7889     0.9967
11088.200      0.8658     0.9967
11088.300      0.9133     0.9967
11088.400      0.9394     0.9966
11088.500      0.9494     0.9966
11088.600      0.9544     0.9966
11088.700      0.9573     0.9966
11088.800      0.9575     0.9966
11088.900      0.9557     0.9967
11089.000      0.9551     0.9967
11089.100      0.9585     0.9967
11089.200      0.9653     0.9967
11089.300      0.9734     0.9967
11089.400      0.9816     0.9967
11089.500      0.9899     0.9967
11089.600      0.9961     0.9967
11089.700      0.9999     0.9967
11089.800      1.0008     0.9967
11089.900      0.9999     0.9967
11090.000      0.9978     0.9967
11090.100      0.9962     0.9967
11090.200      0.9953     0.9967
11090.300      0.9916     0.9967
11090.400      0.9854     0.9967
11090.500      0.9807     0.9967
11090.600      0.9785     0.9967
11090.700      0.9796     0.9967
11090.800      0.9811     0.9967
11090.900      0.9804     0.9967
11091.000      0.9747     0.9967
11091.100      0.9520     0.9966
11091.200      0.9119     0.9966
11091.300      0.8597     0.9965
11091.400      0.8153     0.9964
11091.500      0.7932     0.9962
11091.600      0.8026     0.9960
11091.700      0.8317     0.9957
11091.800      0.8717     0.9954
11091.900      0.9125     0.9952
11092.000      0.9291     0.9953
11092.100      0.9338     0.9955
11092.200      0.9300     0.9956
11092.300      0.9282     0.9956
11092.400      0.9307     0.9954
11092.500      0.9311     0.9950
11092.600      0.9294     0.9944
11092.700      0.9340     0.9937
11092.800      0.9426     0.9930
11092.900      0.9517     0.9927
11093.000      0.9609     0.9930
11093.100      0.9594     0.9939
11093.200      0.9431     0.9949
11093.300      0.8984     0.9957
11093.400      0.8238     0.9961
11093.500      0.7275     0.9962
11093.600      0.6456     0.9962
11093.700      0.6115     0.9960
11093.800      0.6462     0.9957
11093.900      0.7190     0.9953
11094.000      0.8052     0.9946
11094.100      0.8923     0.9940
11094.200      0.9435     0.9937
11094.300      0.9726     0.9939
11094.400      0.9844     0.9945
11094.500      0.9911     0.9951
11094.600      0.9950     0.9957
11094.700      0.9941     0.9961
11094.800      0.9872     0.9964
11094.900      0.9745     0.9965
11095.000      0.9542     0.9967
11095.100      0.9191     0.9967
11095.200      0.8810     0.9968
11095.300      0.8606     0.9968
11095.400      0.8606     0.9968
11095.500      0.8895     0.9969
11095.600      0.9225     0.9969
11095.700      0.9571     0.9969
11095.800      0.9879     0.9970
11095.900      1.0060     0.9970
11096.000      1.0082     0.9970
11096.100      1.0041     0.9970
11096.200      1.0039     0.9970
11096.300      1.0060     0.9970
11096.400      1.0090     0.9970
11096.500      1.0113     0.9970
11096.600      1.0045     0.9970
11096.700      0.9980     0.9970
11096.800      0.9939     0.9969
11096.900      0.9921     0.9968
11097.000      0.9917     0.9966
11097.100      0.9897     0.9965
11097.200      0.9828     0.9966
11097.300      0.9639     0.9968
11097.400      0.9335     0.9969
11097.500      0.8918     0.9970
11097.600      0.8498     0.9971
11097.700      0.8285     0.9971
11097.800      0.8297     0.9971
11097.900      0.8565     0.9971
11098.000      0.8869     0.9972
11098.100      0.9182     0.9972
11098.200      0.9331     0.9972
11098.300      0.9120     0.9972
11098.400      0.8490     0.9972
11098.500      0.7759     0.9972
11098.600      0.7162     0.9972
11098.700      0.6800     0.9972
11098.800      0.7080     0.9972
11098.900      0.7669     0.9972
11099.000      0.8450     0.9972
11099.100      0.9150     0.9972
11099.200      0.9579     0.9972
11099.300      0.9783     0.9972
11099.400      0.9867     0.9972
11099.500      0.9903     0.9972
11099.600      0.9931     0.9972
11099.700      0.9955     0.9972
11099.800      0.9979     0.9972
11099.900      1.0015     0.9972
11100.000      1.0048     0.9973
11100.100      1.0048     0.9973
11100.200      0.9994     0.9973
11100.300      0.9870     0.9973
11100.400      0.9718     0.9973
11100.500      0.9559     0.9973
11100.600      0.9506     0.9973
11100.700      0.9563     0.9973
11100.800      0.9687     0.9973
11100.900      0.9816     0.9973
11101.000      0.9917     0.9973
11101.100      0.9996     0.9973
11101.200      1.0055     0.9973
11101.300      1.0081     0.9973
11101.400      1.0055     0.9973
11101.500      0.9974     0.9973
11101.600      0.9820     0.9973
11101.700      0.9541     0.9973
11101.800      0.9220     0.9973
11101.900      0.8950     0.9973
11102.000      0.8779     0.9973
11102.100      0.8872     0.9973
11102.200      0.9115     0.9973
11102.300      0.9468     0.9974
11102.400      0.9793     0.9974
11102.500      0.9989     0.9974
11102.600      1.0076     0.9974
11102.700      1.0089     0.9974
11102.800      1.0067     0.9974
11102.900      1.0037     0.9974
11103.000      1.0017     0.9974
11103.100      1.0006     0.9974
11103.200      1.0009     0.9974
11103.300      1.0008     0.9974
11103.400      0.9977     0.9974
11103.500      0.9955     0.9974
11103.600      0.9962     0.9974
11103.700      0.9972     0.9974
11103.800      0.9982     0.9974
11103.900      0.9978     0.9974
11104.000      0.9958     0.9974
11104.100      0.9931     0.9974
11104.200      0.9897     0.9974
11104.300      0.9852     0.9974
11104.400      0.9784     0.9974
11104.500      0.9667     0.9974
11104.600      0.9550     0.9974
11104.700      0.9440     0.9974
11104.800      0.9359     0.9974
11104.900      0.9310     0.9974
11105.000      0.9242     0.9974
11105.100      0.9107     0.9974
11105.200      0.8757     0.9974
11105.300      0.8112     0.9974
11105.400      0.7076     0.9975
11105.500      0.5836     0.9975
11105.600      0.4452     0.9975
11105.700      0.3122     0.9975
11105.800      0.2231     0.9975
11105.900      0.1878     0.9975
11106.000      0.2220     0.9975
11106.100      0.3238     0.9974
11106.200      0.4483     0.9974
11106.300      0.5714     0.9973
11106.400      0.6900     0.9973
11106.500      0.7684     0.9972
11106.600      0.8131     0.9972
11106.700      0.8237     0.9970
11106.800      0.8345     0.9966
11106.900      0.8478     0.9960
11107.000      0.8683     0.9952
11107.100      0.8970     0.9948
11107.200      0.9247     0.9949
11107.300      0.9488     0.9955
11107.400      0.9655     0.9963
11107.500      0.9762     0.9969
11107.600      0.9833     0.9973
11107.700      0.9872     0.9974
11107.800      0.9882     0.9975
11107.900      0.9857     0.9975
11108.000      0.9797     0.9975
11108.100      0.9731     0.9975
11108.200      0.9662     0.9975
11108.300      0.9564     0.9975
11108.400      0.9375     0.9976
11108.500      0.9050     0.9976
11108.600      0.8501     0.9976
11108.700      0.7519     0.9976
11108.800      0.6400     0.9976
11108.900      0.5227     0.9976
11109.000      0.4156     0.9975
11109.100      0.3957     0.9975
11109.200      0.4508     0.9975
11109.300      0.5588     0.9975
11109.400      0.6734     0.9975
11109.500      0.7892     0.9975
11109.600      0.8775     0.9976
11109.700      0.9306     0.9976
11109.800      0.9596     0.9976
11109.900      0.9771     0.9975
11110.000      0.9877     0.9975
11110.100      0.9947     0.9974
11110.200      0.9994     0.9972
11110.300      1.0011     0.9971
11110.400      1.0007     0.9971
11110.500      1.0006     0.9972
11110.600      1.0010     0.9973
11110.700      1.0019     0.9975
11110.800      1.0030     0.9975
11110.900      0.9994     0.9976
11111.000      0.9945     0.9976
11111.100      0.9944     0.9976
11111.200      0.9945     0.9976
11111.300      0.9942     0.9976
11111.400      0.9908     0.9976
11111.500      0.9802     0.9976
11111.600      0.9694     0.9976
11111.700      0.9582     0.9976
11111.800      0.9385     0.9976
11111.900      0.8973     0.9975
11112.000      0.8166     0.9975
11112.100      0.7107     0.9973
11112.200      0.5872     0.9970
11112.300      0.4662     0.9968
11112.400      0.3960     0.9966
11112.500      0.3763     0.9967
11112.600      0.4166     0.9969
11112.700      0.5072     0.9972
11112.800      0.6193     0.9974
11112.900      0.7286     0.9976
11113.000      0.8280     0.9976
11113.100      0.8964     0.9977
11113.200      0.9360     0.9977
11113.300      0.9502     0.9977
11113.400      0.9592     0.9977
11113.500      0.9668     0.9977
11113.600      0.9703     0.9977
11113.700      0.9668     0.9977
11113.800      0.9564     0.9977
11113.900      0.9410     0.9977
11114.000      0.9226     0.9976
11114.100      0.9036     0.9976
11114.200      0.8861     0.9976
11114.300      0.8693     0.9977
11114.400      0.8388     0.9977
11114.500      0.7882     0.9977
11114.600      0.6980     0.9977
11114.700      0.5822     0.9977
11114.800      0.4495     0.9977
11114.900      0.3258     0.9977
11115.000      0.2402     0.9977
11115.100      0.2022     0.9977
11115.200      0.2136     0.9977
11115.300      0.2623     0.9978
11115.400      0.3365     0.9978
11115.500      0.4357     0.9978
11115.600      0.5394     0.9978
11115.700      0.6446     0.9978
11115.800      0.7481     0.9978
11115.900      0.8354     0.9978
11116.000      0.9004     0.9978
11116.100      0.9373     0.9978
11116.200      0.9553     0.9978
11116.300      0.9659     0.9978
11116.400      0.9748     0.9978
11116.500      0.9820     0.9978
11116.600      0.9846     0.9978
11116.700      0.9867     0.9978
11116.800      0.9904     0.9978
11116.900      0.9941     0.9978
11117.000      0.9968     0.9978
11117.100      0.9972     0.9979
11117.200      0.9953     0.9979
11117.300      0.9939     0.9979
11117.400      0.9930     0.9979
11117.500      0.9907     0.9979
11117.600      0.9876     0.9979
11117.700      0.9882     0.9979
11117.800      0.9929     0.9979
11117.900      1.0039     0.9979
11118.000      1.0130     0.9979
11118.100      1.0118     0.9979
11118.200      1.0107     0.9979
11118.300      1.0098     0.9979
11118.400      1.0098     0.9979
11118.500      1.0104     0.9979
11118.600      1.0089     0.9979
11118.700      1.0062     0.9979
11118.800      1.0036     0.9979
11118.900      1.0011     0.9979
11119.000      0.9987     0.9979
11119.100      0.9969     0.9979
11119.200      0.9976     0.9979
11119.300      1.0007     0.9979
11119.400      1.0055     0.9977
11119.500      1.0104     0.9974
11119.600      1.0151     0.9967
11119.700      1.0191     0.9961
11119.800      1.0208     0.9958
11119.900      1.0153     0.9961
11120.000      1.0082     0.9968
11120.100      1.0034     0.9974
11120.200      1.0007     0.9977
11120.300      1.0000     0.9979
11120.400      0.9960     0.9979
11120.500      0.9732     0.9979
11120.600      0.9278     0.9979
11120.700      0.8688     0.9979
11120.800      0.8213     0.9979
11120.900      0.7984     0.9979
11121.000      0.8124     0.9979
11121.100      0.8369     0.9980
11121.200      0.8640     0.9980
11121.300      0.8899     0.9980
11121.400      0.8988     0.9980
11121.500      0.8995     0.9980
11121.600      0.8944     0.9980
11121.700      0.8843     0.9980
11121.800      0.8700     0.9980
11121.900      0.8493     0.9980
11122.000      0.8266     0.9980
11122.100      0.8169     0.9980
11122.200      0.8257     0.9980
11122.300      0.8607     0.9980
11122.400      0.8982     0.9980
11122.500      0.9361     0.9980
11122.600      0.9704     0.9980
11122.700      0.9877     0.9980
11122.800      0.9957     0.9980
11122.900      0.9964     0.9980
11123.000      0.9914     0.9980
11123.100      0.9783     0.9980
11123.200      0.9490     0.9980
11123.300      0.8957     0.9980
11123.400      0.7966     0.9980
11123.500      0.6935     0.9980
11123.600      0.6072     0.9980
11123.700      0.5542     0.9980
11123.800      0.5767     0.9980
11123.900      0.6482     0.9980
11124.000      0.7425     0.9980
11124.100      0.8325     0.9981
11124.200      0.9084     0.9981
11124.300      0.9554     0.9981
11124.400      0.9803     0.9980
11124.500      0.9925     0.9980
11124.600      0.9982     0.9980
11124.700      0.9994     0.9979
11124.800      0.9978     0.9978
11124.900      0.9944     0.9977
11125.000      0.9920     0.9976
11125.100      0.9916     0.9968
11125.200      0.9898     0.9943
11125.300      0.9834     0.9885
11125.400      0.9663     0.9794
11125.500      0.9454     0.9710
11125.600      0.9353     0.9688
11125.700      0.9275     0.9745
11125.800      0.9198     0.9839
11125.900      0.9075     0.9917
11126.000      0.8675     0.9960
11126.100      0.8182     0.9975
11126.200      0.7653     0.9980
11126.300      0.7308     0.9981
11126.400      0.7370     0.9981
11126.500      0.7827     0.9981
11126.600      0.8383     0.9981
11126.700      0.8835     0.9981
11126.800      0.9128     0.9981
11126.900      0.9065     0.9981
11127.000      0.8963     0.9981
11127.100      0.8847     0.9981
11127.200      0.8782     0.9981
11127.300      0.8908     0.9981
11127.400      0.9167     0.9981
11127.500      0.9477     0.9981
11127.600      0.9744     0.9981
11127.700      0.9922     0.9981
11127.800      0.9963     0.9981
11127.900      0.9972     0.9981
11128.000      0.9977     0.9981
11128.100      0.9976     0.9982
11128.200      0.9965     0.9982
11128.300      0.9952     0.9982
11128.400      0.9938     0.9982
11128.500      0.9885     0.9982
11128.600      0.9790     0.9982
11128.700      0.9733     0.9982
11128.800      0.9699     0.9981
11128.900      0.9643     0.9981
11129.000      0.9547     0.9981
11129.100      0.9362     0.9981
11129.200      0.9113     0.9981
11129.300      0.8817     0.9981
11129.400      0.8377     0.9980
11129.500      0.7603     0.9976
11129.600      0.6471     0.9961
11129.700      0.5149     0.9924
11129.800      0.3885     0.9857
11129.900      0.2820     0.9778
11130.000      0.2308     0.9729
11130.100      0.2440     0.9743
11130.200      0.3325     0.9811
11130.300      0.4455     0.9889
11130.400      0.5711     0.9943
11130.500      0.6910     0.9969
11130.600      0.7727     0.9979
11130.700      0.8152     0.9981
11130.800      0.8101     0.9982
11130.900      0.7491     0.9982
11131.000      0.6695     0.9981
11131.100      0.5919     0.9980
11131.200      0.5200     0.9979
11131.300      0.5124     0.9978
11131.400      0.5528     0.9978
11131.500      0.6368     0.9980
11131.600      0.7191     0.9981
11131.700      0.7845     0.9982
11131.800      0.8232     0.9982
11131.900      0.8157     0.9982
11132.000      0.7620     0.9982
11132.100      0.6751     0.9982
11132.200      0.5630     0.9981
11132.300      0.4473     0.9980
11132.400      0.3662     0.9977
11132.500      0.3274     0.9975
11132.600      0.3544     0.9974
11132.700      0.3814     0.9976
11132.800      0.4073     0.9978
11132.900      0.4080     0.9978
11133.000      0.3691     0.9975
11133.100      0.3309     0.9965
11133.200      0.2969     0.9945
11133.300      0.3076     0.9920
11133.400      0.3704     0.9902
11133.500      0.4813     0.9905
11133.600      0.5964     0.9925
11133.700      0.6996     0.9950
11133.800      0.7847     0.9968
11133.900      0.8284     0.9977
11134.000      0.8295     0.9981
11134.100      0.7937     0.9982
11134.200      0.7369     0.9982
11134.300      0.6746     0.9982
11134.400      0.6327     0.9982
11134.500      0.6249     0.9982
11134.600      0.6586     0.9982
11134.700      0.7133     0.9981
11134.800      0.7825     0.9979
11134.900      0.8493     0.9973
11135.000      0.8964     0.9955
11135.100      0.9254     0.9924
11135.200      0.9391     0.9883
11135.300      0.9480     0.9853
11135.400      0.9535     0.9855
11135.500      0.9512     0.9887
11135.600      0.9446     0.9927
11135.700      0.9371     0.9958
11135.800      0.9272     0.9973
11135.900      0.8996     0.9979
11136.000      0.8486     0.9981
11136.100      0.7635     0.9982
11136.200      0.6773     0.9982
11136.300      0.5909     0.9983
11136.400      0.5298     0.9983
11136.500      0.5222     0.9983
11136.600      0.5567     0.9983
11136.700      0.6015     0.9983
11136.800      0.6237     0.9983
11136.900      0.6104     0.9983
11137.000      0.5201     0.9983
11137.100      0.4278     0.9983
11137.200      0.3392     0.9983
11137.300      0.2740     0.9983
11137.400      0.2913     0.9983
11137.500      0.3772     0.9983
11137.600      0.4948     0.9984
11137.700      0.6118     0.9984
11137.800      0.7264     0.9984
11137.900      0.8106     0.9984
11138.000      0.8606     0.9984
11138.100      0.8774     0.9983
11138.200      0.8746     0.9984
11138.300      0.8586     0.9984
11138.400      0.8342     0.9984
11138.500      0.8031     0.9984
11138.600      0.7552     0.9984
11138.700      0.6814     0.9983
11138.800      0.5791     0.9983
11138.900      0.4678     0.9982
11139.000      0.3729     0.9982
11139.100      0.3080     0.9983
11139.200      0.3043     0.9983
11139.300      0.3321     0.9984
11139.400      0.3810     0.9984
11139.500      0.4315     0.9984
11139.600      0.4829     0.9984
11139.700      0.5405     0.9984
11139.800      0.6106     0.9984
11139.900      0.6909     0.9984
11140.000      0.7743     0.9984
11140.100      0.8474     0.9984
11140.200      0.9037     0.9984
11140.300      0.9363     0.9984
11140.400      0.9541     0.9984
11140.500      0.9599     0.9984
11140.600      0.9657     0.9984
11140.700      0.9717     0.9984
11140.800      0.9779     0.9984
11140.900      0.9852     0.9984
11141.000      0.9943     0.9984
11141.100      1.0043     0.9984
11141.200      1.0061     0.9984
11141.300      1.0044     0.9984
11141.400      1.0050     0.9984
11141.500      1.0058     0.9984
11141.600      1.0035     0.9984
11141.700      1.0016     0.9984
11141.800      1.0011     0.9984
11141.900      0.9971     0.9984
11142.000      0.9782     0.9984
11142.100      0.9407     0.9984
11142.200      0.8872     0.9984
11142.300      0.8230     0.9984
11142.400      0.7572     0.9984
11142.500      0.7194     0.9984
11142.600      0.7089     0.9983
11142.700      0.7243     0.9983
11142.800      0.7615     0.9983
11142.900      0.8157     0.9982
11143.000      0.8679     0.9982
11143.100      0.9108     0.9982
11143.200      0.9434     0.9982
11143.300      0.9611     0.9982
11143.400      0.9598     0.9983
11143.500      0.9427     0.9983
11143.600      0.9102     0.9983
11143.700      0.8762     0.9984
11143.800      0.8638     0.9984
11143.900      0.8688     0.9984
11144.000      0.8912     0.9984
11144.100      0.9193     0.9984
11144.200      0.9492     0.9983
11144.300      0.9749     0.9983
11144.400      0.9904     0.9981
11144.500      0.9957     0.9976
11144.600      0.9977     0.9960
11144.700      0.9989     0.9926
11144.800      1.0002     0.9874
11144.900      1.0022     0.9822
11145.000      1.0039     0.9801
11145.100      1.0034     0.9827
11145.200      1.0030     0.9881
11145.300      1.0031     0.9932
11145.400      1.0060     0.9964
11145.500      1.0115     0.9977
11145.600      1.0118     0.9982
11145.700      1.0042     0.9983
11145.800      0.9923     0.9982
11145.900      0.9733     0.9981
11146.000      0.9334     0.9981
11146.100      0.8919     0.9981
11146.200      0.8500     0.9982
11146.300      0.8144     0.9983
11146.400      0.8070     0.9984
11146.500      0.8212     0.9985
11146.600      0.8505     0.9985
11146.700      0.8900     0.9985
11146.800      0.9314     0.9985
11146.900      0.9634     0.9985
11147.000      0.9826     0.9985
11147.100      0.9879     0.9985
11147.200      0.9810     0.9985
11147.300      0.9797     1.0000
11147.400      0.9784     1.0000
11147.500      0.9771     1.0000
11147.600      0.9757     1.0000
11147.700      0.9744     1.0000
11147.800      0.9731     1.0000
11147.900      0.9718     1.0000
11148.000      0.9705     1.0000
