# t09572g430x+000m0                                           
# 1282813243.kgf                                              
# data\m43.fits                                               
# xmin,xmax,dshft,yshift,fz:  12620.50  13450.50   0.00000   0.00000   1.00000
# vw,rp,ifabs:   0.0    28300.   0
#                                                                     
# wave(A)   obs.spec.  the.spec.  overplot1  overplot2  overplot3  overplot4
12828.000      1.0398     1.0000
12828.100      1.0366     1.0000
12828.200      1.0334     1.0000
12828.300      1.0302     1.0000
12828.400      1.0270     1.0000
12828.500      1.0238     1.0000
12828.600      1.0206     1.0000
12828.700      1.0174     1.0000
12828.800      1.0143     1.0000
12828.900      1.0111     0.8191
12829.000      1.0079     0.8199
12829.100      1.0047     0.8207
12829.200      1.0015     0.8215
12829.300      0.9983     0.8223
12829.400      0.9965     0.8231
12829.500      0.9988     0.8239
12829.600      1.0011     0.8247
12829.700      1.0032     0.8254
12829.800      1.0050     0.8262
12829.900      1.0023     0.8269
12830.000      0.9991     0.8277
12830.100      0.9984     0.8284
12830.200      0.9985     0.8291
12830.300      0.9972     0.8298
12830.400      0.9948     0.8305
12830.500      0.9928     0.8313
12830.600      0.9928     0.8320
12830.700      0.9953     0.8328
12830.800      1.0011     0.8336
12830.900      1.0063     0.8343
12831.000      1.0022     0.8351
12831.100      0.9981     0.8358
12831.200      0.9942     0.8365
12831.300      0.9904     0.8372
12831.400      0.9882     0.8379
12831.500      0.9880     0.8386
12831.600      0.9904     0.8392
12831.700      0.9939     0.8399
12831.800      0.9970     0.8406
12831.900      0.9986     0.8413
12832.000      0.9983     0.8420
12832.100      0.9953     0.8427
12832.200      0.9925     0.8433
12832.300      0.9944     0.8440
12832.400      0.9981     0.8447
12832.500      1.0037     0.8453
12832.600      1.0095     0.8460
12832.700      1.0099     0.8466
12832.800      1.0078     0.8473
12832.900      1.0063     0.8479
12833.000      1.0053     0.8486
12833.100      1.0041     0.8492
12833.200      1.0024     0.8499
12833.300      1.0014     0.8505
12833.400      1.0043     0.8511
12833.500      1.0071     0.8517
12833.600      1.0085     0.8523
12833.700      1.0088     0.8529
12833.800      1.0070     0.8535
12833.900      1.0049     0.8542
12834.000      1.0034     0.8548
12834.100      1.0029     0.8554
12834.200      1.0035     0.8560
12834.300      1.0048     0.8566
12834.400      1.0063     0.8572
12834.500      1.0080     0.8578
12834.600      1.0094     0.8584
12834.700      1.0087     0.8590
12834.800      1.0067     0.8596
12834.900      1.0023     0.8602
12835.000      0.9979     0.8608
12835.100      0.9977     0.8614
12835.200      0.9989     0.8619
12835.300      1.0004     0.8625
12835.400      1.0019     0.8631
12835.500      1.0018     0.8636
12835.600      0.9999     0.8642
12835.700      0.9991     0.8648
12835.800      1.0015     0.8653
12835.900      1.0037     0.8659
12836.000      1.0036     0.8664
12836.100      1.0033     0.8670
12836.200      1.0028     0.8675
12836.300      1.0022     0.8681
12836.400      1.0040     0.8686
12836.500      1.0066     0.8691
12836.600      1.0070     0.8697
12836.700      1.0049     0.8702
12836.800      1.0008     0.8707
12836.900      0.9959     0.8713
12837.000      0.9927     0.8718
12837.100      0.9951     0.8723
12837.200      0.9986     0.8728
12837.300      1.0026     0.8734
12837.400      1.0067     0.8739
12837.500      1.0071     0.8744
12837.600      1.0057     0.8749
12837.700      1.0024     0.8754
12837.800      0.9989     0.8759
12837.900      0.9961     0.8764
12838.000      0.9948     0.8769
12838.100      0.9952     0.8774
12838.200      0.9968     0.8779
12838.300      0.9976     0.8784
12838.400      0.9957     0.8789
12838.500      0.9939     0.8794
12838.600      0.9944     0.8799
12838.700      0.9957     0.8803
12838.800      0.9979     0.8808
12838.900      1.0002     0.8813
12839.000      0.9985     0.8818
12839.100      0.9952     0.8823
12839.200      0.9920     0.8827
12839.300      0.9894     0.8832
12839.400      0.9890     0.8837
12839.500      0.9917     0.8842
12839.600      0.9944     0.8846
12839.700      0.9966     0.8851
12839.800      0.9982     0.8855
12839.900      0.9973     0.8860
12840.000      0.9963     0.8865
12840.100      0.9969     0.8869
12840.200      0.9976     0.8873
12840.300      0.9978     0.8877
12840.400      0.9977     0.8881
12840.500      0.9977     0.8885
12840.600      0.9985     0.8890
12840.700      1.0005     0.8894
12840.800      1.0042     0.8899
12840.900      1.0072     0.8904
12841.000      1.0062     0.8909
12841.100      1.0039     0.8913
12841.200      1.0006     0.8918
12841.300      0.9972     0.8922
12841.400      0.9958     0.8926
12841.500      0.9947     0.8930
12841.600      0.9907     0.8934
12841.700      0.9851     0.8939
12841.800      0.9801     0.8943
12841.900      0.9770     0.8947
12842.000      0.9778     0.8951
12842.100      0.9841     0.8955
12842.200      0.9897     0.8959
12842.300      0.9914     0.8963
12842.400      0.9931     0.8967
12842.500      0.9950     0.8971
12842.600      0.9968     0.8975
12842.700      0.9987     0.8979
12842.800      1.0004     0.8983
12842.900      1.0012     0.8987
12843.000      1.0012     0.8991
12843.100      1.0005     0.8995
12843.200      0.9996     0.8999
12843.300      0.9992     0.9003
12843.400      0.9998     0.9007
12843.500      1.0003     0.9011
12843.600      1.0009     0.9015
12843.700      1.0015     0.9019
12843.800      0.9989     0.9023
12843.900      0.9962     0.9026
12844.000      0.9937     0.9030
12844.100      0.9918     0.9034
12844.200      0.9936     0.9038
12844.300      0.9975     0.9041
12844.400      1.0014     0.9045
12844.500      1.0048     0.9049
12844.600      1.0070     0.9052
12844.700      1.0066     0.9055
12844.800      1.0056     0.9058
12844.900      1.0046     0.9062
12845.000      1.0028     0.9065
12845.100      0.9959     0.9069
12845.200      0.9844     0.9073
12845.300      0.9649     0.9077
12845.400      0.9438     0.9081
12845.500      0.9297     0.9085
12845.600      0.9275     0.9088
12845.700      0.9367     0.9091
12845.800      0.9528     0.9094
12845.900      0.9675     0.9096
12846.000      0.9740     0.9098
12846.100      0.9754     0.9101
12846.200      0.9699     0.9104
12846.300      0.9644     0.9108
12846.400      0.9641     0.9113
12846.500      0.9671     0.9118
12846.600      0.9734     0.9122
12846.700      0.9805     0.9126
12846.800      0.9869     0.9129
12846.900      0.9921     0.9133
12847.000      0.9957     0.9136
12847.100      0.9972     0.9139
12847.200      0.9969     0.9143
12847.300      0.9948     0.9146
12847.400      0.9930     0.9149
12847.500      0.9959     0.9153
12847.600      0.9989     0.9156
12847.700      1.0000     0.9159
12847.800      1.0007     0.9162
12847.900      1.0014     0.9165
12848.000      1.0020     0.9169
12848.100      1.0036     0.9172
12848.200      1.0060     0.9175
12848.300      1.0069     0.9178
12848.400      1.0047     0.9181
12848.500      1.0015     0.9184
12848.600      0.9978     0.9187
12848.700      0.9942     0.9190
12848.800      0.9961     0.9193
12848.900      0.9980     0.9196
12849.000      0.9993     0.9199
12849.100      0.9998     0.9202
12849.200      0.9989     0.9205
12849.300      0.9975     0.9208
12849.400      0.9964     0.9211
12849.500      0.9966     0.9214
12849.600      0.9986     0.9216
12849.700      1.0028     0.9219
12849.800      1.0067     0.9222
12849.900      1.0074     0.9225
12850.000      1.0065     0.9228
12850.100      1.0033     0.9231
12850.200      1.0001     0.9234
12850.300      1.0003     0.9237
12850.400      1.0013     0.9240
12850.500      1.0017     0.9243
12850.600      1.0007     0.9246
12850.700      0.9975     0.9249
12850.800      0.9929     0.9252
12850.900      0.9893     0.9254
12851.000      0.9890     0.9257
12851.100      0.9905     0.9260
12851.200      0.9934     0.9263
12851.300      0.9968     0.9265
12851.400      1.0006     0.9268
12851.500      1.0043     0.9271
12851.600      1.0055     0.9273
12851.700      1.0054     0.9276
12851.800      1.0047     0.9279
12851.900      1.0039     0.9281
12852.000      1.0031     0.9284
12852.100      1.0027     0.9287
12852.200      1.0029     0.9289
12852.300      1.0045     0.9292
12852.400      1.0068     0.9295
12852.500      1.0099     0.9297
12852.600      1.0129     0.9300
12852.700      1.0082     0.9302
12852.800      1.0029     0.9305
12852.900      0.9978     0.9307
12853.000      0.9936     0.9310
12853.100      0.9938     0.9312
12853.200      0.9967     0.9315
12853.300      0.9989     0.9318
12853.400      1.0000     0.9320
12853.500      1.0013     0.9322
12853.600      1.0034     0.9325
12853.700      1.0053     0.9327
12853.800      1.0046     0.9330
12853.900      1.0039     0.9332
12854.000      1.0050     0.9335
12854.100      1.0063     0.9337
12854.200      1.0072     0.9340
12854.300      1.0075     0.9342
12854.400      1.0068     0.9344
12854.500      1.0052     0.9347
12854.600      1.0029     0.9349
12854.700      1.0003     0.9351
12854.800      0.9979     0.9354
12854.900      0.9965     0.9356
12855.000      0.9962     0.9358
12855.100      0.9984     0.9361
12855.200      1.0005     0.9363
12855.300      1.0023     0.9365
12855.400      1.0035     0.9368
12855.500      1.0036     0.9370
12855.600      1.0034     0.9372
12855.700      1.0034     0.9374
12855.800      1.0037     0.9377
12855.900      1.0029     0.9379
12856.000      1.0002     0.9381
12856.100      0.9974     0.9383
12856.200      0.9952     0.9385
12856.300      0.9937     0.9387
12856.400      0.9987     0.9389
12856.500      1.0037     0.9392
12856.600      1.0059     0.9394
12856.700      1.0067     0.9396
12856.800      1.0069     0.9398
12856.900      1.0065     0.9401
12857.000      1.0046     0.9403
12857.100      1.0019     0.9405
12857.200      0.9993     0.9407
12857.300      0.9970     0.9409
12857.400      0.9952     0.9411
12857.500      0.9941     0.9414
12857.600      0.9938     0.9416
12857.700      0.9956     0.9418
12857.800      0.9974     0.9420
12857.900      0.9993     0.9422
12858.000      1.0012     0.9424
12858.100      1.0005     0.9426
12858.200      0.9984     0.9428
12858.300      0.9967     0.9430
12858.400      0.9960     0.9432
12858.500      0.9960     0.9434
12858.600      0.9965     0.9436
12858.700      0.9976     0.9438
12858.800      0.9992     0.9440
12858.900      1.0008     0.9441
12859.000      0.9994     0.9443
12859.100      0.9978     0.9445
12859.200      0.9973     0.9447
12859.300      0.9978     0.9449
12859.400      0.9989     0.9451
12859.500      1.0003     0.9453
12859.600      1.0018     0.9455
12859.700      1.0033     0.9457
12859.800      1.0046     0.9459
12859.900      1.0050     0.9461
12860.000      1.0050     0.9463
12860.100      1.0045     0.9465
12860.200      1.0038     0.9467
12860.300      1.0030     0.9469
12860.400      1.0019     0.9470
12860.500      0.9999     0.9472
12860.600      0.9976     0.9474
12860.700      0.9957     0.9475
12860.800      0.9948     0.9477
12860.900      0.9951     0.9479
12861.000      0.9964     0.9481
12861.100      0.9982     0.9483
12861.200      1.0001     0.9485
12861.300      1.0018     0.9487
12861.400      1.0003     0.9489
12861.500      0.9988     0.9490
12861.600      0.9982     0.9492
12861.700      0.9980     0.9494
12861.800      0.9981     0.9495
12861.900      0.9983     0.9497
12862.000      0.9971     0.9498
12862.100      0.9948     0.9500
12862.200      0.9927     0.9502
12862.300      0.9919     0.9503
12862.400      0.9922     0.9504
12862.500      0.9939     0.9504
12862.600      0.9956     0.9504
12862.700      0.9963     0.9504
12862.800      0.9962     0.9505
12862.900      0.9949     0.9506
12863.000      0.9935     0.9509
12863.100      0.9927     0.9512
12863.200      0.9930     0.9516
12863.300      0.9959     0.9519
12863.400      1.0002     0.9521
12863.500      1.0030     0.9523
12863.600      1.0029     0.9525
12863.700      1.0029     0.9527
12863.800      1.0030     0.9529
12863.900      1.0032     0.9530
12864.000      1.0032     0.9532
12864.100      1.0032     0.9534
12864.200      1.0027     0.9535
12864.300      1.0020     0.9537
12864.400      1.0010     0.9538
12864.500      1.0000     0.9540
12864.600      0.9995     0.9541
12864.700      0.9998     0.9543
12864.800      1.0002     0.9545
12864.900      1.0007     0.9546
12865.000      1.0008     0.9548
12865.100      0.9992     0.9549
12865.200      0.9977     0.9551
12865.300      0.9968     0.9552
12865.400      0.9962     0.9554
12865.500      0.9960     0.9555
12865.600      0.9958     0.9556
12865.700      0.9944     0.9558
12865.800      0.9924     0.9559
12865.900      0.9933     0.9561
12866.000      0.9974     0.9562
12866.100      1.0008     0.9564
12866.200      1.0005     0.9565
12866.300      0.9954     0.9567
12866.400      0.9810     0.9568
12866.500      0.9666     0.9570
12866.600      0.9572     0.9571
12866.700      0.9527     0.9573
12866.800      0.9588     0.9574
12866.900      0.9671     0.9575
12867.000      0.9744     0.9577
12867.100      0.9799     0.9578
12867.200      0.9831     0.9580
12867.300      0.9847     0.9581
12867.400      0.9872     0.9582
12867.500      0.9920     0.9584
12867.600      0.9967     0.9585
12867.700      1.0014     0.9586
12867.800      1.0060     0.9588
12867.900      1.0083     0.9589
12868.000      1.0086     0.9590
12868.100      1.0057     0.9592
12868.200      1.0022     0.9593
12868.300      1.0006     0.9594
12868.400      1.0012     0.9596
12868.500      1.0028     0.9597
12868.600      1.0047     0.9598
12868.700      1.0064     0.9600
12868.800      1.0062     0.9601
12868.900      1.0043     0.9602
12869.000      0.9991     0.9603
12869.100      0.9938     0.9605
12869.200      0.9908     0.9606
12869.300      0.9900     0.9607
12869.400      0.9931     0.9608
12869.500      0.9972     0.9609
12869.600      1.0008     0.9610
12869.700      1.0032     0.9611
12869.800      1.0041     0.9612
12869.900      1.0038     0.9613
12870.000      1.0034     0.9614
12870.100      1.0030     0.9615
12870.200      1.0027     0.9614
12870.300      1.0028     0.9611
12870.400      1.0030     0.9602
12870.500      1.0032     0.9586
12870.600      1.0034     0.9564
12870.700      1.0006     0.9540
12870.800      0.9966     0.9525
12870.900      0.9948     0.9526
12871.000      0.9951     0.9544
12871.100      0.9954     0.9570
12871.200      0.9957     0.9595
12871.300      0.9964     0.9614
12871.400      0.9987     0.9625
12871.500      1.0010     0.9631
12871.600      1.0028     0.9634
12871.700      1.0041     0.9635
12871.800      1.0037     0.9637
12871.900      1.0020     0.9637
12872.000      0.9997     0.9638
12872.100      0.9961     0.9638
12872.200      0.9875     0.9639
12872.300      0.9752     0.9641
12872.400      0.9630     0.9642
12872.500      0.9510     0.9644
12872.600      0.9418     0.9646
12872.700      0.9464     0.9647
12872.800      0.9536     0.9649
12872.900      0.9625     0.9650
12873.000      0.9714     0.9650
12873.100      0.9744     0.9651
12873.200      0.9757     0.9651
12873.300      0.9769     0.9652
12873.400      0.9779     0.9653
12873.500      0.9763     0.9655
12873.600      0.9721     0.9657
12873.700      0.9696     0.9658
12873.800      0.9710     0.9660
12873.900      0.9725     0.9661
12874.000      0.9735     0.9662
12874.100      0.9741     0.9663
12874.200      0.9707     0.9665
12874.300      0.9672     0.9666
12874.400      0.9646     0.9667
12874.500      0.9637     0.9668
12874.600      0.9669     0.9669
12874.700      0.9720     0.9670
12874.800      0.9770     0.9671
12874.900      0.9819     0.9672
12875.000      0.9859     0.9673
12875.100      0.9875     0.9674
12875.200      0.9892     0.9675
12875.300      0.9923     0.9676
12875.400      0.9954     0.9677
12875.500      0.9979     0.9678
12875.600      0.9997     0.9679
12875.700      0.9997     0.9680
12875.800      0.9993     0.9681
12875.900      1.0004     0.9682
12876.000      1.0025     0.9683
12876.100      1.0031     0.9684
12876.200      1.0014     0.9685
12876.300      0.9997     0.9686
12876.400      0.9987     0.9687
12876.500      0.9983     0.9688
12876.600      0.9987     0.9689
12876.700      0.9992     0.9690
12876.800      0.9982     0.9691
12876.900      0.9970     0.9692
12877.000      0.9965     0.9693
12877.100      0.9969     0.9694
12877.200      0.9982     0.9694
12877.300      0.9997     0.9695
12877.400      1.0010     0.9696
12877.500      1.0016     0.9697
12877.600      1.0020     0.9698
12877.700      1.0023     0.9699
12877.800      1.0022     0.9700
12877.900      1.0007     0.9701
12878.000      0.9992     0.9701
12878.100      0.9988     0.9701
12878.200      0.9994     0.9701
12878.300      1.0015     0.9701
12878.400      1.0041     0.9702
12878.500      1.0057     0.9703
12878.600      1.0058     0.9705
12878.700      1.0049     0.9706
12878.800      1.0034     0.9708
12878.900      1.0020     0.9709
12879.000      1.0008     0.9709
12879.100      0.9998     0.9710
12879.200      0.9995     0.9710
12879.300      1.0000     0.9709
12879.400      1.0024     0.9707
12879.500      1.0052     0.9702
12879.600      1.0062     0.9695
12879.700      1.0053     0.9686
12879.800      1.0030     0.9677
12879.900      1.0003     0.9673
12880.000      0.9985     0.9675
12880.100      0.9986     0.9683
12880.200      0.9985     0.9693
12880.300      0.9960     0.9704
12880.400      0.9922     0.9712
12880.500      0.9868     0.9716
12880.600      0.9814     0.9719
12880.700      0.9788     0.9720
12880.800      0.9790     0.9720
12880.900      0.9832     0.9720
12881.000      0.9885     0.9720
12881.100      0.9932     0.9722
12881.200      0.9964     0.9724
12881.300      0.9982     0.9726
12881.400      0.9984     0.9728
12881.500      0.9976     0.9730
12881.600      0.9960     0.9730
12881.700      0.9935     0.9731
12881.800      0.9903     0.9731
12881.900      0.9853     0.9731
12882.000      0.9750     0.9732
12882.100      0.9616     0.9733
12882.200      0.9458     0.9735
12882.300      0.9295     0.9736
12882.400      0.9165     0.9738
12882.500      0.9122     0.9739
12882.600      0.9161     0.9740
12882.700      0.9284     0.9741
12882.800      0.9434     0.9742
12882.900      0.9598     0.9742
12883.000      0.9763     0.9743
12883.100      0.9871     0.9744
12883.200      0.9939     0.9745
12883.300      0.9961     0.9745
12883.400      0.9962     0.9746
12883.500      0.9948     0.9747
12883.600      0.9931     0.9747
12883.700      0.9932     0.9748
12883.800      0.9958     0.9749
12883.900      0.9978     0.9750
12884.000      0.9978     0.9750
12884.100      0.9969     0.9751
12884.200      0.9954     0.9752
12884.300      0.9939     0.9752
12884.400      0.9932     0.9753
12884.500      0.9926     0.9753
12884.600      0.9921     0.9753
12884.700      0.9915     0.9753
12884.800      0.9915     0.9753
12884.900      0.9923     0.9753
12885.000      0.9938     0.9754
12885.100      0.9957     0.9755
12885.200      0.9974     0.9756
12885.300      0.9974     0.9757
12885.400      0.9963     0.9758
12885.500      0.9932     0.9760
12885.600      0.9902     0.9761
12885.700      0.9883     0.9762
12885.800      0.9881     0.9763
12885.900      0.9923     0.9764
12886.000      0.9979     0.9765
12886.100      1.0015     0.9765
12886.200      1.0020     0.9766
12886.300      1.0003     0.9767
12886.400      0.9975     0.9767
12886.500      0.9955     0.9768
12886.600      0.9968     0.9769
12886.700      0.9981     0.9769
12886.800      0.9992     0.9770
12886.900      1.0000     0.9771
12887.000      0.9988     0.9771
12887.100      0.9974     0.9772
12887.200      0.9964     0.9773
12887.300      0.9961     0.9773
12887.400      0.9966     0.9774
12887.500      0.9976     0.9774
12887.600      0.9975     0.9775
12887.700      0.9944     0.9776
12887.800      0.9891     0.9776
12887.900      0.9820     0.9777
12888.000      0.9750     0.9778
12888.100      0.9730     0.9778
12888.200      0.9735     0.9779
12888.300      0.9769     0.9780
12888.400      0.9806     0.9780
12888.500      0.9793     0.9781
12888.600      0.9694     0.9781
12888.700      0.9475     0.9782
12888.800      0.9185     0.9783
12888.900      0.8911     0.9783
12889.000      0.8734     0.9784
12889.100      0.8683     0.9784
12889.200      0.8895     0.9785
12889.300      0.9145     0.9786
12889.400      0.9419     0.9786
12889.500      0.9693     0.9787
12889.600      0.9853     0.9787
12889.700      0.9939     0.9787
12889.800      0.9970     0.9788
12889.900      0.9987     0.9788
12890.000      1.0003     0.9789
12890.100      1.0019     0.9790
12890.200      1.0033     0.9790
12890.300      1.0040     0.9791
12890.400      1.0040     0.9792
12890.500      1.0025     0.9792
12890.600      0.9996     0.9793
12890.700      0.9939     0.9794
12890.800      0.9881     0.9794
12890.900      0.9830     0.9795
12891.000      0.9796     0.9796
12891.100      0.9803     0.9796
12891.200      0.9843     0.9797
12891.300      0.9898     0.9797
12891.400      0.9959     0.9798
12891.500      1.0000     0.9798
12891.600      0.9984     0.9799
12891.700      0.9971     0.9799
12891.800      0.9988     0.9800
12891.900      1.0005     0.9800
12892.000      1.0021     0.9801
12892.100      1.0036     0.9801
12892.200      1.0027     0.9802
12892.300      1.0010     0.9802
12892.400      0.9992     0.9802
12892.500      0.9974     0.9802
12892.600      0.9961     0.9802
12892.700      0.9958     0.9802
12892.800      0.9954     0.9802
12892.900      0.9943     0.9803
12893.000      0.9920     0.9804
12893.100      0.9837     0.9805
12893.200      0.9754     0.9806
12893.300      0.9670     0.9807
12893.400      0.9587     0.9808
12893.500      0.9592     0.9809
12893.600      0.9651     0.9809
12893.700      0.9731     0.9810
12893.800      0.9815     0.9810
12893.900      0.9886     0.9811
12894.000      0.9925     0.9811
12894.100      0.9948     0.9812
12894.200      0.9962     0.9812
12894.300      0.9971     0.9813
12894.400      0.9977     0.9813
12894.500      0.9982     0.9814
12894.600      0.9991     0.9814
12894.700      1.0000     0.9814
12894.800      0.9999     0.9815
12894.900      0.9992     0.9815
12895.000      0.9998     0.9816
12895.100      1.0016     0.9816
12895.200      1.0027     0.9817
12895.300      1.0024     0.9818
12895.400      1.0018     0.9818
12895.500      1.0013     0.9819
12895.600      1.0007     0.9819
12895.700      1.0018     0.9819
12895.800      1.0030     0.9819
12895.900      1.0023     0.9818
12896.000      1.0012     0.9818
12896.100      1.0011     0.9818
12896.200      1.0014     0.9818
12896.300      1.0018     0.9819
12896.400      1.0023     0.9820
12896.500      1.0028     0.9819
12896.600      1.0035     0.9814
12896.700      1.0042     0.9802
12896.800      1.0040     0.9779
12896.900      1.0034     0.9744
12897.000      1.0025     0.9704
12897.100      1.0015     0.9671
12897.200      1.0018     0.9661
12897.300      1.0024     0.9678
12897.400      1.0015     0.9715
12897.500      0.9999     0.9756
12897.600      0.9993     0.9789
12897.700      0.9999     0.9810
12897.800      1.0004     0.9821
12897.900      1.0005     0.9826
12898.000      1.0004     0.9829
12898.100      0.9999     0.9830
12898.200      0.9993     0.9830
12898.300      1.0005     0.9831
12898.400      1.0018     0.9832
12898.500      1.0022     0.9832
12898.600      1.0019     0.9832
12898.700      1.0012     0.9833
12898.800      1.0004     0.9833
12898.900      0.9998     0.9834
12899.000      0.9996     0.9834
12899.100      0.9986     0.9834
12899.200      0.9954     0.9834
12899.300      0.9924     0.9834
12899.400      0.9922     0.9832
12899.500      0.9928     0.9829
12899.600      0.9940     0.9824
12899.700      0.9954     0.9820
12899.800      0.9953     0.9817
12899.900      0.9934     0.9816
12900.000      0.9892     0.9814
12900.100      0.9839     0.9811
12900.200      0.9781     0.9809
12900.300      0.9723     0.9809
12900.400      0.9671     0.9812
12900.500      0.9659     0.9817
12900.600      0.9678     0.9824
12900.700      0.9751     0.9829
12900.800      0.9823     0.9833
12900.900      0.9887     0.9836
12901.000      0.9936     0.9838
12901.100      0.9948     0.9839
12901.200      0.9948     0.9841
12901.300      0.9958     0.9841
12901.400      0.9977     0.9842
12901.500      0.9996     0.9842
12901.600      1.0014     0.9843
12901.700      1.0023     0.9844
12901.800      1.0002     0.9845
12901.900      0.9983     0.9846
12902.000      0.9989     0.9846
12902.100      0.9995     0.9847
12902.200      0.9966     0.9847
12902.300      0.9930     0.9847
12902.400      0.9900     0.9847
12902.500      0.9874     0.9847
12902.600      0.9817     0.9848
12902.700      0.9732     0.9848
12902.800      0.9660     0.9847
12902.900      0.9640     0.9847
12903.000      0.9673     0.9845
12903.100      0.9772     0.9842
12903.200      0.9872     0.9839
12903.300      0.9913     0.9837
12903.400      0.9925     0.9837
12903.500      0.9899     0.9839
12903.600      0.9869     0.9842
12903.700      0.9879     0.9845
12903.800      0.9909     0.9848
12903.900      0.9938     0.9849
12904.000      0.9961     0.9849
12904.100      0.9968     0.9850
12904.200      0.9946     0.9851
12904.300      0.9930     0.9852
12904.400      0.9949     0.9854
12904.500      0.9975     0.9855
12904.600      1.0007     0.9856
12904.700      1.0038     0.9857
12904.800      1.0013     0.9857
12904.900      0.9973     0.9858
12905.000      0.9938     0.9858
12905.100      0.9914     0.9858
12905.200      0.9925     0.9859
12905.300      0.9964     0.9859
12905.400      1.0000     0.9859
12905.500      1.0024     0.9860
12905.600      1.0046     0.9860
12905.700      1.0066     0.9860
12905.800      1.0082     0.9861
12905.900      1.0050     0.9861
12906.000      1.0014     0.9862
12906.100      0.9995     0.9862
12906.200      0.9986     0.9862
12906.300      0.9982     0.9862
12906.400      0.9979     0.9863
12906.500      0.9977     0.9863
12906.600      0.9975     0.9863
12906.700      0.9977     0.9863
12906.800      0.9986     0.9864
12906.900      0.9994     0.9864
12907.000      0.9990     0.9865
12907.100      0.9987     0.9865
12907.200      0.9999     0.9865
12907.300      1.0017     0.9866
12907.400      1.0036     0.9866
12907.500      1.0056     0.9866
12907.600      1.0056     0.9866
12907.700      1.0038     0.9866
12907.800      1.0014     0.9867
12907.900      0.9987     0.9867
12908.000      0.9964     0.9867
12908.100      0.9956     0.9867
12908.200      0.9958     0.9867
12908.300      0.9974     0.9868
12908.400      0.9990     0.9868
12908.500      0.9994     0.9868
12908.600      0.9989     0.9869
12908.700      0.9973     0.9868
12908.800      0.9955     0.9867
12908.900      0.9968     0.9866
12909.000      1.0005     0.9865
12909.100      1.0033     0.9865
12909.200      1.0035     0.9866
12909.300      1.0017     0.9868
12909.400      0.9985     0.9870
12909.500      0.9952     0.9871
12909.600      0.9921     0.9872
12909.700      0.9892     0.9871
12909.800      0.9870     0.9871
12909.900      0.9858     0.9869
12910.000      0.9885     0.9866
12910.100      0.9925     0.9863
12910.200      0.9958     0.9861
12910.300      0.9973     0.9860
12910.400      0.9970     0.9861
12910.500      0.9952     0.9864
12910.600      0.9935     0.9868
12910.700      0.9929     0.9871
12910.800      0.9930     0.9874
12910.900      0.9948     0.9875
12911.000      0.9966     0.9876
12911.100      0.9969     0.9877
12911.200      0.9968     0.9877
12911.300      0.9965     0.9878
12911.400      0.9962     0.9878
12911.500      0.9961     0.9878
12911.600      0.9967     0.9879
12911.700      0.9980     0.9879
12911.800      0.9999     0.9879
12911.900      1.0017     0.9880
12912.000      1.0028     0.9880
12912.100      1.0033     0.9880
12912.200      1.0027     0.9881
12912.300      1.0021     0.9881
12912.400      1.0020     0.9881
12912.500      1.0019     0.9881
12912.600      1.0015     0.9882
12912.700      1.0008     0.9882
12912.800      1.0002     0.9882
12912.900      0.9997     0.9882
12913.000      0.9993     0.9882
12913.100      0.9991     0.9882
12913.200      0.9988     0.9882
12913.300      0.9971     0.9882
12913.400      0.9955     0.9882
12913.500      0.9967     0.9882
12913.600      0.9980     0.9883
12913.700      0.9979     0.9883
12913.800      0.9973     0.9884
12913.900      0.9979     0.9884
12914.000      0.9993     0.9884
12914.100      1.0005     0.9884
12914.200      1.0007     0.9885
12914.300      0.9994     0.9885
12914.400      0.9965     0.9886
12914.500      0.9940     0.9886
12914.600      0.9953     0.9886
12914.700      0.9967     0.9887
12914.800      0.9968     0.9887
12914.900      0.9959     0.9887
12915.000      0.9938     0.9887
12915.100      0.9915     0.9888
12915.200      0.9909     0.9888
12915.300      0.9922     0.9888
12915.400      0.9944     0.9889
12915.500      0.9970     0.9889
12915.600      0.9993     0.9889
12915.700      1.0004     0.9889
12915.800      1.0006     0.9889
12915.900      0.9995     0.9889
12916.000      0.9972     0.9889
12916.100      0.9930     0.9889
12916.200      0.9887     0.9890
12916.300      0.9848     0.9890
12916.400      0.9817     0.9891
12916.500      0.9802     0.9891
12916.600      0.9795     0.9892
12916.700      0.9787     0.9892
12916.800      0.9777     0.9892
12916.900      0.9751     0.9892
12917.000      0.9645     0.9892
12917.100      0.9471     0.9892
12917.200      0.9174     0.9892
12917.300      0.8877     0.9892
12917.400      0.8650     0.9892
12917.500      0.8521     0.9893
12917.600      0.8633     0.9894
12917.700      0.8855     0.9894
12917.800      0.9113     0.9895
12917.900      0.9377     0.9895
12918.000      0.9608     0.9895
12918.100      0.9744     0.9896
12918.200      0.9825     0.9896
12918.300      0.9864     0.9896
12918.400      0.9881     0.9896
12918.500      0.9885     0.9897
12918.600      0.9884     0.9897
12918.700      0.9881     0.9897
12918.800      0.9876     0.9897
12918.900      0.9859     0.9897
12919.000      0.9839     0.9897
12919.100      0.9823     0.9897
12919.200      0.9821     0.9897
12919.300      0.9840     0.9897
12919.400      0.9883     0.9897
12919.500      0.9925     0.9897
12919.600      0.9952     0.9897
12919.700      0.9965     0.9898
12919.800      0.9937     0.9898
12919.900      0.9910     0.9899
12920.000      0.9903     0.9899
12920.100      0.9901     0.9899
12920.200      0.9894     0.9899
12920.300      0.9874     0.9899
12920.400      0.9783     0.9899
12920.500      0.9627     0.9899
12920.600      0.9475     0.9900
12920.700      0.9364     0.9900
12920.800      0.9313     0.9901
12920.900      0.9421     0.9902
12921.000      0.9551     0.9902
12921.100      0.9698     0.9902
12921.200      0.9845     0.9902
12921.300      0.9947     0.9902
12921.400      1.0005     0.9901
12921.500      1.0016     0.9901
12921.600      1.0006     0.9901
12921.700      0.9988     0.9901
12921.800      0.9968     0.9902
12921.900      0.9950     0.9902
12922.000      0.9937     0.9903
12922.100      0.9919     0.9904
12922.200      0.9867     0.9904
12922.300      0.9815     0.9904
12922.400      0.9797     0.9905
12922.500      0.9808     0.9905
12922.600      0.9868     0.9905
12922.700      0.9939     0.9906
12922.800      0.9983     0.9906
12922.900      0.9992     0.9906
12923.000      0.9976     0.9906
12923.100      0.9948     0.9907
12923.200      0.9916     0.9907
12923.300      0.9884     0.9907
12923.400      0.9852     0.9907
12923.500      0.9844     0.9907
12923.600      0.9853     0.9908
12923.700      0.9895     0.9908
12923.800      0.9939     0.9908
12923.900      0.9978     0.9908
12924.000      1.0008     0.9908
12924.100      1.0023     0.9909
12924.200      1.0025     0.9909
12924.300      1.0014     0.9909
12924.400      0.9997     0.9909
12924.500      0.9984     0.9909
12924.600      0.9986     0.9910
12924.700      0.9993     0.9910
12924.800      1.0004     0.9910
12924.900      1.0015     0.9910
12925.000      1.0017     0.9910
12925.100      1.0018     0.9910
12925.200      1.0022     0.9911
12925.300      1.0028     0.9911
12925.400      1.0027     0.9911
12925.500      1.0012     0.9910
12925.600      0.9983     0.9909
12925.700      0.9945     0.9906
12925.800      0.9908     0.9903
12925.900      0.9879     0.9900
12926.000      0.9849     0.9899
12926.100      0.9814     0.9899
12926.200      0.9769     0.9902
12926.300      0.9695     0.9906
12926.400      0.9595     0.9909
12926.500      0.9462     0.9911
12926.600      0.9322     0.9912
12926.700      0.9199     0.9913
12926.800      0.9133     0.9913
12926.900      0.9175     0.9914
12927.000      0.9350     0.9914
12927.100      0.9537     0.9914
12927.200      0.9728     0.9914
12927.300      0.9919     0.9915
12927.400      0.9941     0.9915
12927.500      0.9945     0.9915
12927.600      0.9937     0.9915
12927.700      0.9929     0.9915
12927.800      0.9954     0.9915
12927.900      0.9998     0.9916
12928.000      1.0037     0.9916
12928.100      1.0060     0.9916
12928.200      1.0058     0.9916
12928.300      1.0029     0.9916
12928.400      0.9999     0.9916
12928.500      0.9979     0.9916
12928.600      0.9967     0.9916
12928.700      0.9993     0.9916
12928.800      1.0020     0.9915
12928.900      1.0033     0.9915
12929.000      1.0042     0.9915
12929.100      1.0054     0.9916
12929.200      1.0066     0.9917
12929.300      1.0049     0.9917
12929.400      0.9993     0.9918
12929.500      0.9935     0.9918
12929.600      0.9877     0.9918
12929.700      0.9820     0.9919
12929.800      0.9784     0.9919
12929.900      0.9763     0.9919
12930.000      0.9763     0.9919
12930.100      0.9779     0.9919
12930.200      0.9808     0.9920
12930.300      0.9849     0.9920
12930.400      0.9906     0.9920
12930.500      0.9966     0.9920
12930.600      1.0014     0.9920
12930.700      1.0031     0.9920
12930.800      1.0034     0.9920
12930.900      1.0028     0.9920
12931.000      1.0021     0.9920
12931.100      1.0016     0.9920
12931.200      1.0013     0.9920
12931.300      1.0013     0.9921
12931.400      1.0013     0.9921
12931.500      0.9993     0.9921
12931.600      0.9963     0.9922
12931.700      0.9929     0.9922
12931.800      0.9894     0.9922
12931.900      0.9882     0.9922
12932.000      0.9904     0.9922
12932.100      0.9927     0.9923
12932.200      0.9946     0.9923
12932.300      0.9959     0.9923
12932.400      0.9943     0.9923
12932.500      0.9927     0.9923
12932.600      0.9916     0.9923
12932.700      0.9915     0.9922
12932.800      0.9955     0.9922
12932.900      1.0010     0.9921
12933.000      1.0034     0.9920
12933.100      1.0022     0.9920
12933.200      0.9994     0.9920
12933.300      0.9961     0.9921
12933.400      0.9940     0.9922
12933.500      0.9970     0.9924
12933.600      0.9999     0.9924
12933.700      1.0005     0.9925
12933.800      1.0012     0.9925
12933.900      1.0026     0.9925
12934.000      1.0042     0.9925
12934.100      1.0029     0.9925
12934.200      1.0002     0.9924
12934.300      0.9982     0.9922
12934.400      0.9974     0.9918
12934.500      0.9980     0.9910
12934.600      0.9997     0.9898
12934.700      1.0009     0.9882
12934.800      1.0000     0.9863
12934.900      0.9990     0.9847
12935.000      0.9981     0.9840
12935.100      0.9971     0.9847
12935.200      0.9980     0.9866
12935.300      0.9997     0.9888
12935.400      1.0018     0.9906
12935.500      1.0041     0.9918
12935.600      1.0051     0.9924
12935.700      1.0039     0.9927
12935.800      1.0017     0.9927
12935.900      0.9989     0.9928
12936.000      0.9961     0.9928
12936.100      0.9944     0.9928
12936.200      0.9937     0.9928
12936.300      0.9971     0.9929
12936.400      1.0006     0.9929
12936.500      1.0020     0.9929
12936.600      1.0010     0.9929
12936.700      0.9972     0.9929
12936.800      0.9923     0.9929
12936.900      0.9905     0.9929
12937.000      0.9924     0.9929
12937.100      0.9943     0.9929
12937.200      0.9957     0.9930
12937.300      0.9965     0.9930
12937.400      0.9964     0.9930
12937.500      0.9963     0.9930
12937.600      0.9973     0.9930
12937.700      0.9983     0.9930
12937.800      0.9993     0.9931
12937.900      0.9998     0.9931
12938.000      0.9989     0.9931
12938.100      0.9948     0.9931
12938.200      0.9851     0.9931
12938.300      0.9708     0.9931
12938.400      0.9567     0.9931
12938.500      0.9449     0.9931
12938.600      0.9368     0.9931
12938.700      0.9426     0.9931
12938.800      0.9527     0.9931
12938.900      0.9668     0.9932
12939.000      0.9810     0.9932
12939.100      0.9917     0.9932
12939.200      0.9982     0.9931
12939.300      1.0010     0.9931
12939.400      1.0008     0.9931
12939.500      0.9977     0.9931
12939.600      0.9931     0.9930
12939.700      0.9885     0.9930
12939.800      0.9842     0.9930
12939.900      0.9806     0.9931
12940.000      0.9801     0.9931
12940.100      0.9816     0.9931
12940.200      0.9862     0.9932
12940.300      0.9911     0.9932
12940.400      0.9939     0.9932
12940.500      0.9956     0.9931
12940.600      0.9974     0.9930
12940.700      0.9992     0.9927
12940.800      0.9992     0.9925
12940.900      0.9941     0.9922
12941.000      0.9856     0.9922
12941.100      0.9744     0.9924
12941.200      0.9632     0.9926
12941.300      0.9566     0.9928
12941.400      0.9538     0.9930
12941.500      0.9579     0.9931
12941.600      0.9645     0.9933
12941.700      0.9728     0.9934
12941.800      0.9813     0.9935
12941.900      0.9875     0.9935
12942.000      0.9901     0.9936
12942.100      0.9904     0.9936
12942.200      0.9895     0.9936
12942.300      0.9888     0.9936
12942.400      0.9896     0.9935
12942.500      0.9910     0.9935
12942.600      0.9930     0.9935
12942.700      0.9951     0.9936
12942.800      0.9959     0.9936
12942.900      0.9956     0.9937
12943.000      0.9935     0.9937
12943.100      0.9908     0.9937
12943.200      0.9910     0.9937
12943.300      0.9942     0.9937
12943.400      0.9974     0.9938
12943.500      0.9999     0.9938
12943.600      1.0013     0.9938
12943.700      0.9998     0.9938
12943.800      0.9983     0.9938
12943.900      0.9988     0.9938
12944.000      0.9993     0.9938
12944.100      0.9986     0.9938
12944.200      0.9968     0.9939
12944.300      0.9939     0.9939
12944.400      0.9907     0.9939
12944.500      0.9890     0.9939
12944.600      0.9895     0.9939
12944.700      0.9905     0.9939
12944.800      0.9919     0.9939
12944.900      0.9932     0.9940
12945.000      0.9946     0.9940
12945.100      0.9960     0.9940
12945.200      0.9950     0.9940
12945.300      0.9939     0.9940
12945.400      0.9937     0.9940
12945.500      0.9938     0.9940
12945.600      0.9928     0.9940
12945.700      0.9899     0.9940
12945.800      0.9848     0.9940
12945.900      0.9784     0.9940
12946.000      0.9733     0.9940
12946.100      0.9735     0.9940
12946.200      0.9758     0.9940
12946.300      0.9797     0.9941
12946.400      0.9836     0.9941
12946.500      0.9844     0.9941
12946.600      0.9849     0.9941
12946.700      0.9856     0.9941
12946.800      0.9866     0.9942
12946.900      0.9896     0.9942
12947.000      0.9940     0.9942
12947.100      0.9976     0.9942
12947.200      0.9987     0.9942
12947.300      0.9980     0.9942
12947.400      0.9959     0.9942
12947.500      0.9939     0.9942
12947.600      0.9947     0.9942
12947.700      0.9955     0.9943
12947.800      0.9884     0.9943
12947.900      0.9803     0.9943
12948.000      0.9728     0.9943
12948.100      0.9668     0.9943
12948.200      0.9674     0.9943
12948.300      0.9723     0.9943
12948.400      0.9773     0.9943
12948.500      0.9822     0.9943
12948.600      0.9870     0.9943
12948.700      0.9917     0.9943
12948.800      0.9958     0.9943
12948.900      0.9942     0.9943
12949.000      0.9927     0.9943
12949.100      0.9919     0.9941
12949.200      0.9912     0.9938
12949.300      0.9900     0.9928
12949.400      0.9877     0.9907
12949.500      0.9802     0.9870
12949.600      0.9686     0.9820
12949.700      0.9578     0.9770
12949.800      0.9507     0.9739
12949.900      0.9486     0.9742
12950.000      0.9556     0.9777
12950.100      0.9647     0.9828
12950.200      0.9752     0.9877
12950.300      0.9857     0.9911
12950.400      0.9923     0.9931
12950.500      0.9956     0.9940
12950.600      0.9951     0.9943
12950.700      0.9935     0.9945
12950.800      0.9920     0.9945
12950.900      0.9906     0.9945
12951.000      0.9902     0.9946
12951.100      0.9917     0.9946
12951.200      0.9928     0.9946
12951.300      0.9916     0.9946
12951.400      0.9903     0.9946
12951.500      0.9895     0.9946
12951.600      0.9894     0.9946
12951.700      0.9912     0.9946
12951.800      0.9933     0.9947
12951.900      0.9950     0.9947
12952.000      0.9956     0.9947
12952.100      0.9947     0.9947
12952.200      0.9927     0.9947
12952.300      0.9905     0.9947
12952.400      0.9883     0.9947
12952.500      0.9866     0.9947
12952.600      0.9892     0.9947
12952.700      0.9917     0.9947
12952.800      0.9929     0.9948
12952.900      0.9934     0.9948
12953.000      0.9935     0.9948
12953.100      0.9931     0.9948
12953.200      0.9922     0.9948
12953.300      0.9910     0.9948
12953.400      0.9895     0.9948
12953.500      0.9879     0.9948
12953.600      0.9868     0.9948
12953.700      0.9872     0.9948
12953.800      0.9875     0.9949
12953.900      0.9870     0.9949
12954.000      0.9864     0.9949
12954.100      0.9856     0.9949
12954.200      0.9847     0.9949
12954.300      0.9853     0.9949
12954.400      0.9864     0.9949
12954.500      0.9870     0.9949
12954.600      0.9858     0.9949
12954.700      0.9786     0.9949
12954.800      0.9604     0.9949
12954.900      0.9353     0.9949
12955.000      0.9054     0.9949
12955.100      0.8763     0.9949
12955.200      0.8663     0.9947
12955.300      0.8702     0.9946
12955.400      0.8991     0.9943
12955.500      0.9303     0.9941
12955.600      0.9562     0.9940
12955.700      0.9744     0.9941
12955.800      0.9830     0.9943
12955.900      0.9855     0.9945
12956.000      0.9855     0.9946
12956.100      0.9845     0.9945
12956.200      0.9832     0.9944
12956.300      0.9820     0.9942
12956.400      0.9804     0.9940
12956.500      0.9752     0.9938
12956.600      0.9665     0.9938
12956.700      0.9517     0.9939
12956.800      0.9321     0.9942
12956.900      0.9066     0.9946
12957.000      0.8796     0.9948
12957.100      0.8558     0.9950
12957.200      0.8415     0.9951
12957.300      0.8415     0.9951
12957.400      0.8607     0.9952
12957.500      0.8890     0.9952
12957.600      0.9231     0.9952
12957.700      0.9572     0.9952
12957.800      0.9760     0.9952
12957.900      0.9870     0.9952
12958.000      0.9876     0.9952
12958.100      0.9871     0.9952
12958.200      0.9866     0.9952
12958.300      0.9860     0.9952
12958.400      0.9852     0.9952
12958.500      0.9835     0.9953
12958.600      0.9781     0.9953
12958.700      0.9668     0.9953
12958.800      0.9554     0.9953
12958.900      0.9445     0.9953
12959.000      0.9342     0.9953
12959.100      0.9378     0.9953
12959.200      0.9454     0.9953
12959.300      0.9566     0.9953
12959.400      0.9681     0.9953
12959.500      0.9781     0.9953
12959.600      0.9854     0.9953
12959.700      0.9892     0.9954
12959.800      0.9906     0.9954
12959.900      0.9917     0.9954
12960.000      0.9927     0.9954
12960.100      0.9930     0.9954
12960.200      0.9911     0.9954
12960.300      0.9892     0.9954
12960.400      0.9907     0.9954
12960.500      0.9932     0.9954
12960.600      0.9962     0.9954
12960.700      0.9994     0.9954
12960.800      0.9994     0.9954
12960.900      0.9975     0.9954
12961.000      0.9959     0.9955
12961.100      0.9947     0.9955
12961.200      0.9937     0.9955
12961.300      0.9929     0.9955
12961.400      0.9915     0.9955
12961.500      0.9852     0.9955
12961.600      0.9790     0.9955
12961.700      0.9742     0.9955
12961.800      0.9707     0.9955
12961.900      0.9685     0.9955
12962.000      0.9676     0.9955
12962.100      0.9678     0.9955
12962.200      0.9694     0.9955
12962.300      0.9735     0.9955
12962.400      0.9796     0.9955
12962.500      0.9846     0.9956
12962.600      0.9862     0.9956
12962.700      0.9878     0.9956
12962.800      0.9903     0.9956
12962.900      0.9927     0.9956
12963.000      0.9951     0.9956
12963.100      0.9974     0.9955
12963.200      0.9979     0.9955
12963.300      0.9978     0.9954
12963.400      0.9990     0.9954
12963.500      1.0013     0.9954
12963.600      1.0018     0.9955
12963.700      0.9988     0.9955
12963.800      0.9954     0.9956
12963.900      0.9919     0.9956
12964.000      0.9877     0.9957
12964.100      0.9791     0.9957
12964.200      0.9705     0.9957
12964.300      0.9640     0.9957
12964.400      0.9604     0.9957
12964.500      0.9625     0.9957
12964.600      0.9676     0.9957
12964.700      0.9743     0.9957
12964.800      0.9813     0.9957
12964.900      0.9883     0.9957
12965.000      0.9954     0.9957
12965.100      1.0015     0.9958
12965.200      1.0024     0.9958
12965.300      1.0008     0.9958
12965.400      0.9965     0.9958
12965.500      0.9922     0.9958
12965.600      0.9913     0.9958
12965.700      0.9928     0.9958
12965.800      0.9964     0.9958
12965.900      1.0004     0.9958
12966.000      1.0013     0.9958
12966.100      0.9949     0.9958
12966.200      0.9807     0.9958
12966.300      0.9600     0.9958
12966.400      0.9401     0.9958
12966.500      0.9286     0.9958
12966.600      0.9243     0.9958
12966.700      0.9373     0.9958
12966.800      0.9511     0.9958
12966.900      0.9655     0.9959
12967.000      0.9798     0.9959
12967.100      0.9900     0.9959
12967.200      0.9954     0.9959
12967.300      0.9972     0.9959
12967.400      0.9975     0.9959
12967.500      0.9983     0.9959
12967.600      1.0002     0.9959
12967.700      1.0016     0.9959
12967.800      0.9972     0.9959
12967.900      0.9900     0.9959
12968.000      0.9791     0.9959
12968.100      0.9681     0.9960
12968.200      0.9582     0.9960
12968.300      0.9505     0.9960
12968.400      0.9524     0.9960
12968.500      0.9615     0.9960
12968.600      0.9732     0.9960
12968.700      0.9856     0.9960
12968.800      0.9948     0.9960
12968.900      0.9942     0.9960
12969.000      0.9924     0.9960
12969.100      0.9903     0.9959
12969.200      0.9868     0.9959
12969.300      0.9737     0.9957
12969.400      0.9587     0.9956
12969.500      0.9427     0.9955
12969.600      0.9267     0.9955
12969.700      0.9224     0.9955
12969.800      0.9312     0.9956
12969.900      0.9465     0.9953
12970.000      0.9644     0.9944
12970.100      0.9804     0.9922
12970.200      0.9885     0.9880
12970.300      0.9941     0.9819
12970.400      0.9984     0.9753
12970.500      1.0011     0.9708
12970.600      1.0026     0.9704
12970.700      1.0030     0.9744
12970.800      1.0018     0.9808
12970.900      1.0002     0.9872
12971.000      0.9990     0.9918
12971.100      0.9987     0.9944
12971.200      0.9993     0.9955
12971.300      1.0006     0.9960
12971.400      1.0019     0.9961
12971.500      1.0026     0.9961
12971.600      1.0025     0.9961
12971.700      1.0000     0.9961
12971.800      0.9976     0.9962
12971.900      0.9965     0.9962
12972.000      0.9959     0.9962
12972.100      0.9955     0.9962
12972.200      0.9952     0.9962
12972.300      0.9943     0.9962
12972.400      0.9914     0.9962
12972.500      0.9856     0.9962
12972.600      0.9721     0.9962
12972.700      0.9485     0.9962
12972.800      0.9071     0.9962
12972.900      0.8586     0.9962
12973.000      0.8039     0.9963
12973.100      0.7492     0.9963
12973.200      0.7260     0.9963
12973.300      0.7319     0.9963
12973.400      0.7754     0.9963
12973.500      0.8293     0.9963
12973.600      0.8810     0.9963
12973.700      0.9248     0.9963
12973.800      0.9564     0.9962
12973.900      0.9659     0.9962
12974.000      0.9590     0.9962
12974.100      0.9372     0.9960
12974.200      0.9075     0.9959
12974.300      0.8708     0.9958
12974.400      0.8340     0.9958
12974.500      0.8219     0.9958
12974.600      0.8312     0.9960
12974.700      0.8639     0.9962
12974.800      0.9031     0.9963
12974.900      0.9391     0.9963
12975.000      0.9663     0.9964
12975.100      0.9844     0.9964
12975.200      0.9930     0.9964
12975.300      0.9977     0.9964
12975.400      1.0001     0.9964
12975.500      1.0019     0.9963
12975.600      1.0036     0.9962
12975.700      1.0048     0.9960
12975.800      1.0037     0.9958
12975.900      1.0021     0.9957
12976.000      1.0007     0.9958
12976.100      1.0003     0.9960
12976.200      1.0020     0.9962
12976.300      1.0058     0.9963
12976.400      1.0087     0.9964
12976.500      1.0082     0.9964
12976.600      1.0057     0.9964
12976.700      1.0010     0.9964
12976.800      0.9964     0.9964
12976.900      0.9972     0.9963
12977.000      0.9988     0.9962
12977.100      1.0005     0.9962
12977.200      1.0023     0.9962
12977.300      1.0023     0.9963
12977.400      1.0012     0.9964
12977.500      1.0007     0.9964
12977.600      1.0009     0.9965
12977.700      1.0009     0.9965
12977.800      0.9999     0.9965
12977.900      0.9985     0.9965
12978.000      0.9968     0.9965
12978.100      0.9951     0.9965
12978.200      0.9950     0.9965
12978.300      0.9950     0.9966
12978.400      0.9942     0.9966
12978.500      0.9927     0.9966
12978.600      0.9910     0.9966
12978.700      0.9892     0.9966
12978.800      0.9877     0.9966
12978.900      0.9868     0.9966
12979.000      0.9849     0.9966
12979.100      0.9769     0.9966
12979.200      0.9639     0.9966
12979.300      0.9424     0.9966
12979.400      0.9208     0.9966
12979.500      0.9168     0.9966
12979.600      0.9219     0.9966
12979.700      0.9346     0.9966
12979.800      0.9486     0.9966
12979.900      0.9624     0.9966
12980.000      0.9751     0.9966
12980.100      0.9861     0.9966
12980.200      0.9933     0.9966
12980.300      0.9976     0.9967
12980.400      0.9988     0.9967
12980.500      0.9980     0.9967
12980.600      0.9955     0.9967
12980.700      0.9925     0.9967
12980.800      0.9892     0.9967
12980.900      0.9858     0.9967
12981.000      0.9834     0.9967
12981.100      0.9824     0.9967
12981.200      0.9829     0.9967
12981.300      0.9845     0.9967
12981.400      0.9866     0.9967
12981.500      0.9888     0.9967
12981.600      0.9910     0.9967
12981.700      0.9925     0.9967
12981.800      0.9934     0.9967
12981.900      0.9932     0.9967
12982.000      0.9923     0.9967
12982.100      0.9910     0.9967
12982.200      0.9889     0.9967
12982.300      0.9852     0.9968
12982.400      0.9794     0.9968
12982.500      0.9703     0.9968
12982.600      0.9593     0.9968
12982.700      0.9498     0.9968
12982.800      0.9473     0.9968
12982.900      0.9507     0.9968
12983.000      0.9622     0.9968
12983.100      0.9737     0.9968
12983.200      0.9820     0.9968
12983.300      0.9880     0.9968
12983.400      0.9911     0.9968
12983.500      0.9928     0.9968
12983.600      0.9934     0.9968
12983.700      0.9938     0.9968
12983.800      0.9952     0.9968
12983.900      0.9979     0.9968
12984.000      1.0003     0.9968
12984.100      1.0013     0.9968
12984.200      1.0010     0.9968
12984.300      0.9986     0.9968
12984.400      0.9962     0.9969
12984.500      0.9985     0.9969
12984.600      1.0011     0.9969
12984.700      0.9999     0.9969
12984.800      0.9976     0.9969
12984.900      0.9953     0.9969
12985.000      0.9934     0.9969
12985.100      0.9925     0.9969
12985.200      0.9928     0.9969
12985.300      0.9925     0.9969
12985.400      0.9900     0.9969
12985.500      0.9875     0.9969
12985.600      0.9853     0.9969
12985.700      0.9835     0.9969
12985.800      0.9852     0.9969
12985.900      0.9879     0.9969
12986.000      0.9913     0.9969
12986.100      0.9947     0.9969
12986.200      0.9972     0.9969
12986.300      0.9985     0.9969
12986.400      0.9991     0.9969
12986.500      0.9993     0.9969
12986.600      0.9991     0.9969
12986.700      0.9986     0.9969
12986.800      0.9982     0.9970
12986.900      0.9977     0.9970
12987.000      0.9973     0.9970
12987.100      0.9972     0.9970
12987.200      0.9973     0.9969
12987.300      0.9955     0.9969
12987.400      0.9931     0.9969
12987.500      0.9913     0.9969
12987.600      0.9912     0.9969
12987.700      0.9935     0.9969
12987.800      0.9980     0.9969
12987.900      1.0016     0.9969
12988.000      1.0011     0.9969
12988.100      0.9999     0.9970
12988.200      0.9983     0.9970
12988.300      0.9967     0.9970
12988.400      0.9974     0.9970
12988.500      0.9985     0.9970
12988.600      0.9989     0.9970
12988.700      0.9989     0.9970
12988.800      0.9999     0.9970
12988.900      1.0018     0.9970
12989.000      1.0025     0.9970
12989.100      1.0007     0.9970
12989.200      0.9992     0.9970
12989.300      1.0001     0.9970
12989.400      1.0010     0.9970
12989.500      1.0012     0.9970
12989.600      1.0007     0.9970
12989.700      0.9981     0.9970
12989.800      0.9951     0.9971
12989.900      0.9961     0.9971
12990.000      0.9993     0.9971
12990.100      1.0005     0.9971
12990.200      0.9996     0.9971
12990.300      0.9992     0.9971
12990.400      1.0001     0.9971
12990.500      1.0005     0.9971
12990.600      0.9979     0.9971
12990.700      0.9953     0.9971
12990.800      0.9946     0.9971
12990.900      0.9951     0.9971
12991.000      0.9979     0.9971
12991.100      1.0010     0.9971
12991.200      0.9992     0.9971
12991.300      0.9943     0.9972
12991.400      0.9896     0.9972
12991.500      0.9860     0.9972
12991.600      0.9857     0.9972
12991.700      0.9909     0.9972
12991.800      0.9960     0.9972
12991.900      0.9984     0.9972
12992.000      0.9987     0.9972
12992.100      0.9949     0.9972
12992.200      0.9909     0.9972
12992.300      0.9919     0.9972
12992.400      0.9945     0.9972
12992.500      0.9970     0.9972
12992.600      0.9990     0.9972
12992.700      0.9995     0.9972
12992.800      0.9984     0.9972
12992.900      0.9972     0.9972
12993.000      0.9960     0.9972
12993.100      0.9949     0.9972
12993.200      0.9945     0.9972
12993.300      0.9949     0.9972
12993.400      0.9971     0.9972
12993.500      0.9995     0.9972
12993.600      0.9989     0.9972
12993.700      0.9957     0.9972
12993.800      0.9906     0.9973
12993.900      0.9848     0.9973
12994.000      0.9805     0.9973
12994.100      0.9784     0.9973
12994.200      0.9748     0.9973
12994.300      0.9588     0.9973
12994.400      0.9296     0.9973
12994.500      0.8679     0.9973
12994.600      0.8063     0.9973
12994.700      0.7492     0.9973
12994.800      0.7014     0.9973
12994.900      0.7038     0.9973
12995.000      0.7421     0.9973
12995.100      0.8026     0.9973
12995.200      0.8689     0.9973
12995.300      0.9265     0.9973
12995.400      0.9588     0.9973
12995.500      0.9742     0.9973
12995.600      0.9751     0.9973
12995.700      0.9760     0.9973
12995.800      0.9768     0.9972
12995.900      0.9776     0.9972
12996.000      0.9813     0.9972
12996.100      0.9854     0.9973
12996.200      0.9894     0.9973
12996.300      0.9930     0.9973
12996.400      0.9933     0.9973
12996.500      0.9907     0.9973
12996.600      0.9890     0.9974
12996.700      0.9893     0.9974
12996.800      0.9894     0.9974
12996.900      0.9875     0.9974
12997.000      0.9834     0.9974
12997.100      0.9746     0.9974
12997.200      0.9587     0.9974
12997.300      0.9174     0.9974
12997.400      0.8716     0.9974
12997.500      0.8335     0.9974
12997.600      0.8124     0.9974
12997.700      0.8242     0.9974
12997.800      0.8596     0.9974
12997.900      0.8956     0.9974
12998.000      0.9317     0.9974
12998.100      0.9648     0.9974
12998.200      0.9774     0.9974
12998.300      0.9853     0.9974
12998.400      0.9909     0.9974
12998.500      0.9942     0.9974
12998.600      0.9942     0.9974
12998.700      0.9938     0.9974
12998.800      0.9934     0.9974
12998.900      0.9933     0.9974
12999.000      0.9934     0.9974
12999.100      0.9942     0.9974
12999.200      0.9956     0.9974
12999.300      0.9975     0.9975
12999.400      0.9994     0.9975
12999.500      0.9998     0.9975
12999.600      0.9993     0.9975
12999.700      0.9970     0.9975
12999.800      0.9946     0.9975
12999.900      0.9926     0.9975
13000.000      0.9910     0.9975
13000.100      0.9900     0.9975
13000.200      0.9892     0.9975
13000.300      0.9883     0.9975
13000.400      0.9873     0.9975
13000.500      0.9864     0.9975
13000.600      0.9857     0.9975
13000.700      0.9852     0.9975
13000.800      0.9853     0.9975
13000.900      0.9856     0.9975
13001.000      0.9860     0.9975
13001.100      0.9865     0.9975
13001.200      0.9879     0.9975
13001.300      0.9902     0.9974
13001.400      0.9936     0.9974
13001.500      0.9975     0.9974
13001.600      1.0009     0.9975
13001.700      1.0027     0.9975
13001.800      1.0029     0.9975
13001.900      1.0011     0.9975
13002.000      0.9991     0.9975
13002.100      0.9970     0.9975
13002.200      0.9949     0.9975
13002.300      0.9952     0.9975
13002.400      0.9959     0.9976
13002.500      0.9955     0.9976
13002.600      0.9942     0.9976
13002.700      0.9920     0.9976
13002.800      0.9897     0.9976
13002.900      0.9894     0.9976
13003.000      0.9928     0.9976
13003.100      0.9952     0.9976
13003.200      0.9930     0.9976
13003.300      0.9898     0.9976
13003.400      0.9860     0.9976
13003.500      0.9822     0.9976
13003.600      0.9795     0.9976
13003.700      0.9769     0.9976
13003.800      0.9715     0.9976
13003.900      0.9594     0.9976
13004.000      0.9350     0.9976
13004.100      0.8927     0.9976
13004.200      0.8320     0.9976
13004.300      0.7583     0.9976
13004.400      0.6904     0.9976
13004.500      0.6697     0.9976
13004.600      0.6816     0.9976
13004.700      0.7491     0.9976
13004.800      0.8167     0.9976
13004.900      0.8767     0.9976
13005.000      0.9261     0.9976
13005.100      0.9562     0.9976
13005.200      0.9725     0.9976
13005.300      0.9797     0.9976
13005.400      0.9833     0.9977
13005.500      0.9860     0.9977
13005.600      0.9882     0.9977
13005.700      0.9891     0.9977
13005.800      0.9875     0.9977
13005.900      0.9843     0.9977
13006.000      0.9802     0.9977
13006.100      0.9740     0.9977
13006.200      0.9623     0.9977
13006.300      0.9437     0.9977
13006.400      0.9134     0.9977
13006.500      0.8790     0.9977
13006.600      0.8478     0.9977
13006.700      0.8284     0.9977
13006.800      0.8252     0.9977
13006.900      0.8449     0.9977
13007.000      0.8728     0.9977
13007.100      0.9061     0.9977
13007.200      0.9394     0.9977
13007.300      0.9617     0.9977
13007.400      0.9773     0.9977
13007.500      0.9867     0.9977
13007.600      0.9919     0.9977
13007.700      0.9925     0.9977
13007.800      0.9919     0.9977
13007.900      0.9926     0.9976
13008.000      0.9951     0.9975
13008.100      0.9976     0.9973
13008.200      0.9995     0.9972
13008.300      1.0003     0.9972
13008.400      0.9976     0.9973
13008.500      0.9948     0.9974
13008.600      0.9928     0.9976
13008.700      0.9909     0.9977
13008.800      0.9884     0.9977
13008.900      0.9856     0.9977
13009.000      0.9831     0.9978
13009.100      0.9814     0.9978
13009.200      0.9820     0.9978
13009.300      0.9849     0.9978
13009.400      0.9877     0.9978
13009.500      0.9899     0.9978
13009.600      0.9910     0.9978
13009.700      0.9864     0.9978
13009.800      0.9808     0.9978
13009.900      0.9748     0.9977
13010.000      0.9679     0.9977
13010.100      0.9590     0.9975
13010.200      0.9451     0.9972
13010.300      0.9147     0.9968
13010.400      0.8649     0.9965
13010.500      0.8024     0.9963
13010.600      0.7340     0.9963
13010.700      0.6741     0.9966
13010.800      0.6656     0.9970
13010.900      0.6887     0.9973
13011.000      0.7537     0.9976
13011.100      0.8187     0.9977
13011.200      0.8745     0.9978
13011.300      0.9191     0.9978
13011.400      0.9458     0.9978
13011.500      0.9602     0.9977
13011.600      0.9649     0.9977
13011.700      0.9668     0.9977
13011.800      0.9689     0.9977
13011.900      0.9715     0.9977
13012.000      0.9738     0.9977
13012.100      0.9752     0.9978
13012.200      0.9766     0.9978
13012.300      0.9816     0.9978
13012.400      0.9867     0.9978
13012.500      0.9900     0.9979
13012.600      0.9918     0.9979
13012.700      0.9918     0.9979
13012.800      0.9913     0.9979
13012.900      0.9917     0.9979
13013.000      0.9930     0.9979
13013.100      0.9931     0.9979
13013.200      0.9904     0.9979
13013.300      0.9882     0.9979
13013.400      0.9890     0.9979
13013.500      0.9897     0.9979
13013.600      0.9877     0.9979
13013.700      0.9853     0.9979
13013.800      0.9827     0.9979
13013.900      0.9802     0.9979
13014.000      0.9787     0.9979
13014.100      0.9793     0.9979
13014.200      0.9826     0.9979
13014.300      0.9878     0.9979
13014.400      0.9921     0.9979
13014.500      0.9937     0.9978
13014.600      0.9948     0.9978
13014.700      0.9955     0.9978
13014.800      0.9963     0.9978
13014.900      0.9988     0.9978
13015.000      1.0013     0.9978
13015.100      1.0031     0.9978
13015.200      1.0037     0.9978
13015.300      1.0024     0.9976
13015.400      1.0004     0.9973
13015.500      0.9994     0.9964
13015.600      0.9996     0.9950
13015.700      0.9997     0.9931
13015.800      0.9996     0.9911
13015.900      0.9995     0.9898
13016.000      0.9995     0.9898
13016.100      0.9996     0.9911
13016.200      1.0000     0.9931
13016.300      1.0003     0.9950
13016.400      1.0003     0.9965
13016.500      0.9998     0.9973
13016.600      0.9989     0.9977
13016.700      0.9978     0.9978
13016.800      0.9976     0.9979
13016.900      0.9984     0.9979
13017.000      0.9987     0.9979
13017.100      0.9968     0.9980
13017.200      0.9950     0.9980
13017.300      0.9950     0.9980
13017.400      0.9952     0.9980
13017.500      0.9956     0.9980
13017.600      0.9960     0.9980
13017.700      0.9943     0.9980
13017.800      0.9919     0.9980
13017.900      0.9905     0.9980
13018.000      0.9908     0.9980
13018.100      0.9921     0.9980
13018.200      0.9940     0.9980
13018.300      0.9955     0.9980
13018.400      0.9961     0.9980
13018.500      0.9966     0.9980
13018.600      0.9971     0.9980
13018.700      0.9975     0.9980
13018.800      0.9984     0.9980
13018.900      0.9993     0.9980
13019.000      0.9994     0.9980
13019.100      0.9991     0.9979
13019.200      0.9987     0.9979
13019.300      0.9982     0.9978
13019.400      0.9971     0.9978
13019.500      0.9952     0.9977
13019.600      0.9933     0.9977
13019.700      0.9916     0.9977
13019.800      0.9902     0.9977
13019.900      0.9900     0.9978
13020.000      0.9899     0.9979
13020.100      0.9884     0.9979
13020.200      0.9866     0.9980
13020.300      0.9881     0.9980
13020.400      0.9913     0.9980
13020.500      0.9945     0.9980
13020.600      0.9979     0.9980
13020.700      0.9996     0.9980
13020.800      0.9979     0.9980
13020.900      0.9963     0.9981
13021.000      0.9957     0.9981
13021.100      0.9960     0.9981
13021.200      0.9999     0.9981
13021.300      1.0038     0.9981
13021.400      1.0070     0.9981
13021.500      1.0087     0.9981
13021.600      1.0054     0.9981
13021.700      0.9997     0.9981
13021.800      0.9948     0.9981
13021.900      0.9922     0.9981
13022.000      0.9916     0.9981
13022.100      0.9930     0.9981
13022.200      0.9939     0.9981
13022.300      0.9911     0.9981
13022.400      0.9867     0.9981
13022.500      0.9818     0.9981
13022.600      0.9749     0.9981
13022.700      0.9610     0.9981
13022.800      0.9395     0.9981
13022.900      0.9077     0.9981
13023.000      0.8725     0.9981
13023.100      0.8422     0.9981
13023.200      0.8284     0.9981
13023.300      0.8347     0.9981
13023.400      0.8639     0.9981
13023.500      0.8938     0.9981
13023.600      0.9242     0.9981
13023.700      0.9545     0.9981
13023.800      0.9723     0.9981
13023.900      0.9835     0.9981
13024.000      0.9891     0.9981
13024.100      0.9916     0.9981
13024.200      0.9910     0.9981
13024.300      0.9895     0.9982
13024.400      0.9891     0.9982
13024.500      0.9901     0.9982
13024.600      0.9905     0.9982
13024.700      0.9890     0.9982
13024.800      0.9875     0.9982
13024.900      0.9862     0.9982
13025.000      0.9852     0.9982
13025.100      0.9880     0.9982
13025.200      0.9917     0.9982
13025.300      0.9958     0.9982
13025.400      0.9999     0.9982
13025.500      1.0005     0.9982
13025.600      0.9983     0.9982
13025.700      0.9977     0.9982
13025.800      0.9996     0.9982
13025.900      1.0008     0.9982
13026.000      0.9994     0.9982
13026.100      0.9980     0.9982
13026.200      0.9978     0.9982
13026.300      0.9977     0.9982
13026.400      0.9968     0.9982
13026.500      0.9957     0.9982
13026.600      0.9952     0.9982
13026.700      0.9949     0.9982
13026.800      0.9946     0.9982
13026.900      0.9940     0.9982
13027.000      0.9930     0.9982
13027.100      0.9907     0.9982
13027.200      0.9867     0.9982
13027.300      0.9791     0.9982
13027.400      0.9677     0.9982
13027.500      0.9496     0.9982
13027.600      0.9288     0.9982
13027.700      0.9071     0.9982
13027.800      0.8826     0.9982
13027.900      0.8433     0.9982
13028.000      0.7978     0.9982
13028.100      0.7527     0.9982
13028.200      0.7095     0.9982
13028.300      0.6841     0.9982
13028.400      0.7065     0.9982
13028.500      0.7520     0.9982
13028.600      0.8151     0.9982
13028.700      0.8781     0.9982
13028.800      0.9249     0.9982
13028.900      0.9592     0.9982
13029.000      0.9747     0.9982
13029.100      0.9828     0.9981
13029.200      0.9861     0.9978
13029.300      0.9885     0.9975
13029.400      0.9911     0.9972
13029.500      0.9938     0.9970
13029.600      0.9957     0.9971
13029.700      0.9959     0.9974
13029.800      0.9962     0.9977
13029.900      0.9971     0.9980
13030.000      0.9980     0.9982
13030.100      0.9965     0.9982
13030.200      0.9948     0.9983
13030.300      0.9963     0.9982
13030.400      0.9987     0.9981
13030.500      1.0008     0.9979
13030.600      1.0022     0.9974
13030.700      1.0024     0.9968
13030.800      1.0014     0.9962
13030.900      1.0010     0.9958
13031.000      1.0018     0.9960
13031.100      1.0024     0.9965
13031.200      1.0015     0.9972
13031.300      1.0006     0.9977
13031.400      1.0000     0.9981
13031.500      0.9996     0.9982
13031.600      1.0002     0.9983
13031.700      1.0011     0.9983
13031.800      1.0021     0.9983
13031.900      1.0032     0.9983
13032.000      1.0035     0.9983
13032.100      1.0026     0.9983
13032.200      1.0013     0.9983
13032.300      0.9998     0.9983
13032.400      0.9983     0.9983
13032.500      0.9968     0.9983
13032.600      0.9955     0.9983
13032.700      0.9947     0.9983
13032.800      0.9939     0.9983
13032.900      0.9922     0.9983
13033.000      0.9901     0.9983
13033.100      0.9883     0.9982
13033.200      0.9875     0.9981
13033.300      0.9884     0.9978
13033.400      0.9911     0.9976
13033.500      0.9934     0.9974
13033.600      0.9934     0.9974
13033.700      0.9925     0.9976
13033.800      0.9909     0.9978
13033.900      0.9885     0.9981
13034.000      0.9852     0.9982
13034.100      0.9807     0.9983
13034.200      0.9756     0.9983
13034.300      0.9683     0.9983
13034.400      0.9527     0.9983
13034.500      0.9181     0.9983
13034.600      0.8545     0.9983
13034.700      0.7642     0.9983
13034.800      0.6757     0.9983
13034.900      0.6097     0.9983
13035.000      0.5690     0.9983
13035.100      0.6132     0.9984
13035.200      0.6799     0.9984
13035.300      0.7666     0.9984
13035.400      0.8546     0.9984
13035.500      0.9171     0.9984
13035.600      0.9528     0.9984
13035.700      0.9692     0.9984
13035.800      0.9770     0.9984
13035.900      0.9826     0.9984
13036.000      0.9873     0.9984
13036.100      0.9904     0.9984
13036.200      0.9919     0.9984
13036.300      0.9921     0.9984
13036.400      0.9908     0.9984
13036.500      0.9894     0.9984
13036.600      0.9904     0.9984
13036.700      0.9926     0.9984
13036.800      0.9957     0.9984
13036.900      0.9989     0.9984
13037.000      1.0004     0.9984
13037.100      0.9997     0.9984
13037.200      0.9990     0.9984
13037.300      0.9983     0.9984
13037.400      0.9979     0.9984
13037.500      0.9993     0.9984
13037.600      1.0007     0.9984
13037.700      1.0021     0.9984
13037.800      1.0035     0.9984
13037.900      1.0022     0.9984
13038.000      1.0002     0.9984
13038.100      0.9988     0.9984
13038.200      0.9984     0.9984
13038.300      0.9988     0.9984
13038.400      0.9998     0.9984
13038.500      0.9999     0.9984
13038.600      0.9979     0.9984
13038.700      0.9960     0.9984
13038.800      0.9950     0.9984
13038.900      0.9942     0.9984
13039.000      0.9936     0.9984
13039.100      0.9931     0.9984
13039.200      0.9924     0.9984
13039.300      0.9913     0.9983
13039.400      0.9896     0.9982
13039.500      0.9864     0.9981
13039.600      0.9818     0.9980
13039.700      0.9736     0.9980
13039.800      0.9583     0.9982
13039.900      0.9273     0.9983
13040.000      0.8872     0.9984
13040.100      0.8382     0.9984
13040.200      0.7891     0.9985
13040.300      0.7561     0.9985
13040.400      0.7390     0.9985
13040.500      0.7437     0.9985
13040.600      0.7637     0.9984
13040.700      0.7986     0.9984
13040.800      0.8378     0.9984
13040.900      0.8765     0.9984
13041.000      0.9122     0.9984
13041.100      0.9431     0.9984
13041.200      0.9619     0.9985
13041.300      0.9723     0.9985
13041.400      0.9736     0.9985
13041.500      0.9707     0.9985
13041.600      0.9656     0.9985
13041.700      0.9575     0.9985
13041.800      0.9470     0.9985
13041.900      0.9314     0.9985
13042.000      0.9009     0.9985
13042.100      0.8535     0.9985
13042.200      0.7948     0.9985
13042.300      0.7308     0.9985
13042.400      0.6685     0.9985
13042.500      0.6159     0.9985
13042.600      0.5668     0.9985
13042.700      0.5185     0.9985
13042.800      0.4748     0.9985
13042.900      0.4728     0.9985
13043.000      0.5071     0.9985
13043.100      0.5872     0.9985
13043.200      0.6791     0.9985
13043.300      0.7665     0.9985
13043.400      0.8400     0.9985
13043.500      0.8954     0.9985
13043.600      0.9257     0.9985
13043.700      0.9421     0.9985
13043.800      0.9491     0.9985
13043.900      0.9449     0.9985
13044.000      0.9282     0.9985
13044.100      0.9021     0.9985
13044.200      0.8640     0.9985
13044.300      0.8245     0.9985
13044.400      0.7971     0.9985
13044.500      0.7858     0.9985
13044.600      0.7900     0.9985
13044.700      0.8016     0.9985
13044.800      0.8091     0.9985
13044.900      0.8073     0.9985
13045.000      0.8062     0.9985
13045.100      0.8127     0.9985
13045.200      0.8267     0.9985
13045.300      0.8615     0.9985
13045.400      0.8970     0.9985
13045.500      0.9287     0.9985
13045.600      0.9550     0.9985
13045.700      0.9733     0.9985
13045.800      0.9846     0.9985
13045.900      0.9908     0.9985
13046.000      0.9938     0.9985
13046.100      0.9946     0.9985
13046.200      0.9941     0.9985
13046.300      0.9939     0.9985
13046.400      0.9951     0.9986
13046.500      0.9963     0.9986
13046.600      0.9971     0.9986
13046.700      0.9979     0.9986
13046.800      0.9993     0.9986
13046.900      1.0008     0.9986
13047.000      1.0010     0.9986
13047.100      1.0002     0.9986
13047.200      1.0000     0.9986
13047.300      1.0006     0.9986
13047.400      1.0008     0.9986
13047.500      0.9997     0.9986
13047.600      0.9989     0.9986
13047.700      1.0009     0.9986
13047.800      1.0030     0.9985
13047.900      1.0016     0.9985
13048.000      0.9998     0.9984
13048.100      1.0003     0.9984
13048.200      1.0017     0.9983
13048.300      1.0015     0.9984
13048.400      1.0002     0.9984
13048.500      0.9995     0.9984
13048.600      0.9998     0.9984
13048.700      0.9996     0.9984
13048.800      0.9978     0.9983
13048.900      0.9961     0.9983
13049.000      0.9947     0.9983
13049.100      0.9933     0.9983
13049.200      0.9912     0.9984
13049.300      0.9882     0.9985
13049.400      0.9823     0.9986
13049.500      0.9753     0.9986
13049.600      0.9693     0.9986
13049.700      0.9659     0.9986
13049.800      0.9659     0.9986
13049.900      0.9703     0.9986
13050.000      0.9779     0.9986
13050.100      0.9878     0.9986
13050.200      0.9976     0.9986
13050.300      0.9999     0.9986
13050.400      1.0009     0.9986
13050.500      1.0007     0.9986
13050.600      1.0005     0.9986
13050.700      1.0019     0.9986
13050.800      1.0040     0.9986
13050.900      1.0041     0.9986
13051.000      1.0020     0.9986
13051.100      1.0005     0.9986
13051.200      1.0001     0.9986
13051.300      0.9996     0.9986
13051.400      0.9985     0.9986
13051.500      0.9970     0.9986
13051.600      0.9953     0.9986
13051.700      0.9935     0.9986
13051.800      0.9954     0.9985
13051.900      0.9982     0.9985
13052.000      0.9999     0.9985
13052.100      1.0001     0.9986
13052.200      0.9985     0.9986
13052.300      0.9961     0.9986
13052.400      0.9956     0.9986
13052.500      0.9992     0.9987
13052.600      1.0028     0.9987
13052.700      1.0064     0.9987
13052.800      1.0099     0.9987
13052.900      1.0075     0.9987
13053.000      1.0048     0.9987
13053.100      1.0036     0.9986
13053.200      1.0027     0.9985
13053.300      1.0007     0.9984
13053.400      0.9980     0.9982
13053.500      0.9962     0.9979
13053.600      0.9955     0.9978
13053.700      0.9946     0.9978
13053.800      0.9928     0.9980
13053.900      0.9910     0.9983
13054.000      0.9892     0.9985
13054.100      0.9874     0.9986
13054.200      0.9899     0.9987
13054.300      0.9927     0.9987
13054.400      0.9948     0.9987
13054.500      0.9959     0.9987
13054.600      0.9946     0.9987
13054.700      0.9921     0.9987
13054.800      0.9898     0.9987
13054.900      0.9880     0.9987
13055.000      0.9851     0.9987
13055.100      0.9739     0.9987
13055.200      0.9545     0.9987
13055.300      0.9191     0.9987
13055.400      0.8762     0.9987
13055.500      0.8257     0.9987
13055.600      0.7747     0.9987
13055.700      0.7524     0.9987
13055.800      0.7606     0.9987
13055.900      0.8010     0.9987
13056.000      0.8528     0.9987
13056.100      0.9013     0.9987
13056.200      0.9384     0.9987
13056.300      0.9653     0.9987
13056.400      0.9800     0.9987
13056.500      0.9887     0.9987
13056.600      0.9929     0.9987
13056.700      0.9960     0.9987
13056.800      0.9986     0.9987
13056.900      1.0003     0.9987
13057.000      1.0001     0.9987
13057.100      0.9993     0.9987
13057.200      0.9984     0.9987
13057.300      0.9975     0.9987
13057.400      0.9977     0.9987
13057.500      0.9998     0.9987
13057.600      1.0016     0.9987
13057.700      1.0014     0.9986
13057.800      0.9998     0.9986
13057.900      0.9956     0.9985
13058.000      0.9914     0.9986
13058.100      0.9889     0.9986
13058.200      0.9866     0.9986
13058.300      0.9797     0.9987
13058.400      0.9705     0.9987
13058.500      0.9613     0.9987
13058.600      0.9520     0.9987
13058.700      0.9463     0.9987
13058.800      0.9503     0.9987
13058.900      0.9587     0.9987
13059.000      0.9700     0.9987
13059.100      0.9814     0.9987
13059.200      0.9877     0.9987
13059.300      0.9920     0.9987
13059.400      0.9948     0.9987
13059.500      0.9966     0.9987
13059.600      0.9977     0.9987
13059.700      0.9983     0.9987
13059.800      0.9981     0.9987
13059.900      0.9976     0.9987
13060.000      0.9980     0.9987
13060.100      1.0003     0.9987
13060.200      1.0019     0.9987
13060.300      0.9997     0.9987
13060.400      0.9974     0.9987
13060.500      0.9950     0.9987
13060.600      0.9927     0.9988
13060.700      0.9962     0.9988
13060.800      1.0013     0.9988
13060.900      1.0040     0.9988
13061.000      1.0037     0.9988
13061.100      1.0009     0.9988
13061.200      0.9969     0.9988
13061.300      0.9939     0.9988
13061.400      0.9938     0.9988
13061.500      0.9945     0.9988
13061.600      0.9956     0.9988
13061.700      0.9972     0.9988
13061.800      0.9992     0.9988
13061.900      1.0013     0.9988
13062.000      0.9994     0.9988
13062.100      0.9964     0.9988
13062.200      0.9943     0.9988
13062.300      0.9936     0.9988
13062.400      0.9941     0.9988
13062.500      0.9954     0.9988
13062.600      0.9957     0.9988
13062.700      0.9936     0.9988
13062.800      0.9918     0.9988
13062.900      0.9938     0.9988
13063.000      0.9971     0.9988
13063.100      1.0018     0.9988
13063.200      1.0065     0.9988
13063.300      1.0061     0.9988
13063.400      1.0040     0.9988
13063.500      1.0018     0.9988
13063.600      0.9998     0.9988
13063.700      0.9983     0.9988
13063.800      0.9976     0.9988
13063.900      0.9967     0.9988
13064.000      0.9952     0.9988
13064.100      0.9931     0.9988
13064.200      0.9905     0.9988
13064.300      0.9868     0.9988
13064.400      0.9747     0.9988
13064.500      0.9585     0.9988
13064.600      0.9387     0.9988
13064.700      0.9185     0.9988
13064.800      0.9045     0.9988
13064.900      0.9019     0.9988
13065.000      0.9097     0.9988
13065.100      0.9242     0.9988
13065.200      0.9374     0.9988
13065.300      0.9420     0.9988
13065.400      0.9408     0.9988
13065.500      0.9331     0.9988
13065.600      0.9199     0.9988
13065.700      0.9033     0.9988
13065.800      0.8795     0.9988
13065.900      0.8396     0.9988
13066.000      0.7811     0.9988
13066.100      0.6995     0.9988
13066.200      0.6074     0.9988
13066.300      0.5167     0.9988
13066.400      0.4366     0.9988
13066.500      0.3734     0.9988
13066.600      0.3626     0.9988
13066.700      0.3904     0.9988
13066.800      0.4764     0.9988
13066.900      0.5692     0.9988
13067.000      0.6671     0.9988
13067.100      0.7652     0.9988
13067.200      0.8429     0.9988
13067.300      0.8952     0.9989
13067.400      0.9274     0.9989
13067.500      0.9469     0.9989
13067.600      0.9589     0.9989
13067.700      0.9672     0.9989
13067.800      0.9729     0.9989
13067.900      0.9773     0.9989
13068.000      0.9794     0.9989
13068.100      0.9791     0.9989
13068.200      0.9749     0.9989
13068.300      0.9648     0.9989
13068.400      0.9459     0.9989
13068.500      0.9077     0.9989
13068.600      0.8619     0.9989
13068.700      0.8196     0.9989
13068.800      0.7909     0.9989
13068.900      0.7845     0.9989
13069.000      0.8104     0.9989
13069.100      0.8433     0.9989
13069.200      0.8801     0.9989
13069.300      0.9169     0.9989
13069.400      0.9398     0.9989
13069.500      0.9543     0.9989
13069.600      0.9584     0.9989
13069.700      0.9608     0.9989
13069.800      0.9636     0.9988
13069.900      0.9676     0.9988
13070.000      0.9742     0.9988
13070.100      0.9831     0.9988
13070.200      0.9903     0.9988
13070.300      0.9917     0.9988
13070.400      0.9918     0.9988
13070.500      0.9916     0.9988
13070.600      0.9904     0.9988
13070.700      0.9880     0.9988
13070.800      0.9842     0.9989
13070.900      0.9793     0.9989
13071.000      0.9721     0.9989
13071.100      0.9601     0.9989
13071.200      0.9375     0.9989
13071.300      0.8927     0.9989
13071.400      0.8274     0.9989
13071.500      0.7635     0.9989
13071.600      0.7126     0.9989
13071.700      0.6793     0.9989
13071.800      0.7057     0.9989
13071.900      0.7509     0.9989
13072.000      0.8133     0.9989
13072.100      0.8767     0.9989
13072.200      0.9239     0.9989
13072.300      0.9538     0.9989
13072.400      0.9704     0.9989
13072.500      0.9777     0.9989
13072.600      0.9770     0.9989
13072.700      0.9717     0.9989
13072.800      0.9634     0.9989
13072.900      0.9536     0.9989
13073.000      0.9443     0.9989
13073.100      0.9477     0.9989
13073.200      0.9557     0.9989
13073.300      0.9683     0.9989
13073.400      0.9813     0.9989
13073.500      0.9905     0.9989
13073.600      0.9959     0.9989
13073.700      0.9985     0.9989
13073.800      0.9995     0.9989
13073.900      0.9993     0.9989
13074.000      0.9983     0.9989
13074.100      0.9966     0.9989
13074.200      0.9943     0.9988
13074.300      0.9920     0.9988
13074.400      0.9912     0.9988
13074.500      0.9905     0.9988
13074.600      0.9897     0.9988
13074.700      0.9889     0.9988
13074.800      0.9884     0.9988
13074.900      0.9886     0.9988
13075.000      0.9911     0.9987
13075.100      0.9955     0.9987
13075.200      0.9995     0.9987
13075.300      1.0017     0.9986
13075.400      1.0027     0.9986
13075.500      1.0021     0.9985
13075.600      1.0012     0.9985
13075.700      1.0001     0.9986
13075.800      0.9990     0.9986
13075.900      0.9991     0.9986
13076.000      0.9995     0.9986
13076.100      0.9983     0.9986
13076.200      0.9962     0.9984
13076.300      0.9957     0.9982
13076.400      0.9970     0.9978
13076.500      0.9979     0.9973
13076.600      0.9977     0.9965
13076.700      0.9978     0.9954
13076.800      0.9999     0.9943
13076.900      1.0020     0.9934
13077.000      0.9996     0.9933
13077.100      0.9970     0.9941
13077.200      0.9975     0.9953
13077.300      0.9990     0.9966
13077.400      1.0007     0.9977
13077.500      1.0024     0.9983
13077.600      1.0031     0.9986
13077.700      1.0023     0.9988
13077.800      1.0021     0.9989
13077.900      1.0033     0.9989
13078.000      1.0043     0.9989
13078.100      1.0038     0.9989
13078.200      1.0031     0.9989
13078.300      1.0022     0.9989
13078.400      1.0013     0.9989
13078.500      1.0005     0.9989
13078.600      0.9997     0.9989
13078.700      0.9978     0.9989
13078.800      0.9952     0.9989
13078.900      0.9942     0.9990
13079.000      0.9956     0.9990
13079.100      0.9967     0.9990
13079.200      0.9963     0.9990
13079.300      0.9947     0.9990
13079.400      0.9910     0.9990
13079.500      0.9873     0.9990
13079.600      0.9838     0.9990
13079.700      0.9803     0.9990
13079.800      0.9781     0.9990
13079.900      0.9763     0.9990
13080.000      0.9739     0.9990
13080.100      0.9693     0.9990
13080.200      0.9616     0.9990
13080.300      0.9476     0.9990
13080.400      0.9282     0.9990
13080.500      0.9010     0.9990
13080.600      0.8618     0.9990
13080.700      0.7910     0.9990
13080.800      0.6993     0.9990
13080.900      0.5784     0.9990
13081.000      0.4549     0.9990
13081.100      0.3654     0.9990
13081.200      0.3293     0.9990
13081.300      0.3624     0.9990
13081.400      0.4436     0.9990
13081.500      0.5458     0.9990
13081.600      0.6555     0.9990
13081.700      0.7596     0.9990
13081.800      0.8281     0.9990
13081.900      0.8781     0.9990
13082.000      0.9097     0.9990
13082.100      0.9326     0.9990
13082.200      0.9498     0.9990
13082.300      0.9621     0.9990
13082.400      0.9680     0.9990
13082.500      0.9715     0.9990
13082.600      0.9739     0.9989
13082.700      0.9760     0.9989
13082.800      0.9785     0.9989
13082.900      0.9815     0.9989
13083.000      0.9843     0.9989
13083.100      0.9863     0.9989
13083.200      0.9879     0.9990
13083.300      0.9894     0.9990
13083.400      0.9906     0.9990
13083.500      0.9914     0.9990
13083.600      0.9922     0.9990
13083.700      0.9932     0.9990
13083.800      0.9942     0.9990
13083.900      0.9950     0.9990
13084.000      0.9950     0.9990
13084.100      0.9944     0.9990
13084.200      0.9933     0.9990
13084.300      0.9923     0.9990
13084.400      0.9920     0.9990
13084.500      0.9924     0.9990
13084.600      0.9944     0.9990
13084.700      0.9965     0.9990
13084.800      0.9975     0.9990
13084.900      0.9981     0.9990
13085.000      0.9988     0.9990
13085.100      0.9995     0.9990
13085.200      0.9971     0.9990
13085.300      0.9906     0.9990
13085.400      0.9841     0.9990
13085.500      0.9783     0.9990
13085.600      0.9737     0.9990
13085.700      0.9728     0.9989
13085.800      0.9734     0.9988
13085.900      0.9754     0.9986
13086.000      0.9774     0.9985
13086.100      0.9792     0.9986
13086.200      0.9808     0.9986
13086.300      0.9849     0.9988
13086.400      0.9906     0.9989
13086.500      0.9958     0.9989
13086.600      0.9990     0.9990
13086.700      0.9996     0.9990
13086.800      0.9968     0.9990
13086.900      0.9941     0.9990
13087.000      0.9916     0.9990
13087.100      0.9892     0.9991
13087.200      0.9843     0.9991
13087.300      0.9781     0.9991
13087.400      0.9710     0.9990
13087.500      0.9631     0.9990
13087.600      0.9532     0.9990
13087.700      0.9424     0.9990
13087.800      0.9359     0.9990
13087.900      0.9395     0.9990
13088.000      0.9480     0.9991
13088.100      0.9598     0.9991
13088.200      0.9712     0.9991
13088.300      0.9733     0.9991
13088.400      0.9755     0.9991
13088.500      0.9820     0.9991
13088.600      0.9891     0.9991
13088.700      0.9926     0.9991
13088.800      0.9933     0.9991
13088.900      0.9924     0.9991
13089.000      0.9911     0.9991
13089.100      0.9925     0.9991
13089.200      0.9987     0.9991
13089.300      1.0047     0.9990
13089.400      1.0086     0.9990
13089.500      1.0096     0.9990
13089.600      0.9921     0.9989
13089.700      0.9747     0.9988
13089.800      0.9648     0.9987
13089.900      0.9584     0.9987
13090.000      0.9545     0.9987
13090.100      0.9510     0.9988
13090.200      0.9435     0.9989
13090.300      0.9321     0.9990
13090.400      0.9281     0.9990
13090.500      0.9395     0.9991
13090.600      0.9509     0.9991
13090.700      0.9617     0.9991
13090.800      0.9718     0.9991
13090.900      0.9780     0.9991
13091.000      0.9824     0.9991
13091.100      0.9850     0.9991
13091.200      0.9866     0.9991
13091.300      0.9873     0.9991
13091.400      0.9877     0.9991
13091.500      0.9881     0.9991
13091.600      0.9885     0.9991
13091.700      0.9871     0.9991
13091.800      0.9810     0.9991
13091.900      0.9742     0.9991
13092.000      0.9670     0.9991
13092.100      0.9597     0.9991
13092.200      0.9696     0.9991
13092.300      0.9803     0.9991
13092.400      0.9833     0.9991
13092.500      0.9842     0.9991
13092.600      0.9863     0.9991
13092.700      0.9896     0.9991
13092.800      0.9938     0.9991
13092.900      0.9984     0.9991
13093.000      1.0007     0.9991
13093.100      0.9971     0.9991
13093.200      0.9938     0.9991
13093.300      0.9933     0.9991
13093.400      0.9935     0.9991
13093.500      0.9941     0.9991
13093.600      0.9947     0.9991
13093.700      0.9941     0.9991
13093.800      0.9931     0.9991
13093.900      0.9933     0.9991
13094.000      0.9944     0.9991
13094.100      0.9955     0.9991
13094.200      0.9964     0.9991
13094.300      0.9961     0.9991
13094.400      0.9923     0.9991
13094.500      0.9880     0.9991
13094.600      0.9835     0.9991
13094.700      0.9790     0.9991
13094.800      0.9823     0.9991
13094.900      0.9865     0.9991
13095.000      0.9884     0.9991
13095.100      0.9873     0.9990
13095.200      0.9821     0.9991
13095.300      0.9751     0.9991
13095.400      0.9688     0.9991
13095.500      0.9642     0.9991
13095.600      0.9605     0.9991
13095.700      0.9575     0.9991
13095.800      0.9543     0.9991
13095.900      0.9456     0.9991
13096.000      0.9315     0.9991
13096.100      0.9097     0.9991
13096.200      0.8747     0.9991
13096.300      0.8083     0.9991
13096.400      0.7181     0.9991
13096.500      0.6089     0.9991
13096.600      0.4936     0.9991
13096.700      0.3920     0.9991
13096.800      0.3446     0.9991
13096.900      0.3515     0.9991
13097.000      0.4302     0.9991
13097.100      0.5260     0.9991
13097.200      0.6333     0.9991
13097.300      0.7405     0.9991
13097.400      0.8139     0.9991
13097.500      0.8653     0.9991
13097.600      0.9018     0.9991
13097.700      0.9279     0.9991
13097.800      0.9439     0.9991
13097.900      0.9529     0.9991
13098.000      0.9542     0.9991
13098.100      0.9511     0.9991
13098.200      0.9481     0.9991
13098.300      0.9457     0.9991
13098.400      0.9434     0.9991
13098.500      0.9391     0.9990
13098.600      0.9321     0.9989
13098.700      0.9074     0.9988
13098.800      0.8792     0.9987
13098.900      0.8511     0.9987
13099.000      0.8230     0.9988
13099.100      0.7994     0.9989
13099.200      0.7810     0.9990
13099.300      0.7552     0.9991
13099.400      0.7128     0.9991
13099.500      0.6705     0.9991
13099.600      0.6340     0.9991
13099.700      0.6054     0.9991
13099.800      0.6369     0.9991
13099.900      0.6877     0.9991
13100.000      0.7552     0.9990
13100.100      0.8244     0.9990
13100.200      0.8803     0.9990
13100.300      0.9169     0.9990
13100.400      0.9352     0.9991
13100.500      0.9437     0.9991
13100.600      0.9517     0.9991
13100.700      0.9595     0.9991
13100.800      0.9663     0.9991
13100.900      0.9696     0.9991
13101.000      0.9729     0.9991
13101.100      0.9808     0.9991
13101.200      0.9890     0.9991
13101.300      0.9871     0.9992
13101.400      0.9822     0.9992
13101.500      0.9799     0.9991
13101.600      0.9812     0.9991
13101.700      0.9852     0.9990
13101.800      0.9907     0.9988
13101.900      0.9924     0.9987
13102.000      0.9829     0.9985
13102.100      0.9743     0.9985
13102.200      0.9764     0.9987
13102.300      0.9784     0.9988
13102.400      0.9756     0.9990
13102.500      0.9723     0.9991
13102.600      0.9746     0.9991
13102.700      0.9788     0.9992
13102.800      0.9823     0.9992
13102.900      0.9854     0.9992
13103.000      0.9893     0.9992
13103.100      0.9947     0.9992
13103.200      0.9998     0.9992
13103.300      1.0029     0.9992
13103.400      1.0039     0.9992
13103.500      0.9993     0.9992
13103.600      0.9947     0.9992
13103.700      0.9933     0.9992
13103.800      0.9924     0.9992
13103.900      0.9882     0.9992
13104.000      0.9825     0.9992
13104.100      0.9789     0.9992
13104.200      0.9769     0.9992
13104.300      0.9736     0.9992
13104.400      0.9636     0.9992
13104.500      0.9471     0.9992
13104.600      0.9188     0.9992
13104.700      0.8783     0.9992
13104.800      0.8218     0.9992
13104.900      0.7488     0.9992
13105.000      0.6472     0.9992
13105.100      0.5423     0.9992
13105.200      0.4561     0.9992
13105.300      0.4063     0.9992
13105.400      0.4126     0.9992
13105.500      0.4705     0.9992
13105.600      0.5573     0.9992
13105.700      0.6570     0.9992
13105.800      0.7542     0.9992
13105.900      0.8272     0.9992
13106.000      0.8799     0.9992
13106.100      0.8961     0.9992
13106.200      0.8929     0.9992
13106.300      0.8674     0.9992
13106.400      0.8395     0.9992
13106.500      0.8121     0.9992
13106.600      0.7861     0.9992
13106.700      0.7854     0.9992
13106.800      0.8163     0.9992
13106.900      0.8544     0.9992
13107.000      0.8950     0.9992
13107.100      0.9335     0.9992
13107.200      0.9554     0.9992
13107.300      0.9713     0.9992
13107.400      0.9828     0.9992
13107.500      0.9918     0.9992
13107.600      0.9997     0.9992
13107.700      1.0055     0.9992
13107.800      1.0079     0.9991
13107.900      1.0056     0.9991
13108.000      0.9965     0.9991
13108.100      0.9833     0.9991
13108.200      0.9715     0.9992
13108.300      0.9657     0.9992
13108.400      0.9634     0.9992
13108.500      0.9647     0.9991
13108.600      0.9659     0.9991
13108.700      0.9552     0.9991
13108.800      0.9407     0.9991
13108.900      0.9233     0.9991
13109.000      0.9056     0.9991
13109.100      0.8932     0.9992
13109.200      0.8904     0.9992
13109.300      0.8974     0.9992
13109.400      0.9121     0.9992
13109.500      0.9304     0.9992
13109.600      0.9505     0.9992
13109.700      0.9691     0.9992
13109.800      0.9709     0.9992
13109.900      0.9703     0.9992
13110.000      0.9693     0.9992
13110.100      0.9662     0.9992
13110.200      0.9567     0.9992
13110.300      0.9402     0.9992
13110.400      0.9151     0.9991
13110.500      0.8868     0.9991
13110.600      0.8629     0.9990
13110.700      0.8538     0.9990
13110.800      0.8590     0.9990
13110.900      0.8807     0.9991
13111.000      0.9065     0.9991
13111.100      0.9347     0.9992
13111.200      0.9630     0.9992
13111.300      0.9795     0.9992
13111.400      0.9879     0.9992
13111.500      0.9868     0.9992
13111.600      0.9838     0.9992
13111.700      0.9874     0.9992
13111.800      0.9967     0.9992
13111.900      1.0021     0.9992
13112.000      1.0008     0.9992
13112.100      0.9994     0.9992
13112.200      0.9979     0.9992
13112.300      0.9965     0.9992
13112.400      1.0003     0.9992
13112.500      1.0042     0.9992
13112.600      0.9951     0.9992
13112.700      0.9839     0.9992
13112.800      0.9800     0.9992
13112.900      0.9804     0.9992
13113.000      0.9815     0.9992
13113.100      0.9831     0.9992
13113.200      0.9856     0.9992
13113.300      0.9888     0.9992
13113.400      0.9919     0.9992
13113.500      0.9947     0.9992
13113.600      0.9968     0.9992
13113.700      0.9886     0.9992
13113.800      0.9803     0.9992
13113.900      0.9766     0.9992
13114.000      0.9775     0.9992
13114.100      0.9853     0.9992
13114.200      0.9951     0.9992
13114.300      1.0002     0.9992
13114.400      0.9983     0.9992
13114.500      0.9937     0.9992
13114.600      0.9877     0.9992
13114.700      0.9844     0.9992
13114.800      0.9962     0.9992
13114.900      1.0080     0.9992
13115.000      1.0134     0.9992
13115.100      1.0131     0.9992
13115.200      1.0019     0.9992
13115.300      0.9888     0.9992
13115.400      0.9897     0.9992
13115.500      0.9990     0.9992
13115.600      1.0066     0.9992
13115.700      1.0093     0.9992
13115.800      1.0057     0.9992
13115.900      0.9952     0.9992
13116.000      0.9873     0.9992
13116.100      0.9982     0.9992
13116.200      1.0091     0.9992
13116.300      1.0160     0.9992
13116.400      1.0190     0.9992
13116.500      1.0139     0.9992
13116.600      1.0070     0.9991
13116.700      1.0030     0.9991
13116.800      1.0012     0.9989
13116.900      0.9999     0.9987
13117.000      0.9988     0.9985
13117.100      0.9978     0.9983
13117.200      0.9971     0.9983
13117.300      0.9962     0.9984
13117.400      0.9942     0.9986
13117.500      0.9923     0.9987
13117.600      0.9980     0.9988
13117.700      1.0045     0.9988
13117.800      1.0076     0.9988
13117.900      1.0068     0.9988
13118.000      1.0020     0.9989
13118.100      0.9955     0.9989
13118.200      0.9922     0.9990
13118.300      0.9955     0.9990
13118.400      1.0019     0.9991
13118.500      1.0103     0.9991
13118.600      1.0180     0.9991
13118.700      1.0150     0.9991
13118.800      1.0120     0.9992
13118.900      1.0116     0.9992
13119.000      1.0116     0.9992
13119.100      1.0101     0.9992
13119.200      1.0079     0.9992
13119.300      1.0066     0.9992
13119.400      1.0058     0.9992
13119.500      1.0040     0.9992
13119.600      1.0001     0.9992
13119.700      0.9964     0.9992
13119.800      0.9932     0.9992
13119.900      0.9907     0.9992
13120.000      0.9894     0.9992
13120.100      0.9896     0.9992
13120.200      0.9920     0.9992
13120.300      0.9968     0.9992
13120.400      1.0053     0.9992
13120.500      1.0149     0.9992
13120.600      1.0174     0.9992
13120.700      1.0110     0.9992
13120.800      1.0016     0.9992
13120.900      0.9911     0.9992
13121.000      0.9824     0.9992
13121.100      0.9820     0.9992
13121.200      0.9816     0.9992
13121.300      0.9757     0.9992
13121.400      0.9647     0.9992
13121.500      0.9417     0.9991
13121.600      0.9169     0.9990
13121.700      0.8924     0.9989
13121.800      0.8691     0.9986
13121.900      0.8564     0.9985
13122.000      0.8539     0.9984
13122.100      0.8514     0.9985
13122.200      0.8482     0.9987
13122.300      0.8405     0.9988
13122.400      0.8022     0.9989
13122.500      0.7475     0.9988
13122.600      0.6714     0.9986
13122.700      0.5949     0.9980
13122.800      0.5571     0.9963
13122.900      0.5593     0.9920
13123.000      0.6116     0.9830
13123.100      0.6816     0.9678
13123.200      0.7537     0.9481
13123.300      0.8261     0.9302
13123.400      0.8911     0.9219
13123.500      0.9283     0.9276
13123.600      0.9501     0.9442
13123.700      0.9581     0.9641
13123.800      0.9629     0.9805
13123.900      0.9665     0.9907
13124.000      0.9686     0.9957
13124.100      0.9698     0.9978
13124.200      0.9694     0.9985
13124.300      0.9667     0.9988
13124.400      0.9591     0.9989
13124.500      0.9398     0.9990
13124.600      0.9103     0.9991
13124.700      0.8805     0.9991
13124.800      0.8506     0.9992
13124.900      0.8231     0.9992
13125.000      0.8254     0.9992
13125.100      0.8406     0.9992
13125.200      0.8706     0.9992
13125.300      0.9013     0.9992
13125.400      0.9295     0.9993
13125.500      0.9533     0.9993
13125.600      0.9690     0.9993
13125.700      0.9775     0.9993
13125.800      0.9813     0.9993
13125.900      0.9830     0.9993
13126.000      0.9845     0.9993
13126.100      0.9858     0.9993
13126.200      0.9872     0.9993
13126.300      0.9889     0.9993
13126.400      0.9908     0.9993
13126.500      0.9933     0.9993
13126.600      0.9958     0.9993
13126.700      0.9983     0.9993
13126.800      1.0004     0.9993
13126.900      1.0004     0.9993
13127.000      0.9982     0.9993
13127.100      0.9955     0.9993
13127.200      0.9926     0.9993
13127.300      0.9896     0.9993
13127.400      0.9865     0.9993
13127.500      0.9835     0.9993
13127.600      0.9847     0.9993
13127.700      0.9867     0.9993
13127.800      0.9894     0.9993
13127.900      0.9921     0.9993
13128.000      0.9934     0.9993
13128.100      0.9927     0.9993
13128.200      0.9899     0.9993
13128.300      0.9860     0.9993
13128.400      0.9828     0.9993
13128.500      0.9808     0.9993
13128.600      0.9781     0.9993
13128.700      0.9704     0.9993
13128.800      0.9594     0.9993
13128.900      0.9458     0.9993
13129.000      0.9269     0.9993
13129.100      0.8977     0.9993
13129.200      0.8532     0.9993
13129.300      0.7732     0.9993
13129.400      0.6806     0.9993
13129.500      0.5908     0.9993
13129.600      0.5143     0.9992
13129.700      0.4723     0.9992
13129.800      0.5016     0.9992
13129.900      0.5679     0.9992
13130.000      0.6623     0.9992
13130.100      0.7567     0.9992
13130.200      0.8321     0.9992
13130.300      0.8916     0.9992
13130.400      0.9268     0.9992
13130.500      0.9491     0.9992
13130.600      0.9612     0.9991
13130.700      0.9703     0.9990
13130.800      0.9786     0.9990
13130.900      0.9863     0.9990
13131.000      0.9908     0.9990
13131.100      0.9895     0.9991
13131.200      0.9871     0.9991
13131.300      0.9842     0.9992
13131.400      0.9809     0.9991
13131.500      0.9771     0.9990
13131.600      0.9732     0.9990
13131.700      0.9709     0.9989
13131.800      0.9691     0.9989
13131.900      0.9672     0.9989
13132.000      0.9649     0.9990
13132.100      0.9584     0.9991
13132.200      0.9389     0.9992
13132.300      0.9033     0.9992
13132.400      0.8498     0.9993
13132.500      0.7971     0.9993
13132.600      0.7622     0.9993
13132.700      0.7447     0.9993
13132.800      0.7720     0.9993
13132.900      0.8111     0.9993
13133.000      0.8578     0.9993
13133.100      0.9054     0.9993
13133.200      0.9433     0.9993
13133.300      0.9674     0.9993
13133.400      0.9825     0.9993
13133.500      0.9915     0.9993
13133.600      0.9956     0.9994
13133.700      0.9967     0.9994
13133.800      0.9975     0.9994
13133.900      0.9982     0.9994
13134.000      0.9988     0.9994
13134.100      1.0005     0.9994
13134.200      1.0023     0.9994
13134.300      1.0027     0.9993
13134.400      1.0023     0.9993
13134.500      1.0018     0.9992
13134.600      1.0012     0.9990
13134.700      0.9997     0.9986
13134.800      0.9968     0.9982
13134.900      0.9940     0.9980
13135.000      0.9916     0.9980
13135.100      0.9896     0.9983
13135.200      0.9886     0.9987
13135.300      0.9875     0.9990
13135.400      0.9839     0.9992
13135.500      0.9773     0.9993
13135.600      0.9670     0.9993
13135.700      0.9533     0.9994
13135.800      0.9377     0.9994
13135.900      0.9193     0.9994
13136.000      0.8951     0.9994
13136.100      0.8559     0.9994
13136.200      0.7988     0.9994
13136.300      0.7130     0.9994
13136.400      0.6126     0.9994
13136.500      0.4973     0.9994
13136.600      0.3820     0.9994
13136.700      0.2843     0.9994
13136.800      0.2088     0.9994
13136.900      0.1580     0.9994
13137.000      0.1400     0.9994
13137.100      0.1620     0.9994
13137.200      0.2234     0.9994
13137.300      0.3216     0.9994
13137.400      0.4420     0.9994
13137.500      0.5614     0.9994
13137.600      0.6685     0.9994
13137.700      0.7632     0.9994
13137.800      0.8298     0.9994
13137.900      0.8781     0.9994
13138.000      0.9065     0.9994
13138.100      0.9263     0.9994
13138.200      0.9409     0.9994
13138.300      0.9521     0.9994
13138.400      0.9597     0.9994
13138.500      0.9650     0.9994
13138.600      0.9689     0.9994
13138.700      0.9721     0.9994
13138.800      0.9758     0.9994
13138.900      0.9827     0.9994
13139.000      0.9895     0.9994
13139.100      0.9921     0.9994
13139.200      0.9931     0.9994
13139.300      0.9930     0.9994
13139.400      0.9919     0.9994
13139.500      0.9902     0.9994
13139.600      0.9871     0.9994
13139.700      0.9804     0.9993
13139.800      0.9670     0.9993
13139.900      0.9475     0.9994
13140.000      0.9230     0.9994
13140.100      0.8992     0.9994
13140.200      0.8876     0.9994
13140.300      0.8860     0.9994
13140.400      0.9045     0.9994
13140.500      0.9259     0.9994
13140.600      0.9486     0.9994
13140.700      0.9714     0.9994
13140.800      0.9887     0.9994
13140.900      0.9979     0.9994
13141.000      1.0007     0.9994
13141.100      1.0004     0.9994
13141.200      1.0001     0.9994
13141.300      1.0001     0.9994
13141.400      1.0001     0.9994
13141.500      0.9996     0.9994
13141.600      0.9985     0.9994
13141.700      0.9949     0.9994
13141.800      0.9883     0.9994
13141.900      0.9784     0.9994
13142.000      0.9626     0.9994
13142.100      0.9373     0.9994
13142.200      0.8991     0.9994
13142.300      0.8455     0.9994
13142.400      0.7819     0.9994
13142.500      0.7226     0.9994
13142.600      0.6947     0.9994
13142.700      0.6932     0.9993
13142.800      0.7406     0.9993
13142.900      0.7923     0.9993
13143.000      0.8472     0.9993
13143.100      0.9021     0.9993
13143.200      0.9436     0.9993
13143.300      0.9706     0.9993
13143.400      0.9857     0.9993
13143.500      0.9939     0.9993
13143.600      0.9979     0.9994
13143.700      0.9998     0.9994
13143.800      1.0005     0.9994
13143.900      1.0005     0.9994
13144.000      0.9996     0.9994
13144.100      0.9973     0.9994
13144.200      0.9950     0.9994
13144.300      0.9935     0.9994
13144.400      0.9921     0.9994
13144.500      0.9903     0.9994
13144.600      0.9876     0.9994
13144.700      0.9835     0.9994
13144.800      0.9753     0.9994
13144.900      0.9604     0.9994
13145.000      0.9329     0.9994
13145.100      0.8944     0.9994
13145.200      0.8447     0.9994
13145.300      0.7949     0.9994
13145.400      0.7729     0.9994
13145.500      0.7709     0.9994
13145.600      0.8023     0.9994
13145.700      0.8385     0.9994
13145.800      0.8746     0.9994
13145.900      0.9099     0.9994
13146.000      0.9368     0.9994
13146.100      0.9508     0.9994
13146.200      0.9587     0.9994
13146.300      0.9637     0.9994
13146.400      0.9688     0.9994
13146.500      0.9751     0.9993
13146.600      0.9813     0.9993
13146.700      0.9858     0.9993
13146.800      0.9885     0.9994
13146.900      0.9891     0.9994
13147.000      0.9864     0.9994
13147.100      0.9796     0.9994
13147.200      0.9660     0.9994
13147.300      0.9434     0.9994
13147.400      0.9087     0.9994
13147.500      0.8600     0.9993
13147.600      0.7994     0.9992
13147.700      0.7404     0.9990
13147.800      0.7068     0.9989
13147.900      0.6944     0.9988
13148.000      0.7268     0.9988
13148.100      0.7653     0.9990
13148.200      0.8068     0.9991
13148.300      0.8484     0.9993
13148.400      0.8820     0.9994
13148.500      0.8995     0.9994
13148.600      0.9033     0.9994
13148.700      0.8888     0.9994
13148.800      0.8471     0.9994
13148.900      0.7754     0.9994
13149.000      0.7038     0.9994
13149.100      0.6407     0.9994
13149.200      0.5891     0.9994
13149.300      0.6023     0.9994
13149.400      0.6470     0.9994
13149.500      0.7204     0.9994
13149.600      0.7982     0.9993
13149.700      0.8665     0.9993
13149.800      0.9159     0.9993
13149.900      0.9477     0.9992
13150.000      0.9634     0.9990
13150.100      0.9687     0.9983
13150.200      0.9674     0.9965
13150.300      0.9662     0.9924
13150.400      0.9675     0.9846
13150.500      0.9700     0.9732
13150.600      0.9740     0.9608
13150.700      0.9782     0.9525
13150.800      0.9825     0.9524
13150.900      0.9868     0.9605
13151.000      0.9904     0.9729
13151.100      0.9923     0.9844
13151.200      0.9912     0.9923
13151.300      0.9870     0.9965
13151.400      0.9829     0.9983
13151.500      0.9799     0.9990
13151.600      0.9779     0.9992
13151.700      0.9798     0.9993
13151.800      0.9827     0.9993
13151.900      0.9865     0.9993
13152.000      0.9905     0.9994
13152.100      0.9925     0.9994
13152.200      0.9920     0.9993
13152.300      0.9894     0.9992
13152.400      0.9851     0.9990
13152.500      0.9794     0.9986
13152.600      0.9728     0.9982
13152.700      0.9647     0.9980
13152.800      0.9549     0.9980
13152.900      0.9452     0.9983
13153.000      0.9366     0.9987
13153.100      0.9280     0.9990
13153.200      0.9141     0.9993
13153.300      0.8908     0.9994
13153.400      0.8376     0.9994
13153.500      0.7717     0.9994
13153.600      0.7061     0.9994
13153.700      0.6429     0.9994
13153.800      0.6006     0.9994
13153.900      0.6196     0.9994
13154.000      0.6694     0.9994
13154.100      0.7446     0.9994
13154.200      0.8198     0.9994
13154.300      0.8767     0.9994
13154.400      0.9201     0.9994
13154.500      0.9482     0.9994
13154.600      0.9652     0.9994
13154.700      0.9706     0.9994
13154.800      0.9723     0.9994
13154.900      0.9732     0.9994
13155.000      0.9736     0.9994
13155.100      0.9729     0.9994
13155.200      0.9694     0.9994
13155.300      0.9623     0.9994
13155.400      0.9484     0.9995
13155.500      0.9345     0.9995
13155.600      0.9267     0.9995
13155.700      0.9193     0.9994
13155.800      0.9116     0.9994
13155.900      0.9025     0.9994
13156.000      0.8779     0.9994
13156.100      0.8283     0.9994
13156.200      0.7526     0.9994
13156.300      0.6616     0.9994
13156.400      0.5782     0.9994
13156.500      0.5400     0.9994
13156.600      0.5415     0.9994
13156.700      0.6074     0.9995
13156.800      0.6814     0.9995
13156.900      0.7609     0.9994
13157.000      0.8406     0.9994
13157.100      0.8968     0.9994
13157.200      0.9312     0.9994
13157.300      0.9483     0.9994
13157.400      0.9576     0.9994
13157.500      0.9639     0.9994
13157.600      0.9690     0.9994
13157.700      0.9726     0.9994
13157.800      0.9751     0.9994
13157.900      0.9760     0.9995
13158.000      0.9747     0.9995
13158.100      0.9693     0.9994
13158.200      0.9464     0.9994
13158.300      0.9213     0.9994
13158.400      0.8966     0.9994
13158.500      0.8731     0.9994
13158.600      0.8639     0.9994
13158.700      0.8738     0.9994
13158.800      0.8947     0.9994
13158.900      0.9206     0.9994
13159.000      0.9456     0.9994
13159.100      0.9642     0.9994
13159.200      0.9786     0.9994
13159.300      0.9884     0.9994
13159.400      0.9944     0.9994
13159.500      0.9955     0.9994
13159.600      0.9959     0.9994
13159.700      0.9963     0.9994
13159.800      0.9966     0.9994
13159.900      0.9981     0.9994
13160.000      1.0009     0.9994
13160.100      1.0023     0.9993
13160.200      1.0011     0.9992
13160.300      1.0004     0.9989
13160.400      1.0019     0.9985
13160.500      1.0033     0.9980
13160.600      1.0047     0.9977
13160.700      1.0060     0.9977
13160.800      1.0053     0.9980
13160.900      1.0039     0.9984
13161.000      1.0024     0.9988
13161.100      1.0007     0.9991
13161.200      0.9987     0.9993
13161.300      0.9959     0.9993
13161.400      0.9922     0.9993
13161.500      0.9863     0.9993
13161.600      0.9776     0.9993
13161.700      0.9641     0.9993
13161.800      0.9459     0.9993
13161.900      0.9196     0.9993
13162.000      0.8930     0.9993
13162.100      0.8792     0.9993
13162.200      0.8791     0.9992
13162.300      0.8974     0.9992
13162.400      0.9218     0.9992
13162.500      0.9458     0.9991
13162.600      0.9676     0.9991
13162.700      0.9840     0.9990
13162.800      0.9902     0.9989
13162.900      0.9946     0.9988
13163.000      0.9985     0.9986
13163.100      1.0009     0.9981
13163.200      0.9994     0.9968
13163.300      0.9976     0.9936
13163.400      0.9967     0.9866
13163.500      0.9971     0.9738
13163.600      1.0005     0.9549
13163.700      1.0054     0.9333
13163.800      1.0093     0.9161
13163.900      1.0103     0.9104
13164.000      1.0085     0.9186
13164.100      1.0040     0.9363
13164.200      0.9995     0.9553
13164.300      0.9960     0.9672
13164.400      0.9936     0.9669
13164.500      0.9949     0.9534
13164.600      0.9966     0.9295
13164.700      0.9982     0.9024
13164.800      0.9998     0.8812
13164.900      0.9995     0.8733
13165.000      0.9976     0.8805
13165.100      0.9973     0.8995
13165.200      0.9996     0.9240
13165.300      1.0024     0.9483
13165.400      1.0054     0.9684
13165.500      1.0081     0.9826
13165.600      1.0051     0.9911
13165.700      1.0021     0.9954
13165.800      0.9995     0.9974
13165.900      0.9974     0.9982
13166.000      0.9979     0.9986
13166.100      0.9993     0.9988
13166.200      1.0006     0.9989
13166.300      1.0017     0.9990
13166.400      1.0013     0.9990
13166.500      0.9985     0.9991
13166.600      0.9963     0.9991
13166.700      0.9960     0.9992
13166.800      0.9957     0.9992
13166.900      0.9932     0.9993
13167.000      0.9906     0.9993
13167.100      0.9917     0.9993
13167.200      0.9935     0.9993
13167.300      0.9925     0.9993
13167.400      0.9896     0.9993
13167.500      0.9857     0.9993
13167.600      0.9816     0.9993
13167.700      0.9783     0.9993
13167.800      0.9766     0.9993
13167.900      0.9747     0.9993
13168.000      0.9715     0.9994
13168.100      0.9672     0.9994
13168.200      0.9611     0.9994
13168.300      0.9531     0.9994
13168.400      0.9418     0.9994
13168.500      0.9287     0.9994
13168.600      0.9148     0.9994
13168.700      0.8994     0.9994
13168.800      0.8800     0.9994
13168.900      0.8514     0.9994
13169.000      0.8131     0.9994
13169.100      0.7603     0.9993
13169.200      0.6920     0.9992
13169.300      0.6039     0.9992
13169.400      0.5068     0.9992
13169.500      0.4014     0.9993
13169.600      0.2957     0.9993
13169.700      0.2383     0.9994
13169.800      0.2328     0.9994
13169.900      0.2927     0.9995
13170.000      0.3803     0.9995
13170.100      0.4763     0.9995
13170.200      0.5742     0.9995
13170.300      0.6597     0.9995
13170.400      0.6985     0.9995
13170.500      0.7108     0.9995
13170.600      0.6978     0.9995
13170.700      0.6847     0.9995
13170.800      0.6890     0.9995
13170.900      0.7081     0.9995
13171.000      0.7527     0.9995
13171.100      0.8022     0.9995
13171.200      0.8482     0.9995
13171.300      0.8875     0.9995
13171.400      0.9203     0.9995
13171.500      0.9449     0.9995
13171.600      0.9599     0.9995
13171.700      0.9661     0.9995
13171.800      0.9723     0.9995
13171.900      0.9788     0.9995
13172.000      0.9854     0.9995
13172.100      0.9846     0.9995
13172.200      0.9831     0.9995
13172.300      0.9816     0.9995
13172.400      0.9799     0.9995
13172.500      0.9780     0.9995
13172.600      0.9751     0.9995
13172.700      0.9695     0.9995
13172.800      0.9613     0.9995
13172.900      0.9540     0.9995
13173.000      0.9524     0.9994
13173.100      0.9544     0.9993
13173.200      0.9611     0.9992
13173.300      0.9685     0.9992
13173.400      0.9765     0.9992
13173.500      0.9844     0.9992
13173.600      0.9879     0.9993
13173.700      0.9894     0.9994
13173.800      0.9911     0.9994
13173.900      0.9929     0.9995
13174.000      0.9952     0.9995
13174.100      0.9979     0.9995
13174.200      1.0001     0.9995
13174.300      0.9999     0.9995
13174.400      0.9997     0.9995
13174.500      1.0009     0.9995
13174.600      1.0020     0.9995
13174.700      1.0024     0.9995
13174.800      1.0023     0.9995
13174.900      1.0017     0.9995
13175.000      1.0011     0.9995
13175.100      1.0004     0.9995
13175.200      0.9997     0.9995
13175.300      0.9996     0.9995
13175.400      1.0003     0.9995
13175.500      1.0001     0.9995
13175.600      0.9954     0.9995
13175.700      0.9908     0.9995
13175.800      0.9917     0.9995
13175.900      0.9932     0.9995
13176.000      0.9951     0.9995
13176.100      0.9971     0.9995
13176.200      0.9988     0.9994
13176.300      1.0001     0.9990
13176.400      1.0005     0.9979
13176.500      1.0003     0.9955
13176.600      1.0003     0.9914
13176.700      1.0007     0.9863
13176.800      1.0009     0.9819
13176.900      0.9992     0.9805
13177.000      0.9965     0.9828
13177.100      0.9926     0.9875
13177.200      0.9887     0.9925
13177.300      0.9917     0.9962
13177.400      0.9964     0.9982
13177.500      1.0006     0.9991
13177.600      1.0034     0.9994
13177.700      1.0028     0.9995
13177.800      0.9995     0.9995
13177.900      0.9979     0.9995
13178.000      1.0002     0.9995
13178.100      1.0022     0.9995
13178.200      1.0025     0.9995
13178.300      1.0027     0.9995
13178.400      1.0028     0.9995
13178.500      1.0029     0.9995
13178.600      1.0023     0.9995
13178.700      1.0012     0.9995
13178.800      0.9997     0.9995
13178.900      0.9974     0.9995
13179.000      0.9930     0.9995
13179.100      0.9848     0.9995
13179.200      0.9735     0.9995
13179.300      0.9599     0.9995
13179.400      0.9470     0.9995
13179.500      0.9433     0.9995
13179.600      0.9448     0.9995
13179.700      0.9537     0.9995
13179.800      0.9629     0.9994
13179.900      0.9709     0.9992
13180.000      0.9780     0.9990
13180.100      0.9847     0.9988
13180.200      0.9910     0.9987
13180.300      0.9957     0.9988
13180.400      0.9979     0.9991
13180.500      0.9984     0.9993
13180.600      0.9978     0.9994
13180.700      0.9970     0.9995
13180.800      0.9963     0.9995
13180.900      0.9955     0.9995
13181.000      0.9935     0.9995
13181.100      0.9914     0.9996
13181.200      0.9898     0.9996
13181.300      0.9884     0.9996
13181.400      0.9871     0.9996
13181.500      0.9857     0.9996
13181.600      0.9837     0.9996
13181.700      0.9804     0.9996
13181.800      0.9775     0.9996
13181.900      0.9761     0.9996
13182.000      0.9745     0.9996
13182.100      0.9664     0.9996
13182.200      0.9547     0.9996
13182.300      0.9408     0.9996
13182.400      0.9221     0.9996
13182.500      0.8936     0.9996
13182.600      0.8485     0.9996
13182.700      0.7758     0.9996
13182.800      0.6792     0.9996
13182.900      0.5694     0.9996
13183.000      0.4541     0.9996
13183.100      0.3488     0.9996
13183.200      0.3182     0.9996
13183.300      0.3380     0.9996
13183.400      0.4417     0.9996
13183.500      0.5453     0.9996
13183.600      0.6474     0.9996
13183.700      0.7459     0.9996
13183.800      0.8195     0.9996
13183.900      0.8688     0.9996
13184.000      0.9033     0.9996
13184.100      0.9282     0.9996
13184.200      0.9444     0.9996
13184.300      0.9548     0.9996
13184.400      0.9615     0.9996
13184.500      0.9660     0.9996
13184.600      0.9684     0.9996
13184.700      0.9693     0.9996
13184.800      0.9682     0.9996
13184.900      0.9651     0.9996
13185.000      0.9588     0.9996
13185.100      0.9480     0.9996
13185.200      0.9300     0.9996
13185.300      0.8982     0.9996
13185.400      0.8567     0.9996
13185.500      0.8183     0.9996
13185.600      0.7972     0.9996
13185.700      0.7949     0.9996
13185.800      0.8261     0.9996
13185.900      0.8581     0.9996
13186.000      0.8907     0.9996
13186.100      0.9233     0.9996
13186.200      0.9459     0.9995
13186.300      0.9588     0.9995
13186.400      0.9637     0.9995
13186.500      0.9629     0.9995
13186.600      0.9568     0.9995
13186.700      0.9486     0.9995
13186.800      0.9411     0.9995
13186.900      0.9375     0.9995
13187.000      0.9371     0.9995
13187.100      0.9408     0.9996
13187.200      0.9445     0.9996
13187.300      0.9418     0.9996
13187.400      0.9317     0.9996
13187.500      0.9117     0.9996
13187.600      0.8770     0.9996
13187.700      0.8210     0.9996
13187.800      0.7413     0.9996
13187.900      0.6351     0.9996
13188.000      0.5139     0.9996
13188.100      0.4005     0.9996
13188.200      0.3399     0.9996
13188.300      0.3287     0.9996
13188.400      0.4092     0.9996
13188.500      0.5080     0.9996
13188.600      0.6209     0.9996
13188.700      0.7342     0.9996
13188.800      0.8198     0.9996
13188.900      0.8774     0.9996
13189.000      0.9139     0.9996
13189.100      0.9378     0.9996
13189.200      0.9529     0.9996
13189.300      0.9634     0.9996
13189.400      0.9713     0.9996
13189.500      0.9779     0.9996
13189.600      0.9815     0.9996
13189.700      0.9769     0.9996
13189.800      0.9723     0.9996
13189.900      0.9698     0.9996
13190.000      0.9704     0.9996
13190.100      0.9786     0.9996
13190.200      0.9893     0.9996
13190.300      0.9991     0.9996
13190.400      1.0062     0.9996
13190.500      1.0099     0.9996
13190.600      1.0097     0.9996
13190.700      1.0071     0.9996
13190.800      1.0030     0.9996
13190.900      0.9989     0.9996
13191.000      0.9997     0.9996
13191.100      1.0006     0.9996
13191.200      0.9999     0.9996
13191.300      0.9990     0.9996
13191.400      1.0005     0.9996
13191.500      1.0032     0.9996
13191.600      1.0042     0.9996
13191.700      1.0028     0.9996
13191.800      1.0010     0.9996
13191.900      0.9990     0.9996
13192.000      0.9958     0.9996
13192.100      0.9896     0.9996
13192.200      0.9835     0.9996
13192.300      0.9795     0.9996
13192.400      0.9755     0.9996
13192.500      0.9670     0.9996
13192.600      0.9534     0.9996
13192.700      0.9352     0.9996
13192.800      0.9106     0.9996
13192.900      0.8768     0.9996
13193.000      0.8322     0.9996
13193.100      0.7768     0.9996
13193.200      0.7138     0.9996
13193.300      0.6530     0.9996
13193.400      0.6151     0.9996
13193.500      0.5907     0.9996
13193.600      0.5856     0.9996
13193.700      0.5811     0.9995
13193.800      0.5549     0.9995
13193.900      0.5225     0.9995
13194.000      0.5070     0.9995
13194.100      0.5191     0.9995
13194.200      0.5609     0.9995
13194.300      0.6201     0.9996
13194.400      0.6667     0.9996
13194.500      0.6733     0.9996
13194.600      0.6709     0.9996
13194.700      0.6631     0.9996
13194.800      0.6553     0.9996
13194.900      0.7012     0.9996
13195.000      0.7563     0.9996
13195.100      0.8152     0.9996
13195.200      0.8744     0.9996
13195.300      0.9193     0.9996
13195.400      0.9470     0.9996
13195.500      0.9661     0.9996
13195.600      0.9798     0.9996
13195.700      0.9879     0.9996
13195.800      0.9919     0.9996
13195.900      0.9951     0.9996
13196.000      0.9979     0.9996
13196.100      1.0007     0.9996
13196.200      1.0119     0.9996
13196.300      1.0241     0.9995
13196.400      1.0330     0.9995
13196.500      1.0365     0.9994
13196.600      1.0298     0.9994
13196.700      1.0179     0.9994
13196.800      1.0087     0.9994
13196.900      1.0059     0.9995
13197.000      1.0061     0.9995
13197.100      1.0080     0.9996
13197.200      1.0104     0.9996
13197.300      1.0128     0.9996
13197.400      1.0153     0.9996
13197.500      1.0162     0.9996
13197.600      1.0160     0.9996
13197.700      1.0153     0.9996
13197.800      1.0141     0.9996
13197.900      1.0125     0.9996
13198.000      1.0108     0.9996
13198.100      1.0092     0.9996
13198.200      1.0079     0.9996
13198.300      1.0068     0.9996
13198.400      1.0057     0.9996
13198.500      1.0048     0.9996
13198.600      1.0040     0.9995
13198.700      1.0032     0.9995
13198.800      0.9968     0.9995
13198.900      0.9893     0.9994
13199.000      0.9866     0.9994
13199.100      0.9861     0.9995
13199.200      0.9855     0.9995
13199.300      0.9846     0.9996
13199.400      0.9829     0.9996
13199.500      0.9793     0.9996
13199.600      0.9741     0.9996
13199.700      0.9669     0.9996
13199.800      0.9574     0.9996
13199.900      0.9452     0.9996
13200.000      0.9285     0.9996
13200.100      0.9043     0.9996
13200.200      0.8688     0.9996
13200.300      0.8138     0.9996
13200.400      0.7409     0.9996
13200.500      0.6512     0.9996
13200.600      0.5544     0.9996
13200.700      0.4589     0.9996
13200.800      0.3702     0.9996
13200.900      0.2877     0.9996
13201.000      0.2161     0.9996
13201.100      0.1600     0.9995
13201.200      0.1409     0.9995
13201.300      0.1584     0.9996
13201.400      0.2328     0.9996
13201.500      0.3317     0.9996
13201.600      0.4469     0.9996
13201.700      0.5651     0.9996
13201.800      0.6731     0.9996
13201.900      0.7536     0.9996
13202.000      0.8099     0.9996
13202.100      0.8427     0.9996
13202.200      0.8677     0.9996
13202.300      0.8890     0.9996
13202.400      0.9063     0.9996
13202.500      0.9207     0.9996
13202.600      0.9314     0.9996
13202.700      0.9374     0.9996
13202.800      0.9395     0.9996
13202.900      0.9389     0.9996
13203.000      0.9346     0.9996
13203.100      0.9242     0.9996
13203.200      0.9023     0.9996
13203.300      0.8678     0.9996
13203.400      0.8144     0.9996
13203.500      0.7404     0.9996
13203.600      0.6341     0.9996
13203.700      0.5278     0.9996
13203.800      0.4471     0.9996
13203.900      0.4001     0.9996
13204.000      0.4322     0.9996
13204.100      0.5042     0.9996
13204.200      0.5972     0.9996
13204.300      0.6946     0.9996
13204.400      0.7778     0.9996
13204.500      0.8236     0.9996
13204.600      0.8454     0.9996
13204.700      0.8483     0.9996
13204.800      0.8508     0.9996
13204.900      0.8531     0.9996
13205.000      0.8554     0.9996
13205.100      0.8775     0.9996
13205.200      0.9026     0.9996
13205.300      0.9261     0.9996
13205.400      0.9463     0.9996
13205.500      0.9584     0.9996
13205.600      0.9642     0.9996
13205.700      0.9687     0.9996
13205.800      0.9728     0.9996
13205.900      0.9762     0.9996
13206.000      0.9790     0.9996
13206.100      0.9812     0.9996
13206.200      0.9823     0.9996
13206.300      0.9834     0.9996
13206.400      0.9856     0.9996
13206.500      0.9879     0.9996
13206.600      0.9888     0.9996
13206.700      0.9887     0.9996
13206.800      0.9881     0.9996
13206.900      0.9873     0.9996
13207.000      0.9866     0.9996
13207.100      0.9862     0.9996
13207.200      0.9870     0.9996
13207.300      0.9909     0.9996
13207.400      0.9948     0.9996
13207.500      0.9924     0.9996
13207.600      0.9898     0.9996
13207.700      0.9874     0.9996
13207.800      0.9853     0.9996
13207.900      0.9842     0.9996
13208.000      0.9835     0.9996
13208.100      0.9827     0.9996
13208.200      0.9812     0.9996
13208.300      0.9792     0.9996
13208.400      0.9765     0.9996
13208.500      0.9744     0.9996
13208.600      0.9765     0.9996
13208.700      0.9794     0.9996
13208.800      0.9827     0.9996
13208.900      0.9860     0.9996
13209.000      0.9842     0.9996
13209.100      0.9802     0.9996
13209.200      0.9755     0.9996
13209.300      0.9706     0.9996
13209.400      0.9686     0.9996
13209.500      0.9702     0.9996
13209.600      0.9714     0.9996
13209.700      0.9691     0.9996
13209.800      0.9631     0.9996
13209.900      0.9483     0.9996
13210.000      0.9258     0.9996
13210.100      0.8893     0.9996
13210.200      0.8522     0.9996
13210.300      0.8162     0.9996
13210.400      0.7835     0.9996
13210.500      0.7752     0.9996
13210.600      0.7954     0.9996
13210.700      0.8352     0.9996
13210.800      0.8835     0.9996
13210.900      0.9274     0.9996
13211.000      0.9522     0.9996
13211.100      0.9678     0.9996
13211.200      0.9753     0.9996
13211.300      0.9799     0.9996
13211.400      0.9828     0.9996
13211.500      0.9844     0.9996
13211.600      0.9843     0.9996
13211.700      0.9839     0.9996
13211.800      0.9857     0.9996
13211.900      0.9893     0.9996
13212.000      0.9900     0.9996
13212.100      0.9862     0.9996
13212.200      0.9827     0.9996
13212.300      0.9813     0.9995
13212.400      0.9818     0.9995
13212.500      0.9863     0.9995
13212.600      0.9908     0.9996
13212.700      0.9850     0.9996
13212.800      0.9777     0.9996
13212.900      0.9702     0.9996
13213.000      0.9626     0.9996
13213.100      0.9534     0.9996
13213.200      0.9392     0.9996
13213.300      0.9179     0.9996
13213.400      0.8827     0.9996
13213.500      0.8343     0.9996
13213.600      0.7695     0.9996
13213.700      0.6918     0.9995
13213.800      0.5976     0.9994
13213.900      0.5034     0.9993
13214.000      0.4100     0.9993
13214.100      0.3188     0.9993
13214.200      0.2579     0.9994
13214.300      0.2458     0.9995
13214.400      0.2969     0.9996
13214.500      0.3930     0.9996
13214.600      0.5073     0.9996
13214.700      0.6282     0.9996
13214.800      0.7445     0.9996
13214.900      0.8255     0.9996
13215.000      0.8858     0.9996
13215.100      0.9236     0.9996
13215.200      0.9490     0.9996
13215.300      0.9648     0.9996
13215.400      0.9742     0.9996
13215.500      0.9764     0.9996
13215.600      0.9763     0.9996
13215.700      0.9751     0.9996
13215.800      0.9736     0.9996
13215.900      0.9752     0.9996
13216.000      0.9834     0.9996
13216.100      0.9915     0.9996
13216.200      0.9983     0.9996
13216.300      1.0035     0.9996
13216.400      1.0012     0.9996
13216.500      0.9986     0.9996
13216.600      0.9961     0.9996
13216.700      0.9939     0.9996
13216.800      0.9980     0.9994
13216.900      1.0059     0.9988
13217.000      1.0126     0.9976
13217.100      1.0167     0.9954
13217.200      1.0188     0.9922
13217.300      1.0195     0.9887
13217.400      1.0205     0.9862
13217.500      1.0242     0.9858
13217.600      1.0279     0.9878
13217.700      1.0236     0.9912
13217.800      1.0188     0.9946
13217.900      1.0143     0.9972
13218.000      1.0105     0.9986
13218.100      1.0093     0.9993
13218.200      1.0115     0.9995
13218.300      1.0165     0.9996
13218.400      1.0229     0.9996
13218.500      1.0275     0.9997
13218.600      1.0259     0.9997
13218.700      1.0228     0.9997
13218.800      1.0188     0.9997
13218.900      1.0148     0.9997
13219.000      1.0138     0.9997
13219.100      1.0143     0.9997
13219.200      1.0166     0.9997
13219.300      1.0192     0.9997
13219.400      1.0194     0.9997
13219.500      1.0177     0.9997
13219.600      1.0175     0.9997
13219.700      1.0194     0.9997
13219.800      1.0212     0.9997
13219.900      1.0220     0.9997
13220.000      1.0222     0.9997
13220.100      1.0216     0.9997
13220.200      1.0197     0.9997
13220.300      1.0120     0.9997
13220.400      1.0036     0.9997
13220.500      0.9990     0.9997
13220.600      0.9958     0.9997
13220.700      0.9915     0.9997
13220.800      0.9825     0.9997
13220.900      0.9635     0.9997
13221.000      0.9242     0.9997
13221.100      0.8681     0.9997
13221.200      0.7963     0.9997
13221.300      0.7249     0.9997
13221.400      0.6887     0.9997
13221.500      0.6807     0.9997
13221.600      0.7252     0.9997
13221.700      0.7821     0.9997
13221.800      0.8446     0.9997
13221.900      0.9078     0.9997
13222.000      0.9532     0.9996
13222.100      0.9752     0.9996
13222.200      0.9906     0.9996
13222.300      1.0024     0.9996
13222.400      1.0075     0.9995
13222.500      1.0052     0.9995
13222.600      1.0028     0.9996
13222.700      1.0022     0.9996
13222.800      1.0017     0.9996
13222.900      1.0012     0.9996
13223.000      1.0008     0.9996
13223.100      0.9983     0.9996
13223.200      0.9911     0.9996
13223.300      0.9747     0.9996
13223.400      0.9495     0.9997
13223.500      0.9210     0.9997
13223.600      0.8912     0.9997
13223.700      0.8645     0.9997
13223.800      0.8640     0.9997
13223.900      0.8765     0.9997
13224.000      0.9051     0.9997
13224.100      0.9340     0.9997
13224.200      0.9570     0.9997
13224.300      0.9721     0.9997
13224.400      0.9773     0.9997
13224.500      0.9724     0.9997
13224.600      0.9603     0.9997
13224.700      0.9396     0.9997
13224.800      0.9017     0.9997
13224.900      0.8390     0.9997
13225.000      0.7658     0.9997
13225.100      0.6852     0.9997
13225.200      0.6047     0.9997
13225.300      0.5890     0.9996
13225.400      0.6152     0.9996
13225.500      0.6959     0.9996
13225.600      0.7858     0.9996
13225.700      0.8637     0.9996
13225.800      0.9203     0.9996
13225.900      0.9562     0.9997
13226.000      0.9739     0.9997
13226.100      0.9797     0.9997
13226.200      0.9790     0.9997
13226.300      0.9784     0.9997
13226.400      0.9801     0.9997
13226.500      0.9829     0.9997
13226.600      0.9871     0.9997
13226.700      0.9914     0.9997
13226.800      0.9902     0.9997
13226.900      0.9872     0.9997
13227.000      0.9842     0.9997
13227.100      0.9812     0.9997
13227.200      0.9795     0.9997
13227.300      0.9797     0.9997
13227.400      0.9786     0.9997
13227.500      0.9699     0.9997
13227.600      0.9556     0.9996
13227.700      0.9335     0.9996
13227.800      0.9075     0.9995
13227.900      0.8774     0.9994
13228.000      0.8470     0.9993
13228.100      0.8337     0.9993
13228.200      0.8366     0.9993
13228.300      0.8530     0.9994
13228.400      0.8739     0.9995
13228.500      0.8896     0.9996
13228.600      0.8848     0.9996
13228.700      0.8621     0.9996
13228.800      0.8147     0.9996
13228.900      0.7432     0.9997
13229.000      0.6328     0.9997
13229.100      0.5224     0.9997
13229.200      0.4240     0.9997
13229.300      0.3472     0.9997
13229.400      0.3435     0.9997
13229.500      0.4001     0.9997
13229.600      0.5019     0.9997
13229.700      0.6184     0.9997
13229.800      0.7260     0.9997
13229.900      0.8029     0.9997
13230.000      0.8579     0.9997
13230.100      0.8906     0.9997
13230.200      0.9125     0.9997
13230.300      0.9276     0.9997
13230.400      0.9377     0.9997
13230.500      0.9445     0.9996
13230.600      0.9475     0.9996
13230.700      0.9460     0.9995
13230.800      0.9407     0.9994
13230.900      0.9332     0.9994
13231.000      0.9230     0.9994
13231.100      0.9092     0.9995
13231.200      0.8878     0.9996
13231.300      0.8549     0.9996
13231.400      0.7968     0.9996
13231.500      0.7227     0.9996
13231.600      0.6281     0.9996
13231.700      0.5332     0.9996
13231.800      0.4404     0.9997
13231.900      0.3524     0.9997
13232.000      0.2762     0.9997
13232.100      0.2253     0.9997
13232.200      0.2154     0.9997
13232.300      0.2609     0.9997
13232.400      0.3555     0.9997
13232.500      0.4845     0.9997
13232.600      0.6117     0.9997
13232.700      0.7130     0.9997
13232.800      0.7937     0.9997
13232.900      0.8391     0.9997
13233.000      0.8692     0.9997
13233.100      0.8894     0.9997
13233.200      0.9019     0.9997
13233.300      0.9084     0.9997
13233.400      0.9067     0.9997
13233.500      0.8841     0.9997
13233.600      0.8445     0.9997
13233.700      0.8060     0.9997
13233.800      0.7779     0.9997
13233.900      0.7640     0.9997
13234.000      0.7929     0.9997
13234.100      0.8311     0.9997
13234.200      0.8767     0.9997
13234.300      0.9225     0.9997
13234.400      0.9502     0.9997
13234.500      0.9663     0.9997
13234.600      0.9774     0.9997
13234.700      0.9856     0.9997
13234.800      0.9909     0.9997
13234.900      0.9939     0.9997
13235.000      0.9942     0.9997
13235.100      0.9921     0.9997
13235.200      0.9901     0.9997
13235.300      0.9894     0.9997
13235.400      0.9890     0.9997
13235.500      0.9886     0.9997
13235.600      0.9885     0.9997
13235.700      0.9897     0.9997
13235.800      0.9914     0.9997
13235.900      0.9929     0.9997
13236.000      0.9936     0.9997
13236.100      0.9916     0.9997
13236.200      0.9863     0.9997
13236.300      0.9835     0.9997
13236.400      0.9901     0.9997
13236.500      0.9966     0.9997
13236.600      1.0017     0.9997
13236.700      1.0046     0.9997
13236.800      0.9893     0.9997
13236.900      0.9713     0.9997
13237.000      0.9534     0.9997
13237.100      0.9355     0.9997
13237.200      0.9197     0.9997
13237.300      0.9112     0.9997
13237.400      0.9183     0.9997
13237.500      0.9438     0.9997
13237.600      0.9689     0.9997
13237.700      0.9893     0.9997
13237.800      1.0054     0.9997
13237.900      1.0096     0.9997
13238.000      1.0139     0.9997
13238.100      1.0203     0.9997
13238.200      1.0270     0.9997
13238.300      1.0274     0.9997
13238.400      1.0237     0.9997
13238.500      1.0191     0.9997
13238.600      1.0143     0.9997
13238.700      1.0108     0.9997
13238.800      1.0098     0.9997
13238.900      1.0089     0.9997
13239.000      1.0074     0.9997
13239.100      1.0056     0.9997
13239.200      1.0027     0.9997
13239.300      0.9994     0.9997
13239.400      0.9959     0.9997
13239.500      0.9918     0.9997
13239.600      0.9833     0.9997
13239.700      0.9671     0.9997
13239.800      0.9430     0.9997
13239.900      0.9081     0.9997
13240.000      0.8629     0.9997
13240.100      0.8038     0.9997
13240.200      0.7221     0.9997
13240.300      0.5984     0.9997
13240.400      0.4746     0.9997
13240.500      0.3543     0.9997
13240.600      0.2407     0.9997
13240.700      0.1965     0.9997
13240.800      0.2212     0.9996
13240.900      0.3260     0.9996
13241.000      0.4568     0.9996
13241.100      0.5869     0.9996
13241.200      0.7128     0.9996
13241.300      0.8258     0.9996
13241.400      0.9009     0.9996
13241.500      0.9544     0.9996
13241.600      0.9895     0.9995
13241.700      1.0131     0.9992
13241.800      1.0256     0.9986
13241.900      1.0360     0.9976
13242.000      1.0456     0.9963
13242.100      1.0545     0.9950
13242.200      1.0632     1.0000
13242.300      1.0722     1.0000
13242.400      1.0812     1.0000
13242.500      1.0903     1.0000
13242.600      1.0993     1.0000
13242.700      1.1083     1.0000
13242.800      1.1173     1.0000
13242.900      1.1263     1.0000
13243.000      1.1354     1.0000
