# t09572g430x+000m0                                           
# 1311713563.kgf                                              
# data\m42.fits                                               
# xmin,xmax,dshft,yshift,fz:  12900.00  13700.00   0.00000   0.00000   1.00000
# vw,rp,ifabs:   0.0    28300.   0
#                                                                     
# wave(A)   obs.spec.  the.spec.  overplot1  overplot2  overplot3  overplot4
13117.000      1.1145     1.0000
13117.100      1.1097     1.0000
13117.200      1.1048     1.0000
13117.300      1.0999     1.0000
13117.400      1.0950     1.0000
13117.500      1.0902     1.0000
13117.600      1.0853     1.0000
13117.700      1.0804     1.0000
13117.800      1.0756     1.0000
13117.900      1.0707     0.9988
13118.000      1.0658     0.9989
13118.100      1.0609     0.9989
13118.200      1.0561     0.9990
13118.300      1.0512     0.9990
13118.400      1.0463     0.9991
13118.500      1.0415     0.9991
13118.600      1.0366     0.9991
13118.700      1.0317     0.9991
13118.800      1.0269     0.9992
13118.900      1.0220     0.9992
13119.000      1.0171     0.9992
13119.100      1.0122     0.9992
13119.200      1.0072     0.9992
13119.300      1.0019     0.9992
13119.400      0.9982     0.9992
13119.500      0.9983     0.9992
13119.600      0.9993     0.9992
13119.700      1.0011     0.9992
13119.800      1.0028     0.9992
13119.900      1.0031     0.9992
13120.000      1.0024     0.9992
13120.100      1.0004     0.9992
13120.200      0.9980     0.9992
13120.300      0.9965     0.9992
13120.400      0.9960     0.9992
13120.500      0.9954     0.9992
13120.600      0.9949     0.9992
13120.700      0.9943     0.9992
13120.800      0.9945     0.9992
13120.900      0.9947     0.9992
13121.000      0.9949     0.9992
13121.100      0.9951     0.9992
13121.200      0.9948     0.9992
13121.300      0.9924     0.9992
13121.400      0.9829     0.9992
13121.500      0.9591     0.9991
13121.600      0.9278     0.9990
13121.700      0.8907     0.9989
13121.800      0.8536     0.9986
13121.900      0.8471     0.9985
13122.000      0.8484     0.9984
13122.100      0.8542     0.9985
13122.200      0.8606     0.9987
13122.300      0.8470     0.9988
13122.400      0.7970     0.9989
13122.500      0.7260     0.9988
13122.600      0.6411     0.9986
13122.700      0.5574     0.9980
13122.800      0.5335     0.9963
13122.900      0.5499     0.9920
13123.000      0.6343     0.9830
13123.100      0.7290     0.9678
13123.200      0.8174     0.9481
13123.300      0.8899     0.9302
13123.400      0.9380     0.9219
13123.500      0.9579     0.9276
13123.600      0.9685     0.9442
13123.700      0.9741     0.9641
13123.800      0.9782     0.9805
13123.900      0.9820     0.9907
13124.000      0.9847     0.9957
13124.100      0.9857     0.9978
13124.200      0.9837     0.9985
13124.300      0.9785     0.9988
13124.400      0.9673     0.9989
13124.500      0.9448     0.9990
13124.600      0.9066     0.9991
13124.700      0.8684     0.9991
13124.800      0.8369     0.9992
13124.900      0.8140     0.9992
13125.000      0.8322     0.9992
13125.100      0.8661     0.9992
13125.200      0.9082     0.9992
13125.300      0.9519     0.9992
13125.400      0.9854     0.9993
13125.500      0.9967     0.9993
13125.600      0.9996     0.9993
13125.700      0.9971     0.9993
13125.800      0.9945     0.9993
13125.900      0.9944     0.9993
13126.000      0.9945     0.9993
13126.100      0.9937     0.9993
13126.200      0.9925     0.9993
13126.300      0.9928     0.9993
13126.400      0.9958     0.9993
13126.500      1.0001     0.9993
13126.600      1.0053     0.9993
13126.700      1.0102     0.9993
13126.800      1.0094     0.9993
13126.900      1.0072     0.9993
13127.000      1.0043     0.9993
13127.100      1.0003     0.9993
13127.200      0.9936     0.9993
13127.300      0.9857     0.9993
13127.400      0.9797     0.9993
13127.500      0.9792     0.9993
13127.600      0.9830     0.9993
13127.700      0.9914     0.9993
13127.800      0.9997     0.9993
13127.900      1.0002     0.9993
13128.000      1.0002     0.9993
13128.100      1.0013     0.9993
13128.200      1.0027     0.9993
13128.300      1.0022     0.9993
13128.400      0.9974     0.9993
13128.500      0.9885     0.9993
13128.600      0.9757     0.9993
13128.700      0.9633     0.9993
13128.800      0.9557     0.9993
13128.900      0.9482     0.9993
13129.000      0.9330     0.9993
13129.100      0.9053     0.9993
13129.200      0.8468     0.9993
13129.300      0.7630     0.9993
13129.400      0.6644     0.9993
13129.500      0.5600     0.9993
13129.600      0.4667     0.9992
13129.700      0.4559     0.9992
13129.800      0.4938     0.9992
13129.900      0.6041     0.9992
13130.000      0.7167     0.9992
13130.100      0.8134     0.9992
13130.200      0.8873     0.9992
13130.300      0.9331     0.9992
13130.400      0.9574     0.9992
13130.500      0.9709     0.9992
13130.600      0.9793     0.9991
13130.700      0.9847     0.9990
13130.800      0.9890     0.9990
13130.900      0.9913     0.9990
13131.000      0.9909     0.9990
13131.100      0.9894     0.9991
13131.200      0.9868     0.9991
13131.300      0.9841     0.9992
13131.400      0.9816     0.9991
13131.500      0.9795     0.9990
13131.600      0.9775     0.9990
13131.700      0.9756     0.9989
13131.800      0.9738     0.9989
13131.900      0.9736     0.9989
13132.000      0.9734     0.9990
13132.100      0.9677     0.9991
13132.200      0.9512     0.9992
13132.300      0.9079     0.9992
13132.400      0.8469     0.9993
13132.500      0.7893     0.9993
13132.600      0.7528     0.9993
13132.700      0.7397     0.9993
13132.800      0.7826     0.9993
13132.900      0.8306     0.9993
13133.000      0.8821     0.9993
13133.100      0.9339     0.9993
13133.200      0.9674     0.9993
13133.300      0.9829     0.9993
13133.400      0.9883     0.9993
13133.500      0.9896     0.9993
13133.600      0.9914     0.9994
13133.700      0.9951     0.9994
13133.800      0.9988     0.9994
13133.900      1.0021     0.9994
13134.000      1.0048     0.9994
13134.100      1.0051     0.9994
13134.200      1.0047     0.9994
13134.300      1.0054     0.9993
13134.400      1.0072     0.9993
13134.500      1.0067     0.9992
13134.600      1.0008     0.9990
13134.700      0.9955     0.9986
13134.800      0.9959     0.9982
13134.900      0.9964     0.9980
13135.000      0.9970     0.9980
13135.100      0.9976     0.9983
13135.200      0.9971     0.9987
13135.300      0.9945     0.9990
13135.400      0.9889     0.9992
13135.500      0.9797     0.9993
13135.600      0.9686     0.9993
13135.700      0.9560     0.9994
13135.800      0.9410     0.9994
13135.900      0.9224     0.9994
13136.000      0.8971     0.9994
13136.100      0.8535     0.9994
13136.200      0.7881     0.9994
13136.300      0.6915     0.9994
13136.400      0.5804     0.9994
13136.500      0.4695     0.9994
13136.600      0.3594     0.9994
13136.700      0.2531     0.9994
13136.800      0.1869     0.9994
13136.900      0.1494     0.9994
13137.000      0.1421     0.9994
13137.100      0.1702     0.9994
13137.200      0.2537     0.9994
13137.300      0.3643     0.9994
13137.400      0.4873     0.9994
13137.500      0.6138     0.9994
13137.600      0.7335     0.9994
13137.700      0.8142     0.9994
13137.800      0.8720     0.9994
13137.900      0.9012     0.9994
13138.000      0.9220     0.9994
13138.100      0.9369     0.9994
13138.200      0.9491     0.9994
13138.300      0.9595     0.9994
13138.400      0.9682     0.9994
13138.500      0.9731     0.9994
13138.600      0.9744     0.9994
13138.700      0.9757     0.9994
13138.800      0.9789     0.9994
13138.900      0.9834     0.9994
13139.000      0.9904     0.9994
13139.100      0.9977     0.9994
13139.200      1.0026     0.9994
13139.300      1.0043     0.9994
13139.400      1.0036     0.9994
13139.500      1.0004     0.9994
13139.600      0.9944     0.9994
13139.700      0.9851     0.9993
13139.800      0.9717     0.9993
13139.900      0.9483     0.9994
13140.000      0.9248     0.9994
13140.100      0.9057     0.9994
13140.200      0.8942     0.9994
13140.300      0.9005     0.9994
13140.400      0.9202     0.9994
13140.500      0.9441     0.9994
13140.600      0.9695     0.9994
13140.700      0.9931     0.9994
13140.800      1.0006     0.9994
13140.900      1.0045     0.9994
13141.000      1.0053     0.9994
13141.100      1.0060     0.9994
13141.200      1.0070     0.9994
13141.300      1.0081     0.9994
13141.400      1.0085     0.9994
13141.500      1.0070     0.9994
13141.600      1.0039     0.9994
13141.700      0.9990     0.9994
13141.800      0.9922     0.9994
13141.900      0.9841     0.9994
13142.000      0.9723     0.9994
13142.100      0.9457     0.9994
13142.200      0.9029     0.9994
13142.300      0.8380     0.9994
13142.400      0.7640     0.9994
13142.500      0.7002     0.9994
13142.600      0.6765     0.9994
13142.700      0.6888     0.9993
13142.800      0.7531     0.9993
13142.900      0.8175     0.9993
13143.000      0.8789     0.9993
13143.100      0.9351     0.9993
13143.200      0.9661     0.9993
13143.300      0.9810     0.9993
13143.400      0.9899     0.9993
13143.500      0.9962     0.9993
13143.600      0.9994     0.9994
13143.700      1.0007     0.9994
13143.800      1.0021     0.9994
13143.900      1.0052     0.9994
13144.000      1.0084     0.9994
13144.100      1.0085     0.9994
13144.200      1.0068     0.9994
13144.300      1.0035     0.9994
13144.400      0.9999     0.9994
13144.500      0.9968     0.9994
13144.600      0.9945     0.9994
13144.700      0.9919     0.9994
13144.800      0.9833     0.9994
13144.900      0.9683     0.9994
13145.000      0.9319     0.9994
13145.100      0.8898     0.9994
13145.200      0.8439     0.9994
13145.300      0.7975     0.9994
13145.400      0.7670     0.9994
13145.500      0.7706     0.9994
13145.600      0.8004     0.9994
13145.700      0.8518     0.9994
13145.800      0.9029     0.9994
13145.900      0.9366     0.9994
13146.000      0.9593     0.9994
13146.100      0.9643     0.9994
13146.200      0.9667     0.9994
13146.300      0.9703     0.9994
13146.400      0.9747     0.9994
13146.500      0.9778     0.9993
13146.600      0.9782     0.9993
13146.700      0.9784     0.9993
13146.800      0.9785     0.9994
13146.900      0.9783     0.9994
13147.000      0.9771     0.9994
13147.100      0.9741     0.9994
13147.200      0.9677     0.9994
13147.300      0.9532     0.9994
13147.400      0.9135     0.9994
13147.500      0.8529     0.9993
13147.600      0.7924     0.9992
13147.700      0.7340     0.9990
13147.800      0.6803     0.9989
13147.900      0.6894     0.9988
13148.000      0.7206     0.9988
13148.100      0.7756     0.9990
13148.200      0.8330     0.9991
13148.300      0.8786     0.9993
13148.400      0.9060     0.9994
13148.500      0.9231     0.9994
13148.600      0.9288     0.9994
13148.700      0.9145     0.9994
13148.800      0.8625     0.9994
13148.900      0.7919     0.9994
13149.000      0.7013     0.9994
13149.100      0.6100     0.9994
13149.200      0.5706     0.9994
13149.300      0.5871     0.9994
13149.400      0.6561     0.9994
13149.500      0.7482     0.9994
13149.600      0.8357     0.9993
13149.700      0.8998     0.9993
13149.800      0.9459     0.9993
13149.900      0.9651     0.9992
13150.000      0.9747     0.9990
13150.100      0.9764     0.9983
13150.200      0.9757     0.9965
13150.300      0.9732     0.9924
13150.400      0.9703     0.9846
13150.500      0.9709     0.9732
13150.600      0.9772     0.9608
13150.700      0.9834     0.9525
13150.800      0.9895     0.9524
13150.900      0.9954     0.9605
13151.000      0.9959     0.9729
13151.100      0.9942     0.9844
13151.200      0.9911     0.9923
13151.300      0.9870     0.9965
13151.400      0.9816     0.9983
13151.500      0.9756     0.9990
13151.600      0.9728     0.9992
13151.700      0.9779     0.9993
13151.800      0.9830     0.9993
13151.900      0.9872     0.9993
13152.000      0.9906     0.9994
13152.100      0.9925     0.9994
13152.200      0.9931     0.9993
13152.300      0.9930     0.9992
13152.400      0.9915     0.9990
13152.500      0.9874     0.9986
13152.600      0.9796     0.9982
13152.700      0.9692     0.9980
13152.800      0.9568     0.9980
13152.900      0.9445     0.9983
13153.000      0.9349     0.9987
13153.100      0.9255     0.9990
13153.200      0.9110     0.9993
13153.300      0.8857     0.9994
13153.400      0.8321     0.9994
13153.500      0.7581     0.9994
13153.600      0.6848     0.9994
13153.700      0.6205     0.9994
13153.800      0.5717     0.9994
13153.900      0.6136     0.9994
13154.000      0.6762     0.9994
13154.100      0.7572     0.9994
13154.200      0.8394     0.9994
13154.300      0.9033     0.9994
13154.400      0.9422     0.9994
13154.500      0.9606     0.9994
13154.600      0.9666     0.9994
13154.700      0.9693     0.9994
13154.800      0.9706     0.9994
13154.900      0.9720     0.9994
13155.000      0.9745     0.9994
13155.100      0.9770     0.9994
13155.200      0.9719     0.9994
13155.300      0.9604     0.9994
13155.400      0.9442     0.9995
13155.500      0.9263     0.9995
13155.600      0.9134     0.9995
13155.700      0.9122     0.9994
13155.800      0.9108     0.9994
13155.900      0.9003     0.9994
13156.000      0.8788     0.9994
13156.100      0.8123     0.9994
13156.200      0.7323     0.9994
13156.300      0.6456     0.9994
13156.400      0.5578     0.9994
13156.500      0.5037     0.9994
13156.600      0.5254     0.9994
13156.700      0.5902     0.9995
13156.800      0.6889     0.9995
13156.900      0.7876     0.9994
13157.000      0.8578     0.9994
13157.100      0.9082     0.9994
13157.200      0.9306     0.9994
13157.300      0.9434     0.9994
13157.400      0.9522     0.9994
13157.500      0.9596     0.9994
13157.600      0.9663     0.9994
13157.700      0.9725     0.9994
13157.800      0.9777     0.9994
13157.900      0.9802     0.9995
13158.000      0.9791     0.9995
13158.100      0.9686     0.9994
13158.200      0.9501     0.9994
13158.300      0.9208     0.9994
13158.400      0.8882     0.9994
13158.500      0.8619     0.9994
13158.600      0.8546     0.9994
13158.700      0.8654     0.9994
13158.800      0.8980     0.9994
13158.900      0.9306     0.9994
13159.000      0.9550     0.9994
13159.100      0.9733     0.9994
13159.200      0.9834     0.9994
13159.300      0.9892     0.9994
13159.400      0.9923     0.9994
13159.500      0.9943     0.9994
13159.600      0.9953     0.9994
13159.700      0.9958     0.9994
13159.800      0.9964     0.9994
13159.900      0.9975     0.9994
13160.000      0.9985     0.9994
13160.100      0.9996     0.9993
13160.200      1.0006     0.9992
13160.300      1.0010     0.9989
13160.400      1.0006     0.9985
13160.500      0.9986     0.9980
13160.600      0.9956     0.9977
13160.700      0.9938     0.9977
13160.800      0.9968     0.9980
13160.900      0.9998     0.9984
13161.000      1.0009     0.9988
13161.100      1.0004     0.9991
13161.200      0.9969     0.9993
13161.300      0.9928     0.9993
13161.400      0.9908     0.9993
13161.500      0.9908     0.9993
13161.600      0.9875     0.9993
13161.700      0.9719     0.9993
13161.800      0.9473     0.9993
13161.900      0.9115     0.9993
13162.000      0.8757     0.9993
13162.100      0.8604     0.9993
13162.200      0.8623     0.9992
13162.300      0.8875     0.9992
13162.400      0.9196     0.9992
13162.500      0.9486     0.9991
13162.600      0.9695     0.9991
13162.700      0.9838     0.9990
13162.800      0.9908     0.9989
13162.900      0.9941     0.9988
13163.000      0.9937     0.9986
13163.100      0.9933     0.9981
13163.200      0.9938     0.9968
13163.300      0.9955     0.9936
13163.400      0.9985     0.9866
13163.500      1.0020     0.9738
13163.600      1.0030     0.9549
13163.700      0.9987     0.9333
13163.800      0.9945     0.9161
13163.900      0.9916     0.9104
13164.000      0.9889     0.9186
13164.100      0.9861     0.9363
13164.200      0.9833     0.9553
13164.300      0.9814     0.9672
13164.400      0.9807     0.9669
13164.500      0.9818     0.9534
13164.600      0.9842     0.9295
13164.700      0.9870     0.9024
13164.800      0.9898     0.8812
13164.900      0.9928     0.8733
13165.000      0.9957     0.8805
13165.100      0.9987     0.8995
13165.200      0.9998     0.9240
13165.300      0.9987     0.9483
13165.400      0.9950     0.9684
13165.500      0.9902     0.9826
13165.600      0.9877     0.9911
13165.700      0.9896     0.9954
13165.800      0.9916     0.9974
13165.900      0.9929     0.9982
13166.000      0.9936     0.9986
13166.100      0.9910     0.9988
13166.200      0.9878     0.9989
13166.300      0.9843     0.9990
13166.400      0.9809     0.9990
13166.500      0.9784     0.9991
13166.600      0.9783     0.9991
13166.700      0.9804     0.9992
13166.800      0.9844     0.9992
13166.900      0.9884     0.9993
13167.000      0.9878     0.9993
13167.100      0.9857     0.9993
13167.200      0.9820     0.9993
13167.300      0.9782     0.9993
13167.400      0.9770     0.9993
13167.500      0.9777     0.9993
13167.600      0.9779     0.9993
13167.700      0.9759     0.9993
13167.800      0.9728     0.9993
13167.900      0.9686     0.9993
13168.000      0.9631     0.9994
13168.100      0.9561     0.9994
13168.200      0.9477     0.9994
13168.300      0.9377     0.9994
13168.400      0.9270     0.9994
13168.500      0.9158     0.9994
13168.600      0.9042     0.9994
13168.700      0.8901     0.9994
13168.800      0.8660     0.9994
13168.900      0.8352     0.9994
13169.000      0.7991     0.9994
13169.100      0.7528     0.9993
13169.200      0.6842     0.9992
13169.300      0.5969     0.9992
13169.400      0.4883     0.9992
13169.500      0.3727     0.9993
13169.600      0.2691     0.9993
13169.700      0.2160     0.9994
13169.800      0.2130     0.9994
13169.900      0.2901     0.9995
13170.000      0.3868     0.9995
13170.100      0.4990     0.9995
13170.200      0.6117     0.9995
13170.300      0.6844     0.9995
13170.400      0.7148     0.9995
13170.500      0.7088     0.9995
13170.600      0.6868     0.9995
13170.700      0.6693     0.9995
13170.800      0.6751     0.9995
13170.900      0.6976     0.9995
13171.000      0.7480     0.9995
13171.100      0.7985     0.9995
13171.200      0.8468     0.9995
13171.300      0.8908     0.9995
13171.400      0.9229     0.9995
13171.500      0.9427     0.9995
13171.600      0.9545     0.9995
13171.700      0.9619     0.9995
13171.800      0.9677     0.9995
13171.900      0.9730     0.9995
13172.000      0.9769     0.9995
13172.100      0.9778     0.9995
13172.200      0.9769     0.9995
13172.300      0.9739     0.9995
13172.400      0.9705     0.9995
13172.500      0.9682     0.9995
13172.600      0.9672     0.9995
13172.700      0.9654     0.9995
13172.800      0.9613     0.9995
13172.900      0.9571     0.9995
13173.000      0.9529     0.9994
13173.100      0.9486     0.9993
13173.200      0.9533     0.9992
13173.300      0.9615     0.9992
13173.400      0.9712     0.9992
13173.500      0.9811     0.9992
13173.600      0.9893     0.9993
13173.700      0.9927     0.9994
13173.800      0.9932     0.9994
13173.900      0.9907     0.9995
13174.000      0.9883     0.9995
13174.100      0.9870     0.9995
13174.200      0.9871     0.9995
13174.300      0.9904     0.9995
13174.400      0.9947     0.9995
13174.500      0.9986     0.9995
13174.600      1.0014     0.9995
13174.700      1.0023     0.9995
13174.800      1.0008     0.9995
13174.900      0.9993     0.9995
13175.000      0.9991     0.9995
13175.100      0.9997     0.9995
13175.200      1.0015     0.9995
13175.300      1.0034     0.9995
13175.400      1.0036     0.9995
13175.500      1.0027     0.9995
13175.600      1.0018     0.9995
13175.700      1.0009     0.9995
13175.800      0.9999     0.9995
13175.900      0.9981     0.9995
13176.000      0.9962     0.9995
13176.100      0.9969     0.9995
13176.200      0.9977     0.9994
13176.300      0.9983     0.9990
13176.400      0.9987     0.9979
13176.500      0.9991     0.9955
13176.600      0.9997     0.9914
13176.700      0.9996     0.9863
13176.800      0.9979     0.9819
13176.900      0.9963     0.9805
13177.000      0.9973     0.9828
13177.100      0.9987     0.9875
13177.200      1.0006     0.9925
13177.300      1.0025     0.9962
13177.400      1.0026     0.9982
13177.500      1.0015     0.9991
13177.600      1.0016     0.9994
13177.700      1.0034     0.9995
13177.800      1.0045     0.9995
13177.900      1.0021     0.9995
13178.000      0.9998     0.9995
13178.100      0.9983     0.9995
13178.200      0.9979     0.9995
13178.300      0.9995     0.9995
13178.400      1.0018     0.9995
13178.500      1.0029     0.9995
13178.600      1.0029     0.9995
13178.700      1.0030     0.9995
13178.800      1.0036     0.9995
13178.900      1.0040     0.9995
13179.000      0.9999     0.9995
13179.100      0.9926     0.9995
13179.200      0.9800     0.9995
13179.300      0.9668     0.9995
13179.400      0.9547     0.9995
13179.500      0.9456     0.9995
13179.600      0.9439     0.9995
13179.700      0.9518     0.9995
13179.800      0.9633     0.9994
13179.900      0.9768     0.9992
13180.000      0.9904     0.9990
13180.100      0.9918     0.9988
13180.200      0.9928     0.9987
13180.300      0.9945     0.9988
13180.400      0.9967     0.9991
13180.500      0.9992     0.9993
13180.600      1.0016     0.9994
13180.700      1.0031     0.9995
13180.800      1.0019     0.9995
13180.900      1.0004     0.9995
13181.000      0.9989     0.9995
13181.100      0.9972     0.9996
13181.200      0.9955     0.9996
13181.300      0.9937     0.9996
13181.400      0.9911     0.9996
13181.500      0.9882     0.9996
13181.600      0.9853     0.9996
13181.700      0.9824     0.9996
13181.800      0.9795     0.9996
13181.900      0.9763     0.9996
13182.000      0.9727     0.9996
13182.100      0.9643     0.9996
13182.200      0.9526     0.9996
13182.300      0.9387     0.9996
13182.400      0.9203     0.9996
13182.500      0.8949     0.9996
13182.600      0.8545     0.9996
13182.700      0.7876     0.9996
13182.800      0.6843     0.9996
13182.900      0.5703     0.9996
13183.000      0.4496     0.9996
13183.100      0.3288     0.9996
13183.200      0.2978     0.9996
13183.300      0.3320     0.9996
13183.400      0.4398     0.9996
13183.500      0.5680     0.9996
13183.600      0.6864     0.9996
13183.700      0.7770     0.9996
13183.800      0.8442     0.9996
13183.900      0.8850     0.9996
13184.000      0.9131     0.9996
13184.100      0.9330     0.9996
13184.200      0.9470     0.9996
13184.300      0.9558     0.9996
13184.400      0.9615     0.9996
13184.500      0.9640     0.9996
13184.600      0.9652     0.9996
13184.700      0.9659     0.9996
13184.800      0.9665     0.9996
13184.900      0.9662     0.9996
13185.000      0.9613     0.9996
13185.100      0.9509     0.9996
13185.200      0.9249     0.9996
13185.300      0.8920     0.9996
13185.400      0.8534     0.9996
13185.500      0.8136     0.9996
13185.600      0.7866     0.9996
13185.700      0.7889     0.9996
13185.800      0.8117     0.9996
13185.900      0.8522     0.9996
13186.000      0.8926     0.9996
13186.100      0.9189     0.9996
13186.200      0.9372     0.9995
13186.300      0.9470     0.9995
13186.400      0.9515     0.9995
13186.500      0.9516     0.9995
13186.600      0.9492     0.9995
13186.700      0.9441     0.9995
13186.800      0.9376     0.9995
13186.900      0.9319     0.9995
13187.000      0.9338     0.9995
13187.100      0.9357     0.9996
13187.200      0.9351     0.9996
13187.300      0.9310     0.9996
13187.400      0.9218     0.9996
13187.500      0.9032     0.9996
13187.600      0.8729     0.9996
13187.700      0.8219     0.9996
13187.800      0.7410     0.9996
13187.900      0.6202     0.9996
13188.000      0.4993     0.9996
13188.100      0.3941     0.9996
13188.200      0.3111     0.9996
13188.300      0.3243     0.9996
13188.400      0.3978     0.9996
13188.500      0.5157     0.9996
13188.600      0.6457     0.9996
13188.700      0.7639     0.9996
13188.800      0.8425     0.9996
13188.900      0.8958     0.9996
13189.000      0.9233     0.9996
13189.100      0.9409     0.9996
13189.200      0.9510     0.9996
13189.300      0.9586     0.9996
13189.400      0.9648     0.9996
13189.500      0.9696     0.9996
13189.600      0.9715     0.9996
13189.700      0.9714     0.9996
13189.800      0.9715     0.9996
13189.900      0.9724     0.9996
13190.000      0.9742     0.9996
13190.100      0.9791     0.9996
13190.200      0.9841     0.9996
13190.300      0.9886     0.9996
13190.400      0.9925     0.9996
13190.500      0.9957     0.9996
13190.600      0.9980     0.9996
13190.700      0.9991     0.9996
13190.800      0.9990     0.9996
13190.900      0.9986     0.9996
13191.000      0.9981     0.9996
13191.100      0.9973     0.9996
13191.200      0.9953     0.9996
13191.300      0.9931     0.9996
13191.400      0.9948     0.9996
13191.500      0.9984     0.9996
13191.600      1.0003     0.9996
13191.700      0.9993     0.9996
13191.800      0.9969     0.9996
13191.900      0.9934     0.9996
13192.000      0.9884     0.9996
13192.100      0.9802     0.9996
13192.200      0.9720     0.9996
13192.300      0.9684     0.9996
13192.400      0.9660     0.9996
13192.500      0.9610     0.9996
13192.600      0.9496     0.9996
13192.700      0.9311     0.9996
13192.800      0.9022     0.9996
13192.900      0.8645     0.9996
13193.000      0.8177     0.9996
13193.100      0.7652     0.9996
13193.200      0.7063     0.9996
13193.300      0.6470     0.9996
13193.400      0.6111     0.9996
13193.500      0.5931     0.9996
13193.600      0.5842     0.9996
13193.700      0.5780     0.9995
13193.800      0.5644     0.9995
13193.900      0.5284     0.9995
13194.000      0.4944     0.9995
13194.100      0.5320     0.9995
13194.200      0.5772     0.9995
13194.300      0.6283     0.9996
13194.400      0.6797     0.9996
13194.500      0.6888     0.9996
13194.600      0.6678     0.9996
13194.700      0.6528     0.9996
13194.800      0.6615     0.9996
13194.900      0.6941     0.9996
13195.000      0.7639     0.9996
13195.100      0.8337     0.9996
13195.200      0.8885     0.9996
13195.300      0.9295     0.9996
13195.400      0.9494     0.9996
13195.500      0.9603     0.9996
13195.600      0.9683     0.9996
13195.700      0.9747     0.9996
13195.800      0.9784     0.9996
13195.900      0.9796     0.9996
13196.000      0.9809     0.9996
13196.100      0.9855     0.9996
13196.200      0.9901     0.9996
13196.300      0.9922     0.9995
13196.400      0.9936     0.9995
13196.500      0.9949     0.9994
13196.600      0.9963     0.9994
13196.700      0.9976     0.9994
13196.800      0.9989     0.9994
13196.900      0.9997     0.9995
13197.000      0.9980     0.9995
13197.100      0.9962     0.9996
13197.200      0.9947     0.9996
13197.300      0.9937     0.9996
13197.400      0.9944     0.9996
13197.500      0.9958     0.9996
13197.600      0.9971     0.9996
13197.700      0.9985     0.9996
13197.800      0.9997     0.9996
13197.900      0.9998     0.9996
13198.000      0.9989     0.9996
13198.100      0.9964     0.9996
13198.200      0.9929     0.9996
13198.300      0.9883     0.9996
13198.400      0.9835     0.9996
13198.500      0.9812     0.9996
13198.600      0.9807     0.9995
13198.700      0.9808     0.9995
13198.800      0.9810     0.9995
13198.900      0.9799     0.9994
13199.000      0.9717     0.9994
13199.100      0.9635     0.9995
13199.200      0.9605     0.9995
13199.300      0.9582     0.9996
13199.400      0.9562     0.9996
13199.500      0.9542     0.9996
13199.600      0.9508     0.9996
13199.700      0.9444     0.9996
13199.800      0.9358     0.9996
13199.900      0.9247     0.9996
13200.000      0.9096     0.9996
13200.100      0.8860     0.9996
13200.200      0.8515     0.9996
13200.300      0.7944     0.9996
13200.400      0.7213     0.9996
13200.500      0.6310     0.9996
13200.600      0.5360     0.9996
13200.700      0.4420     0.9996
13200.800      0.3530     0.9996
13200.900      0.2692     0.9996
13201.000      0.1983     0.9996
13201.100      0.1438     0.9995
13201.200      0.1264     0.9995
13201.300      0.1475     0.9996
13201.400      0.2369     0.9996
13201.500      0.3478     0.9996
13201.600      0.4644     0.9996
13201.700      0.5819     0.9996
13201.800      0.6879     0.9996
13201.900      0.7532     0.9996
13202.000      0.8009     0.9996
13202.100      0.8351     0.9996
13202.200      0.8612     0.9996
13202.300      0.8807     0.9996
13202.400      0.8971     0.9996
13202.500      0.9118     0.9996
13202.600      0.9242     0.9996
13202.700      0.9321     0.9996
13202.800      0.9330     0.9996
13202.900      0.9292     0.9996
13203.000      0.9215     0.9996
13203.100      0.9087     0.9996
13203.200      0.8912     0.9996
13203.300      0.8637     0.9996
13203.400      0.8067     0.9996
13203.500      0.7256     0.9996
13203.600      0.6225     0.9996
13203.700      0.5114     0.9996
13203.800      0.4150     0.9996
13203.900      0.3847     0.9996
13204.000      0.4067     0.9996
13204.100      0.5105     0.9996
13204.200      0.6144     0.9996
13204.300      0.7097     0.9996
13204.400      0.7913     0.9996
13204.500      0.8421     0.9996
13204.600      0.8649     0.9996
13204.700      0.8665     0.9996
13204.800      0.8588     0.9996
13204.900      0.8536     0.9996
13205.000      0.8633     0.9996
13205.100      0.8808     0.9996
13205.200      0.9085     0.9996
13205.300      0.9365     0.9996
13205.400      0.9551     0.9996
13205.500      0.9663     0.9996
13205.600      0.9727     0.9996
13205.700      0.9769     0.9996
13205.800      0.9797     0.9996
13205.900      0.9821     0.9996
13206.000      0.9845     0.9996
13206.100      0.9879     0.9996
13206.200      0.9913     0.9996
13206.300      0.9943     0.9996
13206.400      0.9969     0.9996
13206.500      0.9981     0.9996
13206.600      0.9984     0.9996
13206.700      0.9984     0.9996
13206.800      0.9983     0.9996
13206.900      0.9977     0.9996
13207.000      0.9961     0.9996
13207.100      0.9946     0.9996
13207.200      0.9967     0.9996
13207.300      0.9995     0.9996
13207.400      1.0029     0.9996
13207.500      1.0064     0.9996
13207.600      1.0064     0.9996
13207.700      1.0032     0.9996
13207.800      1.0007     0.9996
13207.900      0.9997     0.9996
13208.000      0.9985     0.9996
13208.100      0.9952     0.9996
13208.200      0.9918     0.9996
13208.300      0.9881     0.9996
13208.400      0.9845     0.9996
13208.500      0.9841     0.9996
13208.600      0.9861     0.9996
13208.700      0.9891     0.9996
13208.800      0.9924     0.9996
13208.900      0.9945     0.9996
13209.000      0.9919     0.9996
13209.100      0.9893     0.9996
13209.200      0.9884     0.9996
13209.300      0.9881     0.9996
13209.400      0.9883     0.9996
13209.500      0.9885     0.9996
13209.600      0.9864     0.9996
13209.700      0.9795     0.9996
13209.800      0.9697     0.9996
13209.900      0.9561     0.9996
13210.000      0.9349     0.9996
13210.100      0.8933     0.9996
13210.200      0.8516     0.9996
13210.300      0.8109     0.9996
13210.400      0.7725     0.9996
13210.500      0.7701     0.9996
13210.600      0.7990     0.9996
13210.700      0.8447     0.9996
13210.800      0.8963     0.9996
13210.900      0.9437     0.9996
13211.000      0.9690     0.9996
13211.100      0.9835     0.9996
13211.200      0.9850     0.9996
13211.300      0.9864     0.9996
13211.400      0.9896     0.9996
13211.500      0.9934     0.9996
13211.600      0.9970     0.9996
13211.700      1.0001     0.9996
13211.800      1.0017     0.9996
13211.900      1.0009     0.9996
13212.000      0.9993     0.9996
13212.100      0.9974     0.9996
13212.200      0.9952     0.9996
13212.300      0.9930     0.9995
13212.400      0.9907     0.9995
13212.500      0.9884     0.9995
13212.600      0.9860     0.9996
13212.700      0.9833     0.9996
13212.800      0.9795     0.9996
13212.900      0.9745     0.9996
13213.000      0.9667     0.9996
13213.100      0.9555     0.9996
13213.200      0.9387     0.9996
13213.300      0.9140     0.9996
13213.400      0.8740     0.9996
13213.500      0.8204     0.9996
13213.600      0.7560     0.9996
13213.700      0.6812     0.9995
13213.800      0.5913     0.9994
13213.900      0.4898     0.9993
13214.000      0.3889     0.9993
13214.100      0.3031     0.9993
13214.200      0.2358     0.9994
13214.300      0.2414     0.9995
13214.400      0.2963     0.9996
13214.500      0.4091     0.9996
13214.600      0.5357     0.9996
13214.700      0.6566     0.9996
13214.800      0.7591     0.9996
13214.900      0.8412     0.9996
13215.000      0.8923     0.9996
13215.100      0.9262     0.9996
13215.200      0.9470     0.9996
13215.300      0.9586     0.9996
13215.400      0.9604     0.9996
13215.500      0.9598     0.9996
13215.600      0.9578     0.9996
13215.700      0.9556     0.9996
13215.800      0.9560     0.9996
13215.900      0.9620     0.9996
13216.000      0.9689     0.9996
13216.100      0.9763     0.9996
13216.200      0.9837     0.9996
13216.300      0.9821     0.9996
13216.400      0.9797     0.9996
13216.500      0.9783     0.9996
13216.600      0.9785     0.9996
13216.700      0.9812     0.9996
13216.800      0.9855     0.9994
13216.900      0.9889     0.9988
13217.000      0.9891     0.9976
13217.100      0.9893     0.9954
13217.200      0.9899     0.9922
13217.300      0.9909     0.9887
13217.400      0.9960     0.9862
13217.500      1.0019     0.9858
13217.600      1.0048     0.9878
13217.700      1.0042     0.9912
13217.800      1.0021     0.9946
13217.900      0.9993     0.9972
13218.000      0.9972     0.9986
13218.100      0.9998     0.9993
13218.200      1.0023     0.9995
13218.300      1.0031     0.9996
13218.400      1.0030     0.9996
13218.500      1.0020     0.9997
13218.600      1.0007     0.9997
13218.700      1.0005     0.9997
13218.800      1.0017     0.9997
13218.900      1.0019     0.9997
13219.000      0.9995     0.9997
13219.100      0.9970     0.9997
13219.200      0.9955     0.9997
13219.300      0.9945     0.9997
13219.400      0.9940     0.9997
13219.500      0.9942     0.9997
13219.600      0.9958     0.9997
13219.700      0.9981     0.9997
13219.800      0.9999     0.9997
13219.900      1.0001     0.9997
13220.000      0.9994     0.9997
13220.100      0.9977     0.9997
13220.200      0.9949     0.9997
13220.300      0.9900     0.9997
13220.400      0.9845     0.9997
13220.500      0.9788     0.9997
13220.600      0.9726     0.9997
13220.700      0.9658     0.9997
13220.800      0.9567     0.9997
13220.900      0.9400     0.9997
13221.000      0.8999     0.9997
13221.100      0.8463     0.9997
13221.200      0.7770     0.9997
13221.300      0.7076     0.9997
13221.400      0.6725     0.9997
13221.500      0.6732     0.9997
13221.600      0.7232     0.9997
13221.700      0.7917     0.9997
13221.800      0.8562     0.9997
13221.900      0.9056     0.9997
13222.000      0.9414     0.9996
13222.100      0.9586     0.9996
13222.200      0.9709     0.9996
13222.300      0.9813     0.9996
13222.400      0.9888     0.9995
13222.500      0.9923     0.9995
13222.600      0.9931     0.9996
13222.700      0.9914     0.9996
13222.800      0.9887     0.9996
13222.900      0.9866     0.9996
13223.000      0.9861     0.9996
13223.100      0.9853     0.9996
13223.200      0.9767     0.9996
13223.300      0.9616     0.9996
13223.400      0.9326     0.9997
13223.500      0.9014     0.9997
13223.600      0.8752     0.9997
13223.700      0.8602     0.9997
13223.800      0.8623     0.9997
13223.900      0.8817     0.9997
13224.000      0.9048     0.9997
13224.100      0.9295     0.9997
13224.200      0.9543     0.9997
13224.300      0.9634     0.9997
13224.400      0.9648     0.9997
13224.500      0.9621     0.9997
13224.600      0.9528     0.9997
13224.700      0.9337     0.9997
13224.800      0.8983     0.9997
13224.900      0.8382     0.9997
13225.000      0.7510     0.9997
13225.100      0.6644     0.9997
13225.200      0.6065     0.9997
13225.300      0.5781     0.9996
13225.400      0.6393     0.9996
13225.500      0.7148     0.9996
13225.600      0.7898     0.9996
13225.700      0.8629     0.9996
13225.800      0.9209     0.9996
13225.900      0.9498     0.9997
13226.000      0.9668     0.9997
13226.100      0.9763     0.9997
13226.200      0.9814     0.9997
13226.300      0.9836     0.9997
13226.400      0.9837     0.9997
13226.500      0.9814     0.9997
13226.600      0.9787     0.9997
13226.700      0.9772     0.9997
13226.800      0.9770     0.9997
13226.900      0.9759     0.9997
13227.000      0.9728     0.9997
13227.100      0.9698     0.9997
13227.200      0.9683     0.9997
13227.300      0.9669     0.9997
13227.400      0.9655     0.9997
13227.500      0.9642     0.9997
13227.600      0.9532     0.9996
13227.700      0.9313     0.9996
13227.800      0.9022     0.9995
13227.900      0.8696     0.9994
13228.000      0.8399     0.9993
13228.100      0.8294     0.9993
13228.200      0.8304     0.9993
13228.300      0.8488     0.9994
13228.400      0.8677     0.9995
13228.500      0.8796     0.9996
13228.600      0.8789     0.9996
13228.700      0.8621     0.9996
13228.800      0.8193     0.9996
13228.900      0.7397     0.9997
13229.000      0.6237     0.9997
13229.100      0.5081     0.9997
13229.200      0.4086     0.9997
13229.300      0.3300     0.9997
13229.400      0.3482     0.9997
13229.500      0.4163     0.9997
13229.600      0.5260     0.9997
13229.700      0.6447     0.9997
13229.800      0.7508     0.9997
13229.900      0.8241     0.9997
13230.000      0.8747     0.9997
13230.100      0.9042     0.9997
13230.200      0.9237     0.9997
13230.300      0.9374     0.9997
13230.400      0.9461     0.9997
13230.500      0.9505     0.9996
13230.600      0.9515     0.9996
13230.700      0.9495     0.9995
13230.800      0.9447     0.9994
13230.900      0.9374     0.9994
13231.000      0.9269     0.9994
13231.100      0.9115     0.9995
13231.200      0.8851     0.9996
13231.300      0.8465     0.9996
13231.400      0.7865     0.9996
13231.500      0.7118     0.9996
13231.600      0.6209     0.9996
13231.700      0.5257     0.9996
13231.800      0.4311     0.9997
13231.900      0.3403     0.9997
13232.000      0.2570     0.9997
13232.100      0.2106     0.9997
13232.200      0.2004     0.9997
13232.300      0.2794     0.9997
13232.400      0.3826     0.9997
13232.500      0.5070     0.9997
13232.600      0.6336     0.9997
13232.700      0.7389     0.9997
13232.800      0.8084     0.9997
13232.900      0.8536     0.9997
13233.000      0.8807     0.9997
13233.100      0.8987     0.9997
13233.200      0.9130     0.9997
13233.300      0.9182     0.9997
13233.400      0.9031     0.9997
13233.500      0.8764     0.9997
13233.600      0.8383     0.9997
13233.700      0.7976     0.9997
13233.800      0.7678     0.9997
13233.900      0.7662     0.9997
13234.000      0.7878     0.9997
13234.100      0.8328     0.9997
13234.200      0.8778     0.9997
13234.300      0.9167     0.9997
13234.400      0.9492     0.9997
13234.500      0.9666     0.9997
13234.600      0.9764     0.9997
13234.700      0.9827     0.9997
13234.800      0.9866     0.9997
13234.900      0.9869     0.9997
13235.000      0.9847     0.9997
13235.100      0.9830     0.9997
13235.200      0.9869     0.9997
13235.300      0.9908     0.9997
13235.400      0.9917     0.9997
13235.500      0.9911     0.9997
13235.600      0.9893     0.9997
13235.700      0.9873     0.9997
13235.800      0.9875     0.9997
13235.900      0.9904     0.9997
13236.000      0.9920     0.9997
13236.100      0.9886     0.9997
13236.200      0.9853     0.9997
13236.300      0.9859     0.9997
13236.400      0.9865     0.9997
13236.500      0.9873     0.9997
13236.600      0.9881     0.9997
13236.700      0.9865     0.9997
13236.800      0.9797     0.9997
13236.900      0.9664     0.9997
13237.000      0.9473     0.9997
13237.100      0.9283     0.9997
13237.200      0.9137     0.9997
13237.300      0.9042     0.9997
13237.400      0.9162     0.9997
13237.500      0.9324     0.9997
13237.600      0.9505     0.9997
13237.700      0.9687     0.9997
13237.800      0.9795     0.9997
13237.900      0.9806     0.9997
13238.000      0.9813     0.9997
13238.100      0.9817     0.9997
13238.200      0.9821     0.9997
13238.300      0.9831     0.9997
13238.400      0.9841     0.9997
13238.500      0.9825     0.9997
13238.600      0.9802     0.9997
13238.700      0.9799     0.9997
13238.800      0.9811     0.9997
13238.900      0.9805     0.9997
13239.000      0.9751     0.9997
13239.100      0.9671     0.9997
13239.200      0.9568     0.9997
13239.300      0.9466     0.9997
13239.400      0.9428     0.9997
13239.500      0.9397     0.9997
13239.600      0.9306     0.9997
13239.700      0.9126     0.9997
13239.800      0.8880     0.9997
13239.900      0.8544     0.9997
13240.000      0.8102     0.9997
13240.100      0.7499     0.9997
13240.200      0.6712     0.9997
13240.300      0.5515     0.9997
13240.400      0.4319     0.9997
13240.500      0.3187     0.9997
13240.600      0.2204     0.9997
13240.700      0.1770     0.9997
13240.800      0.2064     0.9996
13240.900      0.2981     0.9996
13241.000      0.4278     0.9996
13241.100      0.5562     0.9996
13241.200      0.6665     0.9996
13241.300      0.7602     0.9996
13241.400      0.8214     0.9996
13241.500      0.8635     0.9996
13241.600      0.8882     0.9995
13241.700      0.9047     0.9992
13241.800      0.9161     0.9986
13241.900      0.9243     0.9976
13242.000      0.9289     0.9963
13242.100      0.9300     0.9950
13242.200      0.9258     0.9944
13242.300      0.9123     0.9947
13242.400      0.8874     0.9957
13242.500      0.8425     0.9971
13242.600      0.7814     0.9983
13242.700      0.7013     0.9990
13242.800      0.6151     0.9995
13242.900      0.5388     0.9996
13243.000      0.5027     0.9997
13243.100      0.5068     0.9997
13243.200      0.5733     0.9997
13243.300      0.6398     0.9997
13243.400      0.6998     0.9996
13243.500      0.7504     0.9996
13243.600      0.7672     0.9996
13243.700      0.7720     0.9996
13243.800      0.7820     0.9996
13243.900      0.8038     0.9996
13244.000      0.8367     0.9997
13244.100      0.8800     0.9997
13244.200      0.9229     0.9997
13244.300      0.9482     0.9997
13244.400      0.9651     0.9997
13244.500      0.9708     0.9997
13244.600      0.9751     0.9997
13244.700      0.9803     0.9997
13244.800      0.9863     0.9997
13244.900      0.9911     0.9997
13245.000      0.9928     0.9997
13245.100      0.9926     0.9997
13245.200      0.9905     0.9997
13245.300      0.9884     0.9997
13245.400      0.9883     0.9997
13245.500      0.9882     0.9996
13245.600      0.9882     0.9996
13245.700      0.9880     0.9996
13245.800      0.9874     0.9996
13245.900      0.9854     0.9996
13246.000      0.9808     0.9996
13246.100      0.9722     0.9996
13246.200      0.9636     0.9997
13246.300      0.9564     0.9997
13246.400      0.9509     0.9997
13246.500      0.9570     0.9997
13246.600      0.9654     0.9997
13246.700      0.9732     0.9997
13246.800      0.9800     0.9997
13246.900      0.9850     0.9997
13247.000      0.9881     0.9997
13247.100      0.9913     0.9997
13247.200      0.9949     0.9997
13247.300      0.9984     0.9997
13247.400      1.0002     0.9997
13247.500      1.0019     0.9997
13247.600      1.0037     0.9997
13247.700      1.0055     0.9997
13247.800      1.0068     0.9997
13247.900      1.0072     0.9997
13248.000      1.0071     0.9997
13248.100      1.0067     0.9997
13248.200      1.0064     0.9997
13248.300      1.0080     0.9997
13248.400      1.0095     0.9997
13248.500      1.0081     0.9997
13248.600      1.0061     0.9997
13248.700      1.0050     0.9997
13248.800      1.0044     0.9996
13248.900      1.0039     0.9996
13249.000      1.0029     0.9996
13249.100      1.0013     0.9996
13249.200      0.9979     0.9996
13249.300      0.9945     0.9996
13249.400      0.9946     0.9996
13249.500      0.9954     0.9996
13249.600      0.9966     0.9996
13249.700      0.9979     0.9996
13249.800      0.9989     0.9997
13249.900      0.9990     0.9997
13250.000      0.9979     0.9997
13250.100      0.9949     0.9997
13250.200      0.9920     0.9997
13250.300      0.9894     0.9997
13250.400      0.9872     0.9997
13250.500      0.9858     0.9997
13250.600      0.9845     0.9997
13250.700      0.9813     0.9997
13250.800      0.9771     0.9997
13250.900      0.9737     0.9997
13251.000      0.9722     0.9997
13251.100      0.9714     0.9997
13251.200      0.9709     0.9997
13251.300      0.9712     0.9997
13251.400      0.9739     0.9996
13251.500      0.9778     0.9996
13251.600      0.9831     0.9995
13251.700      0.9887     0.9994
13251.800      0.9916     0.9994
13251.900      0.9905     0.9994
13252.000      0.9878     0.9995
13252.100      0.9842     0.9995
13252.200      0.9791     0.9996
13252.300      0.9715     0.9996
13252.400      0.9640     0.9997
13252.500      0.9566     0.9997
13252.600      0.9493     0.9997
13252.700      0.9397     0.9997
13252.800      0.9230     0.9996
13252.900      0.8922     0.9996
13253.000      0.8362     0.9996
13253.100      0.7597     0.9996
13253.200      0.6642     0.9996
13253.300      0.5688     0.9996
13253.400      0.5401     0.9996
13253.500      0.5544     0.9995
13253.600      0.6303     0.9993
13253.700      0.7182     0.9990
13253.800      0.7990     0.9988
13253.900      0.8628     0.9986
13254.000      0.9089     0.9986
13254.100      0.9348     0.9988
13254.200      0.9504     0.9990
13254.300      0.9598     0.9993
13254.400      0.9633     0.9995
13254.500      0.9594     0.9996
13254.600      0.9547     0.9996
13254.700      0.9504     0.9997
13254.800      0.9471     0.9997
13254.900      0.9455     0.9997
13255.000      0.9455     0.9997
13255.100      0.9438     0.9997
13255.200      0.9262     0.9997
13255.300      0.8935     0.9997
13255.400      0.8135     0.9997
13255.500      0.7323     0.9997
13255.600      0.6523     0.9997
13255.700      0.5757     0.9996
13255.800      0.5431     0.9996
13255.900      0.5746     0.9995
13256.000      0.6469     0.9994
13256.100      0.7427     0.9993
13256.200      0.8362     0.9993
13256.300      0.8957     0.9993
13256.400      0.9379     0.9994
13256.500      0.9625     0.9995
13256.600      0.9775     0.9996
13256.700      0.9828     0.9996
13256.800      0.9856     0.9997
13256.900      0.9881     0.9997
13257.000      0.9902     0.9997
13257.100      0.9911     0.9997
13257.200      0.9890     0.9997
13257.300      0.9869     0.9997
13257.400      0.9874     0.9997
13257.500      0.9879     0.9997
13257.600      0.9883     0.9997
13257.700      0.9884     0.9997
13257.800      0.9873     0.9997
13257.900      0.9855     0.9997
13258.000      0.9846     0.9997
13258.100      0.9855     0.9997
13258.200      0.9861     0.9997
13258.300      0.9819     0.9997
13258.400      0.9727     0.9997
13258.500      0.9556     0.9997
13258.600      0.9268     0.9997
13258.700      0.8703     0.9997
13258.800      0.8033     0.9997
13258.900      0.7412     0.9997
13259.000      0.6996     0.9997
13259.100      0.6885     0.9997
13259.200      0.7329     0.9997
13259.300      0.7874     0.9997
13259.400      0.8485     0.9997
13259.500      0.9096     0.9996
13259.600      0.9456     0.9995
13259.700      0.9661     0.9994
13259.800      0.9783     0.9992
13259.900      0.9866     0.9991
13260.000      0.9917     0.9991
13260.100      0.9952     0.9992
13260.200      0.9976     0.9993
13260.300      0.9995     0.9993
13260.400      1.0008     0.9993
13260.500      1.0017     0.9991
13260.600      1.0019     0.9989
13260.700      1.0009     0.9988
13260.800      0.9993     0.9989
13260.900      1.0005     0.9991
13261.000      1.0048     0.9993
13261.100      1.0082     0.9995
13261.200      1.0069     0.9996
13261.300      1.0039     0.9997
13261.400      0.9992     0.9997
13261.500      0.9945     0.9997
13261.600      0.9965     0.9997
13261.700      1.0004     0.9997
13261.800      1.0014     0.9997
13261.900      1.0001     0.9997
13262.000      1.0001     0.9997
13262.100      1.0025     0.9997
13262.200      1.0043     0.9997
13262.300      1.0006     0.9997
13262.400      0.9944     0.9997
13262.500      0.9866     0.9997
13262.600      0.9764     0.9997
13262.700      0.9645     0.9997
13262.800      0.9480     0.9997
13262.900      0.9064     0.9997
13263.000      0.8391     0.9997
13263.100      0.7712     0.9997
13263.200      0.7030     0.9997
13263.300      0.6355     0.9997
13263.400      0.6482     0.9997
13263.500      0.6907     0.9997
13263.600      0.7671     0.9997
13263.700      0.8477     0.9997
13263.800      0.9117     0.9997
13263.900      0.9474     0.9997
13264.000      0.9612     0.9997
13264.100      0.9563     0.9997
13264.200      0.9374     0.9996
13264.300      0.9072     0.9996
13264.400      0.8769     0.9995
13264.500      0.8518     0.9995
13264.600      0.8348     0.9995
13264.700      0.8468     0.9995
13264.800      0.8705     0.9996
13264.900      0.8948     0.9997
13265.000      0.9193     0.9997
13265.100      0.9422     0.9997
13265.200      0.9587     0.9997
13265.300      0.9725     0.9997
13265.400      0.9850     0.9996
13265.500      0.9948     0.9996
13265.600      0.9995     0.9996
13265.700      1.0004     0.9996
13265.800      0.9972     0.9996
13265.900      0.9927     0.9997
13266.000      0.9884     0.9997
13266.100      0.9853     0.9997
13266.200      0.9841     0.9997
13266.300      0.9871     0.9997
13266.400      0.9902     0.9997
13266.500      0.9897     0.9997
13266.600      0.9889     0.9997
13266.700      0.9890     0.9997
13266.800      0.9904     0.9997
13266.900      0.9932     0.9997
13267.000      0.9969     0.9997
13267.100      0.9994     0.9997
13267.200      0.9983     0.9997
13267.300      0.9971     0.9997
13267.400      0.9966     0.9997
13267.500      0.9968     0.9997
13267.600      0.9983     0.9997
13267.700      0.9999     0.9997
13267.800      1.0006     0.9997
13267.900      0.9997     0.9997
13268.000      0.9976     0.9997
13268.100      0.9944     0.9997
13268.200      0.9896     0.9996
13268.300      0.9830     0.9995
13268.400      0.9764     0.9992
13268.500      0.9699     0.9989
13268.600      0.9634     0.9985
13268.700      0.9539     0.9983
13268.800      0.9378     0.9984
13268.900      0.9109     0.9987
13269.000      0.8635     0.9991
13269.100      0.7879     0.9993
13269.200      0.6799     0.9994
13269.300      0.5719     0.9994
13269.400      0.4718     0.9993
13269.500      0.3838     0.9992
13269.600      0.3885     0.9992
13269.700      0.4484     0.9993
13269.800      0.5523     0.9994
13269.900      0.6672     0.9995
13270.000      0.7697     0.9996
13270.100      0.8329     0.9997
13270.200      0.8688     0.9997
13270.300      0.8762     0.9997
13270.400      0.8571     0.9997
13270.500      0.7975     0.9997
13270.600      0.7362     0.9997
13270.700      0.6780     0.9997
13270.800      0.6287     0.9997
13270.900      0.6248     0.9997
13271.000      0.6607     0.9997
13271.100      0.6959     0.9997
13271.200      0.7232     0.9997
13271.300      0.7367     0.9997
13271.400      0.6652     0.9997
13271.500      0.5936     0.9997
13271.600      0.5300     0.9997
13271.700      0.4826     0.9997
13271.800      0.5006     0.9997
13271.900      0.5706     0.9997
13272.000      0.6622     0.9997
13272.100      0.7613     0.9996
13272.200      0.8539     0.9995
13272.300      0.9032     0.9992
13272.400      0.9355     0.9987
13272.500      0.9531     0.9983
13272.600      0.9648     0.9980
13272.700      0.9723     0.9980
13272.800      0.9777     0.9983
13272.900      0.9809     0.9987
13273.000      0.9834     0.9990
13273.100      0.9862     0.9991
13273.200      0.9900     0.9989
13273.300      0.9937     0.9987
13273.400      0.9950     0.9985
13273.500      0.9964     0.9985
13273.600      1.0004     0.9987
13273.700      1.0049     0.9989
13273.800      1.0038     0.9992
13273.900      0.9992     0.9994
13274.000      0.9955     0.9995
13274.100      0.9934     0.9996
13274.200      0.9904     0.9996
13274.300      0.9786     0.9996
13274.400      0.9592     0.9996
13274.500      0.9205     0.9997
13274.600      0.8809     0.9997
13274.700      0.8432     0.9997
13274.800      0.8109     0.9997
13274.900      0.8066     0.9997
13275.000      0.8344     0.9997
13275.100      0.8737     0.9997
13275.200      0.9180     0.9997
13275.300      0.9608     0.9997
13275.400      0.9803     0.9997
13275.500      0.9929     0.9997
13275.600      1.0000     0.9997
13275.700      1.0045     0.9997
13275.800      1.0062     0.9998
13275.900      1.0071     0.9998
13276.000      1.0079     0.9998
13276.100      1.0086     0.9998
13276.200      1.0094     0.9998
13276.300      1.0108     0.9998
13276.400      1.0123     0.9998
13276.500      1.0103     0.9998
13276.600      1.0080     0.9998
13276.700      1.0058     0.9998
13276.800      1.0034     0.9998
13276.900      1.0010     0.9998
13277.000      0.9982     0.9998
13277.100      0.9947     0.9998
13277.200      0.9897     0.9998
13277.300      0.9840     0.9998
13277.400      0.9782     0.9998
13277.500      0.9717     0.9998
13277.600      0.9645     0.9998
13277.700      0.9554     0.9998
13277.800      0.9419     0.9998
13277.900      0.9177     0.9998
13278.000      0.8720     0.9998
13278.100      0.7927     0.9998
13278.200      0.6893     0.9998
13278.300      0.5661     0.9998
13278.400      0.4429     0.9998
13278.500      0.3978     0.9998
13278.600      0.4088     0.9998
13278.700      0.5094     0.9998
13278.800      0.6286     0.9998
13278.900      0.7407     0.9998
13279.000      0.8331     0.9998
13279.100      0.9005     0.9998
13279.200      0.9355     0.9998
13279.300      0.9562     0.9998
13279.400      0.9667     0.9998
13279.500      0.9750     0.9997
13279.600      0.9823     0.9997
13279.700      0.9887     0.9998
13279.800      0.9943     0.9998
13279.900      0.9988     0.9998
13280.000      1.0008     0.9998
13280.100      1.0007     0.9998
13280.200      1.0005     0.9998
13280.300      1.0002     0.9998
13280.400      0.9996     0.9998
13280.500      0.9928     0.9998
13280.600      0.9844     0.9998
13280.700      0.9747     0.9998
13280.800      0.9648     0.9998
13280.900      0.9596     0.9998
13281.000      0.9612     0.9997
13281.100      0.9668     0.9997
13281.200      0.9744     0.9996
13281.300      0.9818     0.9995
13281.400      0.9861     0.9995
13281.500      0.9883     0.9994
13281.600      0.9880     0.9995
13281.700      0.9860     0.9996
13281.800      0.9827     0.9997
13281.900      0.9783     0.9997
13282.000      0.9728     0.9997
13282.100      0.9662     0.9998
13282.200      0.9584     0.9998
13282.300      0.9494     0.9998
13282.400      0.9385     0.9998
13282.500      0.9250     0.9998
13282.600      0.9071     0.9998
13282.700      0.8819     0.9998
13282.800      0.8447     0.9998
13282.900      0.7907     0.9998
13283.000      0.7142     0.9998
13283.100      0.6103     0.9998
13283.200      0.4847     0.9998
13283.300      0.3598     0.9998
13283.400      0.2530     0.9998
13283.500      0.1682     0.9998
13283.600      0.1623     0.9998
13283.700      0.2071     0.9998
13283.800      0.3071     0.9998
13283.900      0.4203     0.9998
13284.000      0.5193     0.9998
13284.100      0.5767     0.9998
13284.200      0.5902     0.9997
13284.300      0.5525     0.9997
13284.400      0.5147     0.9996
13284.500      0.5061     0.9995
13284.600      0.5239     0.9995
13284.700      0.6012     0.9994
13284.800      0.6908     0.9995
13284.900      0.7746     0.9995
13285.000      0.8437     0.9996
13285.100      0.8950     0.9997
13285.200      0.9244     0.9997
13285.300      0.9421     0.9998
13285.400      0.9514     0.9998
13285.500      0.9574     0.9998
13285.600      0.9613     0.9998
13285.700      0.9638     0.9998
13285.800      0.9646     0.9998
13285.900      0.9650     0.9998
13286.000      0.9652     0.9998
13286.100      0.9654     0.9998
13286.200      0.9657     0.9997
13286.300      0.9661     0.9997
13286.400      0.9665     0.9996
13286.500      0.9646     0.9995
13286.600      0.9605     0.9993
13286.700      0.9542     0.9991
13286.800      0.9439     0.9990
13286.900      0.9271     0.9990
13287.000      0.8996     0.9988
13287.100      0.8562     0.9980
13287.200      0.7986     0.9962
13287.300      0.7411     0.9931
13287.400      0.6855     0.9895
13287.500      0.6319     0.9868
13287.600      0.5865     0.9865
13287.700      0.5419     0.9886
13287.800      0.4659     0.9921
13287.900      0.3747     0.9955
13288.000      0.2846     0.9978
13288.100      0.2006     0.9991
13288.200      0.1393     0.9996
13288.300      0.1595     0.9997
13288.400      0.2244     0.9998
13288.500      0.3439     0.9998
13288.600      0.4635     0.9998
13288.700      0.5757     0.9998
13288.800      0.6762     0.9998
13288.900      0.7579     0.9998
13289.000      0.8186     0.9998
13289.100      0.8626     0.9998
13289.200      0.8939     0.9997
13289.300      0.9145     0.9997
13289.400      0.9265     0.9997
13289.500      0.9363     0.9996
13289.600      0.9455     0.9996
13289.700      0.9531     0.9995
13289.800      0.9589     0.9996
13289.900      0.9619     0.9996
13290.000      0.9593     0.9997
13290.100      0.9531     0.9997
13290.200      0.9472     0.9998
13290.300      0.9426     0.9998
13290.400      0.9391     0.9998
13290.500      0.9371     0.9998
13290.600      0.9363     0.9998
13290.700      0.9373     0.9998
13290.800      0.9386     0.9998
13290.900      0.9364     0.9998
13291.000      0.9277     0.9998
13291.100      0.9139     0.9998
13291.200      0.8942     0.9998
13291.300      0.8685     0.9998
13291.400      0.8361     0.9998
13291.500      0.7937     0.9997
13291.600      0.7325     0.9997
13291.700      0.6518     0.9997
13291.800      0.5377     0.9997
13291.900      0.4145     0.9997
13292.000      0.2954     0.9997
13292.100      0.1945     0.9997
13292.200      0.1237     0.9997
13292.300      0.1242     0.9997
13292.400      0.1736     0.9998
13292.500      0.2879     0.9998
13292.600      0.4021     0.9998
13292.700      0.5153     0.9998
13292.800      0.6259     0.9998
13292.900      0.7113     0.9998
13293.000      0.7621     0.9998
13293.100      0.7877     0.9998
13293.200      0.7956     0.9998
13293.300      0.7919     0.9997
13293.400      0.7805     0.9997
13293.500      0.7691     0.9996
13293.600      0.7673     0.9995
13293.700      0.7763     0.9994
13293.800      0.8099     0.9994
13293.900      0.8509     0.9994
13294.000      0.8902     0.9995
13294.100      0.9236     0.9996
13294.200      0.9492     0.9997
13294.300      0.9627     0.9997
13294.400      0.9714     0.9998
13294.500      0.9781     0.9998
13294.600      0.9810     0.9998
13294.700      0.9797     0.9997
13294.800      0.9730     0.9997
13294.900      0.9590     0.9998
13295.000      0.9382     0.9998
13295.100      0.9104     0.9998
13295.200      0.8787     0.9998
13295.300      0.8518     0.9998
13295.400      0.8582     0.9998
13295.500      0.8771     0.9998
13295.600      0.9091     0.9997
13295.700      0.9415     0.9996
13295.800      0.9636     0.9995
13295.900      0.9751     0.9995
13296.000      0.9807     0.9994
13296.100      0.9797     0.9994
13296.200      0.9687     0.9995
13296.300      0.9440     0.9996
13296.400      0.9102     0.9997
13296.500      0.8665     0.9997
13296.600      0.8229     0.9998
13296.700      0.8085     0.9998
13296.800      0.8182     0.9998
13296.900      0.8545     0.9998
13297.000      0.8991     0.9998
13297.100      0.9399     0.9998
13297.200      0.9684     0.9998
13297.300      0.9864     0.9998
13297.400      0.9914     0.9998
13297.500      0.9919     0.9998
13297.600      0.9887     0.9997
13297.700      0.9853     0.9997
13297.800      0.9844     0.9997
13297.900      0.9844     0.9997
13298.000      0.9829     0.9997
13298.100      0.9786     0.9997
13298.200      0.9723     0.9998
13298.300      0.9645     0.9998
13298.400      0.9572     0.9998
13298.500      0.9591     0.9998
13298.600      0.9646     0.9998
13298.700      0.9744     0.9998
13298.800      0.9847     0.9998
13298.900      0.9920     0.9998
13299.000      0.9956     0.9998
13299.100      0.9966     0.9998
13299.200      0.9958     0.9998
13299.300      0.9933     0.9998
13299.400      0.9895     0.9998
13299.500      0.9835     0.9998
13299.600      0.9732     0.9998
13299.700      0.9563     0.9998
13299.800      0.9249     0.9997
13299.900      0.8779     0.9997
13300.000      0.8116     0.9996
13300.100      0.7364     0.9994
13300.200      0.6687     0.9992
13300.300      0.6369     0.9991
13300.400      0.6357     0.9991
13300.500      0.6861     0.9993
13300.600      0.7365     0.9995
13300.700      0.7747     0.9996
13300.800      0.7953     0.9997
13300.900      0.7870     0.9998
13301.000      0.7472     0.9998
13301.100      0.6775     0.9998
13301.200      0.5871     0.9998
13301.300      0.4861     0.9998
13301.400      0.3792     0.9998
13301.500      0.2722     0.9998
13301.600      0.2032     0.9998
13301.700      0.1733     0.9998
13301.800      0.2173     0.9998
13301.900      0.3058     0.9998
13302.000      0.4279     0.9998
13302.100      0.5598     0.9997
13302.200      0.6829     0.9997
13302.300      0.7711     0.9997
13302.400      0.8369     0.9997
13302.500      0.8781     0.9997
13302.600      0.9083     0.9998
13302.700      0.9309     0.9998
13302.800      0.9483     0.9998
13302.900      0.9611     0.9998
13303.000      0.9706     0.9998
13303.100      0.9769     0.9998
13303.200      0.9810     0.9998
13303.300      0.9838     0.9998
13303.400      0.9858     0.9998
13303.500      0.9859     0.9998
13303.600      0.9721     0.9998
13303.700      0.9580     0.9998
13303.800      0.9440     0.9998
13303.900      0.9305     0.9998
13304.000      0.9297     0.9998
13304.100      0.9421     0.9998
13304.200      0.9574     0.9998
13304.300      0.9736     0.9998
13304.400      0.9885     0.9998
13304.500      0.9873     0.9998
13304.600      0.9826     0.9998
13304.700      0.9746     0.9998
13304.800      0.9664     0.9998
13304.900      0.9624     0.9998
13305.000      0.9638     0.9998
13305.100      0.9706     0.9998
13305.200      0.9804     0.9998
13305.300      0.9902     0.9998
13305.400      0.9991     0.9998
13305.500      1.0070     0.9998
13305.600      1.0087     0.9998
13305.700      1.0052     0.9998
13305.800      0.9961     0.9998
13305.900      0.9813     0.9998
13306.000      0.9610     0.9998
13306.100      0.9344     0.9998
13306.200      0.9012     0.9998
13306.300      0.8593     0.9998
13306.400      0.8057     0.9998
13306.500      0.7317     0.9998
13306.600      0.6577     0.9998
13306.700      0.5963     0.9998
13306.800      0.5551     0.9998
13306.900      0.5750     0.9998
13307.000      0.6359     0.9998
13307.100      0.7172     0.9998
13307.200      0.8049     0.9998
13307.300      0.8852     0.9998
13307.400      0.9285     0.9998
13307.500      0.9541     0.9998
13307.600      0.9649     0.9998
13307.700      0.9655     0.9998
13307.800      0.9588     0.9998
13307.900      0.9443     0.9998
13308.000      0.9230     0.9998
13308.100      0.8908     0.9998
13308.200      0.8330     0.9998
13308.300      0.7453     0.9998
13308.400      0.6570     0.9998
13308.500      0.5684     0.9997
13308.600      0.4799     0.9997
13308.700      0.4582     0.9995
13308.800      0.4686     0.9993
13308.900      0.4991     0.9990
13309.000      0.5430     0.9989
13309.100      0.6040     0.9989
13309.200      0.6727     0.9990
13309.300      0.7410     0.9993
13309.400      0.8044     0.9995
13309.500      0.8617     0.9997
13309.600      0.8781     0.9997
13309.700      0.8774     0.9998
13309.800      0.8632     0.9998
13309.900      0.8385     0.9998
13310.000      0.8002     0.9998
13310.100      0.7572     0.9998
13310.200      0.7152     0.9997
13310.300      0.6805     0.9998
13310.400      0.6607     0.9998
13310.500      0.7027     0.9998
13310.600      0.7566     0.9998
13310.700      0.8200     0.9998
13310.800      0.8839     0.9998
13310.900      0.9249     0.9998
13311.000      0.9427     0.9998
13311.100      0.9463     0.9998
13311.200      0.9414     0.9998
13311.300      0.9308     0.9998
13311.400      0.9168     0.9998
13311.500      0.8963     0.9998
13311.600      0.8646     0.9998
13311.700      0.8196     0.9998
13311.800      0.7448     0.9997
13311.900      0.6643     0.9997
13312.000      0.5927     0.9997
13312.100      0.5435     0.9997
13312.200      0.5304     0.9997
13312.300      0.5539     0.9998
13312.400      0.5765     0.9998
13312.500      0.5820     0.9998
13312.600      0.5692     0.9998
13312.700      0.4967     0.9997
13312.800      0.4069     0.9996
13312.900      0.3053     0.9994
13313.000      0.2021     0.9991
13313.100      0.1154     0.9988
13313.200      0.0731     0.9986
13313.300      0.0699     0.9987
13313.400      0.1134     0.9990
13313.500      0.1875     0.9993
13313.600      0.2952     0.9996
13313.700      0.4029     0.9997
13313.800      0.5034     0.9998
13313.900      0.5902     0.9998
13314.000      0.6485     0.9998
13314.100      0.6646     0.9998
13314.200      0.6308     0.9998
13314.300      0.5603     0.9998
13314.400      0.4900     0.9998
13314.500      0.4267     0.9998
13314.600      0.3730     0.9998
13314.700      0.4108     0.9998
13314.800      0.4825     0.9998
13314.900      0.5815     0.9998
13315.000      0.6848     0.9998
13315.100      0.7682     0.9998
13315.200      0.8169     0.9998
13315.300      0.8471     0.9998
13315.400      0.8657     0.9998
13315.500      0.8830     0.9998
13315.600      0.9002     0.9998
13315.700      0.9162     0.9998
13315.800      0.9269     0.9998
13315.900      0.9332     0.9998
13316.000      0.9353     0.9998
13316.100      0.9348     0.9998
13316.200      0.9327     0.9998
13316.300      0.9293     0.9998
13316.400      0.9229     0.9998
13316.500      0.9054     0.9998
13316.600      0.8752     0.9998
13316.700      0.8002     0.9998
13316.800      0.7221     0.9998
13316.900      0.6515     0.9998
13317.000      0.5987     0.9998
13317.100      0.6007     0.9998
13317.200      0.6474     0.9997
13317.300      0.6937     0.9997
13317.400      0.7355     0.9996
13317.500      0.7708     0.9993
13317.600      0.7719     0.9986
13317.700      0.7731     0.9976
13317.800      0.7781     0.9964
13317.900      0.7840     0.9954
13318.000      0.7687     0.9951
13318.100      0.7295     0.9957
13318.200      0.6773     0.9968
13318.300      0.6195     0.9980
13318.400      0.5661     0.9989
13318.500      0.5378     0.9993
13318.600      0.5095     0.9994
13318.700      0.4432     0.9993
13318.800      0.3743     0.9991
13318.900      0.3177     0.9990
13319.000      0.2870     0.9990
13319.100      0.3190     0.9992
13319.200      0.3967     0.9994
13319.300      0.4739     0.9996
13319.400      0.5436     0.9997
13319.500      0.6006     0.9998
13319.600      0.5681     0.9998
13319.700      0.5040     0.9998
13319.800      0.4069     0.9998
13319.900      0.3067     0.9998
13320.000      0.2528     0.9997
13320.100      0.2698     0.9997
13320.200      0.3536     0.9995
13320.300      0.4792     0.9994
13320.400      0.6033     0.9993
13320.500      0.7097     0.9993
13320.600      0.7993     0.9994
13320.700      0.8505     0.9995
13320.800      0.8837     0.9997
13320.900      0.9001     0.9997
13321.000      0.9115     0.9998
13321.100      0.9199     0.9998
13321.200      0.9277     0.9998
13321.300      0.9368     0.9998
13321.400      0.9494     0.9998
13321.500      0.9619     0.9998
13321.600      0.9729     0.9998
13321.700      0.9823     0.9998
13321.800      0.9878     0.9998
13321.900      0.9919     0.9998
13322.000      0.9954     0.9998
13322.100      0.9984     0.9998
13322.200      1.0005     0.9998
13322.300      1.0010     0.9998
13322.400      0.9999     0.9998
13322.500      0.9966     0.9998
13322.600      0.9928     0.9998
13322.700      0.9888     0.9998
13322.800      0.9844     0.9998
13322.900      0.9792     0.9998
13323.000      0.9727     0.9998
13323.100      0.9645     0.9998
13323.200      0.9542     0.9998
13323.300      0.9421     0.9998
13323.400      0.9279     0.9998
13323.500      0.9108     0.9998
13323.600      0.8888     0.9998
13323.700      0.8597     0.9998
13323.800      0.8177     0.9998
13323.900      0.7593     0.9998
13324.000      0.6759     0.9998
13324.100      0.5739     0.9998
13324.200      0.4579     0.9998
13324.300      0.3360     0.9998
13324.400      0.2187     0.9998
13324.500      0.1365     0.9998
13324.600      0.0786     0.9998
13324.700      0.0480     0.9998
13324.800      0.0428     0.9998
13324.900      0.0610     0.9998
13325.000      0.1047     0.9998
13325.100      0.1861     0.9998
13325.200      0.2890     0.9997
13325.300      0.3978     0.9996
13325.400      0.5086     0.9994
13325.500      0.6180     0.9992
13325.600      0.7014     0.9991
13325.700      0.7701     0.9991
13325.800      0.8244     0.9993
13325.900      0.8664     0.9995
13326.000      0.8959     0.9996
13326.100      0.9167     0.9997
13326.200      0.9302     0.9998
13326.300      0.9391     0.9998
13326.400      0.9443     0.9998
13326.500      0.9472     0.9998
13326.600      0.9457     0.9998
13326.700      0.9368     0.9998
13326.800      0.9174     0.9998
13326.900      0.8717     0.9998
13327.000      0.8171     0.9998
13327.100      0.7603     0.9998
13327.200      0.7032     0.9998
13327.300      0.6659     0.9998
13327.400      0.6905     0.9998
13327.500      0.7409     0.9998
13327.600      0.8131     0.9998
13327.700      0.8852     0.9998
13327.800      0.9324     0.9998
13327.900      0.9623     0.9998
13328.000      0.9769     0.9998
13328.100      0.9832     0.9998
13328.200      0.9834     0.9998
13328.300      0.9808     0.9998
13328.400      0.9770     0.9998
13328.500      0.9726     0.9998
13328.600      0.9682     0.9998
13328.700      0.9688     0.9998
13328.800      0.9725     0.9998
13328.900      0.9808     0.9998
13329.000      0.9898     0.9998
13329.100      0.9963     0.9998
13329.200      0.9965     0.9998
13329.300      0.9902     0.9998
13329.400      0.9751     0.9998
13329.500      0.9519     0.9998
13329.600      0.9189     0.9998
13329.700      0.8860     0.9997
13329.800      0.8575     0.9997
13329.900      0.8298     0.9996
13330.000      0.7996     0.9995
13330.100      0.7632     0.9995
13330.200      0.7112     0.9995
13330.300      0.6445     0.9995
13330.400      0.5817     0.9996
13330.500      0.5430     0.9997
13330.600      0.5204     0.9997
13330.700      0.5136     0.9998
13330.800      0.5258     0.9998
13330.900      0.5634     0.9998
13331.000      0.6197     0.9998
13331.100      0.6957     0.9998
13331.200      0.7784     0.9998
13331.300      0.8543     0.9998
13331.400      0.9062     0.9998
13331.500      0.9426     0.9998
13331.600      0.9626     0.9998
13331.700      0.9761     0.9998
13331.800      0.9860     0.9998
13331.900      0.9920     0.9998
13332.000      0.9929     0.9998
13332.100      0.9906     0.9998
13332.200      0.9858     0.9998
13332.300      0.9799     0.9998
13332.400      0.9749     0.9998
13332.500      0.9744     0.9998
13332.600      0.9766     0.9998
13332.700      0.9825     0.9998
13332.800      0.9885     0.9998
13332.900      0.9927     0.9998
13333.000      0.9944     0.9998
13333.100      0.9913     0.9998
13333.200      0.9856     0.9998
13333.300      0.9810     0.9998
13333.400      0.9788     0.9998
13333.500      0.9764     0.9998
13333.600      0.9700     0.9998
13333.700      0.9593     0.9998
13333.800      0.9301     0.9998
13333.900      0.8990     0.9998
13334.000      0.8722     0.9998
13334.100      0.8550     0.9998
13334.200      0.8579     0.9998
13334.300      0.8789     0.9998
13334.400      0.9030     0.9998
13334.500      0.9282     0.9998
13334.600      0.9533     0.9998
13334.700      0.9588     0.9998
13334.800      0.9567     0.9998
13334.900      0.9479     0.9998
13335.000      0.9351     0.9998
13335.100      0.9197     0.9998
13335.200      0.9012     0.9998
13335.300      0.8780     0.9998
13335.400      0.8455     0.9998
13335.500      0.7994     0.9998
13335.600      0.7239     0.9998
13335.700      0.6424     0.9998
13335.800      0.5562     0.9998
13335.900      0.4698     0.9998
13336.000      0.4327     0.9998
13336.100      0.4315     0.9998
13336.200      0.4449     0.9998
13336.300      0.4626     0.9998
13336.400      0.4695     0.9998
13336.500      0.4423     0.9998
13336.600      0.4155     0.9998
13336.700      0.4078     0.9998
13336.800      0.4001     0.9998
13336.900      0.3813     0.9998
13337.000      0.3596     0.9998
13337.100      0.3393     0.9997
13337.200      0.3252     0.9997
13337.300      0.3467     0.9997
13337.400      0.4239     0.9997
13337.500      0.5009     0.9997
13337.600      0.5747     0.9997
13337.700      0.6436     0.9997
13337.800      0.6452     0.9998
13337.900      0.6029     0.9998
13338.000      0.5086     0.9998
13338.100      0.4021     0.9998
13338.200      0.3050     0.9998
13338.300      0.2427     0.9998
13338.400      0.2305     0.9998
13338.500      0.3007     0.9998
13338.600      0.3980     0.9998
13338.700      0.5163     0.9998
13338.800      0.6345     0.9998
13338.900      0.7171     0.9998
13339.000      0.7656     0.9998
13339.100      0.7858     0.9998
13339.200      0.7783     0.9998
13339.300      0.7357     0.9998
13339.400      0.6678     0.9998
13339.500      0.5943     0.9998
13339.600      0.5182     0.9998
13339.700      0.4420     0.9998
13339.800      0.4407     0.9998
13339.900      0.4818     0.9998
13340.000      0.5702     0.9998
13340.100      0.6687     0.9998
13340.200      0.7534     0.9998
13340.300      0.8041     0.9998
13340.400      0.8281     0.9998
13340.500      0.8213     0.9998
13340.600      0.7851     0.9998
13340.700      0.7154     0.9998
13340.800      0.6240     0.9998
13340.900      0.5068     0.9998
13341.000      0.3866     0.9998
13341.100      0.3051     0.9998
13341.200      0.2928     0.9998
13341.300      0.3566     0.9998
13341.400      0.4752     0.9998
13341.500      0.5935     0.9998
13341.600      0.7046     0.9998
13341.700      0.8070     0.9998
13341.800      0.8668     0.9998
13341.900      0.9066     0.9998
13342.000      0.9306     0.9998
13342.100      0.9464     0.9998
13342.200      0.9540     0.9998
13342.300      0.9590     0.9998
13342.400      0.9643     0.9998
13342.500      0.9709     0.9998
13342.600      0.9775     0.9998
13342.700      0.9839     0.9998
13342.800      0.9898     0.9998
13342.900      0.9915     0.9998
13343.000      0.9918     0.9998
13343.100      0.9916     0.9998
13343.200      0.9914     0.9998
13343.300      0.9918     0.9998
13343.400      0.9931     0.9998
13343.500      0.9945     0.9998
13343.600      0.9954     0.9998
13343.700      0.9960     0.9998
13343.800      0.9958     0.9997
13343.900      0.9955     0.9997
13344.000      0.9966     0.9997
13344.100      0.9982     0.9998
13344.200      0.9996     0.9998
13344.300      1.0003     0.9998
13344.400      1.0003     0.9997
13344.500      0.9990     0.9996
13344.600      0.9970     0.9996
13344.700      0.9946     0.9996
13344.800      0.9912     0.9996
13344.900      0.9843     0.9997
13345.000      0.9765     0.9998
13345.100      0.9685     0.9998
13345.200      0.9602     0.9998
13345.300      0.9492     0.9998
13345.400      0.9345     0.9998
13345.500      0.9202     0.9998
13345.600      0.9085     0.9998
13345.700      0.8988     0.9998
13345.800      0.8934     0.9998
13345.900      0.8882     0.9998
13346.000      0.8744     0.9998
13346.100      0.8538     0.9998
13346.200      0.8286     0.9998
13346.300      0.8019     0.9998
13346.400      0.7834     0.9998
13346.500      0.7912     0.9998
13346.600      0.8070     0.9998
13346.700      0.8288     0.9998
13346.800      0.8506     0.9998
13346.900      0.8379     0.9998
13347.000      0.8184     0.9998
13347.100      0.8028     0.9998
13347.200      0.7971     0.9998
13347.300      0.8105     0.9998
13347.400      0.8424     0.9998
13347.500      0.8735     0.9998
13347.600      0.8971     0.9998
13347.700      0.9141     0.9998
13347.800      0.9196     0.9998
13347.900      0.9170     0.9998
13348.000      0.9090     0.9998
13348.100      0.8926     0.9998
13348.200      0.8633     0.9998
13348.300      0.8156     0.9998
13348.400      0.7446     0.9998
13348.500      0.6525     0.9998
13348.600      0.5607     0.9998
13348.700      0.4774     0.9998
13348.800      0.4005     0.9998
13348.900      0.3316     0.9998
13349.000      0.2704     0.9998
13349.100      0.2142     0.9998
13349.200      0.1683     0.9998
13349.300      0.1551     0.9998
13349.400      0.2016     0.9998
13349.500      0.2907     0.9998
13349.600      0.4168     0.9998
13349.700      0.5428     0.9998
13349.800      0.6497     0.9998
13349.900      0.7397     0.9998
13350.000      0.8053     0.9998
13350.100      0.8520     0.9998
13350.200      0.8818     0.9998
13350.300      0.9019     0.9998
13350.400      0.9143     0.9998
13350.500      0.9229     0.9998
13350.600      0.9317     0.9998
13350.700      0.9432     0.9998
13350.800      0.9548     0.9998
13350.900      0.9630     0.9998
13351.000      0.9686     0.9998
13351.100      0.9709     0.9998
13351.200      0.9723     0.9998
13351.300      0.9747     0.9998
13351.400      0.9788     0.9998
13351.500      0.9820     0.9998
13351.600      0.9817     0.9998
13351.700      0.9809     0.9997
13351.800      0.9797     0.9995
13351.900      0.9785     0.9992
13352.000      0.9776     0.9988
13352.100      0.9768     0.9984
13352.200      0.9737     0.9982
13352.300      0.9685     0.9984
13352.400      0.9634     0.9988
13352.500      0.9583     0.9992
13352.600      0.9541     0.9995
13352.700      0.9569     0.9997
13352.800      0.9607     0.9998
13352.900      0.9651     0.9998
13353.000      0.9696     0.9998
13353.100      0.9733     0.9998
13353.200      0.9752     0.9998
13353.300      0.9751     0.9998
13353.400      0.9719     0.9998
13353.500      0.9662     0.9998
13353.600      0.9575     0.9998
13353.700      0.9439     0.9998
13353.800      0.9122     0.9998
13353.900      0.8701     0.9998
13354.000      0.8151     0.9998
13354.100      0.7578     0.9998
13354.200      0.7192     0.9998
13354.300      0.7166     0.9998
13354.400      0.7479     0.9998
13354.500      0.8053     0.9998
13354.600      0.8617     0.9998
13354.700      0.9033     0.9998
13354.800      0.9341     0.9998
13354.900      0.9461     0.9998
13355.000      0.9540     0.9998
13355.100      0.9605     0.9998
13355.200      0.9658     0.9998
13355.300      0.9689     0.9998
13355.400      0.9699     0.9998
13355.500      0.9697     0.9998
13355.600      0.9687     0.9998
13355.700      0.9673     0.9998
13355.800      0.9653     0.9998
13355.900      0.9634     0.9998
13356.000      0.9615     0.9998
13356.100      0.9598     0.9998
13356.200      0.9579     0.9998
13356.300      0.9559     0.9998
13356.400      0.9533     0.9998
13356.500      0.9498     0.9998
13356.600      0.9464     0.9998
13356.700      0.9436     0.9998
13356.800      0.9413     0.9998
13356.900      0.9398     0.9998
13357.000      0.9383     0.9998
13357.100      0.9369     0.9998
13357.200      0.9355     0.9998
13357.300      0.9313     0.9998
13357.400      0.9228     0.9998
13357.500      0.9136     0.9998
13357.600      0.9041     0.9998
13357.700      0.8939     0.9998
13357.800      0.8831     0.9998
13357.900      0.8711     0.9998
13358.000      0.8576     0.9998
13358.100      0.8413     0.9998
13358.200      0.8187     0.9998
13358.300      0.7896     0.9998
13358.400      0.7568     0.9998
13358.500      0.7214     0.9998
13358.600      0.6831     0.9998
13358.700      0.6425     0.9998
13358.800      0.5966     0.9998
13358.900      0.5297     0.9998
13359.000      0.4489     0.9998
13359.100      0.3521     0.9998
13359.200      0.2518     0.9998
13359.300      0.1597     0.9998
13359.400      0.0910     0.9998
13359.500      0.0437     0.9998
13359.600      0.0215     0.9998
13359.700      0.0125     0.9998
13359.800      0.0098     0.9998
13359.900      0.0178     0.9998
13360.000      0.0372     0.9998
13360.100      0.0709     0.9998
13360.200      0.1299     0.9998
13360.300      0.2004     0.9998
13360.400      0.2706     0.9998
13360.500      0.3386     0.9998
13360.600      0.3996     0.9998
13360.700      0.4136     0.9998
13360.800      0.4014     0.9998
13360.900      0.3532     0.9998
13361.000      0.3028     0.9998
13361.100      0.2839     0.9998
13361.200      0.3093     0.9998
13361.300      0.3877     0.9998
13361.400      0.4961     0.9998
13361.500      0.6025     0.9998
13361.600      0.6935     0.9998
13361.700      0.7699     0.9998
13361.800      0.8093     0.9998
13361.900      0.8387     0.9998
13362.000      0.8613     0.9998
13362.100      0.8797     0.9998
13362.200      0.8935     0.9998
13362.300      0.9052     0.9998
13362.400      0.9161     0.9998
13362.500      0.9264     0.9998
13362.600      0.9352     0.9998
13362.700      0.9394     0.9998
13362.800      0.9400     0.9998
13362.900      0.9348     0.9998
13363.000      0.9293     0.9998
13363.100      0.9274     0.9998
13363.200      0.9295     0.9998
13363.300      0.9345     0.9998
13363.400      0.9409     0.9998
13363.500      0.9473     0.9998
13363.600      0.9530     0.9998
13363.700      0.9577     0.9998
13363.800      0.9532     0.9998
13363.900      0.9462     0.9998
13364.000      0.9367     0.9998
13364.100      0.9271     0.9998
13364.200      0.9220     0.9998
13364.300      0.9245     0.9998
13364.400      0.9342     0.9998
13364.500      0.9486     0.9998
13364.600      0.9628     0.9998
13364.700      0.9740     0.9998
13364.800      0.9826     0.9998
13364.900      0.9845     0.9998
13365.000      0.9854     0.9998
13365.100      0.9862     0.9998
13365.200      0.9867     0.9998
13365.300      0.9847     0.9998
13365.400      0.9806     0.9998
13365.500      0.9782     0.9998
13365.600      0.9809     0.9998
13365.700      0.9834     0.9998
13365.800      0.9802     0.9998
13365.900      0.9769     0.9998
13366.000      0.9772     0.9998
13366.100      0.9796     0.9998
13366.200      0.9836     0.9997
13366.300      0.9880     0.9997
13366.400      0.9918     0.9995
13366.500      0.9936     0.9994
13366.600      0.9941     0.9992
13366.700      0.9928     0.9990
13366.800      0.9916     0.9987
13366.900      0.9920     0.9983
13367.000      0.9934     0.9980
13367.100      0.9960     0.9979
13367.200      0.9988     0.9981
13367.300      1.0004     0.9985
13367.400      0.9998     0.9990
13367.500      0.9976     0.9994
13367.600      0.9943     0.9996
13367.700      0.9910     0.9996
13367.800      0.9881     0.9996
13367.900      0.9856     0.9997
13368.000      0.9848     0.9997
13368.100      0.9844     0.9998
13368.200      0.9825     0.9998
13368.300      0.9780     0.9998
13368.400      0.9717     0.9998
13368.500      0.9633     0.9998
13368.600      0.9524     0.9997
13368.700      0.9379     0.9996
13368.800      0.9179     0.9994
13368.900      0.8857     0.9993
13369.000      0.8381     0.9993
13369.100      0.7555     0.9994
13369.200      0.6629     0.9995
13369.300      0.5709     0.9996
13369.400      0.4820     0.9997
13369.500      0.4132     0.9998
13369.600      0.4156     0.9998
13369.700      0.4599     0.9998
13369.800      0.5534     0.9998
13369.900      0.6468     0.9998
13370.000      0.7228     0.9998
13370.100      0.7765     0.9998
13370.200      0.7931     0.9998
13370.300      0.7843     0.9998
13370.400      0.7644     0.9998
13370.500      0.7378     0.9998
13370.600      0.7020     0.9998
13370.700      0.6562     0.9998
13370.800      0.5953     0.9998
13370.900      0.4885     0.9998
13371.000      0.3798     0.9998
13371.100      0.2840     0.9998
13371.200      0.2162     0.9998
13371.300      0.2104     0.9998
13371.400      0.2739     0.9998
13371.500      0.3792     0.9998
13371.600      0.5077     0.9998
13371.700      0.6343     0.9998
13371.800      0.7241     0.9998
13371.900      0.7934     0.9998
13372.000      0.8405     0.9998
13372.100      0.8750     0.9998
13372.200      0.8991     0.9998
13372.300      0.9177     0.9998
13372.400      0.9324     0.9998
13372.500      0.9443     0.9998
13372.600      0.9521     0.9998
13372.700      0.9553     0.9998
13372.800      0.9566     0.9998
13372.900      0.9570     0.9998
13373.000      0.9559     0.9998
13373.100      0.9536     0.9998
13373.200      0.9492     0.9998
13373.300      0.9407     0.9997
13373.400      0.9273     0.9997
13373.500      0.9110     0.9997
13373.600      0.8924     0.9998
13373.700      0.8705     0.9998
13373.800      0.8445     0.9998
13373.900      0.8110     0.9998
13374.000      0.7550     0.9998
13374.100      0.6794     0.9998
13374.200      0.5782     0.9998
13374.300      0.4693     0.9997
13374.400      0.3608     0.9996
13374.500      0.2563     0.9995
13374.600      0.1601     0.9993
13374.700      0.1027     0.9993
13374.800      0.0787     0.9993
13374.900      0.1125     0.9995
13375.000      0.1753     0.9996
13375.100      0.2697     0.9997
13375.200      0.3688     0.9998
13375.300      0.4587     0.9998
13375.400      0.5356     0.9998
13375.500      0.6068     0.9998
13375.600      0.6743     0.9998
13375.700      0.7376     0.9998
13375.800      0.7976     0.9998
13375.900      0.8515     0.9998
13376.000      0.8902     0.9998
13376.100      0.9170     0.9998
13376.200      0.9323     0.9998
13376.300      0.9403     0.9998
13376.400      0.9416     0.9998
13376.500      0.9401     0.9998
13376.600      0.9384     0.9998
13376.700      0.9366     0.9998
13376.800      0.9346     0.9999
13376.900      0.9299     0.9999
13377.000      0.9206     0.9999
13377.100      0.8855     0.9999
13377.200      0.8366     0.9999
13377.300      0.7805     0.9998
13377.400      0.7227     0.9998
13377.500      0.6850     0.9998
13377.600      0.7055     0.9998
13377.700      0.7481     0.9998
13377.800      0.8077     0.9998
13377.900      0.8674     0.9998
13378.000      0.9063     0.9998
13378.100      0.9306     0.9998
13378.200      0.9409     0.9998
13378.300      0.9444     0.9998
13378.400      0.9443     0.9998
13378.500      0.9420     0.9998
13378.600      0.9363     0.9998
13378.700      0.9264     0.9998
13378.800      0.9110     0.9998
13378.900      0.8874     0.9998
13379.000      0.8522     0.9998
13379.100      0.7984     0.9998
13379.200      0.7239     0.9998
13379.300      0.6191     0.9998
13379.400      0.5011     0.9998
13379.500      0.3840     0.9998
13379.600      0.2741     0.9998
13379.700      0.1742     0.9998
13379.800      0.1100     0.9998
13379.900      0.0726     0.9998
13380.000      0.0615     0.9998
13380.100      0.0818     0.9998
13380.200      0.1469     0.9998
13380.300      0.2404     0.9998
13380.400      0.3553     0.9998
13380.500      0.4779     0.9998
13380.600      0.5954     0.9999
13380.700      0.6842     0.9999
13380.800      0.7554     0.9999
13380.900      0.8062     0.9999
13381.000      0.8473     0.9999
13381.100      0.8812     0.9998
13381.200      0.9100     0.9998
13381.300      0.9344     0.9998
13381.400      0.9545     0.9998
13381.500      0.9678     0.9998
13381.600      0.9750     0.9997
13381.700      0.9807     0.9997
13381.800      0.9859     0.9997
13381.900      0.9898     0.9997
13382.000      0.9889     0.9997
13382.100      0.9871     0.9997
13382.200      0.9850     0.9997
13382.300      0.9827     0.9997
13382.400      0.9804     0.9998
13382.500      0.9780     0.9998
13382.600      0.9751     0.9998
13382.700      0.9713     0.9998
13382.800      0.9675     0.9997
13382.900      0.9693     0.9996
13383.000      0.9751     0.9994
13383.100      0.9878     0.9993
13383.200      1.0016     0.9992
13383.300      1.0121     0.9992
13383.400      1.0181     0.9993
13383.500      1.0221     0.9994
13383.600      1.0247     0.9996
13383.700      1.0246     0.9997
13383.800      1.0203     0.9998
13383.900      1.0159     0.9998
13384.000      1.0150     0.9998
13384.100      1.0154     0.9998
13384.200      1.0170     0.9998
13384.300      1.0188     0.9998
13384.400      1.0168     0.9998
13384.500      1.0104     0.9998
13384.600      1.0055     0.9998
13384.700      1.0067     0.9998
13384.800      1.0102     0.9998
13384.900      1.0162     0.9998
13385.000      1.0222     0.9998
13385.100      1.0263     0.9997
13385.200      1.0276     0.9997
13385.300      1.0223     0.9997
13385.400      1.0135     0.9998
13385.500      1.0060     0.9998
13385.600      1.0020     0.9998
13385.700      1.0000     0.9998
13385.800      0.9997     0.9998
13385.900      0.9995     0.9998
13386.000      0.9891     0.9998
13386.100      0.9743     0.9998
13386.200      0.9576     0.9998
13386.300      0.9376     0.9999
13386.400      0.9073     0.9999
13386.500      0.8623     0.9999
13386.600      0.8068     0.9999
13386.700      0.7440     0.9999
13386.800      0.6815     0.9999
13386.900      0.6286     0.9999
13387.000      0.5756     0.9999
13387.100      0.4968     0.9999
13387.200      0.4116     0.9999
13387.300      0.3266     0.9999
13387.400      0.2422     0.9999
13387.500      0.1788     0.9999
13387.600      0.1812     0.9999
13387.700      0.2327     0.9999
13387.800      0.3406     0.9999
13387.900      0.4548     0.9999
13388.000      0.5732     0.9999
13388.100      0.6917     0.9999
13388.200      0.7844     0.9999
13388.300      0.8448     0.9999
13388.400      0.8734     0.9999
13388.500      0.8811     0.9999
13388.600      0.8787     0.9999
13388.700      0.8718     0.9998
13388.800      0.8656     0.9998
13388.900      0.8816     0.9998
13389.000      0.9021     0.9996
13389.100      0.9266     0.9993
13389.200      0.9514     0.9988
13389.300      0.9698     0.9982
13389.400      0.9812     0.9979
13389.500      0.9897     0.9979
13389.600      0.9965     0.9983
13389.700      1.0009     0.9988
13389.800      1.0026     0.9993
13389.900      1.0042     0.9996
13390.000      1.0059     0.9998
13390.100      1.0074     0.9998
13390.200      1.0066     0.9998
13390.300      1.0027     0.9998
13390.400      0.9948     0.9999
13390.500      0.9848     0.9999
13390.600      0.9758     0.9999
13390.700      0.9717     0.9999
13390.800      0.9708     0.9999
13390.900      0.9747     0.9999
13391.000      0.9786     0.9999
13391.100      0.9807     0.9999
13391.200      0.9800     0.9999
13391.300      0.9755     0.9998
13391.400      0.9660     0.9998
13391.500      0.9519     0.9998
13391.600      0.9327     0.9996
13391.700      0.9086     0.9991
13391.800      0.8797     0.9982
13391.900      0.8429     0.9969
13392.000      0.7914     0.9956
13392.100      0.7217     0.9948
13392.200      0.6125     0.9951
13392.300      0.4920     0.9962
13392.400      0.3716     0.9976
13392.500      0.2522     0.9987
13392.600      0.1448     0.9994
13392.700      0.0935     0.9996
13392.800      0.0857     0.9997
13392.900      0.1392     0.9998
13393.000      0.2260     0.9998
13393.100      0.3503     0.9998
13393.200      0.4782     0.9998
13393.300      0.5976     0.9998
13393.400      0.6988     0.9999
13393.500      0.7793     0.9999
13393.600      0.8347     0.9999
13393.700      0.8725     0.9999
13393.800      0.8964     0.9999
13393.900      0.9107     0.9999
13394.000      0.9185     0.9999
13394.100      0.9200     0.9999
13394.200      0.9145     0.9999
13394.300      0.9048     0.9999
13394.400      0.8912     0.9999
13394.500      0.8763     0.9999
13394.600      0.8657     0.9999
13394.700      0.8735     0.9999
13394.800      0.8930     0.9999
13394.900      0.9274     0.9999
13395.000      0.9618     0.9999
13395.100      0.9838     0.9999
13395.200      0.9962     0.9999
13395.300      0.9987     0.9999
13395.400      0.9979     0.9999
13395.500      0.9964     0.9999
13395.600      0.9947     0.9999
13395.700      0.9937     0.9999
13395.800      0.9960     0.9998
13395.900      0.9983     0.9998
13396.000      0.9997     0.9998
13396.100      1.0003     0.9998
13396.200      0.9987     0.9998
13396.300      0.9965     0.9997
13396.400      0.9944     0.9997
13396.500      0.9927     0.9997
13396.600      0.9924     0.9998
13396.700      0.9947     0.9998
13396.800      0.9968     0.9998
13396.900      0.9961     0.9997
13397.000      0.9945     0.9996
13397.100      0.9922     0.9994
13397.200      0.9899     0.9991
13397.300      0.9908     0.9989
13397.400      0.9936     0.9988
13397.500      0.9953     0.9989
13397.600      0.9951     0.9991
13397.700      0.9948     0.9994
13397.800      0.9944     0.9996
13397.900      0.9938     0.9998
13398.000      0.9908     0.9998
13398.100      0.9878     0.9998
13398.200      0.9850     0.9999
13398.300      0.9827     0.9999
13398.400      0.9821     0.9999
13398.500      0.9827     0.9999
13398.600      0.9830     0.9999
13398.700      0.9818     0.9999
13398.800      0.9792     0.9999
13398.900      0.9735     0.9999
13399.000      0.9651     0.9999
13399.100      0.9520     0.9999
13399.200      0.9377     0.9999
13399.300      0.9228     0.9999
13399.400      0.9078     0.9999
13399.500      0.8965     0.9999
13399.600      0.8902     0.9999
13399.700      0.8835     0.9999
13399.800      0.8727     0.9999
13399.900      0.8575     0.9999
13400.000      0.8268     0.9999
13400.100      0.7940     0.9999
13400.200      0.7598     0.9999
13400.300      0.7254     0.9999
13400.400      0.6952     0.9999
13400.500      0.6685     0.9999
13400.600      0.6380     0.9999
13400.700      0.5877     0.9999
13400.800      0.5168     0.9999
13400.900      0.4041     0.9999
13401.000      0.2915     0.9999
13401.100      0.1935     0.9999
13401.200      0.1189     0.9998
13401.300      0.0992     0.9998
13401.400      0.1315     0.9998
13401.500      0.2075     0.9998
13401.600      0.3034     0.9998
13401.700      0.3964     0.9998
13401.800      0.4630     0.9998
13401.900      0.5053     0.9998
13402.000      0.4951     0.9998
13402.100      0.4534     0.9998
13402.200      0.3720     0.9998
13402.300      0.2843     0.9998
13402.400      0.2022     0.9998
13402.500      0.1394     0.9998
13402.600      0.1086     0.9998
13402.700      0.1373     0.9998
13402.800      0.2064     0.9998
13402.900      0.3173     0.9998
13403.000      0.4282     0.9998
13403.100      0.5310     0.9998
13403.200      0.6217     0.9998
13403.300      0.6874     0.9998
13403.400      0.7281     0.9999
13403.500      0.7485     0.9999
13403.600      0.7552     0.9999
13403.700      0.7535     0.9999
13403.800      0.7470     0.9999
13403.900      0.7321     0.9998
13404.000      0.7061     0.9998
13404.100      0.6664     0.9998
13404.200      0.6053     0.9998
13404.300      0.5291     0.9998
13404.400      0.4382     0.9998
13404.500      0.3427     0.9998
13404.600      0.2488     0.9998
13404.700      0.1656     0.9998
13404.800      0.0951     0.9998
13404.900      0.0581     0.9998
13405.000      0.0489     0.9998
13405.100      0.0885     0.9998
13405.200      0.1326     0.9998
13405.300      0.1762     0.9998
13405.400      0.2181     0.9998
13405.500      0.2392     0.9998
13405.600      0.2352     0.9998
13405.700      0.2345     0.9998
13405.800      0.2575     0.9998
13405.900      0.3010     0.9998
13406.000      0.3962     0.9998
13406.100      0.4915     0.9997
13406.200      0.5862     0.9995
13406.300      0.6789     0.9992
13406.400      0.7556     0.9989
13406.500      0.8088     0.9987
13406.600      0.8457     0.9986
13406.700      0.8705     0.9987
13406.800      0.8869     0.9990
13406.900      0.8973     0.9993
13407.000      0.9059     0.9995
13407.100      0.9140     0.9997
13407.200      0.9209     0.9997
13407.300      0.9266     0.9997
13407.400      0.9306     0.9997
13407.500      0.9324     0.9997
13407.600      0.9328     0.9997
13407.700      0.9333     0.9997
13407.800      0.9346     0.9997
13407.900      0.9361     0.9997
13408.000      0.9378     0.9996
13408.100      0.9395     0.9996
13408.200      0.9400     0.9996
13408.300      0.9388     0.9995
13408.400      0.9358     0.9995
13408.500      0.9301     0.9994
13408.600      0.9210     0.9994
13408.700      0.9072     0.9993
13408.800      0.8884     0.9993
13408.900      0.8634     0.9993
13409.000      0.8384     0.9993
13409.100      0.8318     0.9994
13409.200      0.8367     0.9994
13409.300      0.8545     0.9994
13409.400      0.8753     0.9993
13409.500      0.8958     0.9990
13409.600      0.9152     0.9983
13409.700      0.9325     0.9975
13409.800      0.9435     0.9967
13409.900      0.9500     0.9962
13410.000      0.9497     0.9963
13410.100      0.9493     0.9970
13410.200      0.9490     0.9979
13410.300      0.9487     0.9987
13410.400      0.9502     0.9993
13410.500      0.9531     0.9996
13410.600      0.9472     0.9997
13410.700      0.9255     0.9997
13410.800      0.9046     0.9995
13410.900      0.8927     0.9992
13411.000      0.8874     0.9987
13411.100      0.8950     0.9983
13411.200      0.9034     0.9980
13411.300      0.9064     0.9981
13411.400      0.9034     0.9985
13411.500      0.8946     0.9990
13411.600      0.8832     0.9994
13411.700      0.8759     0.9996
13411.800      0.8817     0.9998
13411.900      0.8887     0.9998
13412.000      0.8964     0.9998
13412.100      0.9041     0.9998
13412.200      0.9011     0.9998
13412.300      0.8875     0.9998
13412.400      0.8660     0.9998
13412.500      0.8342     0.9997
13412.600      0.7892     0.9997
13412.700      0.7248     0.9997
13412.800      0.6364     0.9997
13412.900      0.5132     0.9997
13413.000      0.3901     0.9998
13413.100      0.2799     0.9998
13413.200      0.1905     0.9998
13413.300      0.1709     0.9998
13413.400      0.2158     0.9998
13413.500      0.3195     0.9998
13413.600      0.4475     0.9998
13413.700      0.5713     0.9998
13413.800      0.6715     0.9998
13413.900      0.7526     0.9998
13414.000      0.8058     0.9998
13414.100      0.8372     0.9998
13414.200      0.8478     0.9997
13414.300      0.8400     0.9997
13414.400      0.8066     0.9995
13414.500      0.7646     0.9992
13414.600      0.7315     0.9989
13414.700      0.7257     0.9985
13414.800      0.7407     0.9983
13414.900      0.7789     0.9983
13415.000      0.8170     0.9986
13415.100      0.8281     0.9989
13415.200      0.8170     0.9992
13415.300      0.7844     0.9993
13415.400      0.7272     0.9991
13415.500      0.6356     0.9988
13415.600      0.5212     0.9983
13415.700      0.3980     0.9978
13415.800      0.2713     0.9974
13415.900      0.1463     0.9971
13416.000      0.0806     0.9971
13416.100      0.0576     0.9973
13416.200      0.0912     0.9977
13416.300      0.1644     0.9983
13416.400      0.2817     0.9989
13416.500      0.4116     0.9993
13416.600      0.5379     0.9995
13416.700      0.6482     0.9997
13416.800      0.7404     0.9997
13416.900      0.7980     0.9998
13417.000      0.8384     0.9998
13417.100      0.8655     0.9998
13417.200      0.8838     0.9998
13417.300      0.8964     0.9998
13417.400      0.9017     0.9998
13417.500      0.8941     0.9997
13417.600      0.8746     0.9996
13417.700      0.8489     0.9994
13417.800      0.8194     0.9990
13417.900      0.7836     0.9984
13418.000      0.7365     0.9976
13418.100      0.6894     0.9969
13418.200      0.6453     0.9966
13418.300      0.6081     0.9967
13418.400      0.6155     0.9973
13418.500      0.6663     0.9981
13418.600      0.7415     0.9988
13418.700      0.8267     0.9993
13418.800      0.9064     0.9995
13418.900      0.9482     0.9997
13419.000      0.9725     0.9998
13419.100      0.9759     0.9998
13419.200      0.9786     0.9998
13419.300      0.9818     0.9998
13419.400      0.9852     0.9998
13419.500      0.9878     0.9998
13419.600      0.9887     0.9998
13419.700      0.9877     0.9997
13419.800      0.9845     0.9996
13419.900      0.9802     0.9995
13420.000      0.9750     0.9994
13420.100      0.9697     0.9993
13420.200      0.9648     0.9993
13420.300      0.9601     0.9995
13420.400      0.9444     0.9996
13420.500      0.9070     0.9997
13420.600      0.8369     0.9998
13420.700      0.7410     0.9998
13420.800      0.6476     0.9998
13420.900      0.5828     0.9998
13421.000      0.5477     0.9998
13421.100      0.6222     0.9998
13421.200      0.7051     0.9998
13421.300      0.7916     0.9998
13421.400      0.8783     0.9998
13421.500      0.9381     0.9997
13421.600      0.9618     0.9998
13421.700      0.9711     0.9998
13421.800      0.9731     0.9998
13421.900      0.9716     0.9998
13422.000      0.9686     0.9998
13422.100      0.9632     0.9998
13422.200      0.9535     0.9999
13422.300      0.9434     0.9999
13422.400      0.9340     0.9999
13422.500      0.9264     0.9999
13422.600      0.9214     0.9999
13422.700      0.9194     0.9999
13422.800      0.9185     0.9999
13422.900      0.9180     0.9999
13423.000      0.9191     0.9999
13423.100      0.9299     0.9999
13423.200      0.9427     0.9999
13423.300      0.9571     0.9998
13423.400      0.9716     0.9998
13423.500      0.9822     0.9999
13423.600      0.9868     0.9999
13423.700      0.9878     0.9999
13423.800      0.9868     0.9999
13423.900      0.9854     0.9999
13424.000      0.9838     0.9999
13424.100      0.9822     0.9999
13424.200      0.9880     0.9998
13424.300      0.9951     0.9998
13424.400      0.9981     0.9997
13424.500      0.9974     0.9996
13424.600      0.9949     0.9995
13424.700      0.9918     0.9994
13424.800      0.9898     0.9994
13424.900      0.9924     0.9995
13425.000      0.9951     0.9997
13425.100      0.9901     0.9998
13425.200      0.9848     0.9998
13425.300      0.9838     0.9999
13425.400      0.9842     0.9999
13425.500      0.9793     0.9999
13425.600      0.9700     0.9999
13425.700      0.9609     0.9999
13425.800      0.9521     0.9999
13425.900      0.9431     0.9999
13426.000      0.9306     0.9999
13426.100      0.9156     0.9999
13426.200      0.8988     0.9999
13426.300      0.8781     0.9999
13426.400      0.8500     0.9999
13426.500      0.8079     0.9999
13426.600      0.7434     0.9999
13426.700      0.6503     0.9998
13426.800      0.5354     0.9998
13426.900      0.4035     0.9996
13427.000      0.2717     0.9994
13427.100      0.1902     0.9993
13427.200      0.1550     0.9992
13427.300      0.2082     0.9993
13427.400      0.3025     0.9994
13427.500      0.4222     0.9996
13427.600      0.5478     0.9998
13427.700      0.6594     0.9998
13427.800      0.7257     0.9999
13427.900      0.7664     0.9999
13428.000      0.7815     0.9999
13428.100      0.7965     0.9999
13428.200      0.8141     0.9999
13428.300      0.8333     0.9999
13428.400      0.8540     0.9999
13428.500      0.8751     0.9999
13428.600      0.8933     0.9998
13428.700      0.8994     0.9998
13428.800      0.8882     0.9997
13428.900      0.8438     0.9995
13429.000      0.7868     0.9990
13429.100      0.7187     0.9978
13429.200      0.6506     0.9953
13429.300      0.6410     0.9913
13429.400      0.6749     0.9863
13429.500      0.7431     0.9818
13429.600      0.8217     0.9799
13429.700      0.8905     0.9814
13429.800      0.9239     0.9856
13429.900      0.9331     0.9906
13430.000      0.9162     0.9948
13430.100      0.8817     0.9975
13430.200      0.8263     0.9989
13430.300      0.7695     0.9995
13430.400      0.7220     0.9997
13430.500      0.6933     0.9998
13430.600      0.6946     0.9998
13430.700      0.7245     0.9998
13430.800      0.7649     0.9998
13430.900      0.8105     0.9998
13431.000      0.8560     0.9998
13431.100      0.8781     0.9998
13431.200      0.8876     0.9999
13431.300      0.8794     0.9999
13431.400      0.8684     0.9998
13431.500      0.8625     0.9998
13431.600      0.8605     0.9997
13431.700      0.8503     0.9996
13431.800      0.8079     0.9994
13431.900      0.7371     0.9991
13432.000      0.6253     0.9987
13432.100      0.5135     0.9985
13432.200      0.4462     0.9985
13432.300      0.4099     0.9987
13432.400      0.4113     0.9991
13432.500      0.4219     0.9994
13432.600      0.4244     0.9996
13432.700      0.4171     0.9997
13432.800      0.4256     0.9997
13432.900      0.4998     0.9996
13433.000      0.5980     0.9996
13433.100      0.7188     0.9996
13433.200      0.8396     0.9996
13433.300      0.9182     0.9997
13433.400      0.9647     0.9997
13433.500      0.9865     0.9998
13433.600      0.9960     0.9998
13433.700      0.9968     0.9998
13433.800      0.9942     0.9998
13433.900      0.9919     0.9996
13434.000      0.9918     0.9993
13434.100      0.9931     0.9988
13434.200      0.9962     0.9983
13434.300      0.9994     0.9980
13434.400      1.0009     0.9980
13434.500      1.0004     0.9984
13434.600      0.9982     0.9989
13434.700      0.9952     0.9994
13434.800      0.9924     0.9997
13434.900      0.9906     0.9998
13435.000      0.9897     0.9999
13435.100      0.9918     0.9999
13435.200      0.9939     0.9999
13435.300      0.9874     0.9999
13435.400      0.9774     0.9999
13435.500      0.9660     0.9999
13435.600      0.9544     0.9999
13435.700      0.9440     0.9999
13435.800      0.9359     0.9999
13435.900      0.9276     0.9999
13436.000      0.9185     0.9999
13436.100      0.9094     0.9999
13436.200      0.9180     0.9999
13436.300      0.9281     0.9999
13436.400      0.9355     0.9999
13436.500      0.9380     0.9999
13436.600      0.9329     0.9999
13436.700      0.9223     0.9999
13436.800      0.9110     0.9999
13436.900      0.8994     0.9999
13437.000      0.8871     0.9999
13437.100      0.8732     0.9999
13437.200      0.8564     0.9999
13437.300      0.8288     0.9999
13437.400      0.7874     0.9999
13437.500      0.7295     0.9999
13437.600      0.6530     0.9999
13437.700      0.5538     0.9999
13437.800      0.4393     0.9999
13437.900      0.3255     0.9999
13438.000      0.2222     0.9999
13438.100      0.1307     0.9998
13438.200      0.0777     0.9998
13438.300      0.0539     0.9998
13438.400      0.0553     0.9997
13438.500      0.0830     0.9997
13438.600      0.1464     0.9998
13438.700      0.2335     0.9998
13438.800      0.3310     0.9998
13438.900      0.4330     0.9998
13439.000      0.5335     0.9998
13439.100      0.5842     0.9998
13439.200      0.6096     0.9998
13439.300      0.6092     0.9997
13439.400      0.5938     0.9997
13439.500      0.5684     0.9996
13439.600      0.5334     0.9995
13439.700      0.4842     0.9995
13439.800      0.4204     0.9994
13439.900      0.3453     0.9994
13440.000      0.2606     0.9995
13440.100      0.1759     0.9996
13440.200      0.1083     0.9997
13440.300      0.0566     0.9998
13440.400      0.0254     0.9999
13440.500      0.0126     0.9999
13440.600      0.0144     0.9999
13440.700      0.0302     0.9999
13440.800      0.0641     0.9999
13440.900      0.1171     0.9999
13441.000      0.1826     0.9999
13441.100      0.2602     0.9999
13441.200      0.3378     0.9999
13441.300      0.3957     0.9999
13441.400      0.4292     0.9999
13441.500      0.4192     0.9999
13441.600      0.3908     0.9999
13441.700      0.3657     0.9999
13441.800      0.3523     0.9999
13441.900      0.3509     0.9999
13442.000      0.3667     0.9999
13442.100      0.3825     0.9999
13442.200      0.3378     0.9999
13442.300      0.2897     0.9999
13442.400      0.2479     0.9999
13442.500      0.2226     0.9999
13442.600      0.2611     0.9998
13442.700      0.3555     0.9998
13442.800      0.4556     0.9998
13442.900      0.5576     0.9998
13443.000      0.6571     0.9998
13443.100      0.7038     0.9998
13443.200      0.7241     0.9998
13443.300      0.7213     0.9997
13443.400      0.6984     0.9996
13443.500      0.6558     0.9995
13443.600      0.5968     0.9994
13443.700      0.5173     0.9993
13443.800      0.4264     0.9993
13443.900      0.3356     0.9994
13444.000      0.2457     0.9995
13444.100      0.1570     0.9996
13444.200      0.1146     0.9997
13444.300      0.1103     0.9998
13444.400      0.1674     0.9998
13444.500      0.2460     0.9999
13444.600      0.3328     0.9999
13444.700      0.4212     0.9999
13444.800      0.4987     0.9999
13444.900      0.5294     0.9999
13445.000      0.5265     0.9999
13445.100      0.4822     0.9999
13445.200      0.4150     0.9999
13445.300      0.3226     0.9999
13445.400      0.2282     0.9999
13445.500      0.1437     0.9999
13445.600      0.0786     0.9999
13445.700      0.0369     0.9999
13445.800      0.0189     0.9999
13445.900      0.0123     0.9999
13446.000      0.0118     0.9999
13446.100      0.0221     0.9999
13446.200      0.0450     0.9999
13446.300      0.0866     0.9999
13446.400      0.1678     0.9999
13446.500      0.2692     0.9999
13446.600      0.3825     0.9999
13446.700      0.4988     0.9999
13446.800      0.6054     0.9999
13446.900      0.6759     0.9999
13447.000      0.7270     0.9999
13447.100      0.7624     0.9999
13447.200      0.7816     0.9999
13447.300      0.7891     0.9999
13447.400      0.7758     0.9999
13447.500      0.7212     0.9998
13447.600      0.6306     0.9997
13447.700      0.5108     0.9994
13447.800      0.3782     0.9989
13447.900      0.2562     0.9982
13448.000      0.1964     0.9976
13448.100      0.1652     0.9973
13448.200      0.1661     0.9974
13448.300      0.1701     0.9980
13448.400      0.1747     0.9986
13448.500      0.1813     0.9992
13448.600      0.2326     0.9996
13448.700      0.3397     0.9998
13448.800      0.4726     0.9998
13448.900      0.6178     0.9999
13449.000      0.7586     0.9999
13449.100      0.8403     0.9998
13449.200      0.8970     0.9998
13449.300      0.9301     0.9997
13449.400      0.9527     0.9997
13449.500      0.9674     0.9997
13449.600      0.9779     0.9997
13449.700      0.9838     0.9998
13449.800      0.9871     0.9998
13449.900      0.9890     0.9999
13450.000      0.9903     0.9999
13450.100      0.9898     0.9999
13450.200      0.9834     0.9999
13450.300      0.9736     0.9999
13450.400      0.9590     0.9999
13450.500      0.9437     0.9999
13450.600      0.9339     0.9999
13450.700      0.9351     0.9999
13450.800      0.9474     0.9999
13450.900      0.9686     0.9999
13451.000      0.9894     0.9999
13451.100      1.0037     0.9999
13451.200      1.0124     0.9999
13451.300      1.0081     0.9999
13451.400      1.0023     0.9999
13451.500      0.9994     0.9999
13451.600      0.9988     0.9999
13451.700      0.9991     0.9999
13451.800      0.9997     0.9999
13451.900      0.9961     0.9999
13452.000      0.9769     0.9999
13452.100      0.9578     0.9999
13452.200      0.9407     0.9999
13452.300      0.9268     0.9999
13452.400      0.9269     0.9999
13452.500      0.9356     0.9999
13452.600      0.9501     0.9999
13452.700      0.9662     0.9999
13452.800      0.9769     0.9999
13452.900      0.9720     0.9999
13453.000      0.9604     0.9999
13453.100      0.9433     0.9999
13453.200      0.9263     0.9999
13453.300      0.9238     0.9999
13453.400      0.9232     0.9999
13453.500      0.9202     0.9999
13453.600      0.9112     0.9999
13453.700      0.8928     0.9999
13453.800      0.8564     0.9999
13453.900      0.8036     0.9999
13454.000      0.7298     0.9999
13454.100      0.6350     0.9999
13454.200      0.5025     0.9999
13454.300      0.3699     0.9999
13454.400      0.2521     0.9999
13454.500      0.1601     0.9999
13454.600      0.1179     0.9999
13454.700      0.1270     0.9999
13454.800      0.1735     0.9999
13454.900      0.2408     0.9999
13455.000      0.3105     0.9999
13455.100      0.3812     0.9999
13455.200      0.4520     0.9999
13455.300      0.5042     0.9999
13455.400      0.5328     0.9999
13455.500      0.5212     0.9999
13455.600      0.4728     0.9999
13455.700      0.3881     0.9999
13455.800      0.2869     0.9999
13455.900      0.1886     0.9999
13456.000      0.1140     0.9999
13456.100      0.0623     0.9999
13456.200      0.0615     0.9999
13456.300      0.0987     0.9999
13456.400      0.1861     0.9999
13456.500      0.2911     0.9999
13456.600      0.4071     0.9998
13456.700      0.5251     0.9998
13456.800      0.6346     0.9998
13456.900      0.7164     0.9998
13457.000      0.7804     0.9997
13457.100      0.8270     0.9997
13457.200      0.8606     0.9997
13457.300      0.8811     0.9998
13457.400      0.8955     0.9998
13457.500      0.9055     0.9998
13457.600      0.9127     0.9998
13457.700      0.9177     0.9998
13457.800      0.9203     0.9998
13457.900      0.9175     0.9998
13458.000      0.9041     0.9997
13458.100      0.8842     0.9997
13458.200      0.8606     0.9997
13458.300      0.8300     0.9996
13458.400      0.7908     0.9995
13458.500      0.7381     0.9995
13458.600      0.6607     0.9993
13458.700      0.5617     0.9992
13458.800      0.4473     0.9991
13458.900      0.3255     0.9991
13459.000      0.2065     0.9991
13459.100      0.1213     0.9992
13459.200      0.0654     0.9993
13459.300      0.0572     0.9994
13459.400      0.0897     0.9995
13459.500      0.1730     0.9996
13459.600      0.2783     0.9997
13459.700      0.3967     0.9997
13459.800      0.5185     0.9997
13459.900      0.6341     0.9998
13460.000      0.7196     0.9998
13460.100      0.7867     0.9998
13460.200      0.8328     0.9998
13460.300      0.8696     0.9998
13460.400      0.9000     0.9998
13460.500      0.9253     0.9998
13460.600      0.9450     0.9998
13460.700      0.9606     0.9998
13460.800      0.9734     0.9998
13460.900      0.9836     0.9998
13461.000      0.9896     0.9998
13461.100      0.9882     0.9998
13461.200      0.9792     0.9997
13461.300      0.9610     0.9997
13461.400      0.9317     0.9997
13461.500      0.8814     0.9997
13461.600      0.8253     0.9998
13461.700      0.7821     0.9998
13461.800      0.7574     0.9998
13461.900      0.7385     0.9999
13462.000      0.7224     0.9999
13462.100      0.7034     0.9999
13462.200      0.6007     0.9999
13462.300      0.4979     0.9998
13462.400      0.4194     0.9998
13462.500      0.3801     0.9998
13462.600      0.4401     0.9998
13462.700      0.5508     0.9998
13462.800      0.6612     0.9999
13462.900      0.7685     0.9999
13463.000      0.8645     0.9999
13463.100      0.9071     0.9999
13463.200      0.9302     0.9999
13463.300      0.9377     0.9999
13463.400      0.9384     0.9999
13463.500      0.9340     0.9999
13463.600      0.9269     0.9998
13463.700      0.9179     0.9997
13463.800      0.9067     0.9991
13463.900      0.8913     0.9972
13464.000      0.8658     0.9924
13464.100      0.8303     0.9826
13464.200      0.7805     0.9666
13464.300      0.7141     0.9460
13464.400      0.6209     0.9266
13464.500      0.5121     0.9159
13464.600      0.3888     0.9185
13464.700      0.2619     0.9334
13464.800      0.1478     0.9541
13464.900      0.0727     0.9734
13465.000      0.0268     0.9870
13465.100      0.0128     0.9947
13465.200      0.0113     0.9981
13465.300      0.0204     0.9994
13465.400      0.0299     0.9998
13465.500      0.0322     0.9999
13465.600      0.0302     0.9999
13465.700      0.0265     0.9999
13465.800      0.0224     0.9999
13465.900      0.0228     0.9999
13466.000      0.0486     0.9999
13466.100      0.0967     0.9999
13466.200      0.1848     0.9999
13466.300      0.2895     0.9999
13466.400      0.4110     0.9999
13466.500      0.5339     0.9999
13466.600      0.6442     0.9999
13466.700      0.7324     0.9999
13466.800      0.8002     0.9999
13466.900      0.8483     0.9999
13467.000      0.8829     0.9999
13467.100      0.9080     0.9999
13467.200      0.9251     0.9999
13467.300      0.9372     0.9999
13467.400      0.9426     0.9999
13467.500      0.9412     0.9999
13467.600      0.9312     0.9999
13467.700      0.9133     0.9999
13467.800      0.8813     0.9999
13467.900      0.8184     0.9999
13468.000      0.7092     0.9999
13468.100      0.5910     0.9999
13468.200      0.4678     0.9999
13468.300      0.3445     0.9999
13468.400      0.3232     0.9999
13468.500      0.3729     0.9999
13468.600      0.4937     0.9999
13468.700      0.6342     0.9999
13468.800      0.7627     0.9999
13468.900      0.8550     0.9999
13469.000      0.9188     0.9999
13469.100      0.9501     0.9999
13469.200      0.9616     0.9999
13469.300      0.9567     0.9999
13469.400      0.9435     0.9999
13469.500      0.9215     0.9999
13469.600      0.8983     0.9999
13469.700      0.8849     0.9999
13469.800      0.8875     0.9999
13469.900      0.9005     0.9999
13470.000      0.9199     0.9999
13470.100      0.9390     0.9999
13470.200      0.9539     0.9999
13470.300      0.9688     0.9999
13470.400      0.9863     0.9999
13470.500      1.0043     0.9999
13470.600      1.0213     0.9999
13470.700      1.0354     0.9999
13470.800      1.0419     0.9999
13470.900      1.0374     0.9999
13471.000      1.0289     0.9999
13471.100      1.0181     0.9999
13471.200      1.0044     0.9999
13471.300      0.9887     0.9999
13471.400      0.9683     0.9999
13471.500      0.9365     0.9999
13471.600      0.8871     0.9999
13471.700      0.8113     0.9999
13471.800      0.7095     0.9999
13471.900      0.5874     0.9999
13472.000      0.4535     0.9999
13472.100      0.3230     0.9999
13472.200      0.2575     0.9998
13472.300      0.2420     0.9997
13472.400      0.3218     0.9996
13472.500      0.4186     0.9996
13472.600      0.5213     0.9996
13472.700      0.6246     0.9997
13472.800      0.7130     0.9998
13472.900      0.7713     0.9998
13473.000      0.8171     0.9999
13473.100      0.8552     0.9999
13473.200      0.8827     0.9999
13473.300      0.8985     0.9999
13473.400      0.9021     0.9999
13473.500      0.8856     0.9999
13473.600      0.8649     0.9999
13473.700      0.8472     0.9999
13473.800      0.8321     0.9999
13473.900      0.8152     0.9999
13474.000      0.7867     0.9999
13474.100      0.7438     0.9998
13474.200      0.6631     0.9998
13474.300      0.5824     0.9998
13474.400      0.5095     0.9998
13474.500      0.4493     0.9998
13474.600      0.4224     0.9998
13474.700      0.4272     0.9997
13474.800      0.4581     0.9996
13474.900      0.5005     0.9994
13475.000      0.5387     0.9993
13475.100      0.5483     0.9993
13475.200      0.5373     0.9994
13475.300      0.4939     0.9996
13475.400      0.4407     0.9997
13475.500      0.3791     0.9998
13475.600      0.3160     0.9998
13475.700      0.2523     0.9998
13475.800      0.1885     0.9998
13475.900      0.1279     0.9998
13476.000      0.0809     0.9998
13476.100      0.0448     0.9998
13476.200      0.0230     0.9997
13476.300      0.0096     0.9997
13476.400      0.0044     0.9997
13476.500      0.0017     0.9996
13476.600      0.0011     0.9996
13476.700      0.0007     0.9995
13476.800      0.0002     0.9996
13476.900     -0.0005     0.9997
13477.000     -0.0006     0.9997
13477.100      0.0021     0.9997
13477.200      0.0061     0.9998
13477.300      0.0115     0.9998
13477.400      0.0170     0.9999
13477.500      0.0200     0.9999
13477.600      0.0208     0.9999
13477.700      0.0201     0.9999
13477.800      0.0181     0.9999
13477.900      0.0143     0.9999
13478.000      0.0093     0.9999
13478.100      0.0045     0.9999
13478.200      0.0019     0.9999
13478.300      0.0003     0.9999
13478.400     -0.0003     0.9999
13478.500     -0.0005     0.9999
13478.600     -0.0005     0.9999
13478.700     -0.0003     0.9999
13478.800      0.0001     0.9999
13478.900      0.0011     0.9999
13479.000      0.0034     0.9999
13479.100      0.0124     0.9999
13479.200      0.0279     0.9999
13479.300      0.0596     0.9999
13479.400      0.0971     0.9999
13479.500      0.1405     0.9999
13479.600      0.1845     0.9999
13479.700      0.2167     0.9999
13479.800      0.2300     0.9999
13479.900      0.2277     0.9999
13480.000      0.2154     0.9999
13480.100      0.2035     0.9999
13480.200      0.1952     0.9999
13480.300      0.1869     0.9999
13480.400      0.1636     0.9999
13480.500      0.1328     0.9999
13480.600      0.0954     0.9999
13480.700      0.0566     0.9999
13480.800      0.0264     0.9999
13480.900      0.0203     0.9999
13481.000      0.0352     0.9999
13481.100      0.0766     0.9999
13481.200      0.1393     0.9999
13481.300      0.2304     0.9999
13481.400      0.3215     0.9999
13481.500      0.4084     0.9999
13481.600      0.4870     0.9999
13481.700      0.5477     0.9999
13481.800      0.5833     0.9999
13481.900      0.5956     0.9999
13482.000      0.5879     0.9999
13482.100      0.5674     0.9999
13482.200      0.5374     0.9999
13482.300      0.5073     0.9999
13482.400      0.5050     0.9999
13482.500      0.5068     0.9999
13482.600      0.5096     0.9999
13482.700      0.5126     0.9999
13482.800      0.5094     0.9999
13482.900      0.4884     0.9999
13483.000      0.4502     0.9999
13483.100      0.3903     0.9999
13483.200      0.3166     0.9999
13483.300      0.2282     0.9999
13483.400      0.1398     0.9999
13483.500      0.0752     0.9999
13483.600      0.0329     0.9999
13483.700      0.0149     0.9999
13483.800      0.0078     0.9999
13483.900      0.0039     0.9999
13484.000      0.0011     0.9999
13484.100     -0.0006     0.9999
13484.200     -0.0015     0.9999
13484.300     -0.0019     0.9999
13484.400     -0.0018     0.9999
13484.500     -0.0016     0.9999
13484.600     -0.0015     0.9999
13484.700     -0.0013     0.9999
13484.800     -0.0009     0.9999
13484.900      0.0000     0.9999
13485.000      0.0018     0.9998
13485.100      0.0073     0.9998
13485.200      0.0172     0.9998
13485.300      0.0406     0.9998
13485.400      0.0761     0.9998
13485.500      0.1312     0.9998
13485.600      0.1947     0.9999
13485.700      0.2644     0.9999
13485.800      0.3353     0.9999
13485.900      0.4038     0.9999
13486.000      0.4643     0.9999
13486.100      0.5196     0.9999
13486.200      0.5700     0.9999
13486.300      0.6142     0.9999
13486.400      0.6493     0.9999
13486.500      0.6775     0.9999
13486.600      0.6996     0.9999
13486.700      0.7166     0.9999
13486.800      0.7291     0.9999
13486.900      0.7368     0.9999
13487.000      0.7388     0.9999
13487.100      0.7336     0.9999
13487.200      0.7205     0.9999
13487.300      0.6978     0.9999
13487.400      0.6645     0.9998
13487.500      0.6193     0.9998
13487.600      0.5604     0.9998
13487.700      0.4800     0.9999
13487.800      0.3897     0.9999
13487.900      0.2972     0.9999
13488.000      0.2041     0.9999
13488.100      0.1160     0.9999
13488.200      0.0645     0.9999
13488.300      0.0315     0.9999
13488.400      0.0152     0.9998
13488.500      0.0108     0.9998
13488.600      0.0160     0.9998
13488.700      0.0295     0.9998
13488.800      0.0550     0.9999
13488.900      0.0861     0.9999
13489.000      0.1140     0.9999
13489.100      0.1253     0.9999
13489.200      0.1231     0.9999
13489.300      0.0961     0.9999
13489.400      0.0691     0.9999
13489.500      0.0462     0.9999
13489.600      0.0311     0.9999
13489.700      0.0369     0.9999
13489.800      0.0737     0.9999
13489.900      0.1442     0.9999
13490.000      0.2415     0.9999
13490.100      0.3480     0.9999
13490.200      0.4592     0.9999
13490.300      0.5704     0.9999
13490.400      0.6496     0.9999
13490.500      0.7128     0.9999
13490.600      0.7636     0.9999
13490.700      0.8049     0.9999
13490.800      0.8384     0.9999
13490.900      0.8642     0.9999
13491.000      0.8804     0.9999
13491.100      0.8846     0.9999
13491.200      0.8756     0.9999
13491.300      0.8466     0.9999
13491.400      0.8125     0.9999
13491.500      0.7741     0.9999
13491.600      0.7354     0.9999
13491.700      0.6977     0.9999
13491.800      0.6606     0.9999
13491.900      0.6110     0.9999
13492.000      0.5312     0.9999
13492.100      0.4335     0.9999
13492.200      0.3210     0.9999
13492.300      0.2084     0.9999
13492.400      0.1221     0.9999
13492.500      0.0601     0.9999
13492.600      0.0299     0.9999
13492.700      0.0326     0.9999
13492.800      0.0688     0.9999
13492.900      0.1345     0.9999
13493.000      0.2313     0.9999
13493.100      0.3493     0.9999
13493.200      0.4671     0.9999
13493.300      0.5769     0.9999
13493.400      0.6783     0.9999
13493.500      0.7606     0.9999
13493.600      0.8284     0.9999
13493.700      0.8850     0.9999
13493.800      0.9310     0.9999
13493.900      0.9630     0.9999
13494.000      0.9843     0.9999
13494.100      1.0014     0.9999
13494.200      1.0168     0.9999
13494.300      1.0286     0.9999
13494.400      1.0357     0.9999
13494.500      1.0368     0.9998
13494.600      1.0244     0.9997
13494.700      1.0088     0.9996
13494.800      0.9975     0.9993
13494.900      0.9930     0.9991
13495.000      0.9929     0.9989
13495.100      0.9953     0.9989
13495.200      0.9977     0.9991
13495.300      0.9980     0.9992
13495.400      0.9951     0.9993
13495.500      0.9648     0.9993
13495.600      0.9100     0.9994
13495.700      0.8219     0.9996
13495.800      0.7231     0.9997
13495.900      0.6438     0.9998
13496.000      0.6236     0.9999
13496.100      0.6604     0.9999
13496.200      0.7661     0.9999
13496.300      0.8719     0.9999
13496.400      0.9517     0.9999
13496.500      1.0104     0.9999
13496.600      1.0350     0.9999
13496.700      1.0449     0.9999
13496.800      1.0489     0.9999
13496.900      1.0486     0.9999
13497.000      1.0424     0.9999
13497.100      1.0279     0.9999
13497.200      1.0019     0.9999
13497.300      0.9536     0.9999
13497.400      0.9052     0.9999
13497.500      0.8690     0.9999
13497.600      0.8478     0.9999
13497.700      0.8578     0.9999
13497.800      0.8798     0.9999
13497.900      0.8961     0.9999
13498.000      0.8942     0.9999
13498.100      0.8764     0.9999
13498.200      0.8372     0.9999
13498.300      0.7806     0.9999
13498.400      0.7098     0.9999
13498.500      0.6213     0.9999
13498.600      0.5023     0.9999
13498.700      0.3768     0.9999
13498.800      0.2552     0.9999
13498.900      0.1473     0.9999
13499.000      0.0639     0.9999
13499.100      0.0268     0.9998
13499.200      0.0177     0.9998
13499.300      0.0300     0.9997
13499.400      0.0652     0.9996
13499.500      0.1284     0.9996
13499.600      0.2050     0.9996
13499.700      0.2943     0.9996
13499.800      0.3860     0.9996
13499.900      0.4743     0.9996
13500.000      0.5525     0.9997
13500.100      0.6234     0.9997
13500.200      0.6856     0.9998
13500.300      0.7364     0.9998
13500.400      0.7648     0.9998
13500.500      0.7812     0.9999
13500.600      0.7883     0.9999
13500.700      0.7869     0.9999
13500.800      0.7773     0.9998
13500.900      0.7593     0.9998
13501.000      0.7315     0.9998
13501.100      0.6938     0.9998
13501.200      0.6485     0.9998
13501.300      0.5977     0.9998
13501.400      0.5389     0.9996
13501.500      0.4659     0.9989
13501.600      0.3879     0.9967
13501.700      0.3061     0.9913
13501.800      0.2238     0.9799
13501.900      0.1482     0.9606
13502.000      0.0904     0.9346
13502.100      0.0472     0.9079
13502.200      0.0206     0.8895
13502.300      0.0061     0.8868
13502.400      0.0035     0.9011
13502.500      0.0065     0.9263
13502.600      0.0152     0.9533
13502.700      0.0246     0.9750
13502.800      0.0339     0.9886
13502.900      0.0426     0.9956
13503.000      0.0491     0.9985
13503.100      0.0493     0.9995
13503.200      0.0449     0.9997
13503.300      0.0353     0.9998
13503.400      0.0257     0.9998
13503.500      0.0161     0.9998
13503.600      0.0065     0.9998
13503.700      0.0046     0.9997
13503.800      0.0066     0.9994
13503.900      0.0083     0.9989
13504.000      0.0093     0.9983
13504.100      0.0094     0.9978
13504.200      0.0083     0.9977
13504.300      0.0072     0.9979
13504.400      0.0109     0.9985
13504.500      0.0174     0.9991
13504.600      0.0283     0.9995
13504.700      0.0399     0.9998
13504.800      0.0505     0.9999
13504.900      0.0579     0.9999
13505.000      0.0574     0.9999
13505.100      0.0462     0.9999
13505.200      0.0370     0.9999
13505.300      0.0507     0.9999
13505.400      0.0819     0.9999
13505.500      0.1477     0.9999
13505.600      0.2162     0.9999
13505.700      0.2705     0.9999
13505.800      0.3017     0.9999
13505.900      0.3080     0.9999
13506.000      0.2891     0.9999
13506.100      0.2485     0.9999
13506.200      0.1923     0.9999
13506.300      0.1361     0.9999
13506.400      0.0893     0.9999
13506.500      0.0515     0.9999
13506.600      0.0354     0.9999
13506.700      0.0254     0.9999
13506.800      0.0161     0.9999
13506.900      0.0080     0.9999
13507.000      0.0075     0.9999
13507.100      0.0267     0.9999
13507.200      0.0586     0.9999
13507.300      0.1024     0.9999
13507.400      0.1561     0.9999
13507.500      0.2231     0.9999
13507.600      0.2908     0.9999
13507.700      0.3347     0.9999
13507.800      0.3447     0.9999
13507.900      0.3132     0.9999
13508.000      0.2577     0.9999
13508.100      0.2014     0.9999
13508.200      0.1448     0.9999
13508.300      0.0892     0.9999
13508.400      0.0807     0.9999
13508.500      0.1073     0.9999
13508.600      0.1931     0.9999
13508.700      0.2969     0.9999
13508.800      0.4095     0.9999
13508.900      0.5234     0.9999
13509.000      0.6221     0.9999
13509.100      0.6670     0.9999
13509.200      0.6704     0.9999
13509.300      0.6243     0.9999
13509.400      0.5451     0.9999
13509.500      0.4265     0.9999
13509.600      0.3059     0.9999
13509.700      0.2045     0.9999
13509.800      0.1410     0.9999
13509.900      0.1377     0.9999
13510.000      0.2036     0.9999
13510.100      0.3182     0.9999
13510.200      0.4640     0.9999
13510.300      0.6091     0.9999
13510.400      0.7236     0.9999
13510.500      0.8071     0.9999
13510.600      0.8282     0.9999
13510.700      0.7994     0.9999
13510.800      0.7135     0.9999
13510.900      0.6100     0.9999
13511.000      0.5239     0.9999
13511.100      0.4968     0.9999
13511.200      0.5208     0.9999
13511.300      0.6089     0.9999
13511.400      0.6970     0.9999
13511.500      0.7842     0.9999
13511.600      0.8697     0.9999
13511.700      0.9203     0.9999
13511.800      0.9375     0.9999
13511.900      0.9364     0.9999
13512.000      0.9171     0.9999
13512.100      0.8698     0.9999
13512.200      0.7867     0.9999
13512.300      0.6796     0.9999
13512.400      0.5465     0.9999
13512.500      0.4135     0.9999
13512.600      0.3480     0.9999
13512.700      0.3429     0.9999
13512.800      0.4100     0.9999
13512.900      0.5011     0.9999
13513.000      0.5815     0.9999
13513.100      0.6270     0.9999
13513.200      0.6458     0.9999
13513.300      0.6330     0.9999
13513.400      0.5955     0.9999
13513.500      0.5301     0.9999
13513.600      0.4542     0.9999
13513.700      0.3688     0.9999
13513.800      0.2821     0.9999
13513.900      0.2027     0.9999
13514.000      0.1404     0.9999
13514.100      0.0919     0.9999
13514.200      0.0586     0.9999
13514.300      0.0386     0.9999
13514.400      0.0348     0.9999
13514.500      0.0316     0.9999
13514.600      0.0286     0.9999
13514.700      0.0259     0.9999
13514.800      0.0237     0.9999
13514.900      0.0229     0.9999
13515.000      0.0265     0.9999
13515.100      0.0362     0.9999
13515.200      0.0472     0.9999
13515.300      0.0587     0.9999
13515.400      0.0719     0.9999
13515.500      0.0982     0.9999
13515.600      0.1356     0.9999
13515.700      0.1919     0.9999
13515.800      0.2525     0.9999
13515.900      0.3008     0.9999
13516.000      0.3306     0.9999
13516.100      0.3532     0.9999
13516.200      0.3712     0.9999
13516.300      0.3819     0.9999
13516.400      0.3828     0.9999
13516.500      0.3709     0.9999
13516.600      0.3275     0.9999
13516.700      0.2796     0.9999
13516.800      0.2334     0.9999
13516.900      0.1904     0.9999
13517.000      0.1499     0.9999
13517.100      0.1138     0.9999
13517.200      0.0866     0.9999
13517.300      0.0766     0.9999
13517.400      0.0666     0.9999
13517.500      0.0546     0.9999
13517.600      0.0416     0.9999
13517.700      0.0276     0.9999
13517.800      0.0134     0.9999
13517.900      0.0077     0.9999
13518.000      0.0127     0.9999
13518.100      0.0215     0.9999
13518.200      0.0320     0.9999
13518.300      0.0421     0.9999
13518.400      0.0478     0.9999
13518.500      0.0535     0.9999
13518.600      0.0602     0.9999
13518.700      0.0694     0.9999
13518.800      0.0955     0.9999
13518.900      0.1394     0.9999
13519.000      0.1956     0.9999
13519.100      0.2572     0.9999
13519.200      0.3153     0.9999
13519.300      0.3435     0.9999
13519.400      0.3471     0.9999
13519.500      0.2942     0.9999
13519.600      0.2398     0.9999
13519.700      0.1856     0.9999
13519.800      0.1318     0.9999
13519.900      0.0859     0.9999
13520.000      0.0620     0.9999
13520.100      0.0613     0.9999
13520.200      0.0999     0.9999
13520.300      0.1809     0.9999
13520.400      0.3310     0.9998
13520.500      0.4812     0.9997
13520.600      0.6026     0.9996
13520.700      0.7066     0.9995
13520.800      0.8013     0.9994
13520.900      0.8844     0.9994
13521.000      0.9430     0.9995
13521.100      0.9796     0.9997
13521.200      1.0116     0.9998
13521.300      1.0423     0.9998
13521.400      1.0676     0.9999
13521.500      1.0600     0.9999
13521.600      1.0518     0.9999
13521.700      1.0625     0.9999
13521.800      1.0899     0.9999
13521.900      1.1323     0.9999
13522.000      1.1800     0.9999
13522.100      1.2038     0.9998
13522.200      1.1761     0.9997
13522.300      1.1500     0.9996
13522.400      1.1414     0.9995
13522.500      1.1327     0.9994
13522.600      1.1066     0.9995
13522.700      1.0671     0.9995
13522.800      1.0114     0.9997
13522.900      0.9511     0.9998
13523.000      0.8956     0.9998
13523.100      0.8475     0.9998
13523.200      0.8011     0.9998
13523.300      0.7555     0.9998
13523.400      0.7098     0.9999
13523.500      0.5968     0.9999
13523.600      0.4828     0.9999
13523.700      0.3895     0.9999
13523.800      0.3089     0.9999
13523.900      0.2328     0.9999
13524.000      0.1610     0.9999
13524.100      0.0959     0.9999
13524.200      0.0430     0.9999
13524.300      0.0082     0.9999
13524.400      0.0140     0.9999
13524.500      0.0198     0.9999
13524.600      0.0132     0.9999
13524.700      0.0050     0.9999
13524.800      0.0032     0.9999
13524.900      0.0047     0.9999
13525.000      0.0063     0.9999
13525.100      0.0078     0.9999
13525.200      0.0094     0.9999
13525.300      0.0127     0.9999
13525.400      0.0185     0.9999
13525.500      0.0561     0.9999
13525.600      0.0938     0.9999
13525.700      0.0920     0.9999
13525.800      0.0784     0.9999
13525.900      0.1012     0.9999
13526.000      0.1555     0.9999
13526.100      0.2121     0.9999
13526.200      0.2694     0.9999
13526.300      0.3260     0.9999
13526.400      0.3730     0.9999
13526.500      0.4115     0.9999
13526.600      0.4291     0.9999
13526.700      0.4448     0.9999
13526.800      0.4932     0.9999
13526.900      0.5579     0.9999
13527.000      0.6157     0.9999
13527.100      0.6480     0.9999
13527.200      0.6419     0.9999
13527.300      0.5754     0.9998
13527.400      0.5089     0.9998
13527.500      0.4525     0.9998
13527.600      0.4119     0.9998
13527.700      0.4901     0.9998
13527.800      0.6091     0.9998
13527.900      0.7379     0.9998
13528.000      0.8682     0.9999
13528.100      0.9806     0.9999
13528.200      1.0341     0.9999
13528.300      1.0491     0.9999
13528.400      1.0223     0.9999
13528.500      0.9955     0.9999
13528.600      0.9686     0.9999
13528.700      0.9416     0.9999
13528.800      0.9184     0.9999
13528.900      0.8970     0.9999
13529.000      0.8645     0.9999
13529.100      0.8016     0.9999
13529.200      0.7068     0.9999
13529.300      0.5758     0.9999
13529.400      0.4449     0.9999
13529.500      0.3233     0.9999
13529.600      0.2161     0.9999
13529.700      0.2254     0.9999
13529.800      0.2634     0.9999
13529.900      0.2556     0.9999
13530.000      0.2033     0.9999
13530.100      0.1381     0.9999
13530.200      0.0685     0.9999
13530.300      0.0061     0.9999
13530.400     -0.0072     0.9999
13530.500     -0.0206     0.9999
13530.600     -0.0427     0.9999
13530.700     -0.0658     0.9999
13530.800     -0.0425     0.9999
13530.900      0.0021     0.9999
13531.000      0.0440     0.9999
13531.100      0.0732     0.9999
13531.200      0.0675     0.9999
13531.300     -0.0105     0.9999
13531.400     -0.0866     0.9999
13531.500     -0.0795     0.9999
13531.600     -0.0507     0.9999
13531.700     -0.0008     0.9999
13531.800      0.0511     0.9999
13531.900      0.1004     0.9999
13532.000      0.1397     0.9999
13532.100      0.1389     0.9999
13532.200      0.0811     0.9999
13532.300      0.0407     0.9999
13532.400      0.1093     0.9999
13532.500      0.1779     0.9999
13532.600      0.1464     0.9999
13532.700      0.1052     0.9999
13532.800      0.1053     0.9999
13532.900      0.1287     0.9999
13533.000      0.1563     0.9999
13533.100      0.1864     0.9999
13533.200      0.2229     0.9999
13533.300      0.2668     0.9999
13533.400      0.3106     0.9999
13533.500      0.3434     0.9999
13533.600      0.3597     0.9999
13533.700      0.2442     0.9999
13533.800      0.0999     0.9998
13533.900      0.0280     0.9995
13534.000      0.0469     0.9984
13534.100      0.1124     0.9957
13534.200      0.2113     0.9900
13534.300      0.3526     0.9801
13534.400      0.5393     0.9669
13534.500      0.7261     0.9539
13534.600      0.8807     0.9461
13534.700      1.0053     0.9471
13534.800      1.0901     0.9565
13534.900      1.1426     0.9699
13535.000      1.1614     0.9826
13535.100      1.1663     0.9914
13535.200      1.1717     0.9963
13535.300      1.1822     0.9984
13535.400      1.2009     0.9991
13535.500      1.2659     0.9993
13535.600      1.3309     0.9993
13535.700      1.2436     0.9994
13535.800      1.1226     0.9994
13535.900      1.0356     0.9996
13536.000      0.9710     0.9997
13536.100      0.9057     0.9997
13536.200      0.8351     0.9998
13536.300      0.7409     0.9998
13536.400      0.5523     0.9999
13536.500      0.3637     0.9999
13536.600      0.2530     0.9999
13536.700      0.1703     0.9999
13536.800      0.0980     0.9999
13536.900      0.0450     0.9999
13537.000      0.0655     0.9999
13537.100      0.1434     0.9999
13537.200      0.1872     0.9999
13537.300      0.1400     0.9999
13537.400      0.0944     0.9999
13537.500      0.1016     0.9999
13537.600      0.1531     0.9999
13537.700      0.3003     0.9999
13537.800      0.4619     0.9999
13537.900      0.5537     0.9999
13538.000      0.6010     0.9999
13538.100      0.6491     0.9999
13538.200      0.7039     0.9999
13538.300      0.7874     0.9999
13538.400      1.0007     0.9999
13538.500      1.2527     0.9999
13538.600      1.5395     0.9999
13538.700      1.8271     0.9999
13538.800      1.9881     0.9999
13538.900      2.0433     0.9999
13539.000      2.0218     0.9999
13539.100      1.9734     0.9999
13539.200      2.0249     0.9999
13539.300      2.3318     0.9999
13539.400      2.6395     0.9999
13539.500      2.9477     0.9999
13539.600      3.2559     0.9999
13539.700      3.2831     0.9999
13539.800      3.2558     0.9999
13539.900      3.2391     0.9999
13540.000      3.2287     0.9999
13540.100      3.1563     0.9999
13540.200      2.9887     0.9999
13540.300      2.8249     0.9999
13540.400      2.6789     0.9999
13540.500      2.5330     0.9999
13540.600      2.0489     0.9999
13540.700      1.5474     0.9999
13540.800      1.2323     0.9999
13540.900      1.0691     0.9999
13541.000      1.0179     0.9999
13541.100      1.0048     0.9999
13541.200      0.9236     0.9999
13541.300      0.6765     0.9999
13541.400      0.4353     0.9999
13541.500      0.3236     0.9999
13541.600      0.2928     0.9999
13541.700      0.3906     0.9999
13541.800      0.5030     0.9999
13541.900      0.5887     0.9999
13542.000      0.6087     0.9999
13542.100      0.4949     0.9999
13542.200      0.2557     0.9999
13542.300      0.1208     0.9999
13542.400      0.4385     0.9999
13542.500      0.7562     0.9999
13542.600      0.7239     0.9999
13542.700      0.6773     0.9999
13542.800      0.7902     0.9999
13542.900      0.9580     0.9999
13543.000      0.8151     0.9999
13543.100      0.3826     0.9999
13543.200      0.0847     0.9999
13543.300      0.0995     0.9999
13543.400      0.0785     0.9999
13543.500     -0.3883     0.9999
13543.600     -0.8551     0.9999
13543.700     -0.4386     0.9999
13543.800      0.1248     0.9998
13543.900      0.5344     0.9994
13544.000      0.6706     0.9983
13544.100      0.4517     0.9955
13544.200     -0.0175     0.9895
13544.300     -0.3160     0.9795
13544.400      0.0796     0.9662
13544.500      0.4752     0.9535
13544.600      0.5037     0.9462
13544.700      0.3391     0.9478
13544.800     -0.0679     0.9575
13544.900     -0.5165     0.9709
13545.000     -0.6084     0.9834
13545.100     -0.3805     0.9920
13545.200     -0.1543     0.9967
13545.300      0.0522     0.9988
13545.400      0.1965     0.9996
13545.500     -0.1022     0.9998
13545.600     -0.4443     0.9998
13545.700     -0.8072     0.9998
13545.800     -1.1863     0.9998
13545.900     -1.5873     0.9999
13546.000     -1.9938     0.9999
13546.100     -1.9027     0.9999
13546.200     -1.1349     0.9999
13546.300     -0.4739     0.9998
13546.400     -0.2472     0.9998
13546.500     -0.0205     0.9996
13546.600      0.2360     0.9993
13546.700      0.4931     0.9988
13546.800      0.4403     0.9982
13546.900      0.2918     0.9977
13547.000      0.3976     0.9975
13547.100      0.7226     0.9977
13547.200      1.0124     0.9982
13547.300      1.0947     0.9987
13547.400      0.9187     0.9991
13547.500      0.0910     0.9994
13547.600     -0.7367     0.9996
13547.700     -1.3917     0.9997
13547.800     -1.7484     0.9998
13547.900     -0.8913     0.9998
13548.000      0.5123     0.9998
13548.100      1.4635     0.9999
13548.200      1.5602     0.9999
13548.300      1.3034     0.9999
13548.400      0.8334     0.9999
13548.500      0.1624     0.9999
13548.600     -0.7488     0.9999
13548.700     -1.6613     0.9999
13548.800     -2.1540     0.9999
13548.900     -2.1029     0.9999
13549.000     -1.2276     0.9999
13549.100      0.0449     0.9999
13549.200      1.1942     0.9999
13549.300      1.8448     0.9999
13549.400      2.0830     0.9999
13549.500      1.7373     0.9999
13549.600      1.2384     0.9999
13549.700      0.6140     0.9999
13549.800     -0.0155     0.9999
13549.900      0.1913     0.9999
13550.000      0.8287     0.9999
13550.100      1.4144     0.9999
13550.200      1.7541     0.9999
13550.300      1.5755     0.9999
13550.400      0.3330     0.9999
13550.500     -0.9095     0.9999
13550.600     -0.7527     0.9999
13550.700     -0.2304     0.9999
13550.800      0.6521     0.9999
13550.900      1.5746     0.9999
13551.000      1.3014     0.9999
13551.100      0.0760     0.9999
13551.200     -0.5767     0.9999
13551.300      0.0394     0.9999
13551.400      0.8917     0.9999
13551.500      1.8714     0.9999
13551.600      2.8510     0.9999
13551.700      1.5435     0.9999
13551.800     -0.0280     0.9999
13551.900     -0.1316     0.9998
13552.000      0.4881     0.9998
13552.100      1.0313     0.9998
13552.200      1.4557     0.9997
13552.300      1.8497     0.9995
13552.400      2.2302     0.9993
13552.500      2.5789     0.9991
13552.600      2.8874     0.9989
13552.700      3.0939     0.9988
13552.800      1.9596     0.9989
13552.900      0.4713     0.9991
13553.000     -0.3590     0.9993
13553.100     -0.4737     0.9996
13553.200     -0.3836     0.9997
13553.300     -0.1678     0.9998
13553.400      0.3698     0.9998
13553.500      1.5743     0.9998
13553.600      2.7982     0.9998
13553.700      4.0341     0.9998
13553.800      5.2701     0.9998
13553.900      4.6047     0.9998
13554.000      3.0432     0.9997
13554.100      2.0854     0.9997
13554.200      2.1947     0.9997
13554.300      2.8521     0.9997
13554.400      3.8536     0.9998
13554.500      4.8532     0.9998
13554.600      5.5677     0.9999
13554.700      5.9111     0.9999
13554.800      4.5815     0.9999
13554.900      2.8736     0.9999
13555.000      1.7174     0.9999
13555.100      1.3031     0.9999
13555.200      1.3823     0.9999
13555.300      1.7255     0.9999
13555.400      2.0172     0.9999
13555.500      1.9625     0.9999
13555.600      1.8894     0.9999
13555.700      1.8150     0.9999
13555.800      1.7249     0.9999
13555.900      1.5135     0.9999
13556.000      1.2526     0.9999
13556.100      1.0695     0.9999
13556.200      1.1028     0.9999
13556.300      1.3830     0.9999
13556.400      1.9465     0.9999
13556.500      2.4853     0.9999
13556.600      2.2014     0.9999
13556.700      1.9176     0.9999
13556.800      2.0790     0.9999
13556.900      2.3498     0.9999
13557.000      2.6044     0.9999
13557.100      2.7929     0.9999
13557.200      2.6328     0.9999
13557.300      1.9527     0.9999
13557.400      1.2773     0.9999
13557.500      0.7080     0.9999
13557.600      0.2732     0.9999
13557.700      0.7480     0.9998
13557.800      1.2994     0.9998
13557.900      1.8099     0.9997
13558.000      2.2377     0.9996
13558.100      2.5746     0.9996
13558.200      2.7229     0.9997
13558.300      2.5097     0.9998
13558.400      1.7696     0.9998
13558.500      1.0518     0.9999
13558.600      0.9208     0.9999
13558.700      0.8679     0.9999
13558.800      0.8350     0.9998
13558.900      0.8643     0.9996
13559.000      1.2081     0.9988
13559.100      1.7296     0.9965
13559.200      2.0163     0.9915
13559.300      1.7609     0.9823
13559.400      1.2887     0.9690
13559.500      0.6679     0.9543
13559.600      0.0471     0.9431
13559.700      0.4210     0.9404
13559.800      0.8747     0.9473
13559.900      1.1276     0.9607
13560.000      1.2753     0.9753
13560.100      1.4101     0.9870
13560.200      1.5313     0.9942
13560.300      1.4691     0.9978
13560.400      0.9668     0.9992
13560.500      0.4756     0.9997
13560.600      0.2399     0.9999
13560.700      0.0804     0.9999
13560.800     -0.0524     0.9999
13560.900     -0.1099     0.9999
13561.000      0.1854     0.9999
13561.100      0.6711     0.9999
13561.200      0.9521     0.9999
13561.300      0.7598     0.9999
13561.400      0.3543     0.9999
13561.500     -0.2040     0.9999
13561.600     -0.7623     0.9999
13561.700     -1.1580     0.9999
13561.800     -1.3954     0.9999
13561.900     -1.3193     0.9999
13562.000     -1.1585     0.9999
13562.100     -1.0743     0.9999
13562.200     -1.1545     1.0000
13562.300     -1.3100     1.0000
13562.400     -1.4035     1.0000
13562.500     -1.4971     1.0000
13562.600     -1.5906     1.0000
13562.700     -1.6842     1.0000
13562.800     -1.7777     1.0000
13562.900     -1.8713     1.0000
13563.000     -1.9648     1.0000
