# t09572g430x+000m0                                           
# 1105811374.kgf                                              
# data\m50.fits                                               
# xmin,xmax,dshft,yshift,fz:  10900.00  11532.00   0.00000   0.00000   1.00000
# vw,rp,ifabs:   0.0    28300.   0
#                                                                     
# wave(A)   obs.spec.  the.spec.  overplot1  overplot2  overplot3  overplot4
11058.000      0.8572     1.0000
11058.100      0.8616     1.0000
11058.200      0.8661     1.0000
11058.300      0.8706     1.0000
11058.400      0.8751     1.0000
11058.500      0.8795     1.0000
11058.600      0.8840     1.0000
11058.700      0.8885     1.0000
11058.800      0.8930     0.9940
11058.900      0.8974     0.9942
11059.000      0.9019     0.9943
11059.100      0.9064     0.9943
11059.200      0.9109     0.9944
11059.300      0.9153     0.9944
11059.400      0.9198     0.9944
11059.500      0.9571     0.9944
11059.600      1.0036     0.9944
11059.700      1.0346     0.9944
11059.800      1.0498     0.9945
11059.900      1.0426     0.9945
11060.000      1.0319     0.9945
11060.100      1.0199     0.9945
11060.200      1.0052     0.9945
11060.300      0.9857     0.9945
11060.400      0.9536     0.9945
11060.500      0.9053     0.9945
11060.600      0.8488     0.9946
11060.700      0.7903     0.9946
11060.800      0.7754     0.9946
11060.900      0.8027     0.9946
11061.000      0.8538     0.9946
11061.100      0.9073     0.9946
11061.200      0.9255     0.9946
11061.300      0.9379     0.9946
11061.400      0.9489     0.9946
11061.500      0.9617     0.9946
11061.600      0.9833     0.9946
11061.700      1.0008     0.9947
11061.800      0.9967     0.9947
11061.900      0.9657     0.9947
11062.000      0.9175     0.9947
11062.100      0.8702     0.9947
11062.200      0.8273     0.9947
11062.300      0.8256     0.9947
11062.400      0.8422     0.9947
11062.500      0.8490     0.9947
11062.600      0.8357     0.9947
11062.700      0.7433     0.9947
11062.800      0.6460     0.9947
11062.900      0.5787     0.9947
11063.000      0.5619     0.9948
11063.100      0.6346     0.9948
11063.200      0.7223     0.9948
11063.300      0.8147     0.9948
11063.400      0.8945     0.9948
11063.500      0.9432     0.9948
11063.600      0.9720     0.9948
11063.700      0.9859     0.9948
11063.800      0.9843     0.9949
11063.900      0.9795     0.9949
11064.000      0.9747     0.9949
11064.100      0.9699     0.9949
11064.200      0.9575     0.9949
11064.300      0.9333     0.9949
11064.400      0.8817     0.9949
11064.500      0.8327     0.9949
11064.600      0.8078     0.9950
11064.700      0.8161     0.9950
11064.800      0.8553     0.9950
11064.900      0.8876     0.9950
11065.000      0.8992     0.9950
11065.100      0.8850     0.9950
11065.200      0.8603     0.9950
11065.300      0.8543     0.9950
11065.400      0.8707     0.9950
11065.500      0.9075     0.9950
11065.600      0.9464     0.9951
11065.700      0.9690     0.9951
11065.800      0.9780     0.9951
11065.900      0.9717     0.9951
11066.000      0.9630     0.9951
11066.100      0.9533     0.9951
11066.200      0.9454     0.9951
11066.300      0.9410     0.9951
11066.400      0.9365     0.9951
11066.500      0.9310     0.9951
11066.600      0.9094     0.9952
11066.700      0.8552     0.9952
11066.800      0.7551     0.9952
11066.900      0.6439     0.9952
11067.000      0.5655     0.9952
11067.100      0.5364     0.9952
11067.200      0.6249     0.9952
11067.300      0.7212     0.9952
11067.400      0.8193     0.9952
11067.500      0.9084     0.9952
11067.600      0.9503     0.9952
11067.700      0.9664     0.9953
11067.800      0.9689     0.9953
11067.900      0.9695     0.9953
11068.000      0.9697     0.9953
11068.100      0.9764     0.9953
11068.200      0.9874     0.9953
11068.300      0.9981     0.9953
11068.400      1.0079     0.9953
11068.500      1.0104     0.9953
11068.600      1.0117     0.9953
11068.700      1.0137     0.9953
11068.800      1.0151     0.9954
11068.900      1.0101     0.9954
11069.000      1.0063     0.9954
11069.100      1.0065     0.9954
11069.200      1.0058     0.9954
11069.300      1.0037     0.9954
11069.400      1.0032     0.9954
11069.500      1.0059     0.9953
11069.600      1.0106     0.9952
11069.700      1.0159     0.9950
11069.800      1.0187     0.9946
11069.900      1.0187     0.9943
11070.000      1.0155     0.9942
11070.100      1.0120     0.9943
11070.200      1.0107     0.9947
11070.300      1.0105     0.9950
11070.400      1.0111     0.9953
11070.500      1.0126     0.9954
11070.600      1.0151     0.9955
11070.700      1.0189     0.9955
11070.800      1.0236     0.9955
11070.900      1.0218     0.9955
11071.000      1.0132     0.9955
11071.100      1.0051     0.9955
11071.200      0.9987     0.9956
11071.300      0.9982     0.9956
11071.400      0.9994     0.9956
11071.500      1.0001     0.9956
11071.600      0.9996     0.9956
11071.700      0.9928     0.9956
11071.800      0.9781     0.9956
11071.900      0.9519     0.9956
11072.000      0.9265     0.9956
11072.100      0.9084     0.9956
11072.200      0.9076     0.9956
11072.300      0.9294     0.9956
11072.400      0.9586     0.9956
11072.500      0.9895     0.9956
11072.600      1.0068     0.9956
11072.700      1.0094     0.9957
11072.800      1.0041     0.9957
11072.900      0.9979     0.9957
11073.000      0.9946     0.9957
11073.100      0.9932     0.9957
11073.200      0.9935     0.9957
11073.300      0.9932     0.9957
11073.400      0.9850     0.9957
11073.500      0.9672     0.9957
11073.600      0.9398     0.9957
11073.700      0.9186     0.9958
11073.800      0.9168     0.9958
11073.900      0.9342     0.9958
11074.000      0.9597     0.9958
11074.100      0.9776     0.9958
11074.200      0.9798     0.9958
11074.300      0.9534     0.9958
11074.400      0.9210     0.9958
11074.500      0.8908     0.9958
11074.600      0.8656     0.9958
11074.700      0.8772     0.9958
11074.800      0.9007     0.9958
11074.900      0.9313     0.9958
11075.000      0.9555     0.9959
11075.100      0.9628     0.9959
11075.200      0.9705     0.9959
11075.300      0.9797     0.9959
11075.400      0.9915     0.9959
11075.500      1.0048     0.9959
11075.600      1.0127     0.9959
11075.700      1.0178     0.9959
11075.800      1.0234     0.9959
11075.900      1.0291     0.9959
11076.000      1.0327     0.9959
11076.100      1.0332     0.9959
11076.200      1.0259     0.9959
11076.300      1.0191     0.9959
11076.400      1.0149     0.9959
11076.500      1.0106     0.9959
11076.600      1.0062     0.9959
11076.700      0.9994     0.9960
11076.800      0.9896     0.9960
11076.900      0.9834     0.9960
11077.000      0.9802     0.9960
11077.100      0.9713     0.9960
11077.200      0.9495     0.9960
11077.300      0.8962     0.9959
11077.400      0.8366     0.9959
11077.500      0.7951     0.9959
11077.600      0.7814     0.9959
11077.700      0.8335     0.9959
11077.800      0.8856     0.9958
11077.900      0.9374     0.9958
11078.000      0.9794     0.9958
11078.100      0.9933     0.9959
11078.200      0.9961     0.9959
11078.300      0.9951     0.9959
11078.400      0.9969     0.9960
11078.500      1.0011     0.9960
11078.600      1.0048     0.9959
11078.700      1.0070     0.9958
11078.800      1.0006     0.9958
11078.900      0.9913     0.9958
11079.000      0.9811     0.9959
11079.100      0.9716     0.9960
11079.200      0.9725     0.9961
11079.300      0.9749     0.9961
11079.400      0.9780     0.9961
11079.500      0.9764     0.9961
11079.600      0.9512     0.9962
11079.700      0.8936     0.9962
11079.800      0.8149     0.9962
11079.900      0.7375     0.9962
11080.000      0.6668     0.9962
11080.100      0.6539     0.9962
11080.200      0.6899     0.9962
11080.300      0.7538     0.9962
11080.400      0.8199     0.9962
11080.500      0.8340     0.9962
11080.600      0.8181     0.9962
11080.700      0.7768     0.9962
11080.800      0.7441     0.9962
11080.900      0.7604     0.9963
11081.000      0.8014     0.9963
11081.100      0.8548     0.9963
11081.200      0.8847     0.9963
11081.300      0.8656     0.9963
11081.400      0.8156     0.9963
11081.500      0.7574     0.9963
11081.600      0.7381     0.9963
11081.700      0.7645     0.9963
11081.800      0.8342     0.9963
11081.900      0.9084     0.9963
11082.000      0.9404     0.9963
11082.100      0.9329     0.9963
11082.200      0.8741     0.9962
11082.300      0.8153     0.9961
11082.400      0.7590     0.9959
11082.500      0.7144     0.9955
11082.600      0.6934     0.9949
11082.700      0.6779     0.9944
11082.800      0.6682     0.9940
11082.900      0.6956     0.9939
11083.000      0.7571     0.9943
11083.100      0.8339     0.9949
11083.200      0.9126     0.9955
11083.300      0.9652     0.9960
11083.400      0.9953     0.9962
11083.500      1.0045     0.9963
11083.600      1.0075     0.9963
11083.700      1.0070     0.9963
11083.800      1.0066     0.9963
11083.900      1.0066     0.9963
11084.000      1.0058     0.9964
11084.100      1.0016     0.9964
11084.200      0.9952     0.9964
11084.300      0.9847     0.9964
11084.400      0.9656     0.9964
11084.500      0.9287     0.9965
11084.600      0.8519     0.9965
11084.700      0.7552     0.9965
11084.800      0.6499     0.9965
11084.900      0.5442     0.9965
11085.000      0.5515     0.9965
11085.100      0.6130     0.9965
11085.200      0.7154     0.9965
11085.300      0.8112     0.9965
11085.400      0.8729     0.9965
11085.500      0.9107     0.9965
11085.600      0.9333     0.9965
11085.700      0.9522     0.9965
11085.800      0.9688     0.9965
11085.900      0.9821     0.9965
11086.000      0.9918     0.9965
11086.100      0.9976     0.9965
11086.200      1.0006     0.9965
11086.300      1.0012     0.9965
11086.400      0.9998     0.9965
11086.500      0.9968     0.9965
11086.600      0.9916     0.9965
11086.700      0.9836     0.9965
11086.800      0.9742     0.9966
11086.900      0.9638     0.9966
11087.000      0.9478     0.9966
11087.100      0.9108     0.9966
11087.200      0.8341     0.9966
11087.300      0.7248     0.9966
11087.400      0.6054     0.9966
11087.500      0.4845     0.9966
11087.600      0.4362     0.9966
11087.700      0.4681     0.9966
11087.800      0.5842     0.9967
11087.900      0.7068     0.9967
11088.000      0.8154     0.9967
11088.100      0.9022     0.9967
11088.200      0.9420     0.9967
11088.300      0.9614     0.9967
11088.400      0.9697     0.9966
11088.500      0.9750     0.9966
11088.600      0.9784     0.9966
11088.700      0.9772     0.9966
11088.800      0.9737     0.9966
11088.900      0.9725     0.9967
11089.000      0.9757     0.9967
11089.100      0.9843     0.9967
11089.200      0.9940     0.9967
11089.300      1.0010     0.9967
11089.400      1.0064     0.9967
11089.500      1.0111     0.9967
11089.600      1.0146     0.9967
11089.700      1.0167     0.9967
11089.800      1.0168     0.9967
11089.900      1.0144     0.9967
11090.000      1.0092     0.9967
11090.100      1.0023     0.9967
11090.200      0.9957     0.9967
11090.300      0.9905     0.9967
11090.400      0.9914     0.9967
11090.500      0.9957     0.9967
11090.600      1.0007     0.9967
11090.700      1.0057     0.9967
11090.800      1.0044     0.9967
11090.900      0.9949     0.9967
11091.000      0.9714     0.9967
11091.100      0.9327     0.9966
11091.200      0.8772     0.9966
11091.300      0.8252     0.9965
11091.400      0.7965     0.9964
11091.500      0.8089     0.9962
11091.600      0.8542     0.9960
11091.700      0.8989     0.9957
11091.800      0.9410     0.9954
11091.900      0.9612     0.9952
11092.000      0.9640     0.9953
11092.100      0.9589     0.9955
11092.200      0.9529     0.9956
11092.300      0.9467     0.9956
11092.400      0.9406     0.9954
11092.500      0.9385     0.9950
11092.600      0.9425     0.9944
11092.700      0.9566     0.9937
11092.800      0.9702     0.9930
11092.900      0.9803     0.9927
11093.000      0.9839     0.9930
11093.100      0.9710     0.9939
11093.200      0.9297     0.9949
11093.300      0.8561     0.9957
11093.400      0.7524     0.9961
11093.500      0.6421     0.9962
11093.600      0.5869     0.9962
11093.700      0.5992     0.9960
11093.800      0.7080     0.9957
11093.900      0.8208     0.9953
11094.000      0.9065     0.9946
11094.100      0.9628     0.9940
11094.200      0.9812     0.9937
11094.300      0.9912     0.9939
11094.400      0.9973     0.9945
11094.500      0.9994     0.9951
11094.600      0.9988     0.9957
11094.700      0.9968     0.9961
11094.800      0.9926     0.9964
11094.900      0.9711     0.9965
11095.000      0.9364     0.9967
11095.100      0.8948     0.9967
11095.200      0.8526     0.9968
11095.300      0.8514     0.9968
11095.400      0.8755     0.9968
11095.500      0.9220     0.9969
11095.600      0.9661     0.9969
11095.700      0.9927     0.9969
11095.800      1.0064     0.9970
11095.900      1.0106     0.9970
11096.000      1.0120     0.9970
11096.100      1.0127     0.9970
11096.200      1.0134     0.9970
11096.300      1.0141     0.9970
11096.400      1.0141     0.9970
11096.500      1.0124     0.9970
11096.600      1.0077     0.9970
11096.700      1.0006     0.9970
11096.800      0.9912     0.9969
11096.900      0.9825     0.9968
11097.000      0.9838     0.9966
11097.100      0.9843     0.9965
11097.200      0.9756     0.9966
11097.300      0.9484     0.9968
11097.400      0.9010     0.9969
11097.500      0.8552     0.9970
11097.600      0.8186     0.9971
11097.700      0.8176     0.9971
11097.800      0.8494     0.9971
11097.900      0.8959     0.9971
11098.000      0.9443     0.9972
11098.100      0.9627     0.9972
11098.200      0.9456     0.9972
11098.300      0.8745     0.9972
11098.400      0.7965     0.9972
11098.500      0.7160     0.9972
11098.600      0.6531     0.9972
11098.700      0.6787     0.9972
11098.800      0.7514     0.9972
11098.900      0.8470     0.9972
11099.000      0.9264     0.9972
11099.100      0.9699     0.9972
11099.200      0.9859     0.9972
11099.300      0.9907     0.9972
11099.400      0.9920     0.9972
11099.500      0.9929     0.9972
11099.600      0.9939     0.9972
11099.700      0.9951     0.9972
11099.800      0.9969     0.9972
11099.900      0.9992     0.9972
11100.000      1.0016     0.9973
11100.100      1.0013     0.9973
11100.200      0.9892     0.9973
11100.300      0.9730     0.9973
11100.400      0.9552     0.9973
11100.500      0.9474     0.9973
11100.600      0.9557     0.9973
11100.700      0.9712     0.9973
11100.800      0.9882     0.9973
11100.900      0.9935     0.9973
11101.000      0.9945     0.9973
11101.100      0.9972     0.9973
11101.200      1.0002     0.9973
11101.300      1.0025     0.9973
11101.400      1.0030     0.9973
11101.500      0.9926     0.9973
11101.600      0.9683     0.9973
11101.700      0.9286     0.9973
11101.800      0.8916     0.9973
11101.900      0.8697     0.9973
11102.000      0.8815     0.9973
11102.100      0.9166     0.9973
11102.200      0.9507     0.9973
11102.300      0.9814     0.9974
11102.400      0.9973     0.9974
11102.500      1.0045     0.9974
11102.600      1.0078     0.9974
11102.700      1.0099     0.9974
11102.800      1.0115     0.9974
11102.900      1.0112     0.9974
11103.000      1.0061     0.9974
11103.100      1.0010     0.9974
11103.200      0.9974     0.9974
11103.300      0.9979     0.9974
11103.400      1.0031     0.9974
11103.500      1.0070     0.9974
11103.600      1.0077     0.9974
11103.700      1.0043     0.9974
11103.800      0.9995     0.9974
11103.900      0.9990     0.9974
11104.000      0.9999     0.9974
11104.100      0.9995     0.9974
11104.200      0.9972     0.9974
11104.300      0.9904     0.9974
11104.400      0.9794     0.9974
11104.500      0.9639     0.9974
11104.600      0.9488     0.9974
11104.700      0.9370     0.9974
11104.800      0.9296     0.9974
11104.900      0.9257     0.9974
11105.000      0.9184     0.9974
11105.100      0.8980     0.9974
11105.200      0.8481     0.9974
11105.300      0.7582     0.9974
11105.400      0.6175     0.9975
11105.500      0.4678     0.9975
11105.600      0.3250     0.9975
11105.700      0.1964     0.9975
11105.800      0.1482     0.9975
11105.900      0.1729     0.9975
11106.000      0.2793     0.9975
11106.100      0.4195     0.9974
11106.200      0.5745     0.9974
11106.300      0.7112     0.9973
11106.400      0.7930     0.9973
11106.500      0.8249     0.9972
11106.600      0.8309     0.9972
11106.700      0.8286     0.9970
11106.800      0.8252     0.9966
11106.900      0.8461     0.9960
11107.000      0.8766     0.9952
11107.100      0.9092     0.9948
11107.200      0.9415     0.9949
11107.300      0.9626     0.9955
11107.400      0.9742     0.9963
11107.500      0.9758     0.9969
11107.600      0.9770     0.9973
11107.700      0.9779     0.9974
11107.800      0.9777     0.9975
11107.900      0.9745     0.9975
11108.000      0.9684     0.9975
11108.100      0.9600     0.9975
11108.200      0.9507     0.9975
11108.300      0.9398     0.9976
11108.400      0.9198     0.9976
11108.500      0.8820     0.9976
11108.600      0.7956     0.9976
11108.700      0.6759     0.9976
11108.800      0.5251     0.9976
11108.900      0.3845     0.9976
11109.000      0.3371     0.9975
11109.100      0.3910     0.9975
11109.200      0.5316     0.9975
11109.300      0.6695     0.9975
11109.400      0.7935     0.9975
11109.500      0.8784     0.9976
11109.600      0.9232     0.9976
11109.700      0.9507     0.9976
11109.800      0.9686     0.9976
11109.900      0.9778     0.9975
11110.000      0.9838     0.9975
11110.100      0.9877     0.9974
11110.200      0.9912     0.9972
11110.300      0.9943     0.9971
11110.400      0.9976     0.9971
11110.500      1.0018     0.9972
11110.600      1.0047     0.9973
11110.700      1.0040     0.9975
11110.800      1.0024     0.9975
11110.900      1.0003     0.9976
11111.000      0.9977     0.9976
11111.100      0.9946     0.9976
11111.200      0.9907     0.9976
11111.300      0.9866     0.9976
11111.400      0.9836     0.9976
11111.500      0.9809     0.9976
11111.600      0.9741     0.9976
11111.700      0.9607     0.9976
11111.800      0.9289     0.9976
11111.900      0.8681     0.9975
11112.000      0.7588     0.9975
11112.100      0.6255     0.9973
11112.200      0.4815     0.9970
11112.300      0.3672     0.9968
11112.400      0.3337     0.9966
11112.500      0.3760     0.9967
11112.600      0.4693     0.9969
11112.700      0.5975     0.9972
11112.800      0.7309     0.9974
11112.900      0.8381     0.9976
11113.000      0.9140     0.9976
11113.100      0.9490     0.9977
11113.200      0.9652     0.9977
11113.300      0.9687     0.9977
11113.400      0.9708     0.9977
11113.500      0.9725     0.9977
11113.600      0.9724     0.9977
11113.700      0.9681     0.9977
11113.800      0.9559     0.9977
11113.900      0.9378     0.9977
11114.000      0.9185     0.9976
11114.100      0.8992     0.9976
11114.200      0.8801     0.9976
11114.300      0.8611     0.9977
11114.400      0.8208     0.9977
11114.500      0.7516     0.9977
11114.600      0.6321     0.9977
11114.700      0.4948     0.9977
11114.800      0.3469     0.9977
11114.900      0.2136     0.9977
11115.000      0.1669     0.9977
11115.100      0.1852     0.9977
11115.200      0.2495     0.9977
11115.300      0.3267     0.9978
11115.400      0.4132     0.9978
11115.500      0.5239     0.9978
11115.600      0.6447     0.9978
11115.700      0.7586     0.9978
11115.800      0.8571     0.9978
11115.900      0.9150     0.9978
11116.000      0.9478     0.9978
11116.100      0.9621     0.9978
11116.200      0.9721     0.9978
11116.300      0.9802     0.9978
11116.400      0.9862     0.9978
11116.500      0.9905     0.9978
11116.600      0.9936     0.9978
11116.700      0.9956     0.9978
11116.800      0.9966     0.9978
11116.900      0.9965     0.9978
11117.000      0.9942     0.9978
11117.100      0.9909     0.9979
11117.200      0.9885     0.9979
11117.300      0.9881     0.9979
11117.400      0.9930     0.9979
11117.500      0.9986     0.9979
11117.600      1.0019     0.9979
11117.700      1.0049     0.9979
11117.800      1.0078     0.9979
11117.900      1.0100     0.9979
11118.000      1.0104     0.9979
11118.100      1.0099     0.9979
11118.200      1.0090     0.9979
11118.300      1.0090     0.9979
11118.400      1.0098     0.9979
11118.500      1.0106     0.9979
11118.600      1.0111     0.9979
11118.700      1.0072     0.9979
11118.800      1.0019     0.9979
11118.900      0.9986     0.9979
11119.000      0.9978     0.9979
11119.100      1.0021     0.9979
11119.200      1.0064     0.9979
11119.300      1.0103     0.9979
11119.400      1.0125     0.9977
11119.500      1.0109     0.9974
11119.600      1.0082     0.9967
11119.700      1.0051     0.9961
11119.800      1.0042     0.9958
11119.900      1.0053     0.9961
11120.000      1.0063     0.9968
11120.100      1.0068     0.9974
11120.200      1.0058     0.9977
11120.300      1.0011     0.9979
11120.400      0.9842     0.9979
11120.500      0.9505     0.9979
11120.600      0.8803     0.9979
11120.700      0.8123     0.9979
11120.800      0.7746     0.9979
11120.900      0.7806     0.9979
11121.000      0.8359     0.9979
11121.100      0.8849     0.9980
11121.200      0.9117     0.9980
11121.300      0.9104     0.9980
11121.400      0.8955     0.9980
11121.500      0.8916     0.9980
11121.600      0.8937     0.9980
11121.700      0.8855     0.9980
11121.800      0.8650     0.9980
11121.900      0.8294     0.9980
11122.000      0.7938     0.9980
11122.100      0.8053     0.9980
11122.200      0.8409     0.9980
11122.300      0.8949     0.9980
11122.400      0.9442     0.9980
11122.500      0.9724     0.9980
11122.600      0.9852     0.9980
11122.700      0.9878     0.9980
11122.800      0.9862     0.9980
11122.900      0.9819     0.9980
11123.000      0.9752     0.9980
11123.100      0.9636     0.9980
11123.200      0.9253     0.9980
11123.300      0.8518     0.9980
11123.400      0.7200     0.9980
11123.500      0.5854     0.9980
11123.600      0.5074     0.9980
11123.700      0.5057     0.9980
11123.800      0.6204     0.9980
11123.900      0.7347     0.9980
11124.000      0.8439     0.9980
11124.100      0.9270     0.9981
11124.200      0.9642     0.9981
11124.300      0.9778     0.9981
11124.400      0.9847     0.9980
11124.500      0.9915     0.9980
11124.600      0.9979     0.9980
11124.700      0.9990     0.9979
11124.800      0.9978     0.9978
11124.900      0.9960     0.9977
11125.000      0.9932     0.9976
11125.100      0.9883     0.9968
11125.200      0.9787     0.9943
11125.300      0.9597     0.9885
11125.400      0.9411     0.9794
11125.500      0.9260     0.9710
11125.600      0.9229     0.9688
11125.700      0.9314     0.9745
11125.800      0.9302     0.9839
11125.900      0.9042     0.9917
11126.000      0.8342     0.9960
11126.100      0.7506     0.9975
11126.200      0.6965     0.9980
11126.300      0.6854     0.9981
11126.400      0.7600     0.9981
11126.500      0.8387     0.9981
11126.600      0.8988     0.9981
11126.700      0.9306     0.9981
11126.800      0.9161     0.9981
11126.900      0.8945     0.9981
11127.000      0.8708     0.9981
11127.100      0.8602     0.9981
11127.200      0.8764     0.9981
11127.300      0.9079     0.9981
11127.400      0.9435     0.9981
11127.500      0.9676     0.9981
11127.600      0.9813     0.9981
11127.700      0.9903     0.9981
11127.800      0.9951     0.9981
11127.900      0.9942     0.9981
11128.000      0.9933     0.9981
11128.100      0.9936     0.9982
11128.200      0.9937     0.9982
11128.300      0.9919     0.9982
11128.400      0.9876     0.9982
11128.500      0.9809     0.9982
11128.600      0.9744     0.9982
11128.700      0.9679     0.9982
11128.800      0.9611     0.9981
11128.900      0.9529     0.9981
11129.000      0.9429     0.9981
11129.100      0.9288     0.9981
11129.200      0.9053     0.9981
11129.300      0.8662     0.9981
11129.400      0.7966     0.9980
11129.500      0.6933     0.9976
11129.600      0.5452     0.9961
11129.700      0.3978     0.9924
11129.800      0.2612     0.9857
11129.900      0.1643     0.9778
11130.000      0.1719     0.9729
11130.100      0.2756     0.9743
11130.200      0.4241     0.9811
11130.300      0.5688     0.9889
11130.400      0.7004     0.9943
11130.500      0.7924     0.9969
11130.600      0.8365     0.9979
11130.700      0.8412     0.9981
11130.800      0.8026     0.9982
11130.900      0.6948     0.9982
11131.000      0.5862     0.9981
11131.100      0.4963     0.9980
11131.200      0.4522     0.9979
11131.300      0.5129     0.9978
11131.400      0.6122     0.9978
11131.500      0.7262     0.9980
11131.600      0.8180     0.9981
11131.700      0.8552     0.9982
11131.800      0.8521     0.9982
11131.900      0.8081     0.9982
11132.000      0.7130     0.9982
11132.100      0.5927     0.9982
11132.200      0.4564     0.9981
11132.300      0.3192     0.9980
11132.400      0.2718     0.9977
11132.500      0.2881     0.9975
11132.600      0.3689     0.9974
11132.700      0.4408     0.9976
11132.800      0.4556     0.9978
11132.900      0.4093     0.9978
11133.000      0.3196     0.9975
11133.100      0.2504     0.9965
11133.200      0.2419     0.9945
11133.300      0.3250     0.9920
11133.400      0.4504     0.9902
11133.500      0.5839     0.9905
11133.600      0.7179     0.9925
11133.700      0.8051     0.9950
11133.800      0.8501     0.9968
11133.900      0.8600     0.9977
11134.000      0.8299     0.9981
11134.100      0.7555     0.9982
11134.200      0.6815     0.9982
11134.300      0.6123     0.9982
11134.400      0.5772     0.9982
11134.500      0.6156     0.9982
11134.600      0.6959     0.9982
11134.700      0.7897     0.9981
11134.800      0.8659     0.9979
11134.900      0.9132     0.9973
11135.000      0.9306     0.9955
11135.100      0.9370     0.9924
11135.200      0.9387     0.9883
11135.300      0.9398     0.9853
11135.400      0.9409     0.9855
11135.500      0.9413     0.9887
11135.600      0.9376     0.9927
11135.700      0.9292     0.9958
11135.800      0.9110     0.9973
11135.900      0.8719     0.9979
11136.000      0.7976     0.9981
11136.100      0.6899     0.9982
11136.200      0.5691     0.9982
11136.300      0.4817     0.9983
11136.400      0.4572     0.9983
11136.500      0.5249     0.9983
11136.600      0.6111     0.9983
11136.700      0.6663     0.9983
11136.800      0.6751     0.9983
11136.900      0.5702     0.9983
11137.000      0.4441     0.9983
11137.100      0.3076     0.9983
11137.200      0.1979     0.9983
11137.300      0.2095     0.9983
11137.400      0.3170     0.9983
11137.500      0.4753     0.9983
11137.600      0.6258     0.9984
11137.700      0.7508     0.9984
11137.800      0.8333     0.9984
11137.900      0.8760     0.9984
11138.000      0.8917     0.9984
11138.100      0.8888     0.9983
11138.200      0.8681     0.9983
11138.300      0.8412     0.9984
11138.400      0.8126     0.9984
11138.500      0.7763     0.9984
11138.600      0.7147     0.9984
11138.700      0.6149     0.9983
11138.800      0.4751     0.9983
11138.900      0.3438     0.9982
11139.000      0.2530     0.9982
11139.100      0.2488     0.9983
11139.200      0.3057     0.9983
11139.300      0.3742     0.9984
11139.400      0.4439     0.9984
11139.500      0.4786     0.9984
11139.600      0.5041     0.9984
11139.700      0.5785     0.9984
11139.800      0.6709     0.9984
11139.900      0.7730     0.9984
11140.000      0.8678     0.9984
11140.100      0.9126     0.9984
11140.200      0.9334     0.9984
11140.300      0.9403     0.9984
11140.400      0.9429     0.9984
11140.500      0.9445     0.9984
11140.600      0.9505     0.9984
11140.700      0.9602     0.9984
11140.800      0.9696     0.9984
11140.900      0.9783     0.9984
11141.000      0.9850     0.9984
11141.100      0.9893     0.9984
11141.200      0.9896     0.9984
11141.300      0.9898     0.9984
11141.400      0.9912     0.9984
11141.500      0.9923     0.9984
11141.600      0.9912     0.9984
11141.700      0.9889     0.9984
11141.800      0.9849     0.9984
11141.900      0.9764     0.9984
11142.000      0.9546     0.9984
11142.100      0.8983     0.9984
11142.200      0.8229     0.9984
11142.300      0.7503     0.9984
11142.400      0.6867     0.9984
11142.500      0.6780     0.9984
11142.600      0.7056     0.9983
11142.700      0.7592     0.9983
11142.800      0.8134     0.9983
11142.900      0.8617     0.9982
11143.000      0.9052     0.9982
11143.100      0.9420     0.9982
11143.200      0.9665     0.9982
11143.300      0.9694     0.9982
11143.400      0.9468     0.9983
11143.500      0.9105     0.9983
11143.600      0.8754     0.9983
11143.700      0.8457     0.9984
11143.800      0.8480     0.9984
11143.900      0.8751     0.9984
11144.000      0.9157     0.9984
11144.100      0.9574     0.9984
11144.200      0.9829     0.9983
11144.300      0.9988     0.9983
11144.400      1.0070     0.9981
11144.500      1.0096     0.9976
11144.600      1.0086     0.9960
11144.700      1.0077     0.9926
11144.800      1.0076     0.9874
11144.900      1.0084     0.9822
11145.000      1.0097     0.9801
11145.100      1.0083     0.9827
11145.200      1.0051     0.9881
11145.300      1.0038     0.9932
11145.400      1.0031     0.9964
11145.500      1.0010     0.9977
11145.600      0.9969     0.9982
11145.700      0.9909     0.9983
11145.800      0.9802     0.9982
11145.900      0.9545     0.9981
11146.000      0.9115     0.9981
11146.100      0.8501     0.9981
11146.200      0.7952     0.9982
11146.300      0.7712     0.9983
11146.400      0.7935     0.9984
11146.500      0.8449     0.9985
11146.600      0.8955     0.9985
11146.700      0.9433     0.9985
11146.800      0.9692     0.9985
11146.900      0.9779     0.9985
11147.000      0.9770     0.9985
11147.100      0.9735     0.9985
11147.200      0.9695     0.9985
11147.300      0.9635     0.9985
11147.400      0.9507     0.9985
11147.500      0.9238     0.9985
11147.600      0.8629     0.9984
11147.700      0.7705     0.9983
11147.800      0.6586     0.9983
11147.900      0.5736     0.9983
11148.000      0.5564     0.9984
11148.100      0.6171     0.9985
11148.200      0.7041     0.9985
11148.300      0.7744     0.9985
11148.400      0.8224     0.9986
11148.500      0.8420     0.9986
11148.600      0.8587     0.9986
11148.700      0.8921     0.9986
11148.800      0.9257     0.9986
11148.900      0.9545     0.9986
11149.000      0.9742     0.9985
11149.100      0.9788     0.9984
11149.200      0.9810     0.9984
11149.300      0.9822     0.9983
11149.400      0.9819     0.9983
11149.500      0.9796     0.9983
11149.600      0.9725     0.9984
11149.700      0.9618     0.9985
11149.800      0.9499     0.9985
11149.900      0.9362     0.9985
11150.000      0.9179     0.9985
11150.100      0.8943     0.9985
11150.200      0.8648     0.9986
11150.300      0.8272     0.9986
11150.400      0.7771     0.9986
11150.500      0.7038     0.9986
11150.600      0.5935     0.9986
11150.700      0.4591     0.9985
11150.800      0.3140     0.9984
11150.900      0.1932     0.9981
11151.000      0.1280     0.9976
11151.100      0.1226     0.9969
11151.200      0.1354     0.9962
11151.300      0.1354     0.9960
11151.400      0.1190     0.9964
11151.500      0.0816     0.9971
11151.600      0.0426     0.9978
11151.700      0.0207     0.9982
11151.800      0.0118     0.9985
11151.900      0.0180     0.9985
11152.000      0.0470     0.9986
11152.100      0.1109     0.9986
11152.200      0.2169     0.9986
11152.300      0.3487     0.9986
11152.400      0.4769     0.9986
11152.500      0.5921     0.9986
11152.600      0.6786     0.9986
11152.700      0.7376     0.9986
11152.800      0.7755     0.9986
11152.900      0.8101     0.9986
11153.000      0.8445     0.9986
11153.100      0.8781     0.9986
11153.200      0.9047     0.9986
11153.300      0.9244     0.9986
11153.400      0.9352     0.9986
11153.500      0.9410     0.9986
11153.600      0.9432     0.9986
11153.700      0.9416     0.9986
11153.800      0.9346     0.9986
11153.900      0.9160     0.9985
11154.000      0.8779     0.9985
11154.100      0.8087     0.9984
11154.200      0.7298     0.9983
11154.300      0.6523     0.9983
11154.400      0.5776     0.9983
11154.500      0.5124     0.9984
11154.600      0.4468     0.9985
11154.700      0.3472     0.9985
11154.800      0.2506     0.9986
11154.900      0.1969     0.9986
11155.000      0.2167     0.9986
11155.100      0.3312     0.9986
11155.200      0.4581     0.9986
11155.300      0.5879     0.9987
11155.400      0.6605     0.9987
11155.500      0.6851     0.9987
11155.600      0.7098     0.9987
11155.700      0.7348     0.9987
11155.800      0.7971     0.9987
11155.900      0.8693     0.9987
11156.000      0.9232     0.9987
11156.100      0.9603     0.9987
11156.200      0.9777     0.9987
11156.300      0.9844     0.9987
11156.400      0.9841     0.9987
11156.500      0.9705     0.9986
11156.600      0.9435     0.9985
11156.700      0.9114     0.9983
11156.800      0.8779     0.9980
11156.900      0.8618     0.9977
11157.000      0.8698     0.9976
11157.100      0.8909     0.9977
11157.200      0.9143     0.9979
11157.300      0.9120     0.9983
11157.400      0.9023     0.9985
11157.500      0.8919     0.9987
11157.600      0.8826     0.9987
11157.700      0.8908     0.9987
11157.800      0.8950     0.9987
11157.900      0.8612     0.9987
11158.000      0.7771     0.9987
11158.100      0.6459     0.9987
11158.200      0.5248     0.9987
11158.300      0.4482     0.9987
11158.400      0.4666     0.9987
11158.500      0.5634     0.9987
11158.600      0.6947     0.9987
11158.700      0.8307     0.9987
11158.800      0.9168     0.9987
11158.900      0.9639     0.9987
11159.000      0.9824     0.9987
11159.100      0.9924     0.9987
11159.200      0.9986     0.9987
11159.300      1.0015     0.9987
11159.400      1.0017     0.9987
11159.500      0.9987     0.9987
11159.600      0.9907     0.9987
11159.700      0.9737     0.9986
11159.800      0.9381     0.9983
11159.900      0.8653     0.9980
11160.000      0.7740     0.9977
11160.100      0.6815     0.9977
11160.200      0.5890     0.9979
11160.300      0.5675     0.9983
11160.400      0.6081     0.9986
11160.500      0.7130     0.9987
11160.600      0.8184     0.9987
11160.700      0.8986     0.9988
11160.800      0.9526     0.9988
11160.900      0.9745     0.9988
11161.000      0.9844     0.9988
11161.100      0.9889     0.9988
11161.200      0.9909     0.9988
11161.300      0.9906     0.9988
11161.400      0.9808     0.9988
11161.500      0.9580     0.9988
11161.600      0.9227     0.9988
11161.700      0.8821     0.9988
11161.800      0.8405     0.9988
11161.900      0.7954     0.9988
11162.000      0.7012     0.9988
11162.100      0.5917     0.9988
11162.200      0.4733     0.9987
11162.300      0.3756     0.9987
11162.400      0.3870     0.9988
11162.500      0.4609     0.9988
11162.600      0.5659     0.9988
11162.700      0.6432     0.9988
11162.800      0.6464     0.9988
11162.900      0.5614     0.9988
11163.000      0.4393     0.9988
11163.100      0.3111     0.9988
11163.200      0.1825     0.9988
11163.300      0.1096     0.9987
11163.400      0.0893     0.9987
11163.500      0.1264     0.9985
11163.600      0.1803     0.9983
11163.700      0.2434     0.9979
11163.800      0.2942     0.9977
11163.900      0.2997     0.9977
11164.000      0.2963     0.9979
11164.100      0.2903     0.9982
11164.200      0.3272     0.9985
11164.300      0.4094     0.9986
11164.400      0.4895     0.9987
11164.500      0.5612     0.9986
11164.600      0.5748     0.9986
11164.700      0.5285     0.9986
11164.800      0.4246     0.9985
11164.900      0.3158     0.9983
11165.000      0.2074     0.9980
11165.100      0.1040     0.9976
11165.200      0.0521     0.9974
11165.300      0.0410     0.9975
11165.400      0.0620     0.9979
11165.500      0.0827     0.9983
11165.600      0.1012     0.9985
11165.700      0.0999     0.9987
11165.800      0.0805     0.9987
11165.900      0.0660     0.9987
11166.000      0.0657     0.9987
11166.100      0.1088     0.9988
11166.200      0.1638     0.9988
11166.300      0.2154     0.9988
11166.400      0.2594     0.9988
11166.500      0.2281     0.9988
11166.600      0.1901     0.9988
11166.700      0.1490     0.9988
11166.800      0.1261     0.9988
11166.900      0.1803     0.9988
11167.000      0.2780     0.9988
11167.100      0.3955     0.9988
11167.200      0.4994     0.9988
11167.300      0.5623     0.9988
11167.400      0.5704     0.9988
11167.500      0.5225     0.9988
11167.600      0.4153     0.9988
11167.700      0.2990     0.9989
11167.800      0.1975     0.9989
11167.900      0.1212     0.9989
11168.000      0.1289     0.9989
11168.100      0.1668     0.9989
11168.200      0.2235     0.9989
11168.300      0.2665     0.9989
11168.400      0.2522     0.9989
11168.500      0.2024     0.9989
11168.600      0.1359     0.9989
11168.700      0.0905     0.9989
11168.800      0.0981     0.9989
11168.900      0.1708     0.9989
11169.000      0.2829     0.9989
11169.100      0.4179     0.9989
11169.200      0.5551     0.9989
11169.300      0.6638     0.9989
11169.400      0.7447     0.9989
11169.500      0.7967     0.9989
11169.600      0.8164     0.9989
11169.700      0.7994     0.9989
11169.800      0.7466     0.9989
11169.900      0.6694     0.9989
11170.000      0.6081     0.9989
11170.100      0.5998     0.9989
11170.200      0.6564     0.9989
11170.300      0.7422     0.9989
11170.400      0.8174     0.9989
11170.500      0.8708     0.9989
11170.600      0.8889     0.9989
11170.700      0.8870     0.9989
11170.800      0.8716     0.9989
11170.900      0.8560     0.9988
11171.000      0.8495     0.9988
11171.100      0.8530     0.9988
11171.200      0.8693     0.9989
11171.300      0.8846     0.9989
11171.400      0.8938     0.9989
11171.500      0.8943     0.9989
11171.600      0.8812     0.9989
11171.700      0.8572     0.9989
11171.800      0.8212     0.9989
11171.900      0.7726     0.9989
11172.000      0.7069     0.9989
11172.100      0.6135     0.9989
11172.200      0.5000     0.9989
11172.300      0.3677     0.9989
11172.400      0.2355     0.9989
11172.500      0.1339     0.9989
11172.600      0.0626     0.9989
11172.700      0.0333     0.9989
11172.800      0.0418     0.9989
11172.900      0.0862     0.9989
11173.000      0.1708     0.9989
11173.100      0.2790     0.9989
11173.200      0.3942     0.9989
11173.300      0.5107     0.9989
11173.400      0.6112     0.9989
11173.500      0.6875     0.9989
11173.600      0.7419     0.9989
11173.700      0.7762     0.9989
11173.800      0.7927     0.9989
11173.900      0.7904     0.9989
11174.000      0.7696     0.9989
11174.100      0.7224     0.9989
11174.200      0.6395     0.9989
11174.300      0.5219     0.9989
11174.400      0.3821     0.9989
11174.500      0.2490     0.9989
11174.600      0.1424     0.9989
11174.700      0.0780     0.9989
11174.800      0.0512     0.9989
11174.900      0.0456     0.9989
11175.000      0.0496     0.9989
11175.100      0.0574     0.9989
11175.200      0.0733     0.9989
11175.300      0.1123     0.9989
11175.400      0.1833     0.9989
11175.500      0.3109     0.9989
11175.600      0.4553     0.9989
11175.700      0.6079     0.9989
11175.800      0.7462     0.9989
11175.900      0.8343     0.9989
11176.000      0.8896     0.9990
11176.100      0.9222     0.9990
11176.200      0.9370     0.9990
11176.300      0.9472     0.9990
11176.400      0.9572     0.9990
11176.500      0.9669     0.9990
11176.600      0.9761     0.9990
11176.700      0.9843     0.9990
11176.800      0.9869     0.9990
11176.900      0.9895     0.9990
11177.000      0.9938     0.9990
11177.100      0.9974     0.9990
11177.200      0.9977     0.9989
11177.300      0.9975     0.9989
11177.400      0.9971     0.9989
11177.500      0.9965     0.9989
11177.600      0.9958     0.9989
11177.700      0.9972     0.9989
11177.800      1.0000     0.9989
11177.900      1.0019     0.9988
11178.000      1.0034     0.9986
11178.100      1.0054     0.9982
11178.200      1.0076     0.9977
11178.300      1.0022     0.9975
11178.400      0.9946     0.9977
11178.500      0.9859     0.9982
11178.600      0.9804     0.9986
11178.700      0.9860     0.9988
11178.800      0.9926     0.9989
11178.900      0.9995     0.9990
11179.000      1.0020     0.9990
11179.100      0.9996     0.9990
11179.200      0.9987     0.9989
11179.300      0.9988     0.9989
11179.400      0.9987     0.9989
11179.500      0.9982     0.9988
11179.600      0.9962     0.9986
11179.700      0.9915     0.9983
11179.800      0.9787     0.9980
11179.900      0.9556     0.9976
11180.000      0.9156     0.9973
11180.100      0.8601     0.9972
11180.200      0.7900     0.9974
11180.300      0.7074     0.9978
11180.400      0.6186     0.9983
11180.500      0.5460     0.9987
11180.600      0.5214     0.9989
11180.700      0.5730     0.9989
11180.800      0.6542     0.9990
11180.900      0.7351     0.9990
11181.000      0.8152     0.9990
11181.100      0.8368     0.9990
11181.200      0.8388     0.9990
11181.300      0.8326     0.9990
11181.400      0.8296     0.9989
11181.500      0.8499     0.9989
11181.600      0.8702     0.9989
11181.700      0.8905     0.9988
11181.800      0.9059     0.9986
11181.900      0.9072     0.9984
11182.000      0.8999     0.9983
11182.100      0.8862     0.9983
11182.200      0.8677     0.9985
11182.300      0.8450     0.9987
11182.400      0.8184     0.9988
11182.500      0.7867     0.9989
11182.600      0.7488     0.9989
11182.700      0.7022     0.9989
11182.800      0.6426     0.9987
11182.900      0.5686     0.9982
11183.000      0.4776     0.9973
11183.100      0.3767     0.9961
11183.200      0.2705     0.9952
11183.300      0.1705     0.9953
11183.400      0.0946     0.9963
11183.500      0.0447     0.9975
11183.600      0.0202     0.9983
11183.700      0.0123     0.9987
11183.800      0.0205     0.9988
11183.900      0.0468     0.9988
11184.000      0.0943     0.9988
11184.100      0.1728     0.9987
11184.200      0.2643     0.9986
11184.300      0.3642     0.9985
11184.400      0.4621     0.9985
11184.500      0.5363     0.9986
11184.600      0.5896     0.9987
11184.700      0.6197     0.9987
11184.800      0.6294     0.9988
11184.900      0.6296     0.9988
11185.000      0.6338     0.9989
11185.100      0.6506     0.9989
11185.200      0.6921     0.9989
11185.300      0.7441     0.9989
11185.400      0.7974     0.9990
11185.500      0.8508     0.9990
11185.600      0.8878     0.9990
11185.700      0.9121     0.9989
11185.800      0.9239     0.9989
11185.900      0.9326     0.9987
11186.000      0.9399     0.9985
11186.100      0.9459     0.9984
11186.200      0.9507     0.9984
11186.300      0.9510     0.9984
11186.400      0.9468     0.9984
11186.500      0.9423     0.9980
11186.600      0.9377     0.9973
11186.700      0.9364     0.9967
11186.800      0.9387     0.9962
11186.900      0.9433     0.9954
11187.000      0.9481     0.9926
11187.100      0.9510     0.9865
11187.200      0.9516     0.9768
11187.300      0.9490     0.9642
11187.400      0.9444     0.9503
11187.500      0.9384     0.9398
11187.600      0.9299     0.9391
11187.700      0.9185     0.9504
11187.800      0.9050     0.9683
11187.900      0.8890     0.9839
11188.000      0.8694     0.9933
11188.100      0.8431     0.9973
11188.200      0.8060     0.9985
11188.300      0.7536     0.9989
11188.400      0.6831     0.9990
11188.500      0.5931     0.9990
11188.600      0.4732     0.9990
11188.700      0.3519     0.9990
11188.800      0.2332     0.9990
11188.900      0.1236     0.9990
11189.000      0.0594     0.9990
11189.100      0.0338     0.9991
11189.200      0.0492     0.9991
11189.300      0.1078     0.9991
11189.400      0.1869     0.9991
11189.500      0.2649     0.9991
11189.600      0.3379     0.9990
11189.700      0.3655     0.9990
11189.800      0.3389     0.9990
11189.900      0.2593     0.9989
11190.000      0.1732     0.9988
11190.100      0.1061     0.9988
11190.200      0.0672     0.9987
11190.300      0.0942     0.9988
11190.400      0.1715     0.9989
11190.500      0.2895     0.9990
11190.600      0.4073     0.9990
11190.700      0.5229     0.9990
11190.800      0.6231     0.9990
11190.900      0.6899     0.9990
11191.000      0.7318     0.9990
11191.100      0.7556     0.9990
11191.200      0.7679     0.9990
11191.300      0.7682     0.9991
11191.400      0.7556     0.9991
11191.500      0.7245     0.9991
11191.600      0.6639     0.9991
11191.700      0.5740     0.9991
11191.800      0.4490     0.9991
11191.900      0.3242     0.9991
11192.000      0.2068     0.9991
11192.100      0.1140     0.9991
11192.200      0.0901     0.9991
11192.300      0.1333     0.9991
11192.400      0.2224     0.9991
11192.500      0.3329     0.9991
11192.600      0.4475     0.9991
11192.700      0.5363     0.9991
11192.800      0.5877     0.9991
11192.900      0.6035     0.9991
11193.000      0.5851     0.9991
11193.100      0.5322     0.9991
11193.200      0.4494     0.9991
11193.300      0.3367     0.9991
11193.400      0.2257     0.9991
11193.500      0.1314     0.9991
11193.600      0.0609     0.9991
11193.700      0.0301     0.9991
11193.800      0.0334     0.9991
11193.900      0.0679     0.9991
11194.000      0.1396     0.9991
11194.100      0.2227     0.9991
11194.200      0.3047     0.9991
11194.300      0.3833     0.9991
11194.400      0.4178     0.9991
11194.500      0.4059     0.9991
11194.600      0.3297     0.9991
11194.700      0.2526     0.9991
11194.800      0.1769     0.9991
11194.900      0.1148     0.9991
11195.000      0.1216     0.9991
11195.100      0.1843     0.9991
11195.200      0.2892     0.9991
11195.300      0.4132     0.9991
11195.400      0.5423     0.9991
11195.500      0.6604     0.9991
11195.600      0.7549     0.9991
11195.700      0.8222     0.9991
11195.800      0.8644     0.9991
11195.900      0.8814     0.9991
11196.000      0.8894     0.9991
11196.100      0.8920     0.9990
11196.200      0.8951     0.9989
11196.300      0.9023     0.9988
11196.400      0.9103     0.9984
11196.500      0.9185     0.9978
11196.600      0.9275     0.9970
11196.700      0.9371     0.9962
11196.800      0.9461     0.9959
11196.900      0.9530     0.9962
11197.000      0.9550     0.9967
11197.100      0.9500     0.9971
11197.200      0.9363     0.9972
11197.300      0.9198     0.9973
11197.400      0.9025     0.9975
11197.500      0.8853     0.9979
11197.600      0.8749     0.9982
11197.700      0.8643     0.9983
11197.800      0.8518     0.9984
11197.900      0.8429     0.9983
11198.000      0.8513     0.9984
11198.100      0.8721     0.9985
11198.200      0.8994     0.9986
11198.300      0.9187     0.9988
11198.400      0.9239     0.9989
11198.500      0.9223     0.9989
11198.600      0.9148     0.9990
11198.700      0.9021     0.9990
11198.800      0.8822     0.9990
11198.900      0.8498     0.9989
11199.000      0.8087     0.9989
11199.100      0.7617     0.9987
11199.200      0.7096     0.9986
11199.300      0.6536     0.9984
11199.400      0.5851     0.9982
11199.500      0.4909     0.9982
11199.600      0.3782     0.9984
11199.700      0.2567     0.9986
11199.800      0.1487     0.9988
11199.900      0.0761     0.9989
11200.000      0.0400     0.9990
11200.100      0.0444     0.9990
11200.200      0.0909     0.9991
11200.300      0.1694     0.9991
11200.400      0.2817     0.9991
11200.500      0.3960     0.9990
11200.600      0.5031     0.9990
11200.700      0.5979     0.9988
11200.800      0.6625     0.9985
11200.900      0.7096     0.9980
11201.000      0.7420     0.9972
11201.100      0.7546     0.9965
11201.200      0.7452     0.9963
11201.300      0.7090     0.9967
11201.400      0.6623     0.9974
11201.500      0.6326     0.9973
11201.600      0.6315     0.9960
11201.700      0.6682     0.9935
11201.800      0.7114     0.9909
11201.900      0.7474     0.9899
11202.000      0.7721     0.9913
11202.100      0.7696     0.9941
11202.200      0.7408     0.9967
11202.300      0.6848     0.9982
11202.400      0.6294     0.9989
11202.500      0.5803     0.9991
11202.600      0.5523     0.9992
11202.700      0.5465     0.9992
11202.800      0.5363     0.9992
11202.900      0.5116     0.9992
11203.000      0.4573     0.9991
11203.100      0.3827     0.9991
11203.200      0.2973     0.9991
11203.300      0.2110     0.9991
11203.400      0.1357     0.9991
11203.500      0.0742     0.9991
11203.600      0.0358     0.9992
11203.700      0.0155     0.9992
11203.800      0.0108     0.9992
11203.900      0.0127     0.9992
11204.000      0.0176     0.9992
11204.100      0.0228     0.9992
11204.200      0.0285     0.9992
11204.300      0.0444     0.9992
11204.400      0.0836     0.9992
11204.500      0.1524     0.9992
11204.600      0.2390     0.9992
11204.700      0.3369     0.9992
11204.800      0.4358     0.9992
11204.900      0.5191     0.9992
11205.000      0.5837     0.9992
11205.100      0.6164     0.9992
11205.200      0.6362     0.9992
11205.300      0.6486     0.9992
11205.400      0.6670     0.9992
11205.500      0.7060     0.9992
11205.600      0.7576     0.9992
11205.700      0.8143     0.9992
11205.800      0.8611     0.9992
11205.900      0.8915     0.9992
11206.000      0.9092     0.9992
11206.100      0.9223     0.9992
11206.200      0.9339     0.9992
11206.300      0.9442     0.9992
11206.400      0.9529     0.9992
11206.500      0.9594     0.9992
11206.600      0.9626     0.9992
11206.700      0.9618     0.9992
11206.800      0.9570     0.9992
11206.900      0.9525     0.9992
11207.000      0.9485     0.9992
11207.100      0.9435     0.9992
11207.200      0.9338     0.9992
11207.300      0.9180     0.9992
11207.400      0.8895     0.9992
11207.500      0.8385     0.9992
11207.600      0.7616     0.9992
11207.700      0.6509     0.9992
11207.800      0.5361     0.9992
11207.900      0.4779     0.9992
11208.000      0.4829     0.9992
11208.100      0.5830     0.9992
11208.200      0.6874     0.9992
11208.300      0.7933     0.9992
11208.400      0.8852     0.9992
11208.500      0.9353     0.9992
11208.600      0.9651     0.9992
11208.700      0.9822     0.9992
11208.800      0.9898     0.9992
11208.900      0.9905     0.9992
11209.000      0.9841     0.9992
11209.100      0.9737     0.9992
11209.200      0.9608     0.9992
11209.300      0.9459     0.9992
11209.400      0.9282     0.9992
11209.500      0.9110     0.9992
11209.600      0.9029     0.9992
11209.700      0.9077     0.9992
11209.800      0.9293     0.9992
11209.900      0.9508     0.9992
11210.000      0.9723     0.9992
11210.100      0.9880     0.9992
11210.200      0.9948     0.9992
11210.300      0.9992     0.9992
11210.400      1.0020     0.9992
11210.500      1.0029     0.9992
11210.600      1.0028     0.9992
11210.700      1.0023     0.9992
11210.800      1.0013     0.9992
11210.900      0.9994     0.9992
11211.000      0.9961     0.9992
11211.100      0.9899     0.9992
11211.200      0.9843     0.9992
11211.300      0.9802     0.9992
11211.400      0.9755     0.9992
11211.500      0.9679     0.9992
11211.600      0.9574     0.9993
11211.700      0.9442     0.9993
11211.800      0.9294     0.9992
11211.900      0.9128     0.9992
11212.000      0.8938     0.9992
11212.100      0.8709     0.9992
11212.200      0.8413     0.9992
11212.300      0.8030     0.9993
11212.400      0.7498     0.9993
11212.500      0.6926     0.9993
11212.600      0.6336     0.9993
11212.700      0.5708     0.9993
11212.800      0.5008     0.9993
11212.900      0.4164     0.9993
11213.000      0.3192     0.9993
11213.100      0.2240     0.9993
11213.200      0.1371     0.9993
11213.300      0.0717     0.9993
11213.400      0.0322     0.9993
11213.500      0.0132     0.9993
11213.600      0.0081     0.9993
11213.700      0.0118     0.9992
11213.800      0.0264     0.9992
11213.900      0.0585     0.9992
11214.000      0.0942     0.9992
11214.100      0.1318     0.9991
11214.200      0.1661     0.9987
11214.300      0.1910     0.9977
11214.400      0.2267     0.9956
11214.500      0.2973     0.9926
11214.600      0.4033     0.9900
11214.700      0.5249     0.9894
11214.800      0.6333     0.9913
11214.900      0.7159     0.9943
11215.000      0.7654     0.9968
11215.100      0.7937     0.9982
11215.200      0.8055     0.9988
11215.300      0.8164     0.9991
11215.400      0.8324     0.9992
11215.500      0.8527     0.9992
11215.600      0.8775     0.9992
11215.700      0.9000     0.9992
11215.800      0.9123     0.9992
11215.900      0.9166     0.9992
11216.000      0.9165     0.9992
11216.100      0.9193     0.9992
11216.200      0.9246     0.9993
11216.300      0.9299     0.9993
11216.400      0.9351     0.9993
11216.500      0.9251     0.9993
11216.600      0.9023     0.9993
11216.700      0.8695     0.9993
11216.800      0.8365     0.9993
11216.900      0.8251     0.9993
11217.000      0.8328     0.9993
11217.100      0.8617     0.9993
11217.200      0.8894     0.9993
11217.300      0.9090     0.9993
11217.400      0.9158     0.9993
11217.500      0.9082     0.9993
11217.600      0.8950     0.9993
11217.700      0.8776     0.9993
11217.800      0.8537     0.9993
11217.900      0.8272     0.9993
11218.000      0.8005     0.9993
11218.100      0.7732     0.9993
11218.200      0.7426     0.9992
11218.300      0.7072     0.9992
11218.400      0.6607     0.9992
11218.500      0.6027     0.9992
11218.600      0.5308     0.9992
11218.700      0.4478     0.9992
11218.800      0.3582     0.9993
11218.900      0.2690     0.9993
11219.000      0.1829     0.9993
11219.100      0.1085     0.9993
11219.200      0.0556     0.9993
11219.300      0.0252     0.9992
11219.400      0.0108     0.9992
11219.500      0.0085     0.9992
11219.600      0.0108     0.9992
11219.700      0.0152     0.9992
11219.800      0.0218     0.9992
11219.900      0.0307     0.9991
11220.000      0.0382     0.9990
11220.100      0.0373     0.9990
11220.200      0.0320     0.9990
11220.300      0.0242     0.9991
11220.400      0.0224     0.9992
11220.500      0.0390     0.9992
11220.600      0.0797     0.9992
11220.700      0.1305     0.9992
11220.800      0.1772     0.9992
11220.900      0.2134     0.9991
11221.000      0.2145     0.9991
11221.100      0.2090     0.9991
11221.200      0.2092     0.9991
11221.300      0.2229     0.9991
11221.400      0.2992     0.9992
11221.500      0.4005     0.9992
11221.600      0.5165     0.9992
11221.700      0.6243     0.9992
11221.800      0.6978     0.9993
11221.900      0.7426     0.9993
11222.000      0.7601     0.9993
11222.100      0.7509     0.9993
11222.200      0.7309     0.9993
11222.300      0.7076     0.9993
11222.400      0.6839     0.9993
11222.500      0.6788     0.9993
11222.600      0.6778     0.9993
11222.700      0.6721     0.9993
11222.800      0.6581     0.9993
11222.900      0.6203     0.9993
11223.000      0.5655     0.9993
11223.100      0.4958     0.9993
11223.200      0.4114     0.9993
11223.300      0.3185     0.9993
11223.400      0.2286     0.9993
11223.500      0.1501     0.9993
11223.600      0.0894     0.9993
11223.700      0.0489     0.9993
11223.800      0.0250     0.9993
11223.900      0.0122     0.9993
11224.000      0.0095     0.9993
11224.100      0.0092     0.9993
11224.200      0.0098     0.9993
11224.300      0.0108     0.9993
11224.400      0.0118     0.9993
11224.500      0.0136     0.9993
11224.600      0.0198     0.9993
11224.700      0.0336     0.9992
11224.800      0.0634     0.9992
11224.900      0.1144     0.9992
11225.000      0.1775     0.9991
11225.100      0.2413     0.9991
11225.200      0.3052     0.9992
11225.300      0.3447     0.9992
11225.400      0.3484     0.9992
11225.500      0.3063     0.9993
11225.600      0.2466     0.9993
11225.700      0.1769     0.9993
11225.800      0.1101     0.9993
11225.900      0.0908     0.9993
11226.000      0.1161     0.9993
11226.100      0.1865     0.9993
11226.200      0.2655     0.9993
11226.300      0.3470     0.9993
11226.400      0.4136     0.9992
11226.500      0.4444     0.9990
11226.600      0.4476     0.9985
11226.700      0.4287     0.9972
11226.800      0.3918     0.9946
11226.900      0.3422     0.9910
11227.000      0.2792     0.9876
11227.100      0.2150     0.9865
11227.200      0.1519     0.9882
11227.300      0.0919     0.9918
11227.400      0.0497     0.9952
11227.500      0.0223     0.9974
11227.600      0.0096     0.9983
11227.700      0.0067     0.9986
11227.800      0.0087     0.9987
11227.900      0.0118     0.9989
11228.000      0.0157     0.9990
11228.100      0.0224     0.9992
11228.200      0.0356     0.9993
11228.300      0.0652     0.9993
11228.400      0.1126     0.9993
11228.500      0.1791     0.9993
11228.600      0.2534     0.9993
11228.700      0.3327     0.9993
11228.800      0.4115     0.9993
11228.900      0.4830     0.9993
11229.000      0.5462     0.9994
11229.100      0.5991     0.9994
11229.200      0.6464     0.9994
11229.300      0.6899     0.9994
11229.400      0.7306     0.9994
11229.500      0.7678     0.9994
11229.600      0.7988     0.9994
11229.700      0.8222     0.9994
11229.800      0.8393     0.9994
11229.900      0.8482     0.9994
11230.000      0.8467     0.9994
11230.100      0.8298     0.9994
11230.200      0.7779     0.9994
11230.300      0.7261     0.9994
11230.400      0.6766     0.9994
11230.500      0.6470     0.9994
11230.600      0.6831     0.9994
11230.700      0.7510     0.9994
11230.800      0.8318     0.9994
11230.900      0.8977     0.9994
11231.000      0.9354     0.9994
11231.100      0.9510     0.9994
11231.200      0.9604     0.9994
11231.300      0.9694     0.9993
11231.400      0.9778     0.9993
11231.500      0.9826     0.9993
11231.600      0.9841     0.9992
11231.700      0.9816     0.9992
11231.800      0.9795     0.9992
11231.900      0.9812     0.9993
11232.000      0.9851     0.9993
11232.100      0.9904     0.9993
11232.200      0.9960     0.9994
11232.300      1.0017     0.9994
11232.400      1.0049     0.9994
11232.500      1.0048     0.9993
11232.600      1.0040     0.9993
11232.700      1.0025     0.9993
11232.800      0.9999     0.9992
11232.900      0.9959     0.9992
11233.000      0.9898     0.9993
11233.100      0.9837     0.9993
11233.200      0.9823     0.9993
11233.300      0.9816     0.9994
11233.400      0.9811     0.9994
11233.500      0.9785     0.9994
11233.600      0.9702     0.9994
11233.700      0.9633     0.9994
11233.800      0.9584     0.9994
11233.900      0.9535     0.9994
11234.000      0.9477     0.9994
11234.100      0.9355     0.9994
11234.200      0.9136     0.9994
11234.300      0.8796     0.9994
11234.400      0.8437     0.9994
11234.500      0.8094     0.9994
11234.600      0.7780     0.9994
11234.700      0.7583     0.9994
11234.800      0.7444     0.9994
11234.900      0.7344     0.9994
11235.000      0.7225     0.9994
11235.100      0.6983     0.9994
11235.200      0.6549     0.9993
11235.300      0.5912     0.9992
11235.400      0.5173     0.9990
11235.500      0.4410     0.9985
11235.600      0.3704     0.9979
11235.700      0.3023     0.9974
11235.800      0.2298     0.9973
11235.900      0.1562     0.9976
11236.000      0.0924     0.9982
11236.100      0.0419     0.9987
11236.200      0.0178     0.9991
11236.300      0.0090     0.9993
11236.400      0.0107     0.9993
11236.500      0.0126     0.9994
11236.600      0.0145     0.9994
11236.700      0.0143     0.9994
11236.800      0.0113     0.9994
11236.900      0.0093     0.9994
11237.000      0.0104     0.9993
11237.100      0.0182     0.9992
11237.200      0.0282     0.9989
11237.300      0.0377     0.9984
11237.400      0.0459     0.9976
11237.500      0.0450     0.9970
11237.600      0.0384     0.9968
11237.700      0.0269     0.9972
11237.800      0.0159     0.9980
11237.900      0.0094     0.9987
11238.000      0.0080     0.9991
11238.100      0.0112     0.9993
11238.200      0.0151     0.9994
11238.300      0.0194     0.9994
11238.400      0.0260     0.9994
11238.500      0.0389     0.9994
11238.600      0.0676     0.9994
11238.700      0.1145     0.9994
11238.800      0.1800     0.9994
11238.900      0.2523     0.9994
11239.000      0.3285     0.9994
11239.100      0.4045     0.9994
11239.200      0.4753     0.9994
11239.300      0.5387     0.9994
11239.400      0.5892     0.9994
11239.500      0.6319     0.9994
11239.600      0.6700     0.9994
11239.700      0.7068     0.9994
11239.800      0.7423     0.9994
11239.900      0.7718     0.9994
11240.000      0.7947     0.9994
11240.100      0.8132     0.9994
11240.200      0.8311     0.9994
11240.300      0.8500     0.9994
11240.400      0.8691     0.9994
11240.500      0.8881     0.9994
11240.600      0.9068     0.9994
11240.700      0.9211     0.9994
11240.800      0.9307     0.9994
11240.900      0.9352     0.9994
11241.000      0.9406     0.9994
11241.100      0.9476     0.9994
11241.200      0.9534     0.9994
11241.300      0.9580     0.9994
11241.400      0.9628     0.9994
11241.500      0.9678     0.9994
11241.600      0.9727     0.9994
11241.700      0.9777     0.9994
11241.800      0.9778     0.9994
11241.900      0.9754     0.9994
11242.000      0.9715     0.9994
11242.100      0.9684     0.9994
11242.200      0.9716     0.9994
11242.300      0.9733     0.9994
11242.400      0.9697     0.9994
11242.500      0.9669     0.9994
11242.600      0.9654     0.9994
11242.700      0.9635     0.9994
11242.800      0.9603     0.9994
11242.900      0.9540     0.9994
11243.000      0.9421     0.9994
11243.100      0.9247     0.9994
11243.200      0.8974     0.9994
11243.300      0.8497     0.9994
11243.400      0.7748     0.9994
11243.500      0.6480     0.9994
11243.600      0.5086     0.9994
11243.700      0.3626     0.9994
11243.800      0.2289     0.9994
11243.900      0.1717     0.9994
11244.000      0.1911     0.9994
11244.100      0.2799     0.9994
11244.200      0.4063     0.9994
11244.300      0.5431     0.9994
11244.400      0.6555     0.9993
11244.500      0.7177     0.9992
11244.600      0.7207     0.9990
11244.700      0.6689     0.9987
11244.800      0.5534     0.9985
11244.900      0.4326     0.9984
11245.000      0.3366     0.9985
11245.100      0.2845     0.9987
11245.200      0.3444     0.9988
11245.300      0.4594     0.9990
11245.400      0.6047     0.9991
11245.500      0.7372     0.9992
11245.600      0.8283     0.9993
11245.700      0.8845     0.9994
11245.800      0.9162     0.9994
11245.900      0.9332     0.9994
11246.000      0.9441     0.9994
11246.100      0.9506     0.9994
11246.200      0.9566     0.9994
11246.300      0.9648     0.9994
11246.400      0.9732     0.9994
11246.500      0.9790     0.9994
11246.600      0.9851     0.9994
11246.700      0.9930     0.9994
11246.800      1.0003     0.9994
11246.900      1.0034     0.9994
11247.000      1.0020     0.9994
11247.100      0.9976     0.9994
11247.200      0.9953     0.9994
11247.300      0.9951     0.9994
11247.400      0.9918     0.9994
11247.500      0.9830     0.9994
11247.600      0.9705     0.9994
11247.700      0.9508     0.9994
11247.800      0.9095     0.9994
11247.900      0.8517     0.9994
11248.000      0.7768     0.9994
11248.100      0.7071     0.9994
11248.200      0.6847     0.9993
11248.300      0.6989     0.9992
11248.400      0.7397     0.9991
11248.500      0.7773     0.9990
11248.600      0.8012     0.9991
11248.700      0.8031     0.9992
11248.800      0.7844     0.9992
11248.900      0.7524     0.9993
11249.000      0.7181     0.9994
11249.100      0.7095     0.9994
11249.200      0.7289     0.9994
11249.300      0.7805     0.9994
11249.400      0.8337     0.9994
11249.500      0.8677     0.9994
11249.600      0.8790     0.9994
11249.700      0.8587     0.9994
11249.800      0.8371     0.9994
11249.900      0.8152     0.9994
11250.000      0.8066     0.9994
11250.100      0.8195     0.9994
11250.200      0.8365     0.9994
11250.300      0.8542     0.9994
11250.400      0.8601     0.9994
11250.500      0.8478     0.9994
11250.600      0.8205     0.9994
11250.700      0.7754     0.9992
11250.800      0.7091     0.9987
11250.900      0.6176     0.9977
11251.000      0.4877     0.9966
11251.100      0.3594     0.9960
11251.200      0.2560     0.9964
11251.300      0.1992     0.9974
11251.400      0.2279     0.9984
11251.500      0.3185     0.9991
11251.600      0.4354     0.9993
11251.700      0.5431     0.9994
11251.800      0.6264     0.9994
11251.900      0.6749     0.9994
11252.000      0.6953     0.9994
11252.100      0.6958     0.9994
11252.200      0.6868     0.9994
11252.300      0.6734     0.9994
11252.400      0.6529     0.9994
11252.500      0.6219     0.9993
11252.600      0.5867     0.9991
11252.700      0.5490     0.9979
11252.800      0.5056     0.9944
11252.900      0.4539     0.9865
11253.000      0.3950     0.9744
11253.100      0.3315     0.9626
11253.200      0.2656     0.9584
11253.300      0.1992     0.9648
11253.400      0.1378     0.9772
11253.500      0.0863     0.9886
11253.600      0.0485     0.9954
11253.700      0.0235     0.9983
11253.800      0.0111     0.9991
11253.900      0.0059     0.9993
11254.000      0.0060     0.9993
11254.100      0.0066     0.9993
11254.200      0.0073     0.9992
11254.300      0.0084     0.9987
11254.400      0.0107     0.9969
11254.500      0.0154     0.9916
11254.600      0.0239     0.9802
11254.700      0.0362     0.9633
11254.800      0.0499     0.9477
11254.900      0.0570     0.9430
11255.000      0.0553     0.9525
11255.100      0.0430     0.9696
11255.200      0.0294     0.9846
11255.300      0.0170     0.9932
11255.400      0.0069     0.9964
11255.500      0.0031     0.9967
11255.600      0.0024     0.9956
11255.700      0.0035     0.9938
11255.800      0.0045     0.9916
11255.900      0.0052     0.9899
11256.000      0.0073     0.9892
11256.100      0.0155     0.9893
11256.200      0.0362     0.9899
11256.300      0.0663     0.9908
11256.400      0.1001     0.9922
11256.500      0.1345     0.9940
11256.600      0.1484     0.9957
11256.700      0.1447     0.9970
11256.800      0.1225     0.9979
11256.900      0.1001     0.9984
11257.000      0.0795     0.9987
11257.100      0.0605     0.9988
11257.200      0.0438     0.9990
11257.300      0.0293     0.9991
11257.400      0.0180     0.9991
11257.500      0.0123     0.9992
11257.600      0.0178     0.9992
11257.700      0.0385     0.9993
11257.800      0.0789     0.9993
11257.900      0.1443     0.9993
11258.000      0.2219     0.9993
11258.100      0.3065     0.9993
11258.200      0.3915     0.9994
11258.300      0.4658     0.9994
11258.400      0.5330     0.9994
11258.500      0.5942     0.9994
11258.600      0.6455     0.9994
11258.700      0.6841     0.9994
11258.800      0.7139     0.9994
11258.900      0.7383     0.9994
11259.000      0.7603     0.9993
11259.100      0.7801     0.9994
11259.200      0.7930     0.9994
11259.300      0.7996     0.9994
11259.400      0.8021     0.9994
11259.500      0.8040     0.9994
11259.600      0.8149     0.9994
11259.700      0.8272     0.9994
11259.800      0.8379     0.9994
11259.900      0.8461     0.9994
11260.000      0.8457     0.9994
11260.100      0.8334     0.9993
11260.200      0.8053     0.9991
11260.300      0.7703     0.9986
11260.400      0.7328     0.9975
11260.500      0.7084     0.9959
11260.600      0.7058     0.9940
11260.700      0.7154     0.9928
11260.800      0.7276     0.9929
11260.900      0.7295     0.9943
11261.000      0.7169     0.9963
11261.100      0.6889     0.9978
11261.200      0.6471     0.9987
11261.300      0.5920     0.9992
11261.400      0.5267     0.9993
11261.500      0.4532     0.9994
11261.600      0.3703     0.9994
11261.700      0.2805     0.9994
11261.800      0.1933     0.9994
11261.900      0.1185     0.9995
11262.000      0.0625     0.9995
11262.100      0.0294     0.9995
11262.200      0.0128     0.9994
11262.300      0.0085     0.9994
11262.400      0.0133     0.9992
11262.500      0.0292     0.9989
11262.600      0.0610     0.9987
11262.700      0.1069     0.9987
11262.800      0.1698     0.9988
11262.900      0.2321     0.9991
11263.000      0.2860     0.9993
11263.100      0.3233     0.9994
11263.200      0.3378     0.9994
11263.300      0.3525     0.9995
11263.400      0.3696     0.9995
11263.500      0.4095     0.9995
11263.600      0.4745     0.9995
11263.700      0.5471     0.9995
11263.800      0.6208     0.9995
11263.900      0.6724     0.9995
11264.000      0.6927     0.9995
11264.100      0.6761     0.9995
11264.200      0.6209     0.9995
11264.300      0.5121     0.9995
11264.400      0.4034     0.9995
11264.500      0.2980     0.9995
11264.600      0.2166     0.9995
11264.700      0.2230     0.9995
11264.800      0.3058     0.9995
11264.900      0.4291     0.9995
11265.000      0.5521     0.9995
11265.100      0.6729     0.9995
11265.200      0.7657     0.9994
11265.300      0.8275     0.9994
11265.400      0.8718     0.9994
11265.500      0.9030     0.9993
11265.600      0.9225     0.9991
11265.700      0.9348     0.9986
11265.800      0.9419     0.9972
11265.900      0.9458     0.9945
11266.000      0.9474     0.9904
11266.100      0.9493     0.9862
11266.200      0.9520     0.9842
11266.300      0.9554     0.9856
11266.400      0.9590     0.9896
11266.500      0.9608     0.9939
11266.600      0.9566     0.9969
11266.700      0.9437     0.9985
11266.800      0.9195     0.9991
11266.900      0.8791     0.9993
11267.000      0.8361     0.9994
11267.100      0.8009     0.9994
11267.200      0.7774     0.9995
11267.300      0.7817     0.9995
11267.400      0.7839     0.9995
11267.500      0.7615     0.9995
11267.600      0.7018     0.9995
11267.700      0.5920     0.9995
11267.800      0.4600     0.9995
11267.900      0.3209     0.9995
11268.000      0.2043     0.9995
11268.100      0.1427     0.9995
11268.200      0.1468     0.9995
11268.300      0.2114     0.9995
11268.400      0.3405     0.9995
11268.500      0.4771     0.9995
11268.600      0.6123     0.9995
11268.700      0.7430     0.9995
11268.800      0.8326     0.9995
11268.900      0.8949     0.9995
11269.000      0.9330     0.9995
11269.100      0.9576     0.9995
11269.200      0.9740     0.9995
11269.300      0.9832     0.9995
11269.400      0.9890     0.9995
11269.500      0.9940     0.9995
11269.600      0.9983     0.9995
11269.700      1.0001     0.9995
11269.800      1.0007     0.9995
11269.900      1.0009     0.9995
11270.000      1.0011     0.9995
11270.100      1.0016     0.9995
11270.200      1.0021     0.9995
11270.300      1.0023     0.9995
11270.400      1.0015     0.9995
11270.500      0.9954     0.9995
11270.600      0.9820     0.9995
11270.700      0.9530     0.9995
11270.800      0.8960     0.9995
11270.900      0.8207     0.9995
11271.000      0.7502     0.9995
11271.100      0.6965     0.9995
11271.200      0.6943     0.9995
11271.300      0.7310     0.9995
11271.400      0.7928     0.9995
11271.500      0.8566     0.9995
11271.600      0.8941     0.9995
11271.700      0.9162     0.9995
11271.800      0.9253     0.9995
11271.900      0.9295     0.9995
11272.000      0.9311     0.9995
11272.100      0.9285     0.9995
11272.200      0.9206     0.9995
11272.300      0.9075     0.9995
11272.400      0.8889     0.9994
11272.500      0.8651     0.9994
11272.600      0.8347     0.9994
11272.700      0.7951     0.9994
11272.800      0.7454     0.9994
11272.900      0.6856     0.9994
11273.000      0.6157     0.9995
11273.100      0.5330     0.9995
11273.200      0.4475     0.9995
11273.300      0.3606     0.9995
11273.400      0.2753     0.9995
11273.500      0.2005     0.9995
11273.600      0.1355     0.9995
11273.700      0.0835     0.9995
11273.800      0.0458     0.9995
11273.900      0.0231     0.9995
11274.000      0.0132     0.9995
11274.100      0.0170     0.9995
11274.200      0.0356     0.9995
11274.300      0.0722     0.9995
11274.400      0.1341     0.9995
11274.500      0.2097     0.9995
11274.600      0.2962     0.9995
11274.700      0.3806     0.9995
11274.800      0.4343     0.9995
11274.900      0.4514     0.9995
11275.000      0.4294     0.9995
11275.100      0.4090     0.9994
11275.200      0.4003     0.9994
11275.300      0.4302     0.9995
11275.400      0.5034     0.9995
11275.500      0.5936     0.9995
11275.600      0.6867     0.9995
11275.700      0.7590     0.9995
11275.800      0.8076     0.9995
11275.900      0.8372     0.9995
11276.000      0.8526     0.9995
11276.100      0.8549     0.9995
11276.200      0.8525     0.9995
11276.300      0.8476     0.9995
11276.400      0.8398     0.9995
11276.500      0.8289     0.9995
11276.600      0.8134     0.9995
11276.700      0.7896     0.9995
11276.800      0.7541     0.9995
11276.900      0.7007     0.9995
11277.000      0.6176     0.9995
11277.100      0.5243     0.9995
11277.200      0.4388     0.9995
11277.300      0.3698     0.9994
11277.400      0.3546     0.9994
11277.500      0.3518     0.9994
11277.600      0.3532     0.9994
11277.700      0.3505     0.9995
11277.800      0.3126     0.9995
11277.900      0.2573     0.9995
11278.000      0.1920     0.9995
11278.100      0.1298     0.9995
11278.200      0.0794     0.9995
11278.300      0.0423     0.9995
11278.400      0.0198     0.9995
11278.500      0.0104     0.9995
11278.600      0.0081     0.9995
11278.700      0.0109     0.9995
11278.800      0.0141     0.9995
11278.900      0.0171     0.9995
11279.000      0.0202     0.9995
11279.100      0.0295     0.9995
11279.200      0.0480     0.9995
11279.300      0.0866     0.9995
11279.400      0.1421     0.9995
11279.500      0.2096     0.9995
11279.600      0.2782     0.9995
11279.700      0.3472     0.9995
11279.800      0.4077     0.9995
11279.900      0.4529     0.9995
11280.000      0.4849     0.9995
11280.100      0.5138     0.9995
11280.200      0.5570     0.9995
11280.300      0.6116     0.9995
11280.400      0.6749     0.9995
11280.500      0.7381     0.9995
11280.600      0.7869     0.9994
11280.700      0.8261     0.9994
11280.800      0.8566     0.9994
11280.900      0.8791     0.9994
11281.000      0.8962     0.9994
11281.100      0.9114     0.9994
11281.200      0.9258     0.9994
11281.300      0.9399     0.9994
11281.400      0.9538     0.9994
11281.500      0.9643     0.9994
11281.600      0.9715     0.9994
11281.700      0.9769     0.9994
11281.800      0.9820     0.9994
11281.900      0.9886     0.9993
11282.000      0.9950     0.9993
11282.100      0.9966     0.9992
11282.200      0.9967     0.9991
11282.300      0.9961     0.9991
11282.400      0.9963     0.9991
11282.500      0.9985     0.9992
11282.600      0.9998     0.9993
11282.700      0.9972     0.9993
11282.800      0.9873     0.9993
11282.900      0.9733     0.9993
11283.000      0.9629     0.9993
11283.100      0.9582     0.9992
11283.200      0.9607     0.9992
11283.300      0.9642     0.9992
11283.400      0.9611     0.9992
11283.500      0.9534     0.9991
11283.600      0.9426     0.9991
11283.700      0.9263     0.9991
11283.800      0.9007     0.9991
11283.900      0.8661     0.9990
11284.000      0.8218     0.9990
11284.100      0.7688     0.9989
11284.200      0.7054     0.9989
11284.300      0.6258     0.9988
11284.400      0.5309     0.9987
11284.500      0.4224     0.9987
11284.600      0.3113     0.9986
11284.700      0.2090     0.9985
11284.800      0.1213     0.9983
11284.900      0.0634     0.9982
11285.000      0.0287     0.9980
11285.100      0.0142     0.9977
11285.200      0.0163     0.9974
11285.300      0.0326     0.9970
11285.400      0.0683     0.9965
11285.500      0.1273     0.9957
11285.600      0.2123     0.9941
11285.700      0.3121     0.9905
11285.800      0.4160     0.9813
11285.900      0.5206     0.9609
11286.000      0.6152     0.9243
11286.100      0.6955     0.8737
11286.200      0.7626     0.8230
11286.300      0.8181     0.7902
11286.400      0.8633     0.7843
11286.500      0.8990     0.7963
11286.600      0.9256     0.8052
11286.700      0.9470     0.7958
11286.800      0.9648     0.7721
11286.900      0.9799     0.7517
11287.000      0.9924     0.7477
11287.100      0.9986     0.7600
11287.200      1.0009     0.7816
11287.300      1.0038     0.8098
11287.400      1.0070     0.8469
11287.500      1.0082     0.8911
11287.600      1.0066     0.9336
11287.700      1.0026     0.9650
11287.800      0.9962     0.9831
11287.900      0.9864     0.9914
11288.000      0.9765     0.9947
11288.100      0.9668     0.9961
11288.200      0.9568     0.9968
11288.300      0.9435     0.9972
11288.400      0.9249     0.9976
11288.500      0.8969     0.9978
11288.600      0.8626     0.9980
11288.700      0.8206     0.9982
11288.800      0.7663     0.9983
11288.900      0.6964     0.9984
11289.000      0.6082     0.9985
11289.100      0.5088     0.9985
11289.200      0.4007     0.9983
11289.300      0.2920     0.9974
11289.400      0.1972     0.9942
11289.500      0.1181     0.9863
11289.600      0.0648     0.9724
11289.700      0.0320     0.9560
11289.800      0.0181     0.9458
11289.900      0.0211     0.9488
11290.000      0.0400     0.9628
11290.100      0.0761     0.9791
11290.200      0.1287     0.9906
11290.300      0.2014     0.9962
11290.400      0.2800     0.9983
11290.500      0.3580     0.9988
11290.600      0.4341     0.9989
11290.700      0.4957     0.9989
11290.800      0.5479     0.9987
11290.900      0.5944     0.9985
11291.000      0.6357     0.9982
11291.100      0.6727     0.9974
11291.200      0.7043     0.9950
11291.300      0.7306     0.9895
11291.400      0.7546     0.9793
11291.500      0.7767     0.9660
11291.600      0.7949     0.9551
11291.700      0.8081     0.9528
11291.800      0.8176     0.9605
11291.900      0.8233     0.9736
11292.000      0.8253     0.9857
11292.100      0.8208     0.9934
11292.200      0.8019     0.9970
11292.300      0.7649     0.9984
11292.400      0.7021     0.9988
11292.500      0.6148     0.9990
11292.600      0.5025     0.9991
11292.700      0.3867     0.9991
11292.800      0.2698     0.9992
11292.900      0.1648     0.9992
11293.000      0.1058     0.9992
11293.100      0.0941     0.9992
11293.200      0.1350     0.9992
11293.300      0.2314     0.9992
11293.400      0.3526     0.9991
11293.500      0.4853     0.9991
11293.600      0.6191     0.9990
11293.700      0.7250     0.9987
11293.800      0.8046     0.9980
11293.900      0.8564     0.9965
11294.000      0.8888     0.9936
11294.100      0.9063     0.9900
11294.200      0.9089     0.9872
11294.300      0.9017     0.9865
11294.400      0.8953     0.9880
11294.500      0.8922     0.9892
11294.600      0.8936     0.9860
11294.700      0.8982     0.9731
11294.800      0.9041     0.9465
11294.900      0.9101     0.9094
11295.000      0.9083     0.8746
11295.100      0.8981     0.8596
11295.200      0.8805     0.8730
11295.300      0.8586     0.9071
11295.400      0.8340     0.9449
11295.500      0.8068     0.9730
11295.600      0.7770     0.9884
11295.700      0.7424     0.9949
11295.800      0.6988     0.9973
11295.900      0.6479     0.9980
11296.000      0.5880     0.9983
11296.100      0.5124     0.9985
11296.200      0.4259     0.9985
11296.300      0.3349     0.9986
11296.400      0.2434     0.9985
11296.500      0.1702     0.9985
11296.600      0.1166     0.9983
11296.700      0.0810     0.9981
11296.800      0.0552     0.9978
11296.900      0.0353     0.9973
11297.000      0.0209     0.9959
11297.100      0.0110     0.9920
11297.200      0.0067     0.9819
11297.300      0.0071     0.9600
11297.400      0.0085     0.9233
11297.500      0.0105     0.8779
11297.600      0.0130     0.8408
11297.700      0.0163     0.8302
11297.800      0.0257     0.8519
11297.900      0.0422     0.8943
11298.000      0.0645     0.9381
11298.100      0.0902     0.9695
11298.200      0.1174     0.9866
11298.300      0.1484     0.9939
11298.400      0.1919     0.9966
11298.500      0.2409     0.9975
11298.600      0.2936     0.9976
11298.700      0.3509     0.9975
11298.800      0.4136     0.9973
11298.900      0.4839     0.9974
11299.000      0.5586     0.9978
11299.100      0.6304     0.9983
11299.200      0.6932     0.9987
11299.300      0.7396     0.9989
11299.400      0.7698     0.9990
11299.500      0.7884     0.9991
11299.600      0.7965     0.9991
11299.700      0.7964     0.9991
11299.800      0.7804     0.9991
11299.900      0.7274     0.9992
11300.000      0.6746     0.9992
11300.100      0.6264     0.9991
11300.200      0.5977     0.9991
11300.300      0.6154     0.9989
11300.400      0.6574     0.9986
11300.500      0.7081     0.9983
11300.600      0.7454     0.9980
11300.700      0.7552     0.9980
11300.800      0.7384     0.9983
11300.900      0.6991     0.9985
11301.000      0.6432     0.9986
11301.100      0.5700     0.9986
11301.200      0.4713     0.9985
11301.300      0.3690     0.9982
11301.400      0.2654     0.9979
11301.500      0.1658     0.9975
11301.600      0.0949     0.9966
11301.700      0.0487     0.9947
11301.800      0.0295     0.9896
11301.900      0.0330     0.9770
11302.000      0.0577     0.9510
11302.100      0.1076     0.9091
11302.200      0.1764     0.8595
11302.300      0.2618     0.8206
11302.400      0.3501     0.8111
11302.500      0.4109     0.8358
11302.600      0.4407     0.8823
11302.700      0.4261     0.9301
11302.800      0.4106     0.9650
11302.900      0.4115     0.9841
11303.000      0.4401     0.9926
11303.100      0.5186     0.9959
11303.200      0.6166     0.9972
11303.300      0.7223     0.9978
11303.400      0.8164     0.9982
11303.500      0.8817     0.9984
11303.600      0.9242     0.9986
11303.700      0.9486     0.9988
11303.800      0.9611     0.9989
11303.900      0.9592     0.9990
11304.000      0.9348     0.9990
11304.100      0.8910     0.9990
11304.200      0.8239     0.9990
11304.300      0.7570     0.9991
11304.400      0.7012     0.9992
11304.500      0.6575     0.9992
11304.600      0.6354     0.9993
11304.700      0.6424     0.9993
11304.800      0.6846     0.9994
11304.900      0.7566     0.9994
11305.000      0.8402     0.9994
11305.100      0.9150     0.9994
11305.200      0.9712     0.9994
11305.300      1.0072     0.9994
11305.400      1.0229     0.9994
11305.500      1.0135     0.9994
11305.600      0.9985     0.9994
11305.700      0.9813     0.9994
11305.800      0.9652     0.9995
11305.900      0.9619     0.9995
11306.000      0.9673     0.9995
11306.100      0.9788     0.9995
11306.200      0.9902     0.9995
11306.300      1.0006     0.9995
11306.400      1.0052     0.9995
11306.500      1.0045     0.9995
11306.600      1.0044     0.9994
11306.700      1.0048     0.9992
11306.800      0.9997     0.9990
11306.900      0.9926     0.9987
11307.000      0.9961     0.9987
11307.100      1.0011     0.9988
11307.200      1.0051     0.9991
11307.300      1.0067     0.9993
11307.400      1.0015     0.9995
11307.500      0.9954     0.9995
11307.600      0.9887     0.9995
11307.700      0.9798     0.9995
11307.800      0.9626     0.9994
11307.900      0.9287     0.9991
11308.000      0.8651     0.9981
11308.100      0.7608     0.9962
11308.200      0.6432     0.9936
11308.300      0.5474     0.9915
11308.400      0.4925     0.9912
11308.500      0.5244     0.9930
11308.600      0.6000     0.9957
11308.700      0.7070     0.9978
11308.800      0.8111     0.9989
11308.900      0.8792     0.9994
11309.000      0.9136     0.9995
11309.100      0.9117     0.9995
11309.200      0.8862     0.9995
11309.300      0.8509     0.9995
11309.400      0.8249     0.9995
11309.500      0.8233     0.9995
11309.600      0.8570     0.9996
11309.700      0.9026     0.9996
11309.800      0.9483     0.9996
11309.900      0.9939     0.9996
11310.000      1.0140     0.9996
11310.100      1.0155     0.9995
11310.200      1.0024     0.9995
11310.300      0.9790     0.9995
11310.400      0.9480     0.9993
11310.500      0.9186     0.9990
11310.600      0.9012     0.9985
11310.700      0.9029     0.9980
11310.800      0.9243     0.9978
11310.900      0.9523     0.9978
11311.000      0.9816     0.9980
11311.100      0.9978     0.9982
11311.200      0.9922     0.9985
11311.300      0.9586     0.9988
11311.400      0.9202     0.9991
11311.500      0.8876     0.9993
11311.600      0.8657     0.9995
11311.700      0.8830     0.9995
11311.800      0.9170     0.9995
11311.900      0.9616     0.9995
11312.000      1.0039     0.9995
11312.100      1.0338     0.9996
11312.200      1.0505     0.9996
11312.300      1.0567     0.9996
11312.400      1.0601     0.9996
11312.500      1.0618     0.9996
11312.600      1.0610     0.9996
11312.700      1.0596     0.9996
11312.800      1.0591     0.9996
11312.900      1.0589     0.9995
11313.000      1.0556     0.9995
11313.100      1.0502     0.9995
11313.200      1.0435     0.9994
11313.300      1.0320     0.9990
11313.400      1.0094     0.9979
11313.500      0.9867     0.9951
11313.600      0.9640     0.9896
11313.700      0.9481     0.9819
11313.800      0.9485     0.9747
11313.900      0.9602     0.9720
11314.000      0.9754     0.9754
11314.100      0.9890     0.9829
11314.200      0.9977     0.9904
11314.300      0.9938     0.9955
11314.400      0.9750     0.9981
11314.500      0.9386     0.9991
11314.600      0.8903     0.9994
11314.700      0.8334     0.9995
11314.800      0.7690     0.9995
11314.900      0.6980     0.9996
11315.000      0.6088     0.9996
11315.100      0.4990     0.9996
11315.200      0.3898     0.9996
11315.300      0.2856     0.9996
11315.400      0.2189     0.9996
11315.500      0.2224     0.9996
11315.600      0.3009     0.9996
11315.700      0.4139     0.9996
11315.800      0.5437     0.9996
11315.900      0.6747     0.9996
11316.000      0.7783     0.9996
11316.100      0.8581     0.9996
11316.200      0.9120     0.9996
11316.300      0.9466     0.9996
11316.400      0.9671     0.9996
11316.500      0.9846     0.9996
11316.600      1.0004     0.9996
11316.700      1.0107     0.9996
11316.800      1.0146     0.9996
11316.900      1.0145     0.9996
11317.000      1.0130     0.9995
11317.100      1.0111     0.9994
11317.200      1.0084     0.9993
11317.300      0.9877     0.9993
11317.400      0.9631     0.9993
11317.500      0.9434     0.9994
11317.600      0.9316     0.9995
11317.700      0.9386     0.9996
11317.800      0.9554     0.9996
11317.900      0.9781     0.9996
11318.000      0.9961     0.9996
11318.100      1.0009     0.9996
11318.200      0.9996     0.9996
11318.300      0.9965     0.9996
11318.400      0.9936     0.9996
11318.500      0.9918     0.9996
11318.600      0.9943     0.9996
11318.700      0.9983     0.9996
11318.800      0.9955     0.9996
11318.900      0.9869     0.9996
11319.000      0.9724     0.9994
11319.100      0.9575     0.9991
11319.200      0.9426     0.9987
11319.300      0.9248     0.9985
11319.400      0.8919     0.9986
11319.500      0.8492     0.9990
11319.600      0.8011     0.9993
11319.700      0.7614     0.9995
11319.800      0.7461     0.9996
11319.900      0.7629     0.9996
11320.000      0.7920     0.9996
11320.100      0.8211     0.9996
11320.200      0.8502     0.9996
11320.300      0.8673     0.9996
11320.400      0.8679     0.9996
11320.500      0.8445     0.9996
11320.600      0.7906     0.9996
11320.700      0.6936     0.9996
11320.800      0.5968     0.9996
11320.900      0.5026     0.9996
11321.000      0.4342     0.9996
11321.100      0.4440     0.9996
11321.200      0.5215     0.9996
11321.300      0.6281     0.9995
11321.400      0.7323     0.9994
11321.500      0.8279     0.9991
11321.600      0.8874     0.9989
11321.700      0.9143     0.9988
11321.800      0.9162     0.9990
11321.900      0.9111     0.9992
11322.000      0.9022     0.9994
11322.100      0.8943     0.9996
11322.200      0.8940     0.9996
11322.300      0.8937     0.9996
11322.400      0.8926     0.9996
11322.500      0.8886     0.9995
11322.600      0.8811     0.9994
11322.700      0.8759     0.9989
11322.800      0.8742     0.9976
11322.900      0.8735     0.9951
11323.000      0.8738     0.9917
11323.100      0.8761     0.9887
11323.200      0.8789     0.9877
11323.300      0.8726     0.9894
11323.400      0.8589     0.9928
11323.500      0.8402     0.9960
11323.600      0.8144     0.9981
11323.700      0.7784     0.9991
11323.800      0.7278     0.9994
11323.900      0.6554     0.9996
11324.000      0.5582     0.9996
11324.100      0.4463     0.9996
11324.200      0.3350     0.9996
11324.300      0.2270     0.9996
11324.400      0.1361     0.9996
11324.500      0.0744     0.9996
11324.600      0.0412     0.9996
11324.700      0.0395     0.9996
11324.800      0.0734     0.9996
11324.900      0.1375     0.9996
11325.000      0.2310     0.9997
11325.100      0.3397     0.9997
11325.200      0.4582     0.9997
11325.300      0.5739     0.9997
11325.400      0.6717     0.9996
11325.500      0.7499     0.9996
11325.600      0.8051     0.9996
11325.700      0.8449     0.9996
11325.800      0.8715     0.9996
11325.900      0.8849     0.9996
11326.000      0.8848     0.9996
11326.100      0.8645     0.9996
11326.200      0.8405     0.9996
11326.300      0.8170     0.9996
11326.400      0.7937     0.9996
11326.500      0.7704     0.9996
11326.600      0.7488     0.9996
11326.700      0.7444     0.9996
11326.800      0.7654     0.9996
11326.900      0.8155     0.9996
11327.000      0.8673     0.9996
11327.100      0.9195     0.9996
11327.200      0.9636     0.9996
11327.300      0.9897     0.9996
11327.400      1.0013     0.9996
11327.500      0.9978     0.9996
11327.600      0.9770     0.9996
11327.700      0.9455     0.9996
11327.800      0.9049     0.9996
11327.900      0.8644     0.9996
11328.000      0.8443     0.9996
11328.100      0.8433     0.9996
11328.200      0.8652     0.9996
11328.300      0.8943     0.9996
11328.400      0.9263     0.9996
11328.500      0.9567     0.9995
11328.600      0.9811     0.9995
11328.700      0.9990     0.9995
11328.800      1.0101     0.9995
11328.900      1.0163     0.9994
11329.000      1.0177     0.9994
11329.100      1.0136     0.9994
11329.200      1.0032     0.9993
11329.300      0.9870     0.9992
11329.400      0.9588     0.9990
11329.500      0.8977     0.9983
11329.600      0.8026     0.9959
11329.700      0.6715     0.9878
11329.800      0.5501     0.9670
11329.900      0.4822     0.9262
11330.000      0.4813     0.8661
11330.100      0.5459     0.8010
11330.200      0.6491     0.7532
11330.300      0.7618     0.7407
11330.400      0.8596     0.7680
11330.500      0.9311     0.8249
11330.600      0.9690     0.8906
11330.700      0.9861     0.9443
11330.800      0.9885     0.9770
11330.900      0.9851     0.9919
11331.000      0.9786     0.9972
11331.100      0.9690     0.9987
11331.200      0.9567     0.9991
11331.300      0.9412     0.9992
11331.400      0.9211     0.9993
11331.500      0.8931     0.9994
11331.600      0.8532     0.9994
11331.700      0.8032     0.9994
11331.800      0.7402     0.9993
11331.900      0.6580     0.9993
11332.000      0.5590     0.9994
11332.100      0.4432     0.9994
11332.200      0.3256     0.9995
11332.300      0.2207     0.9996
11332.400      0.1324     0.9996
11332.500      0.0748     0.9996
11332.600      0.0474     0.9996
11332.700      0.0543     0.9996
11332.800      0.0948     0.9996
11332.900      0.1645     0.9996
11333.000      0.2588     0.9996
11333.100      0.3626     0.9996
11333.200      0.4635     0.9996
11333.300      0.5558     0.9996
11333.400      0.6318     0.9995
11333.500      0.6903     0.9995
11333.600      0.7358     0.9994
11333.700      0.7668     0.9994
11333.800      0.7813     0.9995
11333.900      0.7753     0.9996
11334.000      0.7414     0.9996
11334.100      0.7076     0.9996
11334.200      0.6746     0.9996
11334.300      0.6513     0.9996
11334.400      0.6451     0.9996
11334.500      0.6382     0.9996
11334.600      0.6269     0.9996
11334.700      0.5961     0.9996
11334.800      0.5345     0.9995
11334.900      0.4381     0.9994
11335.000      0.3344     0.9994
11335.100      0.2356     0.9994
11335.200      0.1470     0.9994
11335.300      0.0998     0.9994
11335.400      0.0881     0.9992
11335.500      0.1161     0.9985
11335.600      0.1440     0.9958
11335.700      0.1706     0.9886
11335.800      0.1848     0.9742
11335.900      0.1677     0.9525
11336.000      0.1325     0.9295
11336.100      0.0908     0.9151
11336.200      0.0558     0.9163
11336.300      0.0368     0.9317
11336.400      0.0423     0.9536
11336.500      0.0693     0.9735
11336.600      0.1183     0.9871
11336.700      0.1691     0.9945
11336.800      0.2027     0.9978
11336.900      0.2148     0.9990
11337.000      0.1904     0.9993
11337.100      0.1607     0.9995
11337.200      0.1292     0.9995
11337.300      0.1103     0.9996
11337.400      0.1380     0.9996
11337.500      0.2101     0.9996
11337.600      0.3133     0.9995
11337.700      0.4332     0.9995
11337.800      0.5562     0.9994
11337.900      0.6666     0.9994
11338.000      0.7578     0.9994
11338.100      0.8245     0.9995
11338.200      0.8739     0.9996
11338.300      0.9106     0.9996
11338.400      0.9374     0.9996
11338.500      0.9565     0.9996
11338.600      0.9675     0.9996
11338.700      0.9710     0.9996
11338.800      0.9664     0.9996
11338.900      0.9561     0.9994
11339.000      0.9428     0.9993
11339.100      0.9287     0.9991
11339.200      0.9217     0.9991
11339.300      0.9191     0.9992
11339.400      0.9147     0.9994
11339.500      0.9058     0.9996
11339.600      0.8837     0.9997
11339.700      0.8441     0.9997
11339.800      0.7784     0.9997
11339.900      0.6859     0.9997
11340.000      0.5643     0.9997
11340.100      0.4428     0.9996
11340.200      0.3230     0.9996
11340.300      0.2199     0.9995
11340.400      0.1594     0.9995
11340.500      0.1308     0.9995
11340.600      0.1140     0.9996
11340.700      0.0967     0.9996
11340.800      0.0784     0.9997
11340.900      0.0573     0.9997
11341.000      0.0355     0.9997
11341.100      0.0263     0.9997
11341.200      0.0325     0.9997
11341.300      0.0623     0.9997
11341.400      0.1132     0.9997
11341.500      0.1845     0.9997
11341.600      0.2576     0.9997
11341.700      0.3311     0.9997
11341.800      0.3943     0.9997
11341.900      0.4232     0.9997
11342.000      0.4187     0.9997
11342.100      0.3924     0.9997
11342.200      0.3550     0.9997
11342.300      0.3158     0.9997
11342.400      0.2770     0.9997
11342.500      0.2391     0.9997
11342.600      0.2192     0.9997
11342.700      0.2235     0.9997
11342.800      0.2722     0.9997
11342.900      0.3543     0.9997
11343.000      0.4648     0.9997
11343.100      0.5719     0.9997
11343.200      0.6559     0.9997
11343.300      0.7042     0.9997
11343.400      0.7160     0.9996
11343.500      0.7123     0.9996
11343.600      0.7052     0.9997
11343.700      0.7059     0.9997
11343.800      0.7132     0.9997
11343.900      0.7232     0.9997
11344.000      0.7333     0.9997
11344.100      0.7282     0.9997
11344.200      0.7044     0.9997
11344.300      0.6508     0.9997
11344.400      0.5719     0.9997
11344.500      0.4704     0.9997
11344.600      0.3677     0.9996
11344.700      0.2646     0.9994
11344.800      0.1714     0.9987
11344.900      0.1064     0.9971
11345.000      0.0653     0.9947
11345.100      0.0410     0.9923
11345.200      0.0288     0.9916
11345.300      0.0204     0.9930
11345.400      0.0137     0.9955
11345.500      0.0081     0.9977
11345.600      0.0036     0.9990
11345.700      0.0007     0.9995
11345.800      0.0009     0.9996
11345.900      0.0008     0.9997
11346.000     -0.0001     0.9997
11346.100     -0.0008     0.9997
11346.200     -0.0009     0.9997
11346.300     -0.0011     0.9997
11346.400     -0.0014     0.9997
11346.500     -0.0016     0.9997
11346.600     -0.0016     0.9997
11346.700     -0.0012     0.9997
11346.800     -0.0007     0.9997
11346.900     -0.0002     0.9997
11347.000      0.0003     0.9997
11347.100      0.0009     0.9997
11347.200      0.0016     0.9997
11347.300      0.0023     0.9997
11347.400      0.0030     0.9997
11347.500      0.0031     0.9997
11347.600      0.0028     0.9996
11347.700      0.0021     0.9995
11347.800      0.0014     0.9992
11347.900      0.0008     0.9988
11348.000      0.0011     0.9984
11348.100      0.0028     0.9982
11348.200      0.0057     0.9984
11348.300      0.0088     0.9987
11348.400      0.0106     0.9991
11348.500      0.0107     0.9994
11348.600      0.0084     0.9996
11348.700      0.0058     0.9997
11348.800      0.0031     0.9997
11348.900      0.0006     0.9997
11349.000     -0.0006     0.9997
11349.100      0.0001     0.9997
11349.200      0.0028     0.9997
11349.300      0.0062     0.9997
11349.400      0.0103     0.9997
11349.500      0.0158     0.9997
11349.600      0.0251     0.9997
11349.700      0.0464     0.9997
11349.800      0.0769     0.9997
11349.900      0.1133     0.9997
11350.000      0.1502     0.9997
11350.100      0.1781     0.9997
11350.200      0.2057     0.9997
11350.300      0.2363     0.9997
11350.400      0.2712     0.9997
11350.500      0.3122     0.9997
11350.600      0.3511     0.9997
11350.700      0.3764     0.9997
11350.800      0.3777     0.9997
11350.900      0.3463     0.9997
11351.000      0.2862     0.9997
11351.100      0.2179     0.9997
11351.200      0.1526     0.9997
11351.300      0.0945     0.9997
11351.400      0.0546     0.9997
11351.500      0.0353     0.9997
11351.600      0.0423     0.9997
11351.700      0.0638     0.9997
11351.800      0.0961     0.9997
11351.900      0.1265     0.9997
11352.000      0.1425     0.9997
11352.100      0.1414     0.9997
11352.200      0.1224     0.9997
11352.300      0.0943     0.9997
11352.400      0.0635     0.9997
11352.500      0.0387     0.9997
11352.600      0.0289     0.9997
11352.700      0.0399     0.9997
11352.800      0.0733     0.9996
11352.900      0.1285     0.9995
11353.000      0.1996     0.9992
11353.100      0.2873     0.9988
11353.200      0.3751     0.9984
11353.300      0.4596     0.9982
11353.400      0.5338     0.9983
11353.500      0.5711     0.9986
11353.600      0.5740     0.9990
11353.700      0.5555     0.9994
11353.800      0.5395     0.9995
11353.900      0.5342     0.9996
11354.000      0.5584     0.9997
11354.100      0.6165     0.9997
11354.200      0.7042     0.9997
11354.300      0.7967     0.9997
11354.400      0.8771     0.9997
11354.500      0.9397     0.9997
11354.600      0.9583     0.9997
11354.700      0.9677     0.9997
11354.800      0.9723     0.9997
11354.900      0.9788     0.9996
11355.000      0.9935     0.9996
11355.100      1.0132     0.9996
11355.200      1.0354     0.9996
11355.300      1.0563     0.9996
11355.400      1.0725     0.9996
11355.500      1.0773     0.9995
11355.600      1.0760     0.9995
11355.700      1.0735     0.9993
11355.800      1.0709     0.9991
11355.900      1.0705     0.9989
11356.000      1.0717     0.9987
11356.100      1.0746     0.9981
11356.200      1.0766     0.9965
11356.300      1.0671     0.9925
11356.400      1.0438     0.9842
11356.500      1.0063     0.9707
11356.600      0.9687     0.9542
11356.700      0.9310     0.9402
11356.800      0.9050     0.9352
11356.900      0.9028     0.9419
11357.000      0.9220     0.9569
11357.100      0.9483     0.9736
11357.200      0.9759     0.9864
11357.300      1.0037     0.9939
11357.400      1.0184     0.9974
11357.500      1.0246     0.9987
11357.600      1.0238     0.9991
11357.700      1.0215     0.9993
11357.800      1.0187     0.9994
11357.900      1.0132     0.9995
11358.000      1.0004     0.9995
11358.100      0.9793     0.9996
11358.200      0.9507     0.9996
11358.300      0.9178     0.9996
11358.400      0.8838     0.9996
11358.500      0.8508     0.9996
11358.600      0.8189     0.9996
11358.700      0.7879     0.9996
11358.800      0.7569     0.9996
11358.900      0.7207     0.9996
11359.000      0.6760     0.9996
11359.100      0.6061     0.9995
11359.200      0.5251     0.9994
11359.300      0.4369     0.9993
11359.400      0.3532     0.9991
11359.500      0.2876     0.9989
11359.600      0.2318     0.9987
11359.700      0.1841     0.9988
11359.800      0.1455     0.9990
11359.900      0.1136     0.9993
11360.000      0.0855     0.9995
11360.100      0.0613     0.9996
11360.200      0.0430     0.9997
11360.300      0.0291     0.9997
11360.400      0.0179     0.9997
11360.500      0.0101     0.9997
11360.600      0.0070     0.9997
11360.700      0.0065     0.9997
11360.800      0.0078     0.9997
11360.900      0.0106     0.9997
11361.000      0.0141     0.9997
11361.100      0.0174     0.9997
11361.200      0.0203     0.9997
11361.300      0.0254     0.9997
11361.400      0.0377     0.9997
11361.500      0.0654     0.9997
11361.600      0.1082     0.9997
11361.700      0.1623     0.9997
11361.800      0.2229     0.9997
11361.900      0.2891     0.9997
11362.000      0.3554     0.9997
11362.100      0.4218     0.9997
11362.200      0.4876     0.9997
11362.300      0.5498     0.9997
11362.400      0.6086     0.9997
11362.500      0.6626     0.9997
11362.600      0.7119     0.9997
11362.700      0.7551     0.9997
11362.800      0.7887     0.9997
11362.900      0.8150     0.9997
11363.000      0.8385     0.9997
11363.100      0.8592     0.9997
11363.200      0.8766     0.9997
11363.300      0.8897     0.9997
11363.400      0.8970     0.9997
11363.500      0.8975     0.9997
11363.600      0.8885     0.9997
11363.700      0.8754     0.9997
11363.800      0.8598     0.9997
11363.900      0.8416     0.9997
11364.000      0.8217     0.9997
11364.100      0.8038     0.9997
11364.200      0.7931     0.9997
11364.300      0.7938     0.9997
11364.400      0.8059     0.9997
11364.500      0.8248     0.9997
11364.600      0.8492     0.9997
11364.700      0.8809     0.9997
11364.800      0.9135     0.9996
11364.900      0.9430     0.9996
11365.000      0.9678     0.9996
11365.100      0.9808     0.9996
11365.200      0.9791     0.9996
11365.300      0.9581     0.9995
11365.400      0.9263     0.9995
11365.500      0.8896     0.9994
11365.600      0.8600     0.9994
11365.700      0.8470     0.9992
11365.800      0.8453     0.9990
11365.900      0.8544     0.9986
11366.000      0.8790     0.9980
11366.100      0.9069     0.9971
11366.200      0.9334     0.9962
11366.300      0.9579     0.9956
11366.400      0.9791     0.9957
11366.500      0.9979     0.9963
11366.600      1.0149     0.9969
11366.700      1.0270     0.9968
11366.800      1.0300     0.9959
11366.900      1.0286     0.9944
11367.000      1.0253     0.9935
11367.100      1.0240     0.9937
11367.200      1.0251     0.9950
11367.300      1.0256     0.9968
11367.400      1.0237     0.9982
11367.500      1.0137     0.9990
11367.600      0.9924     0.9994
11367.700      0.9573     0.9995
11367.800      0.9127     0.9996
11367.900      0.8588     0.9996
11368.000      0.8062     0.9996
11368.100      0.7766     0.9997
11368.200      0.7670     0.9997
11368.300      0.7797     0.9997
11368.400      0.8112     0.9997
11368.500      0.8523     0.9997
11368.600      0.8878     0.9997
11368.700      0.9093     0.9997
11368.800      0.9145     0.9997
11368.900      0.9143     0.9997
11369.000      0.9193     0.9997
11369.100      0.9280     0.9997
11369.200      0.9379     0.9997
11369.300      0.9493     0.9997
11369.400      0.9630     0.9997
11369.500      0.9754     0.9997
11369.600      0.9759     0.9997
11369.700      0.9721     0.9997
11369.800      0.9661     0.9997
11369.900      0.9622     0.9997
11370.000      0.9635     0.9997
11370.100      0.9674     0.9997
11370.200      0.9720     0.9997
11370.300      0.9767     0.9997
11370.400      0.9815     0.9997
11370.500      0.9823     0.9996
11370.600      0.9780     0.9996
11370.700      0.9667     0.9995
11370.800      0.9548     0.9993
11370.900      0.9632     0.9992
11371.000      0.9757     0.9992
11371.100      0.9903     0.9993
11371.200      1.0032     0.9994
11371.300      1.0109     0.9996
11371.400      1.0183     0.9996
11371.500      1.0256     0.9996
11371.600      1.0293     0.9996
11371.700      1.0274     0.9996
11371.800      1.0229     0.9996
11371.900      1.0169     0.9996
11372.000      1.0093     0.9995
11372.100      1.0015     0.9995
11372.200      1.0017     0.9994
11372.300      1.0053     0.9993
11372.400      1.0107     0.9993
11372.500      1.0160     0.9992
11372.600      1.0191     0.9992
11372.700      1.0195     0.9991
11372.800      1.0159     0.9991
11372.900      1.0104     0.9989
11373.000      1.0062     0.9986
11373.100      1.0020     0.9980
11373.200      0.9979     0.9966
11373.300      0.9937     1.0000
11373.400      0.9895     1.0000
11373.500      0.9853     1.0000
11373.600      0.9811     1.0000
11373.700      0.9769     1.0000
11373.800      0.9727     1.0000
11373.900      0.9685     1.0000
11374.000      0.9644     1.0000
