# t09572g430x+000m0                                           
# 1226612651.kgf                                              
# data\m45.fits                                               
# xmin,xmax,dshft,yshift,fz:  12073.50  12843.50   0.00000   0.00000   1.00000
# vw,rp,ifabs:   0.0    28300.   0
#                                                                     
# wave(A)   obs.spec.  the.spec.  overplot1  overplot2  overplot3  overplot4
12266.000      0.8801     1.0000
12266.100      0.8873     1.0000
12266.200      0.8945     1.0000
12266.300      0.9017     1.0000
12266.400      0.9089     1.0000
12266.500      0.9161     1.0000
12266.600      0.9233     1.0000
12266.700      0.9305     1.0000
12266.800      0.9377     0.9947
12266.900      0.9449     0.9956
12267.000      0.9521     0.9968
12267.100      0.9593     0.9977
12267.200      0.9665     0.9978
12267.300      0.9737     0.9972
12267.400      0.9809     0.9964
12267.500      0.9881     0.9959
12267.600      0.9953     0.9961
12267.700      1.0025     0.9966
12267.800      1.0048     0.9971
12267.900      1.0035     0.9973
12268.000      1.0029     0.9973
12268.100      1.0038     0.9975
12268.200      1.0074     0.9980
12268.300      1.0131     0.9986
12268.400      1.0172     0.9992
12268.500      1.0162     0.9995
12268.600      1.0113     0.9997
12268.700      1.0035     0.9997
12268.800      0.9961     0.9998
12268.900      0.9918     0.9998
12269.000      0.9904     0.9998
12269.100      0.9932     0.9997
12269.200      0.9961     0.9997
12269.300      0.9984     0.9997
12269.400      0.9999     0.9997
12269.500      0.9955     0.9997
12269.600      0.9909     0.9997
12269.700      0.9881     0.9997
12269.800      0.9854     0.9997
12269.900      0.9809     0.9996
12270.000      0.9724     0.9993
12270.100      0.9386     0.9982
12270.200      0.8916     0.9950
12270.300      0.8392     0.9871
12270.400      0.7862     0.9726
12270.500      0.7616     0.9529
12270.600      0.7783     0.9349
12270.700      0.8259     0.9281
12270.800      0.8852     0.9366
12270.900      0.9359     0.9552
12271.000      0.9653     0.9746
12271.100      0.9780     0.9882
12271.200      0.9805     0.9954
12271.300      0.9831     0.9983
12271.400      0.9867     0.9993
12271.500      0.9910     0.9996
12271.600      0.9961     0.9997
12271.700      1.0008     0.9997
12271.800      1.0028     0.9997
12271.900      1.0038     0.9997
12272.000      1.0042     0.9997
12272.100      1.0047     0.9997
12272.200      1.0064     0.9998
12272.300      1.0082     0.9998
12272.400      1.0085     0.9998
12272.500      1.0075     0.9998
12272.600      1.0048     0.9998
12272.700      1.0018     0.9998
12272.800      1.0001     0.9998
12272.900      0.9988     0.9998
12273.000      0.9954     0.9998
12273.100      0.9883     0.9998
12273.200      0.9766     0.9998
12273.300      0.9630     0.9998
12273.400      0.9535     0.9998
12273.500      0.9535     0.9998
12273.600      0.9629     0.9998
12273.700      0.9781     0.9998
12273.800      0.9917     0.9998
12273.900      0.9979     0.9998
12274.000      0.9950     0.9998
12274.100      0.9817     0.9998
12274.200      0.9687     0.9997
12274.300      0.9594     0.9997
12274.400      0.9556     0.9997
12274.500      0.9660     0.9997
12274.600      0.9763     0.9997
12274.700      0.9851     0.9997
12274.800      0.9924     0.9997
12274.900      0.9975     0.9997
12275.000      1.0010     0.9997
12275.100      1.0035     0.9997
12275.200      1.0039     0.9997
12275.300      0.9966     0.9995
12275.400      0.9866     0.9993
12275.500      0.9755     0.9989
12275.600      0.9644     0.9983
12275.700      0.9605     0.9978
12275.800      0.9646     0.9976
12275.900      0.9735     0.9978
12276.000      0.9837     0.9983
12276.100      0.9917     0.9989
12276.200      0.9959     0.9993
12276.300      0.9980     0.9996
12276.400      0.9994     0.9997
12276.500      1.0013     0.9997
12276.600      1.0044     0.9997
12276.700      1.0071     0.9998
12276.800      1.0079     0.9998
12276.900      1.0068     0.9998
12277.000      1.0033     0.9998
12277.100      1.0003     0.9998
12277.200      1.0019     0.9998
12277.300      1.0036     0.9998
12277.400      1.0045     0.9998
12277.500      1.0049     0.9998
12277.600      1.0048     0.9998
12277.700      1.0046     0.9998
12277.800      1.0045     0.9998
12277.900      1.0046     0.9998
12278.000      1.0057     0.9998
12278.100      1.0070     0.9997
12278.200      1.0068     0.9997
12278.300      1.0044     0.9997
12278.400      0.9994     0.9996
12278.500      0.9936     0.9996
12278.600      0.9893     0.9996
12278.700      0.9886     0.9997
12278.800      0.9918     0.9997
12278.900      0.9972     0.9997
12279.000      1.0020     0.9998
12279.100      1.0042     0.9998
12279.200      1.0028     0.9998
12279.300      0.9976     0.9998
12279.400      0.9925     0.9998
12279.500      0.9877     0.9998
12279.600      0.9831     0.9998
12279.700      0.9789     0.9998
12279.800      0.9755     0.9998
12279.900      0.9756     0.9998
12280.000      0.9780     0.9997
12280.100      0.9834     0.9997
12280.200      0.9894     0.9997
12280.300      0.9956     0.9997
12280.400      1.0019     0.9997
12280.500      1.0046     0.9997
12280.600      1.0057     0.9997
12280.700      1.0058     0.9997
12280.800      1.0058     0.9996
12280.900      1.0072     0.9996
12281.000      1.0092     0.9994
12281.100      1.0087     0.9992
12281.200      1.0067     0.9991
12281.300      1.0047     0.9991
12281.400      1.0031     0.9992
12281.500      1.0023     0.9993
12281.600      1.0023     0.9995
12281.700      1.0009     0.9997
12281.800      0.9975     0.9997
12281.900      0.9945     0.9997
12282.000      0.9925     0.9998
12282.100      0.9907     0.9998
12282.200      0.9891     0.9998
12282.300      0.9881     0.9998
12282.400      0.9898     0.9998
12282.500      0.9928     0.9998
12282.600      0.9969     0.9998
12282.700      1.0010     0.9998
12282.800      1.0023     0.9998
12282.900      1.0028     0.9998
12283.000      1.0026     0.9998
12283.100      1.0022     0.9998
12283.200      1.0016     0.9998
12283.300      1.0008     0.9998
12283.400      0.9992     0.9998
12283.500      0.9974     0.9998
12283.600      0.9982     0.9998
12283.700      1.0003     0.9998
12283.800      0.9992     0.9998
12283.900      0.9960     0.9998
12284.000      0.9930     0.9998
12284.100      0.9909     0.9998
12284.200      0.9907     0.9998
12284.300      0.9924     0.9998
12284.400      0.9950     0.9998
12284.500      0.9979     0.9998
12284.600      1.0008     0.9998
12284.700      1.0028     0.9998
12284.800      1.0037     0.9998
12284.900      1.0023     0.9998
12285.000      0.9994     0.9998
12285.100      0.9955     0.9998
12285.200      0.9916     0.9998
12285.300      0.9913     0.9998
12285.400      0.9933     0.9998
12285.500      0.9988     0.9998
12285.600      1.0043     0.9998
12285.700      1.0074     0.9998
12285.800      1.0085     0.9998
12285.900      1.0066     0.9998
12286.000      1.0043     0.9998
12286.100      1.0022     0.9998
12286.200      1.0006     0.9998
12286.300      1.0030     0.9998
12286.400      1.0074     0.9998
12286.500      1.0108     0.9998
12286.600      1.0127     0.9998
12286.700      1.0128     0.9998
12286.800      1.0120     0.9998
12286.900      1.0120     0.9998
12287.000      1.0129     0.9998
12287.100      1.0130     0.9998
12287.200      1.0119     0.9997
12287.300      1.0108     0.9997
12287.400      1.0099     0.9997
12287.500      1.0094     0.9997
12287.600      1.0095     0.9997
12287.700      1.0087     0.9997
12287.800      1.0012     0.9996
12287.900      0.9918     0.9996
12288.000      0.9809     0.9996
12288.100      0.9699     0.9995
12288.200      0.9692     0.9993
12288.300      0.9716     0.9987
12288.400      0.9766     0.9972
12288.500      0.9816     0.9945
12288.600      0.9862     0.9906
12288.700      0.9895     0.9866
12288.800      0.9884     0.9838
12288.900      0.9819     0.9829
12289.000      0.9687     0.9836
12289.100      0.9536     0.9850
12289.200      0.9427     0.9872
12289.300      0.9401     0.9900
12289.400      0.9480     0.9932
12289.500      0.9615     0.9960
12289.600      0.9745     0.9980
12289.700      0.9854     0.9990
12289.800      0.9925     0.9995
12289.900      0.9949     0.9996
12290.000      0.9965     0.9997
12290.100      0.9979     0.9997
12290.200      0.9987     0.9997
12290.300      0.9989     0.9997
12290.400      0.9991     0.9998
12290.500      0.9995     0.9998
12290.600      0.9998     0.9998
12290.700      0.9991     0.9998
12290.800      0.9984     0.9998
12290.900      0.9977     0.9998
12291.000      0.9970     0.9998
12291.100      0.9985     0.9998
12291.200      1.0006     0.9997
12291.300      1.0030     0.9997
12291.400      1.0054     0.9997
12291.500      1.0053     0.9997
12291.600      1.0032     0.9997
12291.700      1.0000     0.9997
12291.800      0.9966     0.9997
12291.900      0.9941     0.9997
12292.000      0.9929     0.9997
12292.100      0.9927     0.9997
12292.200      0.9928     0.9997
12292.300      0.9931     0.9997
12292.400      0.9933     0.9997
12292.500      0.9935     0.9997
12292.600      0.9936     0.9997
12292.700      0.9938     0.9997
12292.800      0.9944     0.9997
12292.900      0.9953     0.9997
12293.000      0.9966     0.9998
12293.100      0.9979     0.9998
12293.200      0.9991     0.9998
12293.300      1.0002     0.9998
12293.400      0.9952     0.9998
12293.500      0.9902     0.9998
12293.600      0.9878     0.9998
12293.700      0.9874     0.9998
12293.800      0.9899     0.9998
12293.900      0.9928     0.9998
12294.000      0.9941     0.9998
12294.100      0.9944     0.9998
12294.200      0.9940     0.9998
12294.300      0.9934     0.9998
12294.400      0.9925     0.9998
12294.500      0.9916     0.9998
12294.600      0.9907     0.9998
12294.700      0.9898     0.9998
12294.800      0.9876     0.9998
12294.900      0.9803     0.9998
12295.000      0.9615     0.9998
12295.100      0.9314     0.9998
12295.200      0.9019     0.9998
12295.300      0.8778     0.9997
12295.400      0.8672     0.9997
12295.500      0.8869     0.9997
12295.600      0.9137     0.9997
12295.700      0.9441     0.9997
12295.800      0.9728     0.9997
12295.900      0.9820     0.9997
12296.000      0.9875     0.9997
12296.100      0.9902     0.9997
12296.200      0.9929     0.9997
12296.300      0.9960     0.9997
12296.400      0.9992     0.9997
12296.500      0.9998     0.9997
12296.600      1.0000     0.9997
12296.700      1.0013     0.9997
12296.800      1.0030     0.9997
12296.900      1.0037     0.9997
12297.000      1.0032     0.9997
12297.100      1.0009     0.9997
12297.200      0.9979     0.9997
12297.300      0.9979     0.9997
12297.400      1.0004     0.9997
12297.500      1.0023     0.9997
12297.600      1.0034     0.9997
12297.700      1.0045     0.9997
12297.800      1.0056     0.9997
12297.900      1.0065     0.9996
12298.000      1.0067     0.9993
12298.100      1.0059     0.9985
12298.200      1.0039     0.9970
12298.300      1.0021     0.9948
12298.400      1.0021     0.9925
12298.500      1.0028     0.9909
12298.600      1.0042     0.9910
12298.700      1.0055     0.9928
12298.800      1.0067     0.9952
12298.900      1.0077     0.9973
12299.000      1.0078     0.9986
12299.100      1.0074     0.9993
12299.200      1.0064     0.9996
12299.300      1.0053     0.9997
12299.400      1.0049     0.9997
12299.500      1.0048     0.9997
12299.600      1.0044     0.9997
12299.700      1.0039     0.9997
12299.800      1.0044     0.9997
12299.900      1.0055     0.9997
12300.000      1.0066     0.9998
12300.100      1.0073     0.9998
12300.200      1.0068     0.9998
12300.300      1.0037     0.9998
12300.400      0.9985     0.9998
12300.500      0.9914     0.9998
12300.600      0.9828     0.9998
12300.700      0.9733     0.9998
12300.800      0.9644     0.9997
12300.900      0.9602     0.9997
12301.000      0.9602     0.9997
12301.100      0.9653     0.9997
12301.200      0.9707     0.9997
12301.300      0.9761     0.9997
12301.400      0.9816     0.9997
12301.500      0.9856     0.9998
12301.600      0.9896     0.9998
12301.700      0.9937     0.9998
12301.800      0.9978     0.9998
12301.900      0.9995     0.9998
12302.000      0.9999     0.9998
12302.100      0.9994     0.9998
12302.200      0.9988     0.9997
12302.300      0.9986     0.9997
12302.400      0.9991     0.9997
12302.500      1.0007     0.9997
12302.600      1.0029     0.9997
12302.700      1.0039     0.9997
12302.800      1.0025     0.9997
12302.900      0.9985     0.9997
12303.000      0.9929     0.9997
12303.100      0.9882     0.9997
12303.200      0.9858     0.9997
12303.300      0.9849     0.9997
12303.400      0.9852     0.9997
12303.500      0.9859     0.9997
12303.600      0.9867     0.9997
12303.700      0.9878     0.9997
12303.800      0.9891     0.9997
12303.900      0.9906     0.9998
12304.000      0.9923     0.9998
12304.100      0.9941     0.9998
12304.200      0.9957     0.9998
12304.300      0.9972     0.9997
12304.400      0.9978     0.9997
12304.500      0.9984     0.9997
12304.600      0.9994     0.9997
12304.700      1.0006     0.9997
12304.800      1.0001     0.9997
12304.900      0.9990     0.9997
12305.000      0.9996     0.9997
12305.100      1.0016     0.9997
12305.200      1.0042     0.9997
12305.300      1.0069     0.9997
12305.400      1.0073     0.9997
12305.500      1.0056     0.9997
12305.600      1.0043     0.9997
12305.700      1.0033     0.9997
12305.800      1.0024     0.9997
12305.900      1.0015     0.9997
12306.000      1.0007     0.9997
12306.100      1.0009     0.9998
12306.200      1.0022     0.9998
12306.300      1.0051     0.9998
12306.400      1.0079     0.9998
12306.500      1.0093     0.9998
12306.600      1.0098     0.9997
12306.700      1.0090     0.9997
12306.800      1.0081     0.9997
12306.900      1.0072     0.9997
12307.000      1.0063     0.9997
12307.100      1.0051     0.9997
12307.200      1.0037     0.9997
12307.300      1.0021     0.9997
12307.400      1.0005     0.9997
12307.500      0.9991     0.9997
12307.600      0.9980     0.9997
12307.700      1.0007     0.9997
12307.800      1.0052     0.9997
12307.900      1.0074     0.9997
12308.000      1.0068     0.9997
12308.100      1.0043     0.9997
12308.200      1.0011     0.9997
12308.300      0.9992     0.9997
12308.400      0.9992     0.9997
12308.500      0.9997     0.9997
12308.600      1.0004     0.9997
12308.700      1.0006     0.9997
12308.800      0.9989     0.9997
12308.900      0.9963     0.9997
12309.000      0.9931     0.9997
12309.100      0.9902     0.9997
12309.200      0.9904     0.9997
12309.300      0.9924     0.9997
12309.400      0.9965     0.9997
12309.500      1.0007     0.9997
12309.600      0.9986     0.9997
12309.700      0.9962     0.9997
12309.800      0.9952     0.9997
12309.900      0.9959     0.9997
12310.000      1.0005     0.9997
12310.100      1.0059     0.9997
12310.200      1.0050     0.9997
12310.300      1.0017     0.9997
12310.400      0.9989     0.9997
12310.500      0.9973     0.9997
12310.600      0.9980     0.9997
12310.700      0.9999     0.9997
12310.800      1.0011     0.9997
12310.900      1.0014     0.9996
12311.000      1.0015     0.9996
12311.100      1.0016     0.9995
12311.200      1.0019     0.9994
12311.300      1.0027     0.9992
12311.400      1.0031     0.9990
12311.500      1.0021     0.9990
12311.600      1.0008     0.9991
12311.700      0.9995     0.9993
12311.800      0.9984     0.9994
12311.900      0.9996     0.9995
12312.000      1.0006     0.9996
12312.100      0.9947     0.9996
12312.200      0.9886     0.9996
12312.300      0.9824     0.9996
12312.400      0.9761     0.9995
12312.500      0.9766     0.9995
12312.600      0.9803     0.9995
12312.700      0.9864     0.9995
12312.800      0.9927     0.9994
12312.900      0.9977     0.9993
12313.000      1.0006     0.9992
12313.100      1.0002     0.9991
12313.200      0.9986     0.9989
12313.300      0.9991     0.9984
12313.400      1.0014     0.9972
12313.500      1.0034     0.9941
12313.600      1.0048     0.9871
12313.700      1.0038     0.9734
12313.800      1.0003     0.9523
12313.900      0.9983     0.9274
12314.000      0.9997     0.9073
12314.100      1.0011     0.9011
12314.200      1.0023     0.9119
12314.300      1.0028     0.9343
12314.400      0.9997     0.9588
12314.500      0.9970     0.9780
12314.600      0.9979     0.9896
12314.700      0.9993     0.9953
12314.800      1.0009     0.9977
12314.900      1.0026     0.9986
12315.000      1.0024     0.9990
12315.100      1.0016     0.9992
12315.200      1.0001     0.9993
12315.300      0.9987     0.9994
12315.400      0.9992     0.9994
12315.500      1.0002     0.9995
12315.600      1.0011     0.9995
12315.700      1.0017     0.9995
12315.800      1.0019     0.9995
12315.900      1.0018     0.9995
12316.000      1.0014     0.9995
12316.100      1.0007     0.9996
12316.200      0.9985     0.9996
12316.300      0.9952     0.9996
12316.400      0.9923     0.9997
12316.500      0.9909     0.9997
12316.600      0.9920     0.9997
12316.700      0.9956     0.9997
12316.800      0.9988     0.9997
12316.900      0.9994     0.9997
12317.000      0.9984     0.9997
12317.100      0.9956     0.9997
12317.200      0.9928     0.9997
12317.300      0.9901     0.9997
12317.400      0.9874     0.9997
12317.500      0.9858     0.9997
12317.600      0.9842     0.9997
12317.700      0.9805     0.9997
12317.800      0.9760     0.9997
12317.900      0.9709     0.9997
12318.000      0.9659     0.9997
12318.100      0.9619     0.9997
12318.200      0.9601     0.9997
12318.300      0.9642     0.9997
12318.400      0.9715     0.9997
12318.500      0.9798     0.9997
12318.600      0.9883     0.9997
12318.700      0.9919     0.9997
12318.800      0.9911     0.9997
12318.900      0.9904     0.9997
12319.000      0.9897     0.9997
12319.100      0.9908     0.9997
12319.200      0.9950     0.9997
12319.300      0.9984     0.9997
12319.400      0.9999     0.9997
12319.500      1.0022     0.9996
12319.600      1.0071     0.9994
12319.700      1.0111     0.9991
12319.800      1.0087     0.9988
12319.900      1.0050     0.9984
12320.000      1.0003     0.9983
12320.100      0.9957     0.9984
12320.200      0.9984     0.9987
12320.300      1.0013     0.9991
12320.400      1.0001     0.9994
12320.500      0.9986     0.9995
12320.600      0.9971     0.9996
12320.700      0.9958     0.9997
12320.800      0.9961     0.9997
12320.900      0.9974     0.9997
12321.000      0.9994     0.9997
12321.100      1.0015     0.9997
12321.200      1.0021     0.9997
12321.300      1.0016     0.9997
12321.400      1.0012     0.9997
12321.500      1.0009     0.9997
12321.600      1.0009     0.9997
12321.700      1.0014     0.9997
12321.800      1.0002     0.9997
12321.900      0.9964     0.9997
12322.000      0.9949     0.9997
12322.100      0.9993     0.9997
12322.200      1.0027     0.9997
12322.300      1.0027     0.9997
12322.400      1.0024     0.9997
12322.500      1.0019     0.9997
12322.600      1.0016     0.9997
12322.700      1.0036     0.9997
12322.800      1.0056     0.9997
12322.900      1.0049     0.9997
12323.000      1.0037     0.9997
12323.100      1.0020     0.9997
12323.200      1.0004     0.9997
12323.300      0.9991     0.9997
12323.400      0.9983     0.9997
12323.500      0.9994     0.9997
12323.600      1.0010     0.9996
12323.700      0.9998     0.9996
12323.800      0.9972     0.9995
12323.900      0.9947     0.9995
12324.000      0.9926     0.9996
12324.100      0.9935     0.9996
12324.200      0.9971     0.9997
12324.300      0.9989     0.9997
12324.400      0.9983     0.9997
12324.500      0.9982     0.9997
12324.600      0.9988     0.9997
12324.700      0.9992     0.9997
12324.800      0.9990     0.9997
12324.900      0.9987     0.9997
12325.000      0.9983     0.9997
12325.100      0.9976     0.9997
12325.200      0.9949     0.9997
12325.300      0.9924     0.9997
12325.400      0.9942     0.9997
12325.500      0.9960     0.9997
12325.600      0.9969     0.9997
12325.700      0.9977     0.9997
12325.800      0.9992     0.9997
12325.900      1.0008     0.9997
12326.000      0.9989     0.9997
12326.100      0.9938     0.9997
12326.200      0.9852     0.9997
12326.300      0.9760     0.9997
12326.400      0.9703     0.9997
12326.500      0.9699     0.9997
12326.600      0.9754     0.9997
12326.700      0.9831     0.9996
12326.800      0.9898     0.9996
12326.900      0.9940     0.9995
12327.000      0.9960     0.9994
12327.100      0.9966     0.9994
12327.200      0.9984     0.9994
12327.300      1.0022     0.9995
12327.400      1.0050     0.9995
12327.500      1.0042     0.9996
12327.600      1.0026     0.9996
12327.700      1.0006     0.9996
12327.800      0.9975     0.9996
12327.900      0.9922     0.9996
12328.000      0.9849     0.9995
12328.100      0.9752     0.9993
12328.200      0.9654     0.9987
12328.300      0.9633     0.9970
12328.400      0.9664     0.9935
12328.500      0.9764     0.9878
12328.600      0.9869     0.9809
12328.700      0.9950     0.9755
12328.800      1.0003     0.9745
12328.900      1.0019     0.9783
12329.000      1.0018     0.9849
12329.100      1.0012     0.9913
12329.200      1.0002     0.9958
12329.300      0.9989     0.9982
12329.400      0.9974     0.9992
12329.500      0.9963     0.9995
12329.600      0.9958     0.9996
12329.700      0.9961     0.9996
12329.800      0.9970     0.9996
12329.900      0.9978     0.9996
12330.000      0.9982     0.9996
12330.100      0.9982     0.9996
12330.200      0.9974     0.9996
12330.300      0.9950     0.9996
12330.400      0.9889     0.9995
12330.500      0.9821     0.9995
12330.600      0.9750     0.9995
12330.700      0.9679     0.9995
12330.800      0.9679     0.9995
12330.900      0.9716     0.9995
12331.000      0.9795     0.9994
12331.100      0.9876     0.9993
12331.200      0.9923     0.9988
12331.300      0.9957     0.9977
12331.400      0.9988     0.9949
12331.500      1.0012     0.9896
12331.600      1.0026     0.9815
12331.700      1.0026     0.9726
12331.800      1.0001     0.9662
12331.900      0.9966     0.9657
12332.000      0.9937     0.9713
12332.100      0.9916     0.9801
12332.200      0.9904     0.9884
12332.300      0.9901     0.9942
12332.400      0.9902     0.9973
12332.500      0.9907     0.9987
12332.600      0.9913     0.9992
12332.700      0.9918     0.9994
12332.800      0.9922     0.9995
12332.900      0.9920     0.9995
12333.000      0.9915     0.9995
12333.100      0.9909     0.9995
12333.200      0.9905     0.9995
12333.300      0.9913     0.9995
12333.400      0.9921     0.9994
12333.500      0.9865     0.9994
12333.600      0.9765     0.9994
12333.700      0.9591     0.9994
12333.800      0.9413     0.9994
12333.900      0.9261     0.9995
12334.000      0.9154     0.9995
12334.100      0.9212     0.9995
12334.200      0.9356     0.9995
12334.300      0.9549     0.9995
12334.400      0.9749     0.9995
12334.500      0.9890     0.9994
12334.600      0.9955     0.9994
12334.700      0.9957     0.9993
12334.800      0.9939     0.9991
12334.900      0.9923     0.9987
12335.000      0.9914     0.9976
12335.100      0.9926     0.9949
12335.200      0.9962     0.9891
12335.300      0.9994     0.9785
12335.400      1.0011     0.9635
12335.500      1.0021     0.9475
12335.600      1.0028     0.9366
12335.700      1.0035     0.9360
12335.800      1.0043     0.9460
12335.900      1.0048     0.9619
12336.000      1.0015     0.9774
12336.100      0.9981     0.9885
12336.200      0.9993     0.9947
12336.300      1.0008     0.9976
12336.400      1.0025     0.9987
12336.500      1.0043     0.9991
12336.600      1.0051     0.9993
12336.700      1.0057     0.9994
12336.800      1.0065     0.9994
12336.900      1.0074     0.9995
12337.000      1.0072     0.9995
12337.100      1.0056     0.9995
12337.200      1.0028     0.9996
12337.300      0.9996     0.9996
12337.400      0.9974     0.9996
12337.500      0.9970     0.9996
12337.600      0.9984     0.9996
12337.700      1.0006     0.9996
12337.800      1.0023     0.9996
12337.900      1.0026     0.9996
12338.000      1.0026     0.9996
12338.100      1.0024     0.9997
12338.200      1.0025     0.9997
12338.300      1.0039     0.9997
12338.400      1.0049     0.9997
12338.500      1.0032     0.9997
12338.600      1.0017     0.9997
12338.700      1.0012     0.9997
12338.800      1.0008     0.9997
12338.900      1.0002     0.9997
12339.000      0.9995     0.9997
12339.100      0.9992     0.9997
12339.200      0.9994     0.9997
12339.300      1.0007     0.9997
12339.400      1.0022     0.9997
12339.500      1.0020     0.9997
12339.600      1.0013     0.9997
12339.700      1.0008     0.9997
12339.800      1.0003     0.9997
12339.900      0.9996     0.9997
12340.000      0.9988     0.9997
12340.100      0.9985     0.9997
12340.200      0.9989     0.9997
12340.300      0.9996     0.9997
12340.400      1.0003     0.9997
12340.500      1.0007     0.9997
12340.600      1.0003     0.9997
12340.700      0.9996     0.9997
12340.800      0.9988     0.9997
12340.900      0.9973     0.9997
12341.000      0.9937     0.9997
12341.100      0.9906     0.9997
12341.200      0.9915     0.9997
12341.300      0.9945     0.9997
12341.400      0.9999     0.9997
12341.500      1.0054     0.9997
12341.600      1.0006     0.9997
12341.700      0.9955     0.9997
12341.800      0.9944     0.9997
12341.900      0.9955     0.9997
12342.000      0.9986     0.9997
12342.100      1.0018     0.9997
12342.200      1.0047     0.9997
12342.300      1.0068     0.9997
12342.400      1.0064     0.9997
12342.500      1.0052     0.9996
12342.600      1.0050     0.9995
12342.700      1.0055     0.9993
12342.800      1.0058     0.9991
12342.900      1.0058     0.9990
12343.000      1.0053     0.9990
12343.100      1.0044     0.9992
12343.200      1.0030     0.9993
12343.300      1.0012     0.9994
12343.400      0.9996     0.9995
12343.500      0.9984     0.9995
12343.600      0.9982     0.9996
12343.700      0.9996     0.9996
12343.800      1.0007     0.9997
12343.900      0.9985     0.9997
12344.000      0.9964     0.9997
12344.100      0.9960     0.9997
12344.200      0.9969     0.9996
12344.300      0.9997     0.9996
12344.400      1.0024     0.9996
12344.500      0.9989     0.9996
12344.600      0.9945     0.9996
12344.700      0.9919     0.9996
12344.800      0.9908     0.9995
12344.900      0.9913     0.9994
12345.000      0.9922     0.9993
12345.100      0.9926     0.9993
12345.200      0.9928     0.9992
12345.300      0.9933     0.9992
12345.400      0.9944     0.9993
12345.500      0.9959     0.9994
12345.600      0.9976     0.9994
12345.700      0.9987     0.9995
12345.800      0.9990     0.9995
12345.900      0.9994     0.9995
12346.000      1.0000     0.9995
12346.100      1.0004     0.9995
12346.200      0.9997     0.9995
12346.300      0.9981     0.9994
12346.400      0.9953     0.9994
12346.500      0.9929     0.9993
12346.600      0.9934     0.9993
12346.700      0.9953     0.9992
12346.800      0.9986     0.9990
12346.900      1.0019     0.9987
12347.000      1.0034     0.9979
12347.100      1.0041     0.9960
12347.200      1.0040     0.9912
12347.300      1.0036     0.9812
12347.400      1.0029     0.9639
12347.500      1.0021     0.9408
12347.600      1.0023     0.9181
12347.700      1.0029     0.9048
12347.800      1.0012     0.9071
12347.900      0.9983     0.9232
12348.000      0.9954     0.9458
12348.100      0.9925     0.9668
12348.200      0.9905     0.9818
12348.300      0.9902     0.9908
12348.400      0.9913     0.9954
12348.500      0.9933     0.9976
12348.600      0.9958     0.9985
12348.700      0.9986     0.9989
12348.800      1.0007     0.9992
12348.900      1.0004     0.9993
12349.000      1.0002     0.9994
12349.100      0.9999     0.9994
12349.200      0.9997     0.9995
12349.300      1.0004     0.9995
12349.400      1.0011     0.9995
12349.500      1.0001     0.9995
12349.600      0.9990     0.9996
12349.700      0.9999     0.9996
12349.800      1.0012     0.9996
12349.900      1.0028     0.9996
12350.000      1.0044     0.9996
12350.100      1.0028     0.9996
12350.200      1.0004     0.9996
12350.300      1.0006     0.9996
12350.400      1.0019     0.9996
12350.500      1.0026     0.9996
12350.600      1.0024     0.9996
12350.700      1.0001     0.9996
12350.800      0.9967     0.9996
12350.900      0.9952     0.9996
12351.000      0.9957     0.9996
12351.100      0.9953     0.9995
12351.200      0.9936     0.9994
12351.300      0.9922     0.9990
12351.400      0.9922     0.9982
12351.500      0.9935     0.9964
12351.600      0.9961     0.9938
12351.700      0.9987     0.9908
12351.800      1.0006     0.9886
12351.900      1.0019     0.9884
12352.000      1.0022     0.9902
12352.100      1.0018     0.9931
12352.200      1.0006     0.9959
12352.300      0.9994     0.9979
12352.400      0.9993     0.9989
12352.500      0.9996     0.9994
12352.600      1.0002     0.9995
12352.700      1.0008     0.9996
12352.800      0.9996     0.9996
12352.900      0.9977     0.9996
12353.000      0.9958     0.9996
12353.100      0.9939     0.9996
12353.200      0.9921     0.9996
12353.300      0.9905     0.9996
12353.400      0.9900     0.9997
12353.500      0.9915     0.9997
12353.600      0.9947     0.9997
12353.700      0.9987     0.9997
12353.800      1.0023     0.9997
12353.900      1.0040     0.9997
12354.000      1.0031     0.9997
12354.100      0.9992     0.9997
12354.200      0.9959     0.9997
12354.300      0.9956     0.9997
12354.400      0.9969     0.9997
12354.500      0.9997     0.9997
12354.600      1.0021     0.9997
12354.700      1.0004     0.9997
12354.800      0.9987     0.9997
12354.900      0.9982     0.9996
12355.000      0.9977     0.9996
12355.100      0.9968     0.9996
12355.200      0.9959     0.9997
12355.300      0.9951     0.9997
12355.400      0.9943     0.9997
12355.500      0.9956     0.9997
12355.600      0.9975     0.9997
12355.700      0.9986     0.9996
12355.800      0.9991     0.9996
12355.900      0.9990     0.9995
12356.000      0.9987     0.9994
12356.100      0.9993     0.9992
12356.200      1.0006     0.9991
12356.300      1.0017     0.9990
12356.400      1.0023     0.9991
12356.500      1.0022     0.9993
12356.600      1.0014     0.9995
12356.700      1.0008     0.9996
12356.800      1.0003     0.9997
12356.900      0.9999     0.9997
12357.000      0.9994     0.9997
12357.100      0.9995     0.9997
12357.200      1.0038     0.9997
12357.300      1.0080     0.9997
12357.400      1.0092     0.9996
12357.500      1.0076     0.9996
12357.600      0.9984     0.9996
12357.700      0.9891     0.9996
12357.800      0.9861     0.9996
12357.900      0.9858     0.9996
12358.000      0.9875     0.9997
12358.100      0.9894     0.9997
12358.200      0.9891     0.9997
12358.300      0.9879     0.9997
12358.400      0.9884     0.9997
12358.500      0.9904     0.9997
12358.600      0.9931     0.9997
12358.700      0.9960     0.9997
12358.800      0.9969     0.9997
12358.900      0.9959     0.9997
12359.000      0.9954     0.9997
12359.100      0.9963     0.9997
12359.200      0.9987     0.9997
12359.300      1.0022     0.9997
12359.400      1.0045     0.9997
12359.500      1.0036     0.9997
12359.600      1.0029     0.9997
12359.700      1.0025     0.9997
12359.800      1.0019     0.9997
12359.900      0.9995     0.9997
12360.000      0.9974     0.9997
12360.100      0.9993     0.9997
12360.200      1.0013     0.9997
12360.300      1.0001     0.9997
12360.400      0.9983     0.9997
12360.500      0.9961     0.9997
12360.600      0.9940     0.9997
12360.700      0.9957     0.9997
12360.800      0.9984     0.9996
12360.900      0.9978     0.9996
12361.000      0.9961     0.9996
12361.100      0.9952     0.9996
12361.200      0.9956     0.9995
12361.300      0.9980     0.9995
12361.400      1.0012     0.9995
12361.500      1.0037     0.9995
12361.600      1.0046     0.9995
12361.700      1.0046     0.9995
12361.800      1.0036     0.9996
12361.900      1.0016     0.9996
12362.000      0.9989     0.9996
12362.100      0.9964     0.9996
12362.200      0.9953     0.9996
12362.300      0.9958     0.9996
12362.400      0.9985     0.9996
12362.500      1.0008     0.9996
12362.600      1.0004     0.9996
12362.700      0.9989     0.9996
12362.800      0.9966     0.9996
12362.900      0.9942     0.9996
12363.000      0.9955     0.9996
12363.100      0.9969     0.9996
12363.200      0.9977     0.9996
12363.300      0.9984     0.9996
12363.400      0.9992     0.9996
12363.500      0.9998     0.9994
12363.600      0.9996     0.9991
12363.700      0.9988     0.9986
12363.800      0.9975     0.9978
12363.900      0.9962     0.9969
12364.000      0.9953     0.9962
12364.100      0.9956     0.9962
12364.200      0.9976     0.9967
12364.300      1.0005     0.9976
12364.400      1.0025     0.9985
12364.500      1.0020     0.9991
12364.600      0.9997     0.9994
12364.700      0.9963     0.9996
12364.800      0.9938     0.9996
12364.900      0.9947     0.9996
12365.000      0.9968     0.9996
12365.100      0.9994     0.9997
12365.200      1.0020     0.9997
12365.300      1.0029     0.9996
12365.400      1.0030     0.9996
12365.500      1.0021     0.9996
12365.600      1.0013     0.9996
12365.700      1.0005     0.9996
12365.800      0.9998     0.9996
12365.900      1.0006     0.9996
12366.000      1.0017     0.9996
12366.100      1.0028     0.9996
12366.200      1.0038     0.9996
12366.300      1.0035     0.9996
12366.400      1.0017     0.9996
12366.500      0.9984     0.9996
12366.600      0.9948     0.9995
12366.700      0.9930     0.9994
12366.800      0.9926     0.9992
12366.900      0.9900     0.9990
12367.000      0.9834     0.9988
12367.100      0.9744     0.9987
12367.200      0.9642     0.9988
12367.300      0.9578     0.9989
12367.400      0.9619     0.9991
12367.500      0.9707     0.9993
12367.600      0.9823     0.9995
12367.700      0.9920     0.9996
12367.800      0.9926     0.9996
12367.900      0.9922     0.9996
12368.000      0.9914     0.9996
12368.100      0.9907     0.9996
12368.200      0.9926     0.9996
12368.300      0.9945     0.9996
12368.400      0.9950     0.9996
12368.500      0.9955     0.9996
12368.600      0.9970     0.9996
12368.700      0.9986     0.9997
12368.800      1.0000     0.9997
12368.900      1.0010     0.9997
12369.000      1.0006     0.9997
12369.100      0.9990     0.9997
12369.200      0.9959     0.9997
12369.300      0.9925     0.9997
12369.400      0.9903     0.9997
12369.500      0.9906     0.9997
12369.600      0.9941     0.9997
12369.700      0.9995     0.9997
12369.800      1.0020     0.9997
12369.900      1.0003     0.9997
12370.000      0.9993     0.9997
12370.100      0.9999     0.9997
12370.200      1.0005     0.9997
12370.300      1.0012     0.9997
12370.400      1.0011     0.9997
12370.500      0.9974     0.9997
12370.600      0.9942     0.9997
12370.700      0.9956     0.9997
12370.800      0.9970     0.9997
12370.900      0.9967     0.9997
12371.000      0.9965     0.9997
12371.100      0.9982     0.9997
12371.200      1.0000     0.9997
12371.300      1.0011     0.9997
12371.400      1.0010     0.9997
12371.500      0.9981     0.9997
12371.600      0.9946     0.9997
12371.700      0.9916     0.9997
12371.800      0.9900     0.9997
12371.900      0.9913     0.9997
12372.000      0.9940     0.9997
12372.100      0.9961     0.9997
12372.200      0.9974     0.9997
12372.300      0.9985     0.9997
12372.400      0.9993     0.9997
12372.500      0.9994     0.9997
12372.600      0.9988     0.9997
12372.700      0.9982     0.9997
12372.800      0.9979     0.9997
12372.900      0.9984     0.9997
12373.000      1.0001     0.9997
12373.100      1.0012     0.9997
12373.200      0.9990     0.9997
12373.300      0.9968     0.9997
12373.400      0.9959     0.9997
12373.500      0.9961     0.9997
12373.600      0.9983     0.9997
12373.700      1.0005     0.9997
12373.800      1.0020     0.9997
12373.900      1.0029     0.9997
12374.000      1.0020     0.9997
12374.100      1.0010     0.9997
12374.200      1.0019     0.9997
12374.300      1.0034     0.9997
12374.400      1.0029     0.9997
12374.500      1.0014     0.9997
12374.600      1.0003     0.9997
12374.700      0.9998     0.9997
12374.800      1.0011     0.9997
12374.900      1.0036     0.9997
12375.000      1.0056     0.9997
12375.100      1.0064     0.9997
12375.200      1.0046     0.9997
12375.300      1.0004     0.9997
12375.400      0.9969     0.9997
12375.500      0.9960     0.9997
12375.600      0.9961     0.9997
12375.700      0.9968     0.9997
12375.800      0.9973     0.9997
12375.900      0.9964     0.9997
12376.000      0.9956     0.9997
12376.100      0.9963     0.9997
12376.200      0.9970     0.9997
12376.300      0.9972     0.9997
12376.400      0.9973     0.9997
12376.500      0.9975     0.9997
12376.600      0.9978     0.9997
12376.700      1.0007     0.9997
12376.800      1.0041     0.9997
12376.900      1.0046     0.9997
12377.000      1.0015     0.9997
12377.100      0.9941     0.9997
12377.200      0.9855     0.9997
12377.300      0.9810     0.9996
12377.400      0.9823     0.9996
12377.500      0.9883     0.9996
12377.600      0.9960     0.9996
12377.700      1.0018     0.9996
12377.800      1.0037     0.9996
12377.900      1.0024     0.9996
12378.000      0.9994     0.9996
12378.100      0.9977     0.9996
12378.200      0.9993     0.9996
12378.300      1.0009     0.9996
12378.400      1.0024     0.9995
12378.500      1.0032     0.9995
12378.600      1.0007     0.9994
12378.700      0.9985     0.9994
12378.800      1.0001     0.9994
12378.900      1.0017     0.9994
12379.000      1.0014     0.9995
12379.100      1.0010     0.9996
12379.200      1.0008     0.9996
12379.300      1.0007     0.9996
12379.400      1.0022     0.9996
12379.500      1.0041     0.9996
12379.600      1.0056     0.9996
12379.700      1.0065     0.9996
12379.800      1.0054     0.9996
12379.900      1.0037     0.9996
12380.000      1.0037     0.9996
12380.100      1.0050     0.9996
12380.200      1.0058     0.9996
12380.300      1.0052     0.9996
12380.400      1.0026     0.9996
12380.500      0.9986     0.9996
12380.600      0.9964     0.9996
12380.700      0.9977     0.9996
12380.800      0.9994     0.9995
12380.900      1.0012     0.9994
12381.000      1.0027     0.9989
12381.100      1.0031     0.9975
12381.200      1.0031     0.9942
12381.300      1.0029     0.9880
12381.400      1.0023     0.9790
12381.500      0.9991     0.9697
12381.600      0.9960     0.9643
12381.700      0.9936     0.9655
12381.800      0.9921     0.9727
12381.900      0.9923     0.9823
12382.000      0.9933     0.9905
12382.100      0.9949     0.9956
12382.200      0.9968     0.9981
12382.300      0.9987     0.9991
12382.400      1.0006     0.9994
12382.500      1.0026     0.9995
12382.600      1.0046     0.9996
12382.700      1.0038     0.9996
12382.800      1.0011     0.9996
12382.900      0.9995     0.9996
12383.000      0.9991     0.9996
12383.100      0.9989     0.9996
12383.200      0.9989     0.9996
12383.300      0.9988     0.9996
12383.400      0.9988     0.9996
12383.500      0.9986     0.9996
12383.600      0.9979     0.9996
12383.700      0.9972     0.9996
12383.800      0.9971     0.9996
12383.900      0.9978     0.9996
12384.000      1.0000     0.9996
12384.100      1.0022     0.9996
12384.200      1.0040     0.9996
12384.300      1.0053     0.9996
12384.400      1.0038     0.9995
12384.500      1.0020     0.9994
12384.600      0.9999     0.9993
12384.700      0.9978     0.9991
12384.800      0.9983     0.9990
12384.900      0.9994     0.9989
12385.000      1.0001     0.9990
12385.100      0.9999     0.9992
12385.200      0.9981     0.9993
12385.300      0.9956     0.9994
12385.400      0.9946     0.9993
12385.500      0.9946     0.9993
12385.600      0.9937     0.9992
12385.700      0.9918     0.9992
12385.800      0.9905     0.9993
12385.900      0.9901     0.9994
12386.000      0.9894     0.9995
12386.100      0.9880     0.9996
12386.200      0.9867     0.9996
12386.300      0.9861     0.9996
12386.400      0.9866     0.9996
12386.500      0.9898     0.9996
12386.600      0.9929     0.9996
12386.700      0.9938     0.9996
12386.800      0.9942     0.9996
12386.900      0.9943     0.9997
12387.000      0.9943     0.9996
12387.100      0.9943     0.9996
12387.200      0.9941     0.9996
12387.300      0.9917     0.9996
12387.400      0.9891     0.9996
12387.500      0.9891     0.9996
12387.600      0.9905     0.9996
12387.700      0.9928     0.9996
12387.800      0.9951     0.9996
12387.900      0.9952     0.9996
12388.000      0.9939     0.9996
12388.100      0.9930     0.9996
12388.200      0.9925     0.9996
12388.300      0.9919     0.9996
12388.400      0.9913     0.9996
12388.500      0.9902     0.9996
12388.600      0.9885     0.9996
12388.700      0.9886     0.9996
12388.800      0.9925     0.9996
12388.900      0.9963     0.9996
12389.000      0.9996     0.9996
12389.100      1.0017     0.9996
12389.200      1.0004     0.9996
12389.300      0.9993     0.9996
12389.400      1.0014     0.9996
12389.500      1.0035     0.9996
12389.600      1.0026     0.9996
12389.700      1.0018     0.9994
12389.800      1.0039     0.9990
12389.900      1.0063     0.9983
12390.000      1.0074     0.9974
12390.100      1.0077     0.9967
12390.200      1.0072     0.9967
12390.300      1.0061     0.9973
12390.400      1.0040     0.9982
12390.500      1.0015     0.9989
12390.600      1.0007     0.9993
12390.700      1.0009     0.9995
12390.800      1.0010     0.9995
12390.900      1.0009     0.9995
12391.000      1.0007     0.9994
12391.100      1.0003     0.9994
12391.200      1.0010     0.9994
12391.300      1.0033     0.9995
12391.400      1.0039     0.9995
12391.500      1.0005     0.9995
12391.600      0.9978     0.9994
12391.700      0.9976     0.9993
12391.800      0.9983     0.9992
12391.900      0.9994     0.9991
12392.000      1.0005     0.9992
12392.100      1.0005     0.9993
12392.200      1.0005     0.9994
12392.300      1.0004     0.9995
12392.400      1.0004     0.9996
12392.500      1.0007     0.9996
12392.600      1.0014     0.9996
12392.700      1.0022     0.9996
12392.800      1.0031     0.9996
12392.900      1.0030     0.9995
12393.000      1.0027     0.9995
12393.100      1.0035     0.9995
12393.200      1.0048     0.9995
12393.300      1.0059     0.9994
12393.400      1.0063     0.9994
12393.500      1.0053     0.9994
12393.600      1.0033     0.9994
12393.700      1.0024     0.9994
12393.800      1.0026     0.9995
12393.900      1.0020     0.9995
12394.000      1.0001     0.9995
12394.100      0.9985     0.9996
12394.200      0.9979     0.9996
12394.300      0.9975     0.9996
12394.400      0.9972     0.9996
12394.500      0.9971     0.9996
12394.600      0.9981     0.9996
12394.700      0.9993     0.9996
12394.800      1.0004     0.9996
12394.900      1.0016     0.9996
12395.000      1.0028     0.9996
12395.100      1.0040     0.9996
12395.200      1.0024     0.9995
12395.300      1.0005     0.9993
12395.400      0.9990     0.9989
12395.500      0.9983     0.9979
12395.600      0.9999     0.9963
12395.700      1.0022     0.9945
12395.800      1.0022     0.9934
12395.900      1.0011     0.9936
12396.000      1.0005     0.9950
12396.100      1.0002     0.9968
12396.200      0.9990     0.9982
12396.300      0.9969     0.9990
12396.400      0.9960     0.9994
12396.500      0.9966     0.9995
12396.600      0.9974     0.9996
12396.700      0.9982     0.9996
12396.800      0.9984     0.9996
12396.900      0.9970     0.9996
12397.000      0.9957     0.9996
12397.100      0.9951     0.9996
12397.200      0.9955     0.9996
12397.300      0.9988     0.9996
12397.400      1.0020     0.9996
12397.500      1.0016     0.9996
12397.600      0.9995     0.9996
12397.700      0.9951     0.9996
12397.800      0.9907     0.9996
12397.900      0.9902     0.9996
12398.000      0.9913     0.9996
12398.100      0.9936     0.9996
12398.200      0.9959     0.9996
12398.300      0.9979     0.9996
12398.400      0.9992     0.9996
12398.500      0.9991     0.9996
12398.600      0.9985     0.9996
12398.700      0.9982     0.9996
12398.800      0.9985     0.9996
12398.900      0.9999     0.9996
12399.000      1.0019     0.9996
12399.100      1.0021     0.9996
12399.200      1.0000     0.9996
12399.300      0.9983     0.9996
12399.400      0.9976     0.9996
12399.500      0.9978     0.9996
12399.600      0.9987     0.9996
12399.700      0.9994     0.9996
12399.800      0.9990     0.9996
12399.900      0.9988     0.9996
12400.000      0.9991     0.9996
12400.100      0.9995     0.9996
12400.200      1.0000     0.9996
12400.300      1.0005     0.9996
12400.400      0.9987     0.9996
12400.500      0.9968     0.9996
12400.600      0.9964     0.9996
12400.700      0.9972     0.9996
12400.800      0.9992     0.9996
12400.900      1.0015     0.9996
12401.000      1.0004     0.9996
12401.100      0.9982     0.9996
12401.200      0.9978     0.9996
12401.300      0.9984     0.9996
12401.400      0.9990     0.9996
12401.500      0.9991     0.9996
12401.600      0.9983     0.9996
12401.700      0.9968     0.9996
12401.800      0.9969     0.9996
12401.900      0.9992     0.9996
12402.000      1.0012     0.9996
12402.100      1.0022     0.9996
12402.200      1.0021     0.9996
12402.300      1.0009     0.9995
12402.400      1.0002     0.9994
12402.500      1.0010     0.9992
12402.600      1.0018     0.9990
12402.700      1.0011     0.9987
12402.800      1.0002     0.9987
12402.900      0.9992     0.9988
12403.000      0.9981     0.9990
12403.100      0.9993     0.9992
12403.200      1.0006     0.9994
12403.300      0.9984     0.9995
12403.400      0.9954     0.9995
12403.500      0.9920     0.9995
12403.600      0.9886     0.9995
12403.700      0.9903     0.9994
12403.800      0.9940     0.9993
12403.900      0.9973     0.9992
12404.000      0.9999     0.9992
12404.100      1.0006     0.9991
12404.200      0.9998     0.9991
12404.300      0.9986     0.9992
12404.400      0.9973     0.9993
12404.500      0.9965     0.9994
12404.600      0.9966     0.9995
12404.700      0.9953     0.9995
12404.800      0.9912     0.9996
12404.900      0.9879     0.9996
12405.000      0.9878     0.9996
12405.100      0.9883     0.9996
12405.200      0.9891     0.9996
12405.300      0.9905     0.9996
12405.400      0.9929     0.9996
12405.500      0.9963     0.9996
12405.600      1.0012     0.9996
12405.700      1.0062     0.9996
12405.800      1.0026     0.9996
12405.900      0.9985     0.9996
12406.000      0.9954     0.9995
12406.100      0.9934     0.9995
12406.200      0.9928     0.9996
12406.300      0.9925     0.9996
12406.400      0.9883     0.9996
12406.500      0.9826     0.9996
12406.600      0.9769     0.9996
12406.700      0.9717     0.9996
12406.800      0.9693     0.9996
12406.900      0.9713     0.9996
12407.000      0.9777     0.9996
12407.100      0.9860     0.9995
12407.200      0.9929     0.9995
12407.300      0.9959     0.9995
12407.400      0.9955     0.9994
12407.500      0.9926     0.9993
12407.600      0.9910     0.9992
12407.700      0.9937     0.9991
12407.800      0.9963     0.9989
12407.900      0.9982     0.9989
12408.000      0.9991     0.9989
12408.100      0.9973     0.9990
12408.200      0.9956     0.9992
12408.300      0.9965     0.9993
12408.400      0.9973     0.9994
12408.500      0.9976     0.9995
12408.600      0.9973     0.9995
12408.700      0.9964     0.9995
12408.800      0.9954     0.9996
12408.900      0.9951     0.9996
12409.000      0.9955     0.9996
12409.100      0.9964     0.9996
12409.200      0.9975     0.9996
12409.300      0.9985     0.9996
12409.400      0.9993     0.9996
12409.500      1.0000     0.9996
12409.600      1.0005     0.9996
12409.700      1.0001     0.9996
12409.800      0.9985     0.9996
12409.900      0.9967     0.9996
12410.000      0.9946     0.9996
12410.100      0.9919     0.9996
12410.200      0.9882     0.9996
12410.300      0.9866     0.9996
12410.400      0.9921     0.9996
12410.500      0.9971     0.9996
12410.600      0.9989     0.9996
12410.700      0.9989     0.9996
12410.800      0.9970     0.9996
12410.900      0.9951     0.9996
12411.000      0.9955     0.9996
12411.100      0.9960     0.9996
12411.200      0.9946     0.9996
12411.300      0.9930     0.9996
12411.400      0.9950     0.9996
12411.500      0.9977     0.9996
12411.600      0.9991     0.9996
12411.700      0.9996     0.9996
12411.800      0.9993     0.9996
12411.900      0.9989     0.9996
12412.000      0.9992     0.9996
12412.100      0.9999     0.9996
12412.200      0.9998     0.9996
12412.300      0.9990     0.9996
12412.400      0.9985     0.9996
12412.500      0.9983     0.9996
12412.600      0.9981     0.9996
12412.700      0.9976     0.9996
12412.800      0.9968     0.9996
12412.900      0.9956     0.9996
12413.000      0.9945     0.9996
12413.100      0.9944     0.9996
12413.200      0.9955     0.9996
12413.300      0.9983     0.9996
12413.400      1.0011     0.9996
12413.500      1.0023     0.9996
12413.600      1.0028     0.9996
12413.700      1.0025     0.9996
12413.800      1.0018     0.9996
12413.900      1.0007     0.9996
12414.000      0.9995     0.9996
12414.100      0.9984     0.9996
12414.200      0.9973     0.9996
12414.300      0.9972     0.9996
12414.400      0.9974     0.9996
12414.500      0.9975     0.9996
12414.600      0.9975     0.9996
12414.700      0.9980     0.9995
12414.800      0.9987     0.9995
12414.900      0.9986     0.9995
12415.000      0.9973     0.9995
12415.100      0.9952     0.9994
12415.200      0.9928     0.9993
12415.300      0.9907     0.9991
12415.400      0.9901     0.9988
12415.500      0.9915     0.9986
12415.600      0.9953     0.9984
12415.700      0.9985     0.9984
12415.800      0.9990     0.9986
12415.900      0.9980     0.9989
12416.000      0.9958     0.9991
12416.100      0.9937     0.9993
12416.200      0.9928     0.9994
12416.300      0.9927     0.9994
12416.400      0.9937     0.9994
12416.500      0.9948     0.9995
12416.600      0.9954     0.9995
12416.700      0.9956     0.9995
12416.800      0.9956     0.9995
12416.900      0.9952     0.9995
12417.000      0.9938     0.9996
12417.100      0.9922     0.9996
12417.200      0.9928     0.9996
12417.300      0.9945     0.9995
12417.400      0.9961     0.9995
12417.500      0.9976     0.9993
12417.600      0.9981     0.9989
12417.700      0.9978     0.9983
12417.800      0.9981     0.9977
12417.900      0.9993     0.9974
12418.000      1.0003     0.9976
12418.100      1.0004     0.9981
12418.200      1.0001     0.9987
12418.300      0.9992     0.9992
12418.400      0.9970     0.9994
12418.500      0.9930     0.9995
12418.600      0.9890     0.9995
12418.700      0.9864     0.9996
12418.800      0.9851     0.9995
12418.900      0.9872     0.9995
12419.000      0.9894     0.9995
12419.100      0.9893     0.9995
12419.200      0.9890     0.9994
12419.300      0.9888     0.9994
12419.400      0.9886     0.9994
12419.500      0.9886     0.9994
12419.600      0.9887     0.9994
12419.700      0.9888     0.9995
12419.800      0.9889     0.9995
12419.900      0.9897     0.9995
12420.000      0.9909     0.9995
12420.100      0.9915     0.9995
12420.200      0.9917     0.9995
12420.300      0.9925     0.9995
12420.400      0.9943     0.9995
12420.500      0.9965     0.9995
12420.600      0.9989     0.9994
12420.700      1.0008     0.9993
12420.800      1.0021     0.9992
12420.900      1.0035     0.9992
12421.000      1.0051     0.9993
12421.100      1.0060     0.9994
12421.200      1.0037     0.9995
12421.300      1.0004     0.9995
12421.400      0.9964     0.9995
12421.500      0.9926     0.9995
12421.600      0.9933     0.9995
12421.700      0.9940     0.9995
12421.800      0.9942     0.9995
12421.900      0.9937     0.9995
12422.000      0.9901     0.9995
12422.100      0.9861     0.9995
12422.200      0.9871     0.9995
12422.300      0.9893     0.9995
12422.400      0.9912     0.9994
12422.500      0.9926     0.9991
12422.600      0.9914     0.9984
12422.700      0.9891     0.9972
12422.800      0.9877     0.9954
12422.900      0.9880     0.9937
12423.000      0.9896     0.9930
12423.100      0.9923     0.9937
12423.200      0.9957     0.9954
12423.300      0.9993     0.9971
12423.400      1.0011     0.9983
12423.500      0.9988     0.9988
12423.600      0.9964     0.9989
12423.700      0.9940     0.9987
12423.800      0.9928     0.9985
12423.900      0.9976     0.9984
12424.000      1.0022     0.9985
12424.100      1.0026     0.9988
12424.200      1.0012     0.9991
12424.300      0.9976     0.9993
12424.400      0.9941     0.9994
12424.500      0.9915     0.9995
12424.600      0.9899     0.9995
12424.700      0.9917     0.9995
12424.800      0.9939     0.9995
12424.900      0.9950     0.9995
12425.000      0.9942     0.9995
12425.100      0.9893     0.9995
12425.200      0.9832     0.9995
12425.300      0.9825     0.9995
12425.400      0.9861     0.9995
12425.500      0.9908     0.9995
12425.600      0.9958     0.9994
12425.700      0.9982     0.9994
12425.800      0.9974     0.9994
12425.900      0.9964     0.9994
12426.000      0.9953     0.9994
12426.100      0.9946     0.9994
12426.200      0.9953     0.9994
12426.300      0.9965     0.9994
12426.400      0.9980     0.9994
12426.500      0.9992     0.9994
12426.600      0.9993     0.9994
12426.700      0.9994     0.9994
12426.800      1.0011     0.9994
12426.900      1.0030     0.9994
12427.000      1.0052     0.9994
12427.100      1.0074     0.9994
12427.200      1.0054     0.9994
12427.300      1.0030     0.9994
12427.400      1.0011     0.9994
12427.500      0.9999     0.9994
12427.600      1.0023     0.9994
12427.700      1.0056     0.9994
12427.800      1.0068     0.9994
12427.900      1.0059     0.9994
12428.000      1.0033     0.9994
12428.100      1.0004     0.9995
12428.200      1.0003     0.9995
12428.300      1.0026     0.9995
12428.400      1.0047     0.9995
12428.500      1.0059     0.9995
12428.600      1.0064     0.9995
12428.700      1.0062     0.9995
12428.800      1.0061     0.9995
12428.900      1.0060     0.9995
12429.000      1.0049     0.9995
12429.100      1.0005     0.9995
12429.200      0.9965     0.9995
12429.300      0.9956     0.9995
12429.400      0.9970     0.9995
12429.500      1.0014     0.9995
12429.600      1.0058     0.9995
12429.700      1.0053     0.9995
12429.800      1.0047     0.9995
12429.900      1.0043     0.9995
12430.000      1.0040     0.9995
12430.100      1.0053     0.9995
12430.200      1.0068     0.9995
12430.300      1.0035     0.9995
12430.400      0.9988     0.9995
12430.500      0.9954     0.9995
12430.600      0.9943     0.9995
12430.700      0.9965     0.9995
12430.800      1.0000     0.9995
12430.900      1.0032     0.9995
12431.000      1.0052     0.9995
12431.100      1.0045     0.9994
12431.200      1.0017     0.9994
12431.300      0.9994     0.9993
12431.400      0.9982     0.9993
12431.500      0.9979     0.9993
12431.600      0.9984     0.9993
12431.700      0.9988     0.9994
12431.800      0.9993     0.9993
12431.900      1.0001     0.9992
12432.000      1.0021     0.9990
12432.100      1.0040     0.9987
12432.200      1.0018     0.9985
12432.300      0.9997     0.9984
12432.400      0.9977     0.9986
12432.500      0.9961     0.9988
12432.600      0.9962     0.9990
12432.700      0.9965     0.9991
12432.800      0.9965     0.9991
12432.900      0.9964     0.9987
12433.000      0.9971     0.9978
12433.100      0.9986     0.9960
12433.200      1.0009     0.9933
12433.300      1.0033     0.9906
12433.400      1.0036     0.9891
12433.500      1.0025     0.9898
12433.600      1.0014     0.9923
12433.700      1.0007     0.9952
12433.800      1.0011     0.9974
12433.900      1.0024     0.9987
12434.000      1.0025     0.9992
12434.100      1.0004     0.9994
12434.200      0.9983     0.9994
12434.300      0.9964     0.9995
12434.400      0.9948     0.9995
12434.500      0.9951     0.9995
12434.600      0.9964     0.9995
12434.700      0.9990     0.9995
12434.800      1.0009     0.9995
12434.900      0.9922     0.9995
12435.000      0.9835     0.9995
12435.100      0.9796     0.9995
12435.200      0.9799     0.9995
12435.300      0.9887     0.9994
12435.400      0.9982     0.9993
12435.500      1.0026     0.9992
12435.600      1.0046     0.9992
12435.700      1.0052     0.9992
12435.800      1.0056     0.9993
12435.900      1.0062     0.9994
12436.000      1.0068     0.9994
12436.100      1.0032     0.9995
12436.200      0.9965     0.9995
12436.300      0.9927     0.9995
12436.400      0.9934     0.9995
12436.500      0.9969     0.9995
12436.600      1.0014     0.9995
12436.700      1.0040     0.9995
12436.800      1.0028     0.9995
12436.900      1.0018     0.9995
12437.000      1.0013     0.9995
12437.100      1.0007     0.9995
12437.200      0.9995     0.9995
12437.300      0.9985     0.9995
12437.400      0.9992     0.9995
12437.500      1.0001     0.9995
12437.600      1.0009     0.9995
12437.700      1.0017     0.9995
12437.800      1.0022     0.9994
12437.900      1.0023     0.9994
12438.000      1.0017     0.9993
12438.100      1.0006     0.9993
12438.200      0.9989     0.9993
12438.300      0.9971     0.9993
12438.400      0.9978     0.9993
12438.500      0.9993     0.9993
12438.600      1.0004     0.9994
12438.700      1.0005     0.9994
12438.800      0.9992     0.9994
12438.900      0.9972     0.9993
12439.000      0.9960     0.9991
12439.100      0.9957     0.9987
12439.200      0.9957     0.9983
12439.300      0.9958     0.9981
12439.400      0.9961     0.9982
12439.500      0.9966     0.9985
12439.600      0.9971     0.9989
12439.700      0.9974     0.9992
12439.800      0.9975     0.9993
12439.900      0.9972     0.9993
12440.000      0.9971     0.9993
12440.100      0.9992     0.9993
12440.200      1.0012     0.9994
12440.300      1.0002     0.9995
12440.400      0.9984     0.9995
12440.500      0.9959     0.9995
12440.600      0.9934     0.9995
12440.700      0.9953     0.9995
12440.800      0.9979     0.9995
12440.900      0.9980     0.9995
12441.000      0.9974     0.9995
12441.100      0.9966     0.9995
12441.200      0.9957     0.9995
12441.300      0.9935     0.9995
12441.400      0.9908     0.9995
12441.500      0.9913     0.9995
12441.600      0.9944     0.9995
12441.700      0.9972     0.9995
12441.800      0.9988     0.9995
12441.900      0.9983     0.9995
12442.000      0.9955     0.9995
12442.100      0.9918     0.9995
12442.200      0.9878     0.9995
12442.300      0.9857     0.9995
12442.400      0.9889     0.9995
12442.500      0.9921     0.9995
12442.600      0.9951     0.9995
12442.700      0.9977     0.9995
12442.800      0.9977     0.9995
12442.900      0.9955     0.9995
12443.000      0.9895     0.9995
12443.100      0.9835     0.9995
12443.200      0.9795     0.9995
12443.300      0.9779     0.9995
12443.400      0.9821     0.9995
12443.500      0.9871     0.9995
12443.600      0.9900     0.9995
12443.700      0.9922     0.9995
12443.800      0.9943     0.9995
12443.900      0.9961     0.9995
12444.000      0.9951     0.9995
12444.100      0.9925     0.9995
12444.200      0.9917     0.9995
12444.300      0.9922     0.9994
12444.400      0.9925     0.9994
12444.500      0.9923     0.9994
12444.600      0.9913     0.9994
12444.700      0.9898     0.9993
12444.800      0.9886     0.9992
12444.900      0.9884     0.9991
12445.000      0.9889     0.9991
12445.100      0.9902     0.9992
12445.200      0.9913     0.9993
12445.300      0.9923     0.9994
12445.400      0.9928     0.9995
12445.500      0.9921     0.9995
12445.600      0.9902     0.9995
12445.700      0.9863     0.9995
12445.800      0.9823     0.9995
12445.900      0.9824     0.9995
12446.000      0.9836     0.9995
12446.100      0.9856     0.9995
12446.200      0.9876     0.9995
12446.300      0.9885     0.9995
12446.400      0.9890     0.9995
12446.500      0.9895     0.9995
12446.600      0.9901     0.9995
12446.700      0.9921     0.9995
12446.800      0.9948     0.9995
12446.900      0.9975     0.9995
12447.000      1.0000     0.9995
12447.100      1.0009     0.9995
12447.200      0.9999     0.9995
12447.300      0.9993     0.9994
12447.400      0.9996     0.9994
12447.500      1.0002     0.9993
12447.600      1.0009     0.9992
12447.700      1.0011     0.9992
12447.800      0.9996     0.9993
12447.900      0.9982     0.9994
12448.000      0.9970     0.9994
12448.100      0.9965     0.9995
12448.200      0.9988     0.9995
12448.300      1.0012     0.9995
12448.400      1.0002     0.9995
12448.500      0.9990     0.9995
12448.600      0.9976     0.9995
12448.700      0.9962     0.9995
12448.800      0.9980     0.9994
12448.900      1.0005     0.9995
12449.000      1.0009     0.9995
12449.100      1.0006     0.9995
12449.200      1.0015     0.9995
12449.300      1.0028     0.9995
12449.400      1.0042     0.9995
12449.500      1.0054     0.9994
12449.600      1.0050     0.9994
12449.700      1.0031     0.9994
12449.800      1.0012     0.9994
12449.900      0.9992     0.9994
12450.000      0.9974     0.9994
12450.100      0.9964     0.9995
12450.200      0.9962     0.9994
12450.300      0.9969     0.9994
12450.400      0.9979     0.9994
12450.500      0.9992     0.9992
12450.600      1.0003     0.9988
12450.700      1.0004     0.9975
12450.800      0.9996     0.9951
12450.900      0.9975     0.9913
12451.000      0.9954     0.9875
12451.100      0.9961     0.9855
12451.200      0.9979     0.9866
12451.300      1.0007     0.9900
12451.400      1.0037     0.9940
12451.500      1.0045     0.9969
12451.600      1.0044     0.9985
12451.700      1.0041     0.9991
12451.800      1.0035     0.9993
12451.900      1.0020     0.9994
12452.000      0.9996     0.9994
12452.100      0.9963     0.9994
12452.200      0.9926     0.9994
12452.300      0.9913     0.9994
12452.400      0.9921     0.9994
12452.500      0.9925     0.9994
12452.600      0.9925     0.9994
12452.700      0.9925     0.9995
12452.800      0.9925     0.9995
12452.900      0.9934     0.9995
12453.000      0.9963     0.9995
12453.100      0.9992     0.9995
12453.200      1.0022     0.9995
12453.300      1.0042     0.9995
12453.400      0.9988     0.9995
12453.500      0.9939     0.9995
12453.600      0.9966     0.9995
12453.700      0.9993     0.9995
12453.800      1.0016     0.9995
12453.900      1.0032     0.9995
12454.000      0.9999     0.9995
12454.100      0.9961     0.9994
12454.200      0.9955     0.9994
12454.300      0.9956     0.9994
12454.400      0.9953     0.9994
12454.500      0.9946     0.9994
12454.600      0.9935     0.9994
12454.700      0.9924     0.9994
12454.800      0.9921     0.9994
12454.900      0.9924     0.9995
12455.000      0.9925     0.9995
12455.100      0.9919     0.9995
12455.200      0.9903     0.9994
12455.300      0.9880     0.9994
12455.400      0.9869     0.9994
12455.500      0.9878     0.9994
12455.600      0.9883     0.9994
12455.700      0.9876     0.9993
12455.800      0.9873     0.9992
12455.900      0.9885     0.9990
12456.000      0.9897     0.9988
12456.100      0.9904     0.9987
12456.200      0.9911     0.9988
12456.300      0.9936     0.9989
12456.400      0.9961     0.9991
12456.500      0.9974     0.9993
12456.600      0.9985     0.9993
12456.700      0.9996     0.9993
12456.800      1.0006     0.9993
12456.900      1.0010     0.9992
12457.000      1.0007     0.9991
12457.100      0.9993     0.9991
12457.200      0.9977     0.9991
12457.300      0.9965     0.9991
12457.400      0.9960     0.9992
12457.500      0.9956     0.9993
12457.600      0.9955     0.9993
12457.700      0.9962     0.9993
12457.800      0.9976     0.9993
12457.900      0.9985     0.9992
12458.000      0.9986     0.9991
12458.100      0.9991     0.9990
12458.200      1.0003     0.9989
12458.300      1.0015     0.9990
12458.400      1.0016     0.9991
12458.500      1.0006     0.9992
12458.600      0.9977     0.9993
12458.700      0.9949     0.9994
12458.800      0.9935     0.9994
12458.900      0.9930     0.9994
12459.000      0.9933     0.9994
12459.100      0.9942     0.9994
12459.200      0.9961     0.9993
12459.300      0.9980     0.9993
12459.400      0.9989     0.9992
12459.500      0.9983     0.9990
12459.600      0.9940     0.9988
12459.700      0.9889     0.9986
12459.800      0.9883     0.9986
12459.900      0.9898     0.9987
12460.000      0.9914     0.9989
12460.100      0.9931     0.9990
12460.200      0.9938     0.9991
12460.300      0.9936     0.9991
12460.400      0.9938     0.9991
12460.500      0.9945     0.9988
12460.600      0.9940     0.9982
12460.700      0.9919     0.9963
12460.800      0.9907     0.9920
12460.900      0.9914     0.9835
12461.000      0.9919     0.9707
12461.100      0.9919     0.9567
12461.200      0.9920     0.9472
12461.300      0.9926     0.9468
12461.400      0.9937     0.9559
12461.500      0.9955     0.9698
12461.600      0.9974     0.9827
12461.700      0.9993     0.9914
12461.800      1.0012     0.9960
12461.900      1.0020     0.9979
12462.000      1.0017     0.9985
12462.100      0.9991     0.9987
12462.200      0.9962     0.9987
12462.300      0.9971     0.9987
12462.400      0.9991     0.9986
12462.500      0.9997     0.9985
12462.600      0.9999     0.9984
12462.700      1.0001     0.9982
12462.800      1.0004     0.9980
12462.900      0.9991     0.9976
12463.000      0.9966     0.9971
12463.100      0.9940     0.9961
12463.200      0.9914     0.9941
12463.300      0.9902     0.9898
12463.400      0.9913     0.9810
12463.500      0.9925     0.9654
12463.600      0.9937     0.9426
12463.700      0.9951     0.9157
12463.800      0.9969     0.8915
12463.900      0.9986     0.8763
12464.000      1.0000     0.8725
12464.100      1.0009     0.8784
12464.200      1.0013     0.8909
12464.300      1.0007     0.9081
12464.400      0.9963     0.9283
12464.500      0.9920     0.9491
12464.600      0.9929     0.9675
12464.700      0.9942     0.9812
12464.800      0.9948     0.9897
12464.900      0.9944     0.9942
12465.000      0.9916     0.9963
12465.100      0.9883     0.9973
12465.200      0.9851     0.9978
12465.300      0.9820     0.9982
12465.400      0.9849     0.9984
12465.500      0.9915     0.9985
12465.600      0.9927     0.9987
12465.700      0.9888     0.9988
12465.800      0.9842     0.9988
12465.900      0.9794     0.9989
12466.000      0.9793     0.9990
12466.100      0.9864     0.9990
12466.200      0.9914     0.9990
12466.300      0.9909     0.9991
12466.400      0.9898     0.9991
12466.500      0.9884     0.9991
12466.600      0.9871     0.9991
12466.700      0.9864     0.9992
12466.800      0.9855     0.9992
12466.900      0.9821     0.9992
12467.000      0.9787     0.9992
12467.100      0.9798     0.9992
12467.200      0.9821     0.9992
12467.300      0.9854     0.9992
12467.400      0.9888     0.9992
12467.500      0.9881     0.9992
12467.600      0.9868     0.9992
12467.700      0.9864     0.9993
12467.800      0.9863     0.9993
12467.900      0.9857     0.9992
12468.000      0.9847     0.9992
12468.100      0.9834     0.9992
12468.200      0.9821     0.9992
12468.300      0.9808     0.9992
12468.400      0.9796     0.9992
12468.500      0.9792     0.9992
12468.600      0.9797     0.9991
12468.700      0.9783     0.9991
12468.800      0.9736     0.9989
12468.900      0.9689     0.9985
12469.000      0.9652     0.9972
12469.100      0.9635     0.9937
12469.200      0.9661     0.9862
12469.300      0.9686     0.9730
12469.400      0.9710     0.9556
12469.500      0.9732     0.9391
12469.600      0.9753     0.9311
12469.700      0.9772     0.9355
12469.800      0.9766     0.9502
12469.900      0.9760     0.9680
12470.000      0.9795     0.9828
12470.100      0.9835     0.9918
12470.200      0.9872     0.9962
12470.300      0.9903     0.9977
12470.400      0.9902     0.9979
12470.500      0.9891     0.9976
12470.600      0.9884     0.9970
12470.700      0.9884     0.9967
12470.800      0.9906     0.9968
12470.900      0.9940     0.9973
12471.000      0.9953     0.9980
12471.100      0.9948     0.9986
12471.200      0.9948     0.9990
12471.300      0.9954     0.9992
12471.400      0.9952     0.9993
12471.500      0.9936     0.9993
12471.600      0.9921     0.9993
12471.700      0.9907     0.9993
12471.800      0.9903     0.9993
12471.900      0.9935     0.9993
12472.000      0.9966     0.9993
12472.100      0.9995     0.9994
12472.200      1.0017     0.9994
12472.300      1.0009     0.9994
12472.400      0.9996     0.9994
12472.500      0.9980     0.9994
12472.600      0.9964     0.9994
12472.700      0.9988     0.9994
12472.800      1.0018     0.9994
12472.900      1.0016     0.9994
12473.000      1.0007     0.9994
12473.100      1.0009     0.9994
12473.200      1.0014     0.9994
12473.300      1.0009     0.9994
12473.400      0.9992     0.9994
12473.500      0.9963     0.9994
12473.600      0.9929     0.9994
12473.700      0.9898     0.9994
12473.800      0.9876     0.9994
12473.900      0.9879     0.9994
12474.000      0.9905     0.9994
12474.100      0.9920     0.9994
12474.200      0.9912     0.9994
12474.300      0.9905     0.9994
12474.400      0.9902     0.9994
12474.500      0.9901     0.9994
12474.600      0.9900     0.9994
12474.700      0.9896     0.9994
12474.800      0.9873     0.9994
12474.900      0.9852     0.9994
12475.000      0.9889     0.9994
12475.100      0.9925     0.9994
12475.200      0.9943     0.9994
12475.300      0.9953     0.9994
12475.400      0.9955     0.9994
12475.500      0.9957     0.9994
12475.600      0.9974     0.9994
12475.700      0.9995     0.9993
12475.800      0.9988     0.9993
12475.900      0.9972     0.9993
12476.000      0.9969     0.9993
12476.100      0.9981     0.9994
12476.200      1.0003     0.9994
12476.300      1.0028     0.9994
12476.400      1.0037     0.9994
12476.500      1.0031     0.9994
12476.600      1.0025     0.9994
12476.700      1.0018     0.9994
12476.800      1.0018     0.9994
12476.900      1.0027     0.9994
12477.000      1.0030     0.9994
12477.100      1.0015     0.9994
12477.200      1.0004     0.9994
12477.300      1.0009     0.9994
12477.400      1.0013     0.9994
12477.500      1.0010     0.9994
12477.600      1.0007     0.9994
12477.700      1.0004     0.9994
12477.800      1.0000     0.9994
12477.900      1.0025     0.9994
12478.000      1.0052     0.9994
12478.100      1.0054     0.9994
12478.200      1.0053     0.9994
12478.300      1.0052     0.9994
12478.400      1.0050     0.9994
12478.500      1.0049     0.9994
12478.600      1.0049     0.9994
12478.700      1.0038     0.9994
12478.800      1.0017     0.9994
12478.900      0.9994     0.9994
12479.000      0.9970     0.9994
12479.100      0.9969     0.9994
12479.200      0.9992     0.9994
12479.300      0.9997     0.9994
12479.400      0.9975     0.9994
12479.500      0.9960     0.9994
12479.600      0.9960     0.9994
12479.700      0.9956     0.9994
12479.800      0.9940     0.9994
12479.900      0.9922     0.9994
12480.000      0.9902     0.9993
12480.100      0.9887     0.9993
12480.200      0.9904     0.9993
12480.300      0.9924     0.9993
12480.400      0.9946     0.9993
12480.500      0.9968     0.9993
12480.600      0.9987     0.9993
12480.700      1.0002     0.9993
12480.800      0.9996     0.9993
12480.900      0.9975     0.9993
12481.000      0.9939     0.9993
12481.100      0.9901     0.9993
12481.200      0.9870     0.9993
12481.300      0.9851     0.9993
12481.400      0.9842     0.9992
12481.500      0.9847     0.9992
12481.600      0.9871     0.9992
12481.700      0.9902     0.9991
12481.800      0.9925     0.9991
12481.900      0.9939     0.9990
12482.000      0.9953     0.9989
12482.100      0.9967     0.9988
12482.200      0.9981     0.9987
12482.300      0.9994     0.9986
12482.400      1.0002     0.9986
12482.500      0.9996     0.9986
12482.600      0.9983     0.9987
12482.700      0.9965     0.9988
12482.800      0.9949     0.9989
12482.900      0.9952     0.9990
12483.000      0.9964     0.9991
12483.100      0.9982     0.9991
12483.200      1.0001     0.9992
12483.300      0.9978     0.9992
12483.400      0.9952     0.9992
12483.500      0.9934     0.9992
12483.600      0.9929     0.9993
12483.700      0.9971     0.9993
12483.800      1.0024     0.9993
12483.900      1.0032     0.9993
12484.000      1.0020     0.9992
12484.100      1.0025     0.9992
12484.200      1.0039     0.9991
12484.300      1.0050     0.9991
12484.400      1.0053     0.9991
12484.500      1.0051     0.9992
12484.600      1.0044     0.9992
12484.700      1.0031     0.9993
12484.800      1.0016     0.9993
12484.900      1.0007     0.9993
12485.000      1.0016     0.9993
12485.100      1.0031     0.9993
12485.200      1.0047     0.9993
12485.300      1.0055     0.9993
12485.400      1.0011     0.9993
12485.500      0.9973     0.9993
12485.600      1.0003     0.9993
12485.700      1.0034     0.9993
12485.800      1.0018     0.9993
12485.900      0.9999     0.9993
12486.000      0.9979     0.9993
12486.100      0.9957     0.9993
12486.200      0.9934     0.9993
12486.300      0.9911     0.9993
12486.400      0.9918     0.9993
12486.500      0.9935     0.9993
12486.600      0.9939     0.9993
12486.700      0.9936     0.9993
12486.800      0.9942     0.9993
12486.900      0.9953     0.9993
12487.000      0.9959     0.9993
12487.100      0.9962     0.9993
12487.200      0.9965     0.9992
12487.300      0.9969     0.9991
12487.400      0.9980     0.9988
12487.500      1.0002     0.9984
12487.600      1.0010     0.9981
12487.700      0.9985     0.9980
12487.800      0.9968     0.9983
12487.900      0.9975     0.9987
12488.000      0.9981     0.9990
12488.100      0.9975     0.9992
12488.200      0.9964     0.9993
12488.300      0.9951     0.9993
12488.400      0.9938     0.9993
12488.500      0.9963     0.9993
12488.600      0.9990     0.9993
12488.700      1.0011     0.9992
12488.800      1.0024     0.9992
12488.900      1.0017     0.9991
12489.000      1.0005     0.9991
12489.100      0.9995     0.9992
12489.200      0.9985     0.9992
12489.300      0.9978     0.9993
12489.400      0.9977     0.9993
12489.500      0.9992     0.9993
12489.600      1.0015     0.9993
12489.700      1.0035     0.9993
12489.800      1.0043     0.9993
12489.900      1.0030     0.9993
12490.000      1.0004     0.9993
12490.100      0.9982     0.9993
12490.200      0.9976     0.9993
12490.300      0.9978     0.9993
12490.400      0.9986     0.9993
12490.500      0.9993     0.9993
12490.600      0.9997     0.9993
12490.700      1.0002     0.9993
12490.800      1.0008     0.9993
12490.900      1.0012     0.9993
12491.000      0.9993     0.9992
12491.100      0.9973     0.9992
12491.200      0.9972     0.9992
12491.300      0.9971     0.9992
12491.400      0.9959     0.9992
12491.500      0.9945     0.9993
12491.600      0.9931     0.9993
12491.700      0.9919     0.9993
12491.800      0.9937     0.9993
12491.900      0.9965     0.9993
12492.000      0.9984     0.9993
12492.100      0.9991     0.9993
12492.200      0.9981     0.9993
12492.300      0.9964     0.9993
12492.400      0.9961     0.9993
12492.500      0.9969     0.9993
12492.600      0.9976     0.9993
12492.700      0.9976     0.9993
12492.800      0.9967     0.9993
12492.900      0.9946     0.9993
12493.000      0.9931     0.9993
12493.100      0.9943     0.9993
12493.200      0.9966     0.9993
12493.300      0.9999     0.9993
12493.400      1.0031     0.9992
12493.500      1.0051     0.9992
12493.600      1.0060     0.9991
12493.700      1.0050     0.9991
12493.800      1.0035     0.9991
12493.900      1.0014     0.9991
12494.000      0.9993     0.9992
12494.100      0.9995     0.9992
12494.200      0.9999     0.9993
12494.300      1.0000     0.9993
12494.400      1.0000     0.9993
12494.500      1.0000     0.9993
12494.600      1.0002     0.9993
12494.700      1.0015     0.9993
12494.800      1.0033     0.9993
12494.900      1.0046     0.9993
12495.000      1.0049     0.9993
12495.100      1.0046     0.9993
12495.200      1.0036     0.9993
12495.300      1.0009     0.9993
12495.400      0.9970     0.9993
12495.500      0.9940     0.9993
12495.600      0.9931     0.9993
12495.700      0.9911     0.9993
12495.800      0.9853     0.9993
12495.900      0.9782     0.9993
12496.000      0.9701     0.9993
12496.100      0.9635     0.9993
12496.200      0.9695     0.9993
12496.300      0.9774     0.9993
12496.400      0.9866     0.9993
12496.500      0.9957     0.9993
12496.600      0.9989     0.9993
12496.700      0.9996     0.9993
12496.800      0.9978     0.9993
12496.900      0.9960     0.9993
12497.000      0.9944     0.9993
12497.100      0.9935     0.9993
12497.200      0.9959     0.9993
12497.300      0.9994     0.9993
12497.400      1.0007     0.9993
12497.500      1.0008     0.9993
12497.600      1.0009     0.9993
12497.700      1.0012     0.9993
12497.800      1.0013     0.9993
12497.900      1.0010     0.9993
12498.000      1.0003     0.9993
12498.100      0.9995     0.9993
12498.200      0.9998     0.9993
12498.300      1.0027     0.9993
12498.400      1.0053     0.9993
12498.500      1.0066     0.9993
12498.600      1.0065     0.9993
12498.700      1.0045     0.9993
12498.800      1.0026     0.9993
12498.900      1.0016     0.9993
12499.000      1.0005     0.9993
12499.100      0.9973     0.9993
12499.200      0.9940     0.9993
12499.300      0.9990     0.9993
12499.400      1.0046     0.9993
12499.500      1.0042     0.9993
12499.600      1.0021     0.9993
12499.700      0.9993     0.9993
12499.800      0.9966     0.9993
12499.900      0.9978     0.9993
12500.000      1.0006     0.9993
12500.100      1.0000     0.9993
12500.200      0.9973     0.9993
12500.300      0.9950     0.9993
12500.400      0.9939     0.9993
12500.500      0.9951     0.9993
12500.600      0.9979     0.9993
12500.700      0.9985     0.9993
12500.800      0.9959     0.9993
12500.900      0.9938     0.9993
12501.000      0.9933     0.9993
12501.100      0.9942     0.9993
12501.200      0.9962     0.9993
12501.300      0.9979     0.9993
12501.400      0.9981     0.9992
12501.500      0.9978     0.9991
12501.600      0.9971     0.9990
12501.700      0.9964     0.9987
12501.800      0.9976     0.9985
12501.900      0.9988     0.9983
12502.000      0.9990     0.9983
12502.100      0.9989     0.9985
12502.200      0.9986     0.9987
12502.300      0.9982     0.9989
12502.400      0.9997     0.9991
12502.500      1.0016     0.9992
12502.600      1.0013     0.9992
12502.700      0.9992     0.9992
12502.800      0.9962     0.9991
12502.900      0.9929     0.9991
12503.000      0.9914     0.9990
12503.100      0.9919     0.9989
12503.200      0.9931     0.9988
12503.300      0.9945     0.9988
12503.400      0.9954     0.9989
12503.500      0.9955     0.9990
12503.600      0.9958     0.9991
12503.700      0.9967     0.9992
12503.800      0.9975     0.9992
12503.900      0.9982     0.9992
12504.000      0.9987     0.9992
12504.100      0.9989     0.9992
12504.200      0.9985     0.9992
12504.300      0.9969     0.9992
12504.400      0.9953     0.9992
12504.500      0.9968     0.9992
12504.600      0.9983     0.9992
12504.700      0.9960     0.9992
12504.800      0.9934     0.9993
12504.900      0.9919     0.9993
12505.000      0.9915     0.9993
12505.100      0.9923     0.9993
12505.200      0.9932     0.9993
12505.300      0.9924     0.9993
12505.400      0.9909     0.9993
12505.500      0.9897     0.9993
12505.600      0.9896     0.9993
12505.700      0.9918     0.9993
12505.800      0.9953     0.9993
12505.900      0.9954     0.9993
12506.000      0.9913     0.9992
12506.100      0.9883     0.9992
12506.200      0.9885     0.9992
12506.300      0.9907     0.9992
12506.400      0.9942     0.9992
12506.500      0.9968     0.9992
12506.600      0.9957     0.9992
12506.700      0.9942     0.9992
12506.800      0.9925     0.9992
12506.900      0.9909     0.9993
12507.000      0.9901     0.9993
12507.100      0.9892     0.9993
12507.200      0.9876     0.9993
12507.300      0.9860     0.9993
12507.400      0.9876     0.9993
12507.500      0.9896     0.9992
12507.600      0.9901     0.9992
12507.700      0.9900     0.9992
12507.800      0.9897     0.9992
12507.900      0.9894     0.9992
12508.000      0.9905     0.9992
12508.100      0.9922     0.9992
12508.200      0.9910     0.9992
12508.300      0.9877     0.9992
12508.400      0.9872     0.9992
12508.500      0.9891     0.9992
12508.600      0.9902     0.9992
12508.700      0.9902     0.9992
12508.800      0.9908     0.9992
12508.900      0.9923     0.9992
12509.000      0.9937     0.9992
12509.100      0.9943     0.9992
12509.200      0.9938     0.9992
12509.300      0.9917     0.9992
12509.400      0.9895     0.9992
12509.500      0.9878     0.9991
12509.600      0.9866     0.9990
12509.700      0.9867     0.9989
12509.800      0.9870     0.9987
12509.900      0.9875     0.9985
12510.000      0.9881     0.9984
12510.100      0.9860     0.9985
12510.200      0.9835     0.9986
12510.300      0.9816     0.9987
12510.400      0.9802     0.9987
12510.500      0.9799     0.9988
12510.600      0.9798     0.9989
12510.700      0.9743     0.9990
12510.800      0.9638     0.9991
12510.900      0.9502     0.9991
12511.000      0.9358     0.9991
12511.100      0.9288     0.9989
12511.200      0.9336     0.9985
12511.300      0.9458     0.9978
12511.400      0.9609     0.9965
12511.500      0.9741     0.9950
12511.600      0.9810     0.9937
12511.700      0.9834     0.9933
12511.800      0.9825     0.9940
12511.900      0.9819     0.9955
12512.000      0.9827     0.9971
12512.100      0.9835     0.9982
12512.200      0.9843     0.9988
12512.300      0.9851     0.9990
12512.400      0.9885     0.9991
12512.500      0.9919     0.9991
12512.600      0.9894     0.9992
12512.700      0.9867     0.9992
12512.800      0.9852     0.9992
12512.900      0.9848     0.9992
12513.000      0.9864     0.9992
12513.100      0.9883     0.9992
12513.200      0.9896     0.9992
12513.300      0.9898     0.9992
12513.400      0.9871     0.9992
12513.500      0.9832     0.9992
12513.600      0.9817     0.9992
12513.700      0.9820     0.9992
12513.800      0.9824     0.9992
12513.900      0.9828     0.9992
12514.000      0.9833     0.9992
12514.100      0.9842     0.9992
12514.200      0.9847     0.9992
12514.300      0.9843     0.9992
12514.400      0.9846     0.9992
12514.500      0.9871     0.9992
12514.600      0.9895     0.9992
12514.700      0.9903     0.9992
12514.800      0.9893     0.9992
12514.900      0.9852     0.9992
12515.000      0.9813     0.9991
12515.100      0.9825     0.9991
12515.200      0.9838     0.9990
12515.300      0.9852     0.9987
12515.400      0.9865     0.9979
12515.500      0.9843     0.9960
12515.600      0.9815     0.9926
12515.700      0.9794     0.9884
12515.800      0.9782     0.9847
12515.900      0.9790     0.9827
12516.000      0.9803     0.9823
12516.100      0.9814     0.9823
12516.200      0.9823     0.9825
12516.300      0.9837     0.9838
12516.400      0.9854     0.9871
12516.500      0.9866     0.9913
12516.600      0.9868     0.9950
12516.700      0.9865     0.9974
12516.800      0.9855     0.9985
12516.900      0.9836     0.9989
12517.000      0.9809     0.9990
12517.100      0.9791     0.9991
12517.200      0.9797     0.9991
12517.300      0.9804     0.9991
12517.400      0.9811     0.9991
12517.500      0.9820     0.9990
12517.600      0.9832     0.9989
12517.700      0.9843     0.9986
12517.800      0.9837     0.9978
12517.900      0.9829     0.9959
12518.000      0.9820     0.9927
12518.100      0.9811     0.9884
12518.200      0.9823     0.9846
12518.300      0.9842     0.9825
12518.400      0.9864     0.9821
12518.500      0.9886     0.9821
12518.600      0.9905     0.9823
12518.700      0.9916     0.9836
12518.800      0.9906     0.9867
12518.900      0.9887     0.9909
12519.000      0.9884     0.9947
12519.100      0.9895     0.9972
12519.200      0.9906     0.9984
12519.300      0.9916     0.9989
12519.400      0.9913     0.9990
12519.500      0.9891     0.9991
12519.600      0.9882     0.9991
12519.700      0.9901     0.9991
12519.800      0.9913     0.9991
12519.900      0.9904     0.9991
12520.000      0.9896     0.9991
12520.100      0.9888     0.9991
12520.200      0.9883     0.9991
12520.300      0.9921     0.9991
12520.400      0.9959     0.9991
12520.500      0.9966     0.9991
12520.600      0.9959     0.9991
12520.700      0.9934     0.9991
12520.800      0.9909     0.9991
12520.900      0.9898     0.9991
12521.000      0.9903     0.9991
12521.100      0.9933     0.9991
12521.200      0.9967     0.9991
12521.300      0.9964     0.9991
12521.400      0.9943     0.9991
12521.500      0.9927     0.9990
12521.600      0.9917     0.9990
12521.700      0.9909     0.9988
12521.800      0.9905     0.9984
12521.900      0.9910     0.9979
12522.000      0.9922     0.9974
12522.100      0.9926     0.9970
12522.200      0.9919     0.9971
12522.300      0.9918     0.9976
12522.400      0.9932     0.9982
12522.500      0.9952     0.9987
12522.600      0.9976     0.9990
12522.700      0.9993     0.9991
12522.800      0.9972     0.9991
12522.900      0.9952     0.9991
12523.000      0.9945     0.9991
12523.100      0.9943     0.9991
12523.200      0.9951     0.9991
12523.300      0.9958     0.9991
12523.400      0.9956     0.9991
12523.500      0.9952     0.9991
12523.600      0.9953     0.9991
12523.700      0.9956     0.9991
12523.800      0.9962     0.9991
12523.900      0.9967     0.9991
12524.000      0.9961     0.9991
12524.100      0.9949     0.9991
12524.200      0.9953     0.9991
12524.300      0.9965     0.9991
12524.400      0.9976     0.9991
12524.500      0.9986     0.9991
12524.600      0.9996     0.9991
12524.700      1.0006     0.9991
12524.800      1.0014     0.9991
12524.900      1.0019     0.9991
12525.000      1.0026     0.9991
12525.100      1.0041     0.9991
12525.200      1.0048     0.9991
12525.300      1.0025     0.9991
12525.400      1.0007     0.9991
12525.500      1.0021     0.9991
12525.600      1.0035     0.9991
12525.700      1.0026     0.9991
12525.800      0.9994     0.9991
12525.900      0.9923     0.9991
12526.000      0.9804     0.9991
12526.100      0.9578     0.9991
12526.200      0.9343     0.9991
12526.300      0.9176     0.9991
12526.400      0.9099     0.9991
12526.500      0.9186     0.9991
12526.600      0.9333     0.9991
12526.700      0.9505     0.9991
12526.800      0.9680     0.9991
12526.900      0.9813     0.9990
12527.000      0.9891     0.9990
12527.100      0.9939     0.9990
12527.200      0.9969     0.9990
12527.300      0.9984     0.9989
12527.400      0.9989     0.9989
12527.500      0.9983     0.9990
12527.600      0.9971     0.9990
12527.700      0.9962     0.9990
12527.800      0.9955     0.9991
12527.900      0.9947     0.9991
12528.000      0.9930     0.9991
12528.100      0.9917     0.9991
12528.200      0.9931     0.9991
12528.300      0.9944     0.9991
12528.400      0.9943     0.9991
12528.500      0.9941     0.9991
12528.600      0.9938     0.9991
12528.700      0.9935     0.9991
12528.800      0.9931     0.9991
12528.900      0.9927     0.9991
12529.000      0.9942     0.9991
12529.100      0.9962     0.9991
12529.200      0.9980     0.9991
12529.300      0.9993     0.9991
12529.400      0.9994     0.9991
12529.500      0.9989     0.9991
12529.600      0.9994     0.9991
12529.700      1.0006     0.9990
12529.800      1.0008     0.9990
12529.900      1.0000     0.9990
12530.000      0.9996     0.9990
12530.100      0.9996     0.9989
12530.200      0.9995     0.9989
12530.300      0.9992     0.9989
12530.400      0.9976     0.9989
12530.500      0.9938     0.9990
12530.600      0.9913     0.9990
12530.700      0.9939     0.9990
12530.800      0.9964     0.9990
12530.900      0.9982     0.9990
12531.000      0.9991     0.9990
12531.100      0.9970     0.9990
12531.200      0.9950     0.9990
12531.300      0.9943     0.9990
12531.400      0.9947     0.9990
12531.500      0.9968     0.9990
12531.600      0.9991     0.9990
12531.700      0.9986     0.9990
12531.800      0.9973     0.9990
12531.900      0.9968     0.9990
12532.000      0.9974     0.9990
12532.100      0.9998     0.9990
12532.200      1.0028     0.9990
12532.300      1.0052     0.9990
12532.400      1.0061     0.9990
12532.500      1.0050     0.9990
12532.600      1.0027     0.9990
12532.700      1.0013     0.9990
12532.800      1.0008     0.9989
12532.900      0.9998     0.9989
12533.000      0.9977     0.9989
12533.100      0.9962     0.9989
12533.200      0.9973     0.9989
12533.300      0.9999     0.9989
12533.400      1.0037     0.9989
12533.500      1.0069     0.9989
12533.600      1.0052     0.9990
12533.700      1.0035     0.9990
12533.800      1.0021     0.9990
12533.900      1.0013     0.9990
12534.000      1.0029     0.9990
12534.100      1.0046     0.9990
12534.200      1.0065     0.9990
12534.300      1.0083     0.9990
12534.400      1.0062     0.9989
12534.500      1.0032     0.9989
12534.600      1.0006     0.9989
12534.700      0.9989     0.9989
12534.800      1.0006     0.9989
12534.900      1.0039     0.9988
12535.000      1.0037     0.9988
12535.100      1.0009     0.9987
12535.200      1.0013     0.9987
12535.300      1.0049     0.9986
12535.400      1.0081     0.9986
12535.500      1.0099     0.9985
12535.600      1.0090     0.9984
12535.700      1.0049     0.9983
12535.800      1.0010     0.9983
12535.900      0.9983     0.9982
12536.000      0.9976     0.9983
12536.100      1.0006     0.9983
12536.200      1.0036     0.9984
12536.300      1.0062     0.9985
12536.400      1.0084     0.9985
12536.500      1.0059     0.9984
12536.600      1.0034     0.9984
12536.700      1.0016     0.9983
12536.800      1.0006     0.9984
12536.900      1.0009     0.9986
12537.000      1.0014     0.9987
12537.100      1.0019     0.9988
12537.200      1.0024     0.9989
12537.300      1.0024     0.9989
12537.400      1.0023     0.9989
12537.500      1.0025     0.9989
12537.600      1.0034     0.9989
12537.700      1.0047     0.9989
12537.800      1.0061     0.9989
12537.900      1.0061     0.9989
12538.000      1.0044     0.9989
12538.100      1.0033     0.9989
12538.200      1.0034     0.9989
12538.300      1.0043     0.9989
12538.400      1.0058     0.9989
12538.500      1.0072     0.9989
12538.600      1.0080     0.9989
12538.700      1.0081     0.9989
12538.800      1.0067     0.9989
12538.900      1.0054     0.9989
12539.000      1.0052     0.9989
12539.100      1.0050     0.9989
12539.200      1.0029     0.9989
12539.300      1.0008     0.9989
12539.400      0.9999     0.9989
12539.500      0.9998     0.9989
12539.600      1.0005     0.9988
12539.700      1.0013     0.9988
12539.800      1.0022     0.9988
12539.900      1.0030     0.9988
12540.000      1.0015     0.9988
12540.100      0.9990     0.9989
12540.200      0.9971     0.9989
12540.300      0.9965     0.9989
12540.400      0.9976     0.9989
12540.500      0.9996     0.9989
12540.600      1.0015     0.9989
12540.700      1.0032     0.9989
12540.800      1.0028     0.9988
12540.900      0.9995     0.9988
12541.000      0.9965     0.9987
12541.100      0.9952     0.9986
12541.200      0.9959     0.9985
12541.300      0.9991     0.9984
12541.400      1.0017     0.9985
12541.500      0.9980     0.9986
12541.600      0.9874     0.9987
12541.700      0.9613     0.9988
12541.800      0.9342     0.9989
12541.900      0.9065     0.9989
12542.000      0.8788     0.9989
12542.100      0.8711     0.9989
12542.200      0.8783     0.9989
12542.300      0.9061     0.9989
12542.400      0.9363     0.9989
12542.500      0.9614     0.9989
12542.600      0.9798     0.9989
12542.700      0.9879     0.9989
12542.800      0.9931     0.9989
12542.900      1.0005     0.9989
12543.000      1.0093     0.9989
12543.100      1.0121     0.9989
12543.200      1.0092     0.9989
12543.300      1.0062     0.9989
12543.400      1.0031     0.9989
12543.500      1.0007     0.9989
12543.600      0.9995     0.9989
12543.700      0.9969     0.9989
12543.800      0.9914     0.9989
12543.900      0.9865     0.9989
12544.000      0.9852     0.9989
12544.100      0.9871     0.9990
12544.200      0.9932     0.9990
12544.300      0.9990     0.9989
12544.400      0.9996     0.9989
12544.500      0.9978     0.9989
12544.600      0.9932     0.9989
12544.700      0.9885     0.9989
12544.800      0.9897     0.9988
12544.900      0.9932     0.9987
12545.000      0.9984     0.9985
12545.100      1.0038     0.9982
12545.200      1.0037     0.9978
12545.300      1.0017     0.9975
12545.400      0.9996     0.9975
12545.500      0.9975     0.9977
12545.600      0.9983     0.9982
12545.700      1.0010     0.9985
12545.800      1.0034     0.9988
12545.900      1.0048     0.9989
12546.000      1.0025     0.9989
12546.100      0.9963     0.9989
12546.200      0.9945     0.9989
12546.300      1.0005     0.9989
12546.400      1.0056     0.9989
12546.500      1.0073     0.9989
12546.600      1.0066     0.9989
12546.700      1.0041     0.9989
12546.800      1.0017     0.9989
12546.900      1.0008     0.9989
12547.000      1.0008     0.9989
12547.100      1.0018     0.9989
12547.200      1.0027     0.9989
12547.300      1.0028     0.9989
12547.400      1.0021     0.9989
12547.500      0.9997     0.9989
12547.600      0.9971     0.9988
12547.700      0.9973     0.9988
12547.800      0.9982     0.9987
12547.900      0.9967     0.9987
12548.000      0.9943     0.9986
12548.100      0.9923     0.9986
12548.200      0.9910     0.9986
12548.300      0.9929     0.9987
12548.400      0.9966     0.9987
12548.500      0.9979     0.9986
12548.600      0.9968     0.9985
12548.700      0.9979     0.9982
12548.800      1.0021     0.9973
12548.900      1.0054     0.9947
12549.000      1.0055     0.9882
12549.100      1.0028     0.9749
12549.200      0.9978     0.9538
12549.300      0.9937     0.9282
12549.400      0.9936     0.9069
12549.500      0.9940     0.8995
12549.600      0.9946     0.9096
12549.700      0.9952     0.9323
12549.800      0.9951     0.9576
12549.900      0.9946     0.9776
12550.000      0.9939     0.9896
12550.100      0.9932     0.9953
12550.200      0.9947     0.9975
12550.300      0.9964     0.9983
12550.400      0.9959     0.9985
12550.500      0.9948     0.9986
12550.600      0.9938     0.9987
12550.700      0.9932     0.9987
12550.800      0.9957     0.9988
12550.900      1.0021     0.9988
12551.000      1.0125     0.9988
12551.100      1.0242     0.9988
12551.200      1.0339     0.9988
12551.300      1.0417     0.9988
12551.400      1.0496     0.9988
12551.500      1.0576     0.9988
12551.600      1.0673     0.9988
12551.700      1.0802     0.9988
12551.800      1.0918     0.9989
12551.900      1.0956     0.9989
12552.000      1.0907     0.9989
12552.100      1.0738     0.9989
12552.200      1.0571     0.9989
12552.300      1.0442     0.9989
12552.400      1.0335     0.9989
12552.500      1.0248     0.9989
12552.600      1.0175     0.9989
12552.700      1.0117     0.9989
12552.800      1.0063     0.9989
12552.900      1.0010     0.9989
12553.000      0.9961     0.9989
12553.100      0.9920     0.9989
12553.200      0.9888     0.9989
12553.300      0.9871     0.9989
12553.400      0.9861     0.9989
12553.500      0.9853     0.9989
12553.600      0.9847     0.9989
12553.700      0.9853     0.9989
12553.800      0.9867     0.9989
12553.900      0.9880     0.9989
12554.000      0.9887     0.9989
12554.100      0.9871     0.9989
12554.200      0.9827     0.9988
12554.300      0.9795     0.9988
12554.400      0.9793     0.9988
12554.500      0.9801     0.9988
12554.600      0.9813     0.9989
12554.700      0.9823     0.9989
12554.800      0.9826     0.9989
12554.900      0.9831     0.9989
12555.000      0.9859     0.9989
12555.100      0.9887     0.9988
12555.200      0.9874     0.9988
12555.300      0.9861     0.9988
12555.400      0.9872     0.9987
12555.500      0.9887     0.9985
12555.600      0.9901     0.9982
12555.700      0.9916     0.9980
12555.800      0.9933     0.9978
12555.900      0.9949     0.9978
12556.000      0.9939     0.9980
12556.100      0.9917     0.9983
12556.200      0.9899     0.9985
12556.300      0.9891     0.9987
12556.400      0.9907     0.9988
12556.500      0.9938     0.9988
12556.600      0.9956     0.9987
12556.700      0.9958     0.9987
12556.800      0.9967     0.9985
12556.900      0.9988     0.9984
12557.000      0.9998     0.9984
12557.100      0.9982     0.9984
12557.200      0.9967     0.9985
12557.300      0.9953     0.9986
12557.400      0.9936     0.9987
12557.500      0.9875     0.9987
12557.600      0.9751     0.9987
12557.700      0.9445     0.9987
12557.800      0.9106     0.9987
12557.900      0.8746     0.9988
12558.000      0.8386     0.9988
12558.100      0.8375     0.9988
12558.200      0.8542     0.9988
12558.300      0.8886     0.9988
12558.400      0.9244     0.9988
12558.500      0.9540     0.9988
12558.600      0.9754     0.9988
12558.700      0.9856     0.9988
12558.800      0.9909     0.9988
12558.900      0.9945     0.9988
12559.000      0.9972     0.9988
12559.100      0.9988     0.9988
12559.200      0.9991     0.9988
12559.300      0.9964     0.9988
12559.400      0.9916     0.9988
12559.500      0.9891     0.9988
12559.600      0.9906     0.9988
12559.700      0.9924     0.9988
12559.800      0.9943     0.9988
12559.900      0.9955     0.9988
12560.000      0.9945     0.9988
12560.100      0.9937     0.9988
12560.200      0.9949     0.9988
12560.300      0.9962     0.9987
12560.400      0.9975     0.9987
12560.500      0.9987     0.9987
12560.600      0.9981     0.9987
12560.700      0.9975     0.9987
12560.800      0.9971     0.9987
12560.900      0.9969     0.9986
12561.000      0.9981     0.9985
12561.100      0.9995     0.9984
12561.200      1.0002     0.9982
12561.300      1.0000     0.9978
12561.400      0.9979     0.9970
12561.500      0.9952     0.9951
12561.600      0.9952     0.9902
12561.700      0.9969     0.9795
12561.800      0.9979     0.9610
12561.900      0.9979     0.9364
12562.000      0.9970     0.9127
12562.100      0.9957     0.9001
12562.200      0.9941     0.9048
12562.300      0.9925     0.9244
12562.400      0.9909     0.9499
12562.500      0.9895     0.9720
12562.600      0.9895     0.9865
12562.700      0.9934     0.9939
12562.800      0.9966     0.9969
12562.900      0.9951     0.9980
12563.000      0.9937     0.9983
12563.100      0.9923     0.9985
12563.200      0.9911     0.9985
12563.300      0.9907     0.9986
12563.400      0.9913     0.9986
12563.500      0.9950     0.9986
12563.600      0.9990     0.9986
12563.700      1.0013     0.9986
12563.800      1.0021     0.9986
12563.900      1.0010     0.9985
12564.000      0.9997     0.9984
12564.100      0.9988     0.9982
12564.200      0.9987     0.9980
12564.300      0.9994     0.9977
12564.400      1.0004     0.9976
12564.500      1.0011     0.9977
12564.600      1.0013     0.9979
12564.700      1.0008     0.9981
12564.800      0.9998     0.9983
12564.900      0.9994     0.9984
12565.000      0.9999     0.9985
12565.100      1.0000     0.9986
12565.200      0.9992     0.9986
12565.300      0.9983     0.9987
12565.400      0.9976     0.9987
12565.500      0.9969     0.9987
12565.600      0.9968     0.9987
12565.700      0.9967     0.9987
12565.800      0.9955     0.9987
12565.900      0.9939     0.9987
12566.000      0.9921     0.9987
12566.100      0.9899     0.9987
12566.200      0.9862     0.9987
12566.300      0.9825     0.9986
12566.400      0.9817     0.9986
12566.500      0.9825     0.9986
12566.600      0.9843     0.9986
12566.700      0.9862     0.9986
12566.800      0.9864     0.9986
12566.900      0.9858     0.9986
12567.000      0.9854     0.9986
12567.100      0.9854     0.9986
12567.200      0.9855     0.9986
12567.300      0.9859     0.9985
12567.400      0.9878     0.9985
12567.500      0.9911     0.9985
12567.600      0.9939     0.9985
12567.700      0.9952     0.9984
12567.800      0.9951     0.9984
12567.900      0.9940     0.9984
12568.000      0.9936     0.9983
12568.100      0.9962     0.9982
12568.200      0.9985     0.9980
12568.300      0.9992     0.9976
12568.400      0.9998     0.9964
12568.500      1.0012     0.9929
12568.600      1.0030     0.9852
12568.700      1.0055     0.9710
12568.800      1.0080     0.9509
12568.900      1.0041     0.9302
12569.000      0.9994     0.9173
12569.100      0.9984     0.9184
12569.200      0.9993     0.9325
12569.300      1.0012     0.9520
12569.400      1.0033     0.9678
12569.500      1.0041     0.9737
12569.600      1.0035     0.9680
12569.700      1.0017     0.9525
12569.800      0.9996     0.9316
12569.900      0.9979     0.9116
12570.000      0.9970     0.8993
12570.100      0.9970     0.8990
12570.200      0.9975     0.9109
12570.300      0.9976     0.9309
12570.400      0.9969     0.9528
12570.500      0.9963     0.9713
12570.600      0.9960     0.9839
12570.700      0.9955     0.9911
12570.800      0.9949     0.9947
12570.900      0.9944     0.9964
12571.000      0.9958     0.9971
12571.100      0.9971     0.9975
12571.200      0.9928     0.9978
12571.300      0.9884     0.9979
12571.400      0.9876     0.9980
12571.500      0.9895     0.9981
12571.600      0.9955     0.9982
12571.700      1.0019     0.9983
12571.800      1.0043     0.9983
12571.900      1.0043     0.9984
12572.000      1.0027     0.9984
12572.100      1.0008     0.9984
12572.200      0.9991     0.9984
12572.300      0.9980     0.9985
12572.400      0.9986     0.9985
12572.500      1.0003     0.9985
12572.600      1.0000     0.9985
12572.700      0.9974     0.9985
12572.800      0.9965     0.9985
12572.900      0.9978     0.9985
12573.000      0.9988     0.9985
12573.100      0.9986     0.9985
12573.200      0.9971     0.9986
12573.300      0.9940     0.9986
12573.400      0.9894     0.9986
12573.500      0.9832     0.9986
12573.600      0.9772     0.9986
12573.700      0.9738     0.9986
12573.800      0.9700     0.9986
12573.900      0.9484     0.9986
12574.000      0.9162     0.9986
12574.100      0.8691     0.9985
12574.200      0.8214     0.9985
12574.300      0.7954     0.9984
12574.400      0.7901     0.9982
12574.500      0.8096     0.9981
12574.600      0.8409     0.9980
12574.700      0.8807     0.9981
12574.800      0.9217     0.9982
12574.900      0.9525     0.9983
12575.000      0.9698     0.9984
12575.100      0.9757     0.9985
12575.200      0.9775     0.9986
12575.300      0.9795     0.9986
12575.400      0.9815     0.9985
12575.500      0.9824     0.9985
12575.600      0.9814     0.9984
12575.700      0.9811     0.9983
12575.800      0.9826     0.9983
12575.900      0.9840     0.9982
12576.000      0.9851     0.9982
12576.100      0.9867     0.9983
12576.200      0.9907     0.9983
12576.300      0.9944     0.9983
12576.400      0.9949     0.9984
12576.500      0.9954     0.9984
12576.600      0.9967     0.9984
12576.700      0.9983     0.9985
12576.800      1.0003     0.9985
12576.900      1.0023     0.9986
12577.000      1.0015     0.9986
12577.100      1.0001     0.9986
12577.200      0.9995     0.9986
12577.300      0.9999     0.9986
12577.400      1.0011     0.9986
12577.500      1.0029     0.9986
12577.600      1.0052     0.9986
12577.700      1.0077     0.9986
12577.800      1.0084     0.9986
12577.900      1.0077     0.9986
12578.000      1.0074     0.9986
12578.100      1.0074     0.9985
12578.200      1.0073     0.9985
12578.300      1.0066     0.9984
12578.400      1.0055     0.9983
12578.500      1.0040     0.9981
12578.600      1.0029     0.9979
12578.700      1.0032     0.9978
12578.800      1.0039     0.9978
12578.900      1.0047     0.9980
12579.000      1.0053     0.9982
12579.100      1.0036     0.9983
12579.200      1.0019     0.9984
12579.300      1.0000     0.9985
12579.400      0.9982     0.9985
12579.500      0.9989     0.9985
12579.600      1.0005     0.9985
12579.700      1.0025     0.9984
12579.800      1.0047     0.9984
12579.900      1.0061     0.9984
12580.000      1.0065     0.9984
12580.100      1.0054     0.9984
12580.200      1.0039     0.9984
12580.300      1.0028     0.9983
12580.400      1.0026     0.9982
12580.500      1.0036     0.9979
12580.600      1.0051     0.9973
12580.700      1.0056     0.9962
12580.800      1.0044     0.9946
12580.900      1.0026     0.9921
12581.000      1.0006     0.9882
12581.100      0.9989     0.9807
12581.200      0.9987     0.9662
12581.300      1.0000     0.9433
12581.400      1.0029     0.9160
12581.500      1.0051     0.8940
12581.600      1.0035     0.8874
12581.700      1.0018     0.8999
12581.800      1.0003     0.9255
12581.900      0.9990     0.9534
12582.000      1.0020     0.9753
12582.100      1.0050     0.9883
12582.200      1.0056     0.9945
12582.300      1.0059     0.9970
12582.400      1.0065     0.9978
12582.500      1.0071     0.9981
12582.600      1.0074     0.9982
12582.700      1.0075     0.9983
12582.800      1.0082     0.9983
12582.900      1.0092     0.9983
12583.000      1.0086     0.9984
12583.100      1.0068     0.9984
12583.200      1.0074     0.9984
12583.300      1.0100     0.9984
12583.400      1.0117     0.9983
12583.500      1.0115     0.9981
12583.600      1.0095     0.9977
12583.700      1.0065     0.9971
12583.800      1.0038     0.9965
12583.900      1.0021     0.9961
12584.000      1.0012     0.9962
12584.100      1.0012     0.9968
12584.200      1.0019     0.9975
12584.300      1.0031     0.9980
12584.400      1.0041     0.9983
12584.500      1.0013     0.9984
12584.600      0.9985     0.9984
12584.700      0.9992     0.9984
12584.800      1.0005     0.9985
12584.900      1.0023     0.9984
12585.000      1.0040     0.9984
12585.100      1.0034     0.9984
12585.200      1.0021     0.9984
12585.300      1.0006     0.9984
12585.400      0.9992     0.9984
12585.500      0.9982     0.9985
12585.600      0.9977     0.9985
12585.700      0.9971     0.9985
12585.800      0.9966     0.9985
12585.900      0.9970     0.9985
12586.000      0.9982     0.9985
12586.100      0.9967     0.9985
12586.200      0.9910     0.9984
12586.300      0.9848     0.9984
12586.400      0.9784     0.9984
12586.500      0.9746     0.9984
12586.600      0.9776     0.9984
12586.700      0.9806     0.9984
12586.800      0.9834     0.9984
12586.900      0.9857     0.9984
12587.000      0.9866     0.9984
12587.100      0.9874     0.9984
12587.200      0.9898     0.9984
12587.300      0.9922     0.9984
12587.400      0.9919     0.9984
12587.500      0.9915     0.9984
12587.600      0.9919     0.9984
12587.700      0.9930     0.9984
12587.800      0.9952     0.9984
12587.900      0.9975     0.9984
12588.000      0.9989     0.9984
12588.100      0.9987     0.9984
12588.200      0.9960     0.9984
12588.300      0.9924     0.9984
12588.400      0.9902     0.9984
12588.500      0.9902     0.9984
12588.600      0.9922     0.9984
12588.700      0.9950     0.9984
12588.800      0.9972     0.9984
12588.900      0.9981     0.9983
12589.000      0.9983     0.9983
12589.100      0.9979     0.9982
12589.200      0.9977     0.9982
12589.300      0.9981     0.9982
12589.400      0.9983     0.9983
12589.500      0.9973     0.9983
12589.600      0.9960     0.9984
12589.700      0.9944     0.9984
12589.800      0.9921     0.9984
12589.900      0.9855     0.9984
12590.000      0.9789     0.9984
12590.100      0.9778     0.9984
12590.200      0.9769     0.9984
12590.300      0.9751     0.9984
12590.400      0.9714     0.9984
12590.500      0.9527     0.9983
12590.600      0.9200     0.9982
12590.700      0.8720     0.9981
12590.800      0.8209     0.9978
12590.900      0.7887     0.9974
12591.000      0.7835     0.9971
12591.100      0.8025     0.9968
12591.200      0.8350     0.9967
12591.300      0.8748     0.9970
12591.400      0.9165     0.9974
12591.500      0.9522     0.9978
12591.600      0.9728     0.9981
12591.700      0.9842     0.9983
12591.800      0.9888     0.9983
12591.900      0.9881     0.9984
12592.000      0.9843     0.9984
12592.100      0.9791     0.9984
12592.200      0.9733     0.9984
12592.300      0.9681     0.9984
12592.400      0.9700     0.9984
12592.500      0.9737     0.9984
12592.600      0.9789     0.9984
12592.700      0.9841     0.9984
12592.800      0.9888     0.9984
12592.900      0.9931     0.9984
12593.000      0.9972     0.9984
12593.100      1.0007     0.9984
12593.200      1.0006     0.9984
12593.300      0.9996     0.9983
12593.400      0.9992     0.9983
12593.500      0.9989     0.9983
12593.600      0.9981     0.9983
12593.700      0.9969     0.9983
12593.800      0.9969     0.9982
12593.900      0.9981     0.9982
12594.000      0.9985     0.9982
12594.100      0.9982     0.9982
12594.200      0.9983     0.9982
12594.300      0.9993     0.9983
12594.400      1.0003     0.9983
12594.500      1.0010     0.9983
12594.600      0.9997     0.9983
12594.700      0.9924     0.9983
12594.800      0.9862     0.9983
12594.900      0.9861     0.9983
12595.000      0.9870     0.9983
12595.100      0.9884     0.9983
12595.200      0.9898     0.9983
12595.300      0.9884     0.9983
12595.400      0.9847     0.9983
12595.500      0.9755     0.9983
12595.600      0.9661     0.9983
12595.700      0.9618     0.9983
12595.800      0.9624     0.9983
12595.900      0.9693     0.9982
12596.000      0.9774     0.9982
12596.100      0.9845     0.9981
12596.200      0.9900     0.9981
12596.300      0.9939     0.9981
12596.400      0.9962     0.9982
12596.500      0.9971     0.9982
12596.600      0.9969     0.9982
12596.700      0.9960     0.9982
12596.800      0.9947     0.9982
12596.900      0.9933     0.9982
12597.000      0.9919     0.9980
12597.100      0.9917     0.9977
12597.200      0.9941     0.9972
12597.300      0.9963     0.9966
12597.400      0.9977     0.9961
12597.500      0.9979     0.9959
12597.600      0.9954     0.9962
12597.700      0.9931     0.9966
12597.800      0.9919     0.9972
12597.900      0.9908     0.9976
12598.000      0.9796     0.9979
12598.100      0.9683     0.9981
12598.200      0.9586     0.9981
12598.300      0.9513     0.9982
12598.400      0.9555     0.9982
12598.500      0.9621     0.9982
12598.600      0.9689     0.9982
12598.700      0.9760     0.9982
12598.800      0.9846     0.9982
12598.900      0.9936     0.9982
12599.000      0.9990     0.9982
12599.100      1.0009     0.9982
12599.200      1.0014     0.9982
12599.300      1.0015     0.9982
12599.400      1.0023     0.9982
12599.500      1.0039     0.9982
12599.600      1.0056     0.9982
12599.700      1.0072     0.9982
12599.800      1.0080     0.9981
12599.900      1.0068     0.9981
12600.000      1.0056     0.9981
12600.100      1.0051     0.9981
12600.200      1.0052     0.9980
12600.300      1.0060     0.9980
12600.400      1.0072     0.9979
12600.500      1.0087     0.9979
12600.600      1.0102     0.9977
12600.700      1.0069     0.9974
12600.800      1.0036     0.9963
12600.900      1.0010     0.9931
12601.000      0.9993     0.9854
12601.100      0.9997     0.9701
12601.200      1.0004     0.9462
12601.300      0.9948     0.9179
12601.400      0.9853     0.8951
12601.500      0.9734     0.8877
12601.600      0.9612     0.8995
12601.700      0.9530     0.9247
12601.800      0.9516     0.9526
12601.900      0.9570     0.9745
12602.000      0.9659     0.9878
12602.100      0.9757     0.9941
12602.200      0.9856     0.9966
12602.300      0.9939     0.9975
12602.400      0.9980     0.9978
12602.500      1.0000     0.9979
12602.600      1.0008     0.9979
12602.700      1.0009     0.9980
12602.800      1.0007     0.9980
12602.900      1.0006     0.9980
12603.000      1.0020     0.9980
12603.100      1.0030     0.9979
12603.200      0.9966     0.9978
12603.300      0.9903     0.9977
12603.400      0.9893     0.9977
12603.500      0.9902     0.9978
12603.600      0.9928     0.9979
12603.700      0.9955     0.9980
12603.800      0.9967     0.9981
12603.900      0.9966     0.9981
12604.000      0.9959     0.9981
12604.100      0.9939     0.9981
12604.200      0.9853     0.9981
12604.300      0.9709     0.9981
12604.400      0.9524     0.9981
12604.500      0.9328     0.9981
12604.600      0.9217     0.9981
12604.700      0.9233     0.9981
12604.800      0.9302     0.9981
12604.900      0.9400     0.9981
12605.000      0.9527     0.9981
12605.100      0.9668     0.9981
12605.200      0.9792     0.9981
12605.300      0.9858     0.9981
12605.400      0.9900     0.9981
12605.500      0.9927     0.9981
12605.600      0.9931     0.9981
12605.700      0.9904     0.9981
12605.800      0.9878     0.9981
12605.900      0.9861     0.9981
12606.000      0.9851     0.9981
12606.100      0.9851     0.9981
12606.200      0.9862     0.9981
12606.300      0.9897     0.9981
12606.400      0.9933     0.9981
12606.500      0.9941     0.9981
12606.600      0.9941     0.9981
12606.700      0.9944     0.9981
12606.800      0.9948     0.9981
12606.900      0.9923     0.9981
12607.000      0.9884     0.9981
12607.100      0.9846     0.9981
12607.200      0.9808     0.9981
12607.300      0.9748     0.9981
12607.400      0.9603     0.9981
12607.500      0.9227     0.9981
12607.600      0.8627     0.9981
12607.700      0.8033     0.9981
12607.800      0.7489     0.9981
12607.900      0.7078     0.9981
12608.000      0.7060     0.9981
12608.100      0.7311     0.9980
12608.200      0.7797     0.9980
12608.300      0.8330     0.9980
12608.400      0.8886     0.9980
12608.500      0.9436     0.9980
12608.600      0.9727     0.9980
12608.700      0.9895     0.9980
12608.800      0.9918     0.9980
12608.900      0.9937     0.9980
12609.000      0.9962     0.9980
12609.100      0.9988     0.9980
12609.200      1.0003     0.9980
12609.300      1.0009     0.9980
12609.400      1.0009     0.9980
12609.500      1.0008     0.9980
12609.600      1.0023     0.9980
12609.700      1.0045     0.9980
12609.800      1.0026     0.9980
12609.900      0.9974     0.9980
12610.000      0.9960     0.9980
12610.100      0.9986     0.9980
12610.200      1.0009     0.9980
12610.300      1.0023     0.9980
12610.400      1.0019     0.9980
12610.500      0.9995     0.9980
12610.600      0.9972     0.9980
12610.700      0.9951     0.9979
12610.800      0.9905     0.9979
12610.900      0.9716     0.9979
12611.000      0.9481     0.9979
12611.100      0.9215     0.9979
12611.200      0.8951     0.9979
12611.300      0.8890     0.9979
12611.400      0.8941     0.9979
12611.500      0.9119     0.9979
12611.600      0.9337     0.9979
12611.700      0.9585     0.9979
12611.800      0.9835     0.9978
12611.900      0.9966     0.9978
12612.000      1.0025     0.9978
12612.100      1.0039     0.9978
12612.200      1.0047     0.9977
12612.300      1.0063     0.9977
12612.400      1.0083     0.9977
12612.500      1.0103     0.9976
12612.600      1.0121     0.9976
12612.700      1.0115     0.9975
12612.800      1.0084     0.9974
12612.900      1.0055     0.9972
12613.000      1.0037     0.9968
12613.100      1.0036     0.9960
12613.200      1.0057     0.9949
12613.300      1.0069     0.9932
12613.400      1.0051     0.9907
12613.500      1.0035     0.9850
12613.600      1.0031     0.9720
12613.700      1.0035     0.9473
12613.800      1.0048     0.9104
12613.900      1.0061     0.8685
12614.000      1.0039     0.8348
12614.100      0.9975     0.8224
12614.200      0.9791     0.8364
12614.300      0.9548     0.8710
12614.400      0.9250     0.9132
12614.500      0.8947     0.9500
12614.600      0.8795     0.9747
12614.700      0.8781     0.9878
12614.800      0.8875     0.9936
12614.900      0.9043     0.9958
12615.000      0.9292     0.9966
12615.100      0.9562     0.9970
12615.200      0.9793     0.9972
12615.300      0.9942     0.9973
12615.400      0.9997     0.9974
12615.500      0.9998     0.9974
12615.600      0.9994     0.9973
12615.700      0.9989     0.9972
12615.800      0.9994     0.9971
12615.900      1.0023     0.9970
12616.000      1.0039     0.9971
12616.100      1.0014     0.9973
12616.200      0.9991     0.9975
12616.300      0.9988     0.9976
12616.400      1.0007     0.9977
12616.500      1.0064     0.9977
12616.600      1.0122     0.9977
12616.700      1.0107     0.9978
12616.800      1.0092     0.9978
12616.900      1.0087     0.9978
12617.000      1.0083     0.9978
12617.100      1.0073     0.9978
12617.200      1.0054     0.9978
12617.300      1.0014     0.9978
12617.400      0.9970     0.9978
12617.500      0.9932     0.9978
12617.600      0.9896     0.9978
12617.700      0.9762     0.9978
12617.800      0.9495     0.9978
12617.900      0.9126     0.9978
12618.000      0.8724     0.9978
12618.100      0.8403     0.9978
12618.200      0.8287     0.9978
12618.300      0.8338     0.9978
12618.400      0.8526     0.9978
12618.500      0.8807     0.9978
12618.600      0.9134     0.9978
12618.700      0.9442     0.9978
12618.800      0.9633     0.9978
12618.900      0.9736     0.9977
12619.000      0.9741     0.9976
12619.100      0.9748     0.9975
12619.200      0.9797     0.9974
12619.300      0.9846     0.9973
12619.400      0.9857     0.9973
12619.500      0.9850     0.9974
12619.600      0.9824     0.9976
12619.700      0.9795     0.9977
12619.800      0.9779     0.9977
12619.900      0.9779     0.9977
12620.000      0.9819     0.9978
12620.100      0.9868     0.9978
12620.200      0.9909     0.9978
12620.300      0.9937     0.9978
12620.400      0.9953     0.9977
12620.500      0.9958     0.9977
12620.600      0.9958     0.9977
12620.700      0.9953     0.9977
12620.800      0.9945     0.9977
12620.900      0.9932     0.9977
12621.000      0.9866     0.9977
12621.100      0.9650     0.9977
12621.200      0.9308     0.9977
12621.300      0.8871     0.9976
12621.400      0.8470     0.9976
12621.500      0.8297     0.9975
12621.600      0.8278     0.9975
12621.700      0.8418     0.9975
12621.800      0.8672     0.9976
12621.900      0.9040     0.9977
12622.000      0.9407     0.9977
12622.100      0.9716     0.9977
12622.200      0.9957     0.9977
12622.300      1.0022     0.9977
12622.400      1.0037     0.9977
12622.500      1.0024     0.9977
12622.600      1.0010     0.9977
12622.700      1.0010     0.9977
12622.800      1.0020     0.9977
12622.900      1.0032     0.9977
12623.000      1.0045     0.9977
12623.100      1.0043     0.9977
12623.200      1.0031     0.9977
12623.300      1.0032     0.9977
12623.400      1.0045     0.9977
12623.500      1.0049     0.9977
12623.600      1.0040     0.9977
12623.700      1.0035     0.9977
12623.800      1.0037     0.9977
12623.900      1.0039     0.9977
12624.000      1.0034     0.9977
12624.100      1.0023     0.9977
12624.200      1.0001     0.9977
12624.300      0.9971     0.9977
12624.400      0.9936     0.9977
12624.500      0.9886     0.9977
12624.600      0.9746     0.9977
12624.700      0.9496     0.9977
12624.800      0.8928     0.9976
12624.900      0.8265     0.9976
12625.000      0.7529     0.9976
12625.100      0.6789     0.9976
12625.200      0.6338     0.9976
12625.300      0.6215     0.9976
12625.400      0.6489     0.9976
12625.500      0.6985     0.9976
12625.600      0.7649     0.9976
12625.700      0.8344     0.9976
12625.800      0.8956     0.9976
12625.900      0.9394     0.9976
12626.000      0.9634     0.9976
12626.100      0.9743     0.9976
12626.200      0.9813     0.9976
12626.300      0.9864     0.9976
12626.400      0.9888     0.9976
12626.500      0.9897     0.9976
12626.600      0.9912     0.9976
12626.700      0.9945     0.9976
12626.800      0.9979     0.9975
12626.900      1.0015     0.9975
12627.000      1.0048     0.9975
12627.100      1.0054     0.9976
12627.200      1.0051     0.9975
12627.300      1.0040     0.9975
12627.400      1.0030     0.9975
12627.500      1.0041     0.9974
12627.600      1.0053     0.9973
12627.700      1.0056     0.9973
12627.800      1.0048     0.9974
12627.900      1.0025     0.9974
12628.000      0.9973     0.9975
12628.100      0.9868     0.9975
12628.200      0.9669     0.9975
12628.300      0.9252     0.9975
12628.400      0.8746     0.9975
12628.500      0.8289     0.9975
12628.600      0.7965     0.9975
12628.700      0.7846     0.9975
12628.800      0.7958     0.9975
12628.900      0.8239     0.9975
12629.000      0.8601     0.9975
12629.100      0.8976     0.9975
12629.200      0.9354     0.9975
12629.300      0.9694     0.9975
12629.400      0.9870     0.9975
12629.500      0.9969     0.9975
12629.600      1.0013     0.9975
12629.700      1.0031     0.9975
12629.800      1.0032     0.9975
12629.900      1.0031     0.9975
12630.000      1.0029     0.9975
12630.100      1.0024     0.9975
12630.200      1.0000     0.9975
12630.300      0.9975     0.9975
12630.400      0.9972     0.9975
12630.500      0.9974     0.9975
12630.600      0.9978     0.9975
12630.700      0.9982     0.9975
12630.800      0.9980     0.9975
12630.900      0.9975     0.9975
12631.000      1.0001     0.9975
12631.100      1.0045     0.9974
12631.200      1.0070     0.9974
12631.300      1.0067     0.9974
12631.400      1.0049     0.9974
12631.500      1.0026     0.9974
12631.600      1.0010     0.9974
12631.700      1.0006     0.9974
12631.800      1.0001     0.9974
12631.900      0.9994     0.9974
12632.000      0.9977     0.9974
12632.100      0.9909     0.9974
12632.200      0.9805     0.9974
12632.300      0.9660     0.9974
12632.400      0.9421     0.9974
12632.500      0.8895     0.9974
12632.600      0.8368     0.9974
12632.700      0.7967     0.9974
12632.800      0.7700     0.9974
12632.900      0.7742     0.9974
12633.000      0.7948     0.9974
12633.100      0.8297     0.9974
12633.200      0.8686     0.9974
12633.300      0.9102     0.9973
12633.400      0.9520     0.9973
12633.500      0.9750     0.9973
12633.600      0.9854     0.9973
12633.700      0.9922     0.9973
12633.800      0.9970     0.9973
12633.900      0.9995     0.9973
12634.000      1.0007     0.9974
12634.100      1.0011     0.9974
12634.200      1.0013     0.9973
12634.300      1.0026     0.9973
12634.400      1.0060     0.9973
12634.500      1.0069     0.9973
12634.600      1.0023     0.9973
12634.700      0.9994     0.9973
12634.800      1.0017     0.9973
12634.900      1.0040     0.9973
12635.000      1.0058     0.9973
12635.100      1.0064     0.9973
12635.200      1.0007     0.9973
12635.300      0.9950     0.9973
12635.400      0.9903     0.9973
12635.500      0.9856     0.9973
12635.600      0.9638     0.9973
12635.700      0.9283     0.9973
12635.800      0.8730     0.9973
12635.900      0.8153     0.9973
12636.000      0.7744     0.9973
12636.100      0.7547     0.9973
12636.200      0.7568     0.9973
12636.300      0.7771     0.9973
12636.400      0.8171     0.9973
12636.500      0.8627     0.9973
12636.600      0.9074     0.9973
12636.700      0.9483     0.9973
12636.800      0.9769     0.9973
12636.900      0.9900     0.9973
12637.000      0.9980     0.9973
12637.100      1.0034     0.9973
12637.200      1.0051     0.9972
12637.300      1.0044     0.9972
12637.400      1.0046     0.9972
12637.500      1.0074     0.9972
12637.600      1.0096     0.9972
12637.700      1.0082     0.9972
12637.800      1.0069     0.9972
12637.900      1.0075     0.9972
12638.000      1.0081     0.9972
12638.100      1.0041     0.9972
12638.200      1.0001     0.9970
12638.300      0.9980     0.9967
12638.400      0.9974     0.9960
12638.500      0.9991     0.9949
12638.600      1.0012     0.9939
12638.700      0.9992     0.9934
12638.800      0.9958     0.9938
12638.900      0.9931     0.9949
12639.000      0.9918     0.9959
12639.100      0.9952     0.9967
12639.200      1.0011     0.9970
12639.300      1.0026     0.9971
12639.400      1.0001     0.9972
12639.500      0.9991     0.9972
12639.600      0.9999     0.9972
12639.700      1.0001     0.9972
12639.800      0.9973     0.9972
12639.900      0.9912     0.9971
12640.000      0.9778     0.9971
12640.100      0.9489     0.9971
12640.200      0.8925     0.9971
12640.300      0.8362     0.9971
12640.400      0.7864     0.9971
12640.500      0.7460     0.9971
12640.600      0.7459     0.9971
12640.700      0.7638     0.9971
12640.800      0.7963     0.9971
12640.900      0.8371     0.9971
12641.000      0.8863     0.9971
12641.100      0.9359     0.9971
12641.200      0.9669     0.9971
12641.300      0.9842     0.9971
12641.400      0.9898     0.9971
12641.500      0.9922     0.9971
12641.600      0.9935     0.9971
12641.700      0.9942     0.9971
12641.800      0.9943     0.9971
12641.900      0.9934     0.9971
12642.000      0.9899     0.9971
12642.100      0.9802     0.9971
12642.200      0.9629     0.9971
12642.300      0.9343     0.9971
12642.400      0.8921     0.9970
12642.500      0.8401     0.9970
12642.600      0.7937     0.9970
12642.700      0.7734     0.9970
12642.800      0.7728     0.9970
12642.900      0.7921     0.9970
12643.000      0.8201     0.9970
12643.100      0.8538     0.9970
12643.200      0.8870     0.9970
12643.300      0.8994     0.9970
12643.400      0.8920     0.9970
12643.500      0.8364     0.9970
12643.600      0.7790     0.9970
12643.700      0.7380     0.9970
12643.800      0.7154     0.9970
12643.900      0.7201     0.9970
12644.000      0.7440     0.9970
12644.100      0.7859     0.9970
12644.200      0.8329     0.9970
12644.300      0.8823     0.9970
12644.400      0.9319     0.9970
12644.500      0.9678     0.9970
12644.600      0.9851     0.9970
12644.700      0.9901     0.9969
12644.800      0.9907     0.9969
12644.900      0.9926     0.9969
12645.000      0.9965     0.9969
12645.100      1.0000     0.9969
12645.200      1.0024     0.9969
12645.300      1.0039     0.9969
12645.400      1.0044     0.9969
12645.500      1.0043     0.9969
12645.600      1.0038     0.9969
12645.700      1.0026     0.9969
12645.800      1.0004     0.9969
12645.900      0.9984     0.9969
12646.000      1.0022     0.9969
12646.100      1.0060     0.9969
12646.200      1.0038     0.9969
12646.300      1.0013     0.9969
12646.400      1.0004     0.9969
12646.500      1.0012     0.9969
12646.600      1.0050     0.9969
12646.700      1.0093     0.9969
12646.800      1.0111     0.9969
12646.900      1.0101     0.9969
12647.000      1.0059     0.9969
12647.100      1.0007     0.9969
12647.200      0.9975     0.9969
12647.300      0.9970     0.9968
12647.400      0.9985     0.9968
12647.500      1.0008     0.9968
12647.600      1.0030     0.9968
12647.700      1.0053     0.9968
12647.800      1.0055     0.9968
12647.900      0.9962     0.9968
12648.000      0.9789     0.9968
12648.100      0.9506     0.9968
12648.200      0.9075     0.9968
12648.300      0.8454     0.9966
12648.400      0.7850     0.9963
12648.500      0.7519     0.9959
12648.600      0.7395     0.9953
12648.700      0.7558     0.9950
12648.800      0.7874     0.9951
12648.900      0.8346     0.9955
12649.000      0.8823     0.9960
12649.100      0.9279     0.9964
12649.200      0.9693     0.9966
12649.300      0.9877     0.9967
12649.400      0.9973     0.9966
12649.500      1.0052     0.9966
12649.600      1.0111     0.9965
12649.700      1.0124     0.9965
12649.800      1.0083     0.9966
12649.900      1.0028     0.9966
12650.000      0.9992     0.9967
12650.100      0.9955     0.9967
12650.200      0.9918     0.9967
12650.300      0.9881     1.0000
12650.400      0.9845     1.0000
12650.500      0.9808     1.0000
12650.600      0.9771     1.0000
12650.700      0.9734     1.0000
12650.800      0.9698     1.0000
12650.900      0.9661     1.0000
12651.000      0.9624     1.0000
