# t09572g430x+000m0                                           
# 1063510931.kgf                                              
# data\m52.fits                                               
# xmin,xmax,dshft,yshift,fz:  10487.00  11079.00   0.00000   0.00000   1.00000
# vw,rp,ifabs:   0.0    28300.   0
#                                                                     
# wave(A)   obs.spec.  the.spec.  overplot1  overplot2  overplot3  overplot4
10635.000      1.0504     1.0000
10635.100      1.0457     1.0000
10635.200      1.0410     1.0000
10635.300      1.0362     1.0000
10635.400      1.0315     1.0000
10635.500      1.0268     1.0000
10635.600      1.0220     1.0000
10635.700      1.0173     0.9992
10635.800      1.0126     0.9992
10635.900      1.0079     0.9992
10636.000      1.0031     0.9992
10636.100      0.9984     0.9992
10636.200      0.9937     0.9992
10636.300      0.9964     0.9993
10636.400      0.9999     0.9993
10636.500      1.0063     0.9993
10636.600      1.0094     0.9993
10636.700      1.0069     0.9993
10636.800      1.0041     0.9993
10636.900      1.0014     0.9993
10637.000      1.0029     0.9992
10637.100      1.0056     0.9992
10637.200      1.0080     0.9992
10637.300      1.0092     0.9992
10637.400      1.0070     0.9992
10637.500      1.0050     0.9992
10637.600      1.0041     0.9992
10637.700      1.0067     0.9992
10637.800      1.0110     0.9992
10637.900      1.0110     0.9992
10638.000      1.0079     0.9992
10638.100      1.0033     0.9992
10638.200      0.9997     0.9992
10638.300      1.0005     0.9992
10638.400      1.0002     0.9992
10638.500      0.9977     0.9992
10638.600      0.9953     0.9992
10638.700      0.9930     0.9992
10638.800      0.9952     0.9992
10638.900      0.9988     0.9992
10639.000      0.9961     0.9992
10639.100      0.9940     0.9992
10639.200      0.9949     0.9992
10639.300      0.9947     0.9992
10639.400      0.9927     0.9992
10639.500      0.9931     0.9992
10639.600      0.9954     0.9992
10639.700      0.9970     0.9992
10639.800      0.9972     0.9992
10639.900      0.9917     0.9992
10640.000      0.9865     0.9992
10640.100      0.9853     0.9992
10640.200      0.9874     0.9992
10640.300      0.9914     0.9992
10640.400      0.9939     0.9992
10640.500      0.9952     0.9992
10640.600      0.9970     0.9992
10640.700      0.9991     0.9992
10640.800      0.9990     0.9992
10640.900      0.9989     0.9992
10641.000      0.9997     0.9992
10641.100      1.0018     0.9992
10641.200      1.0046     0.9992
10641.300      1.0063     0.9992
10641.400      1.0054     0.9992
10641.500      1.0015     0.9992
10641.600      0.9963     0.9992
10641.700      0.9904     0.9992
10641.800      0.9849     0.9992
10641.900      0.9838     0.9992
10642.000      0.9874     0.9992
10642.100      0.9942     0.9992
10642.200      1.0001     0.9992
10642.300      1.0033     0.9992
10642.400      1.0014     0.9992
10642.500      0.9983     0.9992
10642.600      0.9954     0.9992
10642.700      0.9928     0.9992
10642.800      0.9925     0.9992
10642.900      0.9951     0.9992
10643.000      0.9997     0.9992
10643.100      1.0026     0.9992
10643.200      1.0023     0.9992
10643.300      0.9991     0.9991
10643.400      0.9954     0.9990
10643.500      0.9957     0.9985
10643.600      0.9981     0.9971
10643.700      1.0020     0.9939
10643.800      1.0029     0.9891
10643.900      0.9983     0.9845
10644.000      0.9949     0.9832
10644.100      0.9944     0.9862
10644.200      0.9978     0.9912
10644.300      1.0021     0.9955
10644.400      1.0032     0.9979
10644.500      1.0021     0.9988
10644.600      0.9994     0.9991
10644.700      0.9964     0.9992
10644.800      0.9933     0.9992
10644.900      0.9918     0.9992
10645.000      0.9946     0.9992
10645.100      1.0030     0.9992
10645.200      1.0127     0.9992
10645.300      1.0140     0.9992
10645.400      1.0112     0.9992
10645.500      1.0057     0.9991
10645.600      1.0012     0.9990
10645.700      1.0002     0.9987
10645.800      1.0020     0.9985
10645.900      1.0055     0.9985
10646.000      1.0101     0.9986
10646.100      1.0148     0.9989
10646.200      1.0162     0.9991
10646.300      1.0174     0.9992
10646.400      1.0204     0.9992
10646.500      1.0277     0.9992
10646.600      1.0422     0.9992
10646.700      1.0604     0.9992
10646.800      1.0796     0.9992
10646.900      1.0892     0.9992
10647.000      1.0822     0.9992
10647.100      1.0464     0.9992
10647.200      1.0087     0.9992
10647.300      0.9747     0.9992
10647.400      0.9450     0.9991
10647.500      0.9209     0.9991
10647.600      0.8997     0.9991
10647.700      0.8817     0.9991
10647.800      0.8695     0.9991
10647.900      0.8639     0.9992
10648.000      0.8665     0.9992
10648.100      0.8694     0.9992
10648.200      0.8691     0.9992
10648.300      0.8690     0.9992
10648.400      0.8698     0.9992
10648.500      0.8790     0.9992
10648.600      0.8959     0.9992
10648.700      0.9123     0.9992
10648.800      0.9272     0.9992
10648.900      0.9301     0.9992
10649.000      0.9323     0.9992
10649.100      0.9437     0.9992
10649.200      0.9651     0.9992
10649.300      0.9976     0.9992
10649.400      1.0363     0.9992
10649.500      1.0768     0.9992
10649.600      1.1046     0.9992
10649.700      1.1204     0.9992
10649.800      1.1294     0.9992
10649.900      1.1402     0.9992
10650.000      1.1712     0.9992
10650.100      1.2005     0.9991
10650.200      1.2173     0.9991
10650.300      1.2147     0.9990
10650.400      1.1888     0.9990
10650.500      1.1425     0.9990
10650.600      1.0920     0.9991
10650.700      1.0496     0.9991
10650.800      1.0196     0.9992
10650.900      1.0118     0.9992
10651.000      1.0110     0.9992
10651.100      1.0132     0.9992
10651.200      1.0147     0.9992
10651.300      1.0146     0.9992
10651.400      1.0131     0.9992
10651.500      1.0099     0.9992
10651.600      1.0028     0.9991
10651.700      0.9958     0.9991
10651.800      0.9943     0.9991
10651.900      0.9942     0.9991
10652.000      0.9948     0.9991
10652.100      0.9931     0.9991
10652.200      0.9887     0.9991
10652.300      0.9874     0.9991
10652.400      0.9883     0.9990
10652.500      0.9901     0.9988
10652.600      0.9918     0.9981
10652.700      0.9935     0.9961
10652.800      0.9948     0.9921
10652.900      0.9949     0.9870
10653.000      0.9930     0.9834
10653.100      0.9897     0.9838
10653.200      0.9881     0.9879
10653.300      0.9874     0.9930
10653.400      0.9866     0.9966
10653.500      0.9857     0.9983
10653.600      0.9834     0.9989
10653.700      0.9818     0.9991
10653.800      0.9834     0.9991
10653.900      0.9872     0.9991
10654.000      0.9918     0.9991
10654.100      0.9927     0.9991
10654.200      0.9916     0.9991
10654.300      0.9917     0.9990
10654.400      0.9933     0.9989
10654.500      0.9971     0.9988
10654.600      0.9999     0.9988
10654.700      0.9999     0.9989
10654.800      0.9999     0.9990
10654.900      1.0000     0.9991
10655.000      0.9998     0.9991
10655.100      0.9989     0.9991
10655.200      0.9976     0.9989
10655.300      0.9965     0.9983
10655.400      0.9983     0.9968
10655.500      0.9994     0.9944
10655.600      0.9987     0.9924
10655.700      0.9978     0.9924
10655.800      0.9969     0.9944
10655.900      0.9962     0.9968
10656.000      0.9960     0.9983
10656.100      0.9965     0.9989
10656.200      0.9972     0.9991
10656.300      0.9972     0.9991
10656.400      0.9965     0.9991
10656.500      0.9948     0.9991
10656.600      0.9929     0.9991
10656.700      0.9911     0.9991
10656.800      0.9918     0.9991
10656.900      0.9940     0.9991
10657.000      0.9955     0.9991
10657.100      0.9958     0.9991
10657.200      0.9937     0.9991
10657.300      0.9923     0.9991
10657.400      0.9930     0.9991
10657.500      0.9942     0.9991
10657.600      0.9956     0.9991
10657.700      0.9963     0.9991
10657.800      0.9966     0.9991
10657.900      0.9980     0.9991
10658.000      0.9995     0.9991
10658.100      0.9961     0.9990
10658.200      0.9941     0.9990
10658.300      0.9970     0.9990
10658.400      0.9996     0.9990
10658.500      1.0014     0.9991
10658.600      1.0002     0.9991
10658.700      0.9975     0.9991
10658.800      0.9951     0.9991
10658.900      0.9932     0.9991
10659.000      0.9942     0.9990
10659.100      0.9936     0.9990
10659.200      0.9870     0.9990
10659.300      0.9837     0.9990
10659.400      0.9882     0.9990
10659.500      0.9983     0.9990
10659.600      1.0098     0.9990
10659.700      1.0109     0.9990
10659.800      1.0077     0.9990
10659.900      1.0033     0.9989
10660.000      0.9997     0.9989
10660.100      1.0003     0.9989
10660.200      1.0031     0.9988
10660.300      1.0066     0.9987
10660.400      1.0074     0.9981
10660.500      1.0047     0.9956
10660.600      0.9995     0.9873
10660.700      0.9941     0.9676
10660.800      0.9925     0.9363
10660.900      0.9948     0.9071
10661.000      1.0011     0.9002
10661.100      1.0065     0.9210
10661.200      1.0090     0.9536
10661.300      1.0072     0.9793
10661.400      1.0038     0.9922
10661.500      1.0028     0.9966
10661.600      1.0033     0.9977
10661.700      1.0044     0.9977
10661.800      1.0051     0.9975
10661.900      1.0036     0.9973
10662.000      1.0025     0.9973
10662.100      1.0020     0.9975
10662.200      1.0013     0.9978
10662.300      1.0005     0.9981
10662.400      1.0002     0.9983
10662.500      1.0006     0.9984
10662.600      1.0042     0.9984
10662.700      1.0074     0.9984
10662.800      1.0072     0.9984
10662.900      1.0035     0.9982
10663.000      0.9977     0.9980
10663.100      0.9976     0.9978
10663.200      1.0017     0.9975
10663.300      1.0062     0.9973
10663.400      1.0107     0.9974
10663.500      1.0065     0.9976
10663.600      1.0033     0.9979
10663.700      1.0055     0.9982
10663.800      1.0075     0.9984
10663.900      1.0082     0.9986
10664.000      1.0051     0.9987
10664.100      0.9999     0.9987
10664.200      0.9994     0.9988
10664.300      1.0002     0.9988
10664.400      1.0002     0.9988
10664.500      0.9986     0.9988
10664.600      0.9932     0.9985
10664.700      0.9899     0.9980
10664.800      0.9900     0.9974
10664.900      0.9887     0.9968
10665.000      0.9865     0.9968
10665.100      0.9883     0.9974
10665.200      0.9915     0.9981
10665.300      0.9947     0.9986
10665.400      0.9973     0.9989
10665.500      0.9970     0.9989
10665.600      0.9963     0.9990
10665.700      0.9956     0.9990
10665.800      0.9949     0.9990
10665.900      0.9944     0.9990
10666.000      0.9952     0.9990
10666.100      0.9971     0.9990
10666.200      1.0000     0.9990
10666.300      1.0029     0.9990
10666.400      1.0057     0.9990
10666.500      1.0069     0.9990
10666.600      1.0042     0.9990
10666.700      0.9998     0.9990
10666.800      0.9949     0.9990
10666.900      0.9956     0.9990
10667.000      0.9980     0.9989
10667.100      0.9979     0.9989
10667.200      0.9972     0.9989
10667.300      0.9964     0.9988
10667.400      0.9974     0.9987
10667.500      1.0017     0.9987
10667.600      1.0042     0.9988
10667.700      1.0054     0.9988
10667.800      1.0067     0.9989
10667.900      1.0080     0.9989
10668.000      1.0056     0.9990
10668.100      1.0035     0.9990
10668.200      1.0048     0.9989
10668.300      1.0058     0.9989
10668.400      1.0054     0.9988
10668.500      1.0032     0.9986
10668.600      1.0002     0.9985
10668.700      1.0017     0.9985
10668.800      1.0046     0.9986
10668.900      1.0055     0.9988
10669.000      1.0026     0.9989
10669.100      0.9927     0.9989
10669.200      0.9846     0.9990
10669.300      0.9836     0.9990
10669.400      0.9897     0.9990
10669.500      0.9985     0.9990
10669.600      0.9996     0.9990
10669.700      0.9980     0.9990
10669.800      0.9964     0.9990
10669.900      0.9946     0.9990
10670.000      0.9925     0.9990
10670.100      0.9905     0.9990
10670.200      0.9887     0.9990
10670.300      0.9885     0.9990
10670.400      0.9898     0.9990
10670.500      0.9915     0.9990
10670.600      0.9933     0.9989
10670.700      0.9935     0.9989
10670.800      0.9936     0.9989
10670.900      0.9941     0.9989
10671.000      0.9957     0.9989
10671.100      0.9988     0.9989
10671.200      1.0014     0.9989
10671.300      1.0029     0.9989
10671.400      1.0031     0.9989
10671.500      1.0029     0.9989
10671.600      1.0038     0.9989
10671.700      1.0045     0.9989
10671.800      1.0039     0.9989
10671.900      1.0035     0.9988
10672.000      1.0036     0.9988
10672.100      1.0036     0.9987
10672.200      1.0034     0.9987
10672.300      1.0029     0.9987
10672.400      1.0023     0.9988
10672.500      1.0024     0.9988
10672.600      1.0025     0.9988
10672.700      1.0017     0.9988
10672.800      1.0022     0.9988
10672.900      1.0053     0.9988
10673.000      1.0057     0.9988
10673.100      1.0031     0.9987
10673.200      1.0003     0.9986
10673.300      0.9975     0.9984
10673.400      1.0002     0.9981
10673.500      1.0034     0.9976
10673.600      1.0040     0.9968
10673.700      1.0028     0.9958
10673.800      1.0005     0.9943
10673.900      0.9995     0.9932
10674.000      0.9999     0.9933
10674.100      0.9998     0.9946
10674.200      0.9995     0.9961
10674.300      0.9990     0.9973
10674.400      0.9976     0.9977
10674.500      0.9918     0.9977
10674.600      0.9875     0.9975
10674.700      0.9887     0.9971
10674.800      0.9924     0.9967
10674.900      0.9967     0.9961
10675.000      0.9985     0.9952
10675.100      0.9975     0.9935
10675.200      0.9948     0.9899
10675.300      0.9920     0.9824
10675.400      0.9900     0.9684
10675.500      0.9880     0.9478
10675.600      0.9856     0.9255
10675.700      0.9834     0.9095
10675.800      0.9813     0.9056
10675.900      0.9791     0.9135
10676.000      0.9769     0.9293
10676.100      0.9762     0.9482
10676.200      0.9780     0.9660
10676.300      0.9845     0.9796
10676.400      0.9909     0.9882
10676.500      0.9964     0.9928
10676.600      0.9990     0.9950
10676.700      0.9982     0.9962
10676.800      0.9964     0.9968
10676.900      0.9941     0.9973
10677.000      0.9916     0.9976
10677.100      0.9891     0.9978
10677.200      0.9882     0.9979
10677.300      0.9891     0.9981
10677.400      0.9919     0.9982
10677.500      0.9945     0.9983
10677.600      0.9968     0.9983
10677.700      0.9986     0.9984
10677.800      0.9990     0.9984
10677.900      0.9950     0.9985
10678.000      0.9907     0.9985
10678.100      0.9898     0.9985
10678.200      0.9885     0.9986
10678.300      0.9861     0.9986
10678.400      0.9844     0.9986
10678.500      0.9841     0.9986
10678.600      0.9852     0.9986
10678.700      0.9867     0.9986
10678.800      0.9821     0.9987
10678.900      0.9767     0.9987
10679.000      0.9725     0.9987
10679.100      0.9716     0.9987
10679.200      0.9759     0.9987
10679.300      0.9804     0.9987
10679.400      0.9850     0.9987
10679.500      0.9895     0.9987
10679.600      0.9936     0.9987
10679.700      0.9933     0.9987
10679.800      0.9907     0.9987
10679.900      0.9871     0.9987
10680.000      0.9830     0.9986
10680.100      0.9787     0.9986
10680.200      0.9781     0.9986
10680.300      0.9821     0.9986
10680.400      0.9845     0.9986
10680.500      0.9852     0.9986
10680.600      0.9855     0.9985
10680.700      0.9845     0.9985
10680.800      0.9799     0.9985
10680.900      0.9758     0.9984
10681.000      0.9746     0.9983
10681.100      0.9764     0.9979
10681.200      0.9798     0.9973
10681.300      0.9813     0.9966
10681.400      0.9812     0.9961
10681.500      0.9803     0.9963
10681.600      0.9794     0.9968
10681.700      0.9796     0.9972
10681.800      0.9813     0.9973
10681.900      0.9846     0.9973
10682.000      0.9872     0.9971
10682.100      0.9880     0.9968
10682.200      0.9869     0.9962
10682.300      0.9852     0.9950
10682.400      0.9845     0.9918
10682.500      0.9846     0.9821
10682.600      0.9850     0.9562
10682.700      0.9871     0.9035
10682.800      0.9926     0.8254
10682.900      0.9964     0.7428
10683.000      0.9966     0.6842
10683.100      0.9952     0.6685
10683.200      0.9934     0.6999
10683.300      0.9918     0.7695
10683.400      0.9903     0.8538
10683.500      0.9893     0.9247
10683.600      0.9898     0.9675
10683.700      0.9929     0.9865
10683.800      0.9952     0.9931
10683.900      0.9955     0.9953
10684.000      0.9931     0.9961
10684.100      0.9897     0.9965
10684.200      0.9892     0.9967
10684.300      0.9910     0.9968
10684.400      0.9945     0.9968
10684.500      0.9975     0.9966
10684.600      0.9980     0.9959
10684.700      0.9965     0.9930
10684.800      0.9939     0.9829
10684.900      0.9937     0.9557
10685.000      0.9950     0.9020
10685.100      0.9951     0.8261
10685.200      0.9950     0.7514
10685.300      0.9957     0.7072
10685.400      0.9957     0.7107
10685.500      0.9930     0.7607
10685.600      0.9911     0.8374
10685.700      0.9903     0.9114
10685.800      0.9882     0.9612
10685.900      0.9833     0.9854
10686.000      0.9754     0.9941
10686.100      0.9657     0.9966
10686.200      0.9545     0.9973
10686.300      0.9435     0.9976
10686.400      0.9342     0.9978
10686.500      0.9255     0.9979
10686.600      0.9175     0.9980
10686.700      0.9102     0.9981
10686.800      0.9040     0.9982
10686.900      0.8996     0.9982
10687.000      0.8956     0.9983
10687.100      0.8918     0.9983
10687.200      0.8898     0.9983
10687.300      0.8944     0.9983
10687.400      0.8996     0.9982
10687.500      0.9049     0.9981
10687.600      0.9090     0.9981
10687.700      0.9124     0.9981
10687.800      0.9168     0.9982
10687.900      0.9227     0.9982
10688.000      0.9305     0.9983
10688.100      0.9383     0.9983
10688.200      0.9456     0.9983
10688.300      0.9499     0.9983
10688.400      0.9497     0.9982
10688.500      0.9489     0.9982
10688.600      0.9476     0.9981
10688.700      0.9454     0.9981
10688.800      0.9424     0.9980
10688.900      0.9382     0.9978
10689.000      0.9344     0.9976
10689.100      0.9336     0.9973
10689.200      0.9336     0.9963
10689.300      0.9338     0.9937
10689.400      0.9313     0.9874
10689.500      0.9268     0.9760
10689.600      0.9234     0.9626
10689.700      0.9222     0.9550
10689.800      0.9282     0.9588
10689.900      0.9345     0.9709
10690.000      0.9408     0.9831
10690.100      0.9477     0.9905
10690.200      0.9554     0.9934
10690.300      0.9625     0.9937
10690.400      0.9692     0.9925
10690.500      0.9767     0.9894
10690.600      0.9844     0.9815
10690.700      0.9916     0.9615
10690.800      0.9972     0.9184
10690.900      0.9986     0.8473
10691.000      1.0011     0.7613
10691.100      1.0053     0.6873
10691.200      1.0085     0.6478
10691.300      1.0095     0.6524
10691.400      1.0067     0.7001
10691.500      1.0031     0.7792
10691.600      1.0005     0.8649
10691.700      0.9987     0.9313
10691.800      0.9982     0.9690
10691.900      0.9994     0.9853
10692.000      1.0020     0.9913
10692.100      1.0035     0.9937
10692.200      1.0035     0.9949
10692.300      1.0023     0.9956
10692.400      1.0009     0.9962
10692.500      1.0040     0.9966
10692.600      1.0068     0.9969
10692.700      1.0067     0.9970
10692.800      1.0048     0.9970
10692.900      1.0019     0.9966
10693.000      1.0002     0.9959
10693.100      1.0000     0.9952
10693.200      1.0000     0.9951
10693.300      1.0001     0.9957
10693.400      0.9940     0.9965
10693.500      0.9876     0.9971
10693.600      0.9826     0.9972
10693.700      0.9813     0.9966
10693.800      0.9846     0.9944
10693.900      0.9863     0.9885
10694.000      0.9834     0.9764
10694.100      0.9720     0.9596
10694.200      0.9569     0.9463
10694.300      0.9407     0.9461
10694.400      0.9246     0.9590
10694.500      0.9109     0.9759
10694.600      0.8998     0.9883
10694.700      0.8926     0.9945
10694.800      0.8902     0.9969
10694.900      0.8902     0.9977
10695.000      0.8907     0.9980
10695.100      0.8912     0.9982
10695.200      0.8891     0.9983
10695.300      0.8869     0.9984
10695.400      0.8861     0.9984
10695.500      0.8878     0.9985
10695.600      0.8916     0.9985
10695.700      0.8953     0.9985
10695.800      0.8989     0.9985
10695.900      0.9031     0.9986
10696.000      0.9087     0.9986
10696.100      0.9195     0.9986
10696.200      0.9330     0.9986
10696.300      0.9481     0.9986
10696.400      0.9631     0.9986
10696.500      0.9774     0.9986
10696.600      0.9884     0.9986
10696.700      0.9944     0.9986
10696.800      0.9972     0.9986
10696.900      0.9982     0.9987
10697.000      0.9976     0.9987
10697.100      0.9972     0.9987
10697.200      0.9988     0.9987
10697.300      0.9993     0.9987
10697.400      0.9972     0.9987
10697.500      0.9967     0.9987
10697.600      0.9976     0.9987
10697.700      0.9985     0.9987
10697.800      0.9994     0.9987
10697.900      0.9950     0.9987
10698.000      0.9903     0.9987
10698.100      0.9868     0.9987
10698.200      0.9849     0.9987
10698.300      0.9843     0.9987
10698.400      0.9829     0.9987
10698.500      0.9807     0.9987
10698.600      0.9792     0.9987
10698.700      0.9791     0.9987
10698.800      0.9841     0.9987
10698.900      0.9895     0.9987
10699.000      0.9929     0.9987
10699.100      0.9935     0.9987
10699.200      0.9914     0.9987
10699.300      0.9902     0.9987
10699.400      0.9913     0.9987
10699.500      0.9953     0.9987
10699.600      1.0001     0.9987
10699.700      1.0018     0.9987
10699.800      1.0023     0.9987
10699.900      1.0022     0.9987
10700.000      1.0023     0.9985
10700.100      1.0028     0.9979
10700.200      1.0010     0.9959
10700.300      0.9956     0.9918
10700.400      0.9885     0.9858
10700.500      0.9812     0.9806
10700.600      0.9807     0.9797
10700.700      0.9857     0.9837
10700.800      0.9956     0.9898
10700.900      1.0047     0.9947
10701.000      1.0092     0.9973
10701.100      1.0084     0.9983
10701.200      1.0035     0.9986
10701.300      0.9970     0.9987
10701.400      0.9902     0.9987
10701.500      0.9860     0.9987
10701.600      0.9845     0.9987
10701.700      0.9865     0.9987
10701.800      0.9882     0.9987
10701.900      0.9885     0.9987
10702.000      0.9849     0.9987
10702.100      0.9785     0.9987
10702.200      0.9733     0.9987
10702.300      0.9710     0.9987
10702.400      0.9792     0.9987
10702.500      0.9885     0.9987
10702.600      0.9961     0.9987
10702.700      1.0003     0.9987
10702.800      0.9998     0.9986
10702.900      0.9997     0.9985
10703.000      1.0000     0.9985
10703.100      0.9985     0.9985
10703.200      0.9962     0.9985
10703.300      0.9944     0.9986
10703.400      0.9937     0.9986
10703.500      0.9964     0.9986
10703.600      0.9989     0.9986
10703.700      1.0004     0.9986
10703.800      1.0015     0.9986
10703.900      1.0023     0.9986
10704.000      1.0033     0.9985
10704.100      1.0045     0.9984
10704.200      1.0043     0.9984
10704.300      1.0033     0.9985
10704.400      1.0015     0.9986
10704.500      1.0002     0.9986
10704.600      1.0000     0.9986
10704.700      1.0005     0.9986
10704.800      1.0012     0.9986
10704.900      0.9998     0.9986
10705.000      0.9975     0.9986
10705.100      0.9956     0.9986
10705.200      0.9949     0.9986
10705.300      0.9969     0.9986
10705.400      0.9985     0.9985
10705.500      0.9984     0.9985
10705.600      0.9972     0.9985
10705.700      0.9956     0.9985
10705.800      0.9955     0.9984
10705.900      0.9967     0.9984
10706.000      0.9982     0.9983
10706.100      0.9996     0.9983
10706.200      1.0003     0.9982
10706.300      0.9998     0.9981
10706.400      0.9981     0.9979
10706.500      0.9964     0.9976
10706.600      0.9948     0.9966
10706.700      0.9941     0.9931
10706.800      0.9939     0.9813
10706.900      0.9928     0.9510
10707.000      0.9917     0.8943
10707.100      0.9907     0.8188
10707.200      0.9904     0.7505
10707.300      0.9910     0.7175
10707.400      0.9911     0.7338
10707.500      0.9907     0.7925
10707.600      0.9905     0.8689
10707.700      0.9906     0.9340
10707.800      0.9906     0.9733
10707.900      0.9903     0.9903
10708.000      0.9890     0.9958
10708.100      0.9891     0.9973
10708.200      0.9936     0.9978
10708.300      0.9980     0.9980
10708.400      1.0016     0.9981
10708.500      0.9996     0.9982
10708.600      0.9950     0.9983
10708.700      0.9938     0.9983
10708.800      0.9933     0.9984
10708.900      0.9923     0.9984
10709.000      0.9900     0.9984
10709.100      0.9860     0.9985
10709.200      0.9838     0.9985
10709.300      0.9853     0.9984
10709.400      0.9885     0.9984
10709.500      0.9922     0.9982
10709.600      0.9947     0.9979
10709.700      0.9963     0.9976
10709.800      0.9972     0.9977
10709.900      0.9965     0.9979
10710.000      0.9933     0.9982
10710.100      0.9887     0.9984
10710.200      0.9830     0.9985
10710.300      0.9761     0.9985
10710.400      0.9685     0.9985
10710.500      0.9606     0.9986
10710.600      0.9525     0.9985
10710.700      0.9444     0.9985
10710.800      0.9364     0.9983
10710.900      0.9292     0.9981
10711.000      0.9242     0.9978
10711.100      0.9230     0.9978
10711.200      0.9248     0.9980
10711.300      0.9274     0.9983
10711.400      0.9300     0.9985
10711.500      0.9325     0.9986
10711.600      0.9354     0.9986
10711.700      0.9381     0.9986
10711.800      0.9404     0.9986
10711.900      0.9429     0.9986
10712.000      0.9461     0.9986
10712.100      0.9496     0.9986
10712.200      0.9535     0.9986
10712.300      0.9580     0.9986
10712.400      0.9636     0.9986
10712.500      0.9720     0.9986
10712.600      0.9800     0.9986
10712.700      0.9865     0.9985
10712.800      0.9925     0.9985
10712.900      0.9982     0.9985
10713.000      1.0004     0.9983
10713.100      1.0000     0.9975
10713.200      0.9990     0.9954
10713.300      0.9979     0.9913
10713.400      1.0004     0.9859
10713.500      1.0026     0.9818
10713.600      1.0037     0.9820
10713.700      1.0038     0.9862
10713.800      1.0032     0.9916
10713.900      1.0017     0.9956
10714.000      1.0000     0.9976
10714.100      0.9986     0.9983
10714.200      0.9980     0.9984
10714.300      0.9992     0.9985
10714.400      1.0005     0.9984
10714.500      1.0015     0.9984
10714.600      1.0020     0.9984
10714.700      1.0015     0.9984
10714.800      0.9998     0.9985
10714.900      0.9977     0.9985
10715.000      0.9964     0.9985
10715.100      0.9962     0.9985
10715.200      0.9976     0.9985
10715.300      0.9985     0.9985
10715.400      0.9968     0.9985
10715.500      0.9952     0.9985
10715.600      0.9939     0.9985
10715.700      0.9929     0.9985
10715.800      0.9924     0.9985
10715.900      0.9935     0.9985
10716.000      0.9949     0.9985
10716.100      0.9962     0.9985
10716.200      0.9968     0.9985
10716.300      0.9949     0.9985
10716.400      0.9957     0.9985
10716.500      1.0008     0.9984
10716.600      1.0024     0.9983
10716.700      1.0007     0.9982
10716.800      0.9985     0.9982
10716.900      0.9962     0.9983
10717.000      0.9948     0.9984
10717.100      0.9931     0.9984
10717.200      0.9898     0.9984
10717.300      0.9874     0.9982
10717.400      0.9872     0.9976
10717.500      0.9888     0.9959
10717.600      0.9909     0.9926
10717.700      0.9916     0.9878
10717.800      0.9919     0.9826
10717.900      0.9930     0.9794
10718.000      0.9948     0.9802
10718.100      0.9971     0.9847
10718.200      0.9986     0.9905
10718.300      0.9986     0.9948
10718.400      0.9990     0.9971
10718.500      0.9999     0.9980
10718.600      1.0007     0.9983
10718.700      1.0015     0.9983
10718.800      0.9965     0.9983
10718.900      0.9912     0.9982
10719.000      0.9863     0.9980
10719.100      0.9831     0.9980
10719.200      0.9837     0.9980
10719.300      0.9871     0.9981
10719.400      0.9913     0.9982
10719.500      0.9955     0.9983
10719.600      0.9996     0.9984
10719.700      1.0010     0.9984
10719.800      1.0007     0.9985
10719.900      0.9992     0.9985
10720.000      0.9989     0.9985
10720.100      1.0006     0.9985
10720.200      1.0014     0.9985
10720.300      1.0004     0.9985
10720.400      0.9978     0.9985
10720.500      0.9949     0.9985
10720.600      0.9927     0.9985
10720.700      0.9919     0.9985
10720.800      0.9935     0.9985
10720.900      0.9952     0.9985
10721.000      0.9969     0.9985
10721.100      0.9995     0.9985
10721.200      1.0028     0.9985
10721.300      1.0038     0.9985
10721.400      1.0031     0.9984
10721.500      1.0015     0.9984
10721.600      1.0005     0.9983
10721.700      1.0039     0.9983
10721.800      1.0069     0.9984
10721.900      1.0085     0.9984
10722.000      1.0082     0.9984
10722.100      1.0071     0.9984
10722.200      1.0084     0.9984
10722.300      1.0105     0.9984
10722.400      1.0119     0.9984
10722.500      1.0114     0.9984
10722.600      1.0075     0.9984
10722.700      1.0037     0.9984
10722.800      1.0008     0.9984
10722.900      0.9992     0.9984
10723.000      0.9983     0.9984
10723.100      0.9954     0.9984
10723.200      0.9911     0.9984
10723.300      0.9865     0.9984
10723.400      0.9811     0.9984
10723.500      0.9738     0.9984
10723.600      0.9683     0.9984
10723.700      0.9701     0.9984
10723.800      0.9782     0.9983
10723.900      0.9889     0.9983
10724.000      0.9966     0.9982
10724.100      1.0004     0.9981
10724.200      1.0002     0.9981
10724.300      0.9999     0.9982
10724.400      1.0009     0.9982
10724.500      1.0019     0.9982
10724.600      1.0027     0.9982
10724.700      1.0012     0.9982
10724.800      0.9975     0.9981
10724.900      0.9942     0.9981
10725.000      0.9920     0.9981
10725.100      0.9919     0.9981
10725.200      0.9918     0.9981
10725.300      0.9887     0.9981
10725.400      0.9836     0.9982
10725.500      0.9775     0.9982
10725.600      0.9719     0.9982
10725.700      0.9686     0.9982
10725.800      0.9704     0.9982
10725.900      0.9760     0.9982
10726.000      0.9837     0.9982
10726.100      0.9909     0.9981
10726.200      0.9922     0.9981
10726.300      0.9925     0.9980
10726.400      0.9924     0.9979
10726.500      0.9927     0.9978
10726.600      0.9937     0.9977
10726.700      0.9949     0.9974
10726.800      0.9962     0.9968
10726.900      0.9950     0.9952
10727.000      0.9935     0.9907
10727.100      0.9939     0.9802
10727.200      0.9956     0.9621
10727.300      0.9982     0.9422
10727.400      0.9981     0.9324
10727.500      0.9954     0.9402
10727.600      0.9965     0.9595
10727.700      0.9992     0.9782
10727.800      1.0003     0.9895
10727.900      1.0014     0.9945
10728.000      1.0041     0.9963
10728.100      1.0054     0.9968
10728.200      1.0032     0.9970
10728.300      1.0022     0.9970
10728.400      1.0023     0.9970
10728.500      1.0019     0.9970
10728.600      1.0009     0.9969
10728.700      0.9991     0.9967
10728.800      0.9976     0.9960
10728.900      1.0014     0.9932
10729.000      1.0043     0.9830
10729.100      1.0033     0.9559
10729.200      0.9987     0.9029
10729.300      0.9927     0.8291
10729.400      0.9878     0.7584
10729.500      0.9851     0.7200
10729.600      0.9856     0.7300
10729.700      0.9883     0.7842
10729.800      0.9930     0.8597
10729.900      0.9965     0.9270
10730.000      0.9969     0.9691
10730.100      0.9970     0.9876
10730.200      0.9969     0.9928
10730.300      0.9994     0.9923
10730.400      1.0030     0.9903
10730.500      1.0047     0.9893
10730.600      1.0033     0.9904
10730.700      0.9961     0.9929
10730.800      0.9889     0.9955
10730.900      0.9828     0.9970
10731.000      0.9828     0.9977
10731.100      0.9886     0.9979
10731.200      0.9885     0.9980
10731.300      0.9854     0.9981
10731.400      0.9863     0.9981
10731.500      0.9896     0.9981
10731.600      0.9947     0.9981
10731.700      0.9981     0.9980
10731.800      0.9965     0.9979
10731.900      0.9949     0.9978
10732.000      0.9932     0.9978
10732.100      0.9939     0.9979
10732.200      0.9959     0.9981
10732.300      0.9947     0.9982
10732.400      0.9901     0.9982
10732.500      0.9815     0.9982
10732.600      0.9737     0.9982
10732.700      0.9686     0.9982
10732.800      0.9631     0.9982
10732.900      0.9573     0.9982
10733.000      0.9527     0.9982
10733.100      0.9502     0.9982
10733.200      0.9505     0.9982
10733.300      0.9512     0.9980
10733.400      0.9518     0.9976
10733.500      0.9514     0.9968
10733.600      0.9476     0.9959
10733.700      0.9458     0.9954
10733.800      0.9471     0.9958
10733.900      0.9493     0.9966
10734.000      0.9517     0.9974
10734.100      0.9505     0.9979
10734.200      0.9487     0.9981
10734.300      0.9507     0.9982
10734.400      0.9558     0.9982
10734.500      0.9634     0.9982
10734.600      0.9699     0.9982
10734.700      0.9751     0.9982
10734.800      0.9812     0.9982
10734.900      0.9880     0.9982
10735.000      0.9928     0.9982
10735.100      0.9945     0.9982
10735.200      0.9899     0.9982
10735.300      0.9865     0.9982
10735.400      0.9882     0.9982
10735.500      0.9923     0.9982
10735.600      0.9971     0.9982
10735.700      0.9999     0.9982
10735.800      1.0006     0.9982
10735.900      1.0004     0.9982
10736.000      1.0001     0.9982
10736.100      1.0012     0.9982
10736.200      1.0017     0.9982
10736.300      1.0000     0.9982
10736.400      0.9983     0.9982
10736.500      0.9971     0.9982
10736.600      0.9977     0.9982
10736.700      0.9993     0.9982
10736.800      0.9996     0.9982
10736.900      0.9989     0.9982
10737.000      0.9977     0.9981
10737.100      0.9966     0.9981
10737.200      0.9960     0.9982
10737.300      0.9962     0.9982
10737.400      0.9969     0.9982
10737.500      0.9968     0.9982
10737.600      0.9963     0.9982
10737.700      0.9957     0.9982
10737.800      0.9951     0.9982
10737.900      0.9982     0.9982
10738.000      1.0005     0.9982
10738.100      0.9997     0.9982
10738.200      1.0001     0.9982
10738.300      1.0022     0.9982
10738.400      1.0018     0.9982
10738.500      0.9998     0.9982
10738.600      0.9982     0.9982
10738.700      0.9974     0.9982
10738.800      1.0022     0.9981
10738.900      1.0064     0.9981
10739.000      1.0065     0.9981
10739.100      1.0041     0.9981
10739.200      1.0004     0.9981
10739.300      0.9981     0.9981
10739.400      0.9973     0.9981
10739.500      0.9976     0.9981
10739.600      0.9979     0.9981
10739.700      0.9981     0.9981
10739.800      0.9985     0.9981
10739.900      0.9996     0.9981
10740.000      1.0004     0.9981
10740.100      1.0004     0.9981
10740.200      0.9988     0.9980
10740.300      0.9966     0.9980
10740.400      0.9964     0.9980
10740.500      0.9968     0.9980
10740.600      0.9966     0.9980
10740.700      0.9966     0.9981
10740.800      0.9975     0.9981
10740.900      0.9995     0.9981
10741.000      1.0022     0.9981
10741.100      1.0045     0.9980
10741.200      1.0059     0.9980
10741.300      1.0049     0.9979
10741.400      1.0021     0.9976
10741.500      0.9976     0.9970
10741.600      0.9934     0.9963
10741.700      0.9924     0.9958
10741.800      0.9945     0.9959
10741.900      0.9986     0.9966
10742.000      1.0018     0.9973
10742.100      1.0031     0.9977
10742.200      1.0015     0.9979
10742.300      0.9994     0.9980
10742.400      0.9993     0.9980
10742.500      1.0001     0.9980
10742.600      1.0015     0.9980
10742.700      1.0028     0.9980
10742.800      1.0032     0.9980
10742.900      1.0019     0.9980
10743.000      0.9998     0.9979
10743.100      0.9982     0.9979
10743.200      0.9973     0.9978
10743.300      0.9977     0.9977
10743.400      0.9979     0.9978
10743.500      0.9974     0.9979
10743.600      0.9979     0.9979
10743.700      1.0001     0.9980
10743.800      1.0018     0.9980
10743.900      1.0022     0.9979
10744.000      1.0012     0.9979
10744.100      1.0001     0.9979
10744.200      1.0003     0.9978
10744.300      1.0010     0.9977
10744.400      1.0020     0.9974
10744.500      1.0020     0.9969
10744.600      0.9989     0.9959
10744.700      0.9934     0.9942
10744.800      0.9870     0.9923
10744.900      0.9834     0.9913
10745.000      0.9833     0.9918
10745.100      0.9879     0.9936
10745.200      0.9922     0.9954
10745.300      0.9930     0.9967
10745.400      0.9911     0.9973
10745.500      0.9878     0.9976
10745.600      0.9873     0.9977
10745.700      0.9891     0.9978
10745.800      0.9885     0.9978
10745.900      0.9827     0.9979
10746.000      0.9594     0.9978
10746.100      0.9355     0.9977
10746.200      0.9132     0.9975
10746.300      0.9038     0.9971
10746.400      0.9210     0.9969
10746.500      0.9479     0.9969
10746.600      0.9769     0.9971
10746.700      0.9936     0.9974
10746.800      0.9976     0.9977
10746.900      0.9923     0.9978
10747.000      0.9826     0.9978
10747.100      0.9702     0.9978
10747.200      0.9566     0.9979
10747.300      0.9426     0.9979
10747.400      0.9319     0.9978
10747.500      0.9305     0.9978
10747.600      0.9467     0.9978
10747.700      0.9673     0.9978
10747.800      0.9846     0.9978
10747.900      0.9969     0.9979
10748.000      1.0005     0.9979
10748.100      0.9987     0.9979
10748.200      0.9944     0.9979
10748.300      0.9936     0.9978
10748.400      0.9959     0.9978
10748.500      0.9975     0.9978
10748.600      0.9979     0.9977
10748.700      0.9940     0.9976
10748.800      0.9887     0.9970
10748.900      0.9829     0.9946
10749.000      0.9787     0.9861
10749.100      0.9802     0.9659
10749.200      0.9864     0.9334
10749.300      0.9943     0.9023
10749.400      0.9943     0.8935
10749.500      0.9908     0.9138
10749.600      0.9869     0.9473
10749.700      0.9841     0.9741
10749.800      0.9894     0.9881
10749.900      0.9946     0.9938
10750.000      0.9988     0.9961
10750.100      0.9995     0.9971
10750.200      0.9979     0.9975
10750.300      0.9981     0.9977
10750.400      0.9990     0.9977
10750.500      0.9987     0.9977
10750.600      0.9967     0.9977
10750.700      0.9924     0.9977
10750.800      0.9893     0.9977
10750.900      0.9896     0.9977
10751.000      0.9912     0.9977
10751.100      0.9931     0.9977
10751.200      0.9933     0.9977
10751.300      0.9927     0.9976
10751.400      0.9929     0.9976
10751.500      0.9942     0.9976
10751.600      0.9972     0.9976
10751.700      0.9997     0.9975
10751.800      1.0009     0.9975
10751.900      1.0010     0.9974
10752.000      1.0008     0.9974
10752.100      1.0012     0.9973
10752.200      1.0018     0.9972
10752.300      1.0005     0.9971
10752.400      0.9986     0.9968
10752.500      0.9966     0.9964
10752.600      0.9948     0.9958
10752.700      0.9937     0.9948
10752.800      0.9920     0.9935
10752.900      0.9897     0.9918
10753.000      0.9890     0.9891
10753.100      0.9890     0.9835
10753.200      0.9875     0.9731
10753.300      0.9858     0.9575
10753.400      0.9850     0.9405
10753.500      0.9860     0.9275
10753.600      0.9895     0.9204
10753.700      0.9923     0.9138
10753.800      0.9931     0.9024
10753.900      0.9921     0.8912
10754.000      0.9907     0.8935
10754.100      0.9934     0.9150
10754.200      0.9966     0.9461
10754.300      0.9987     0.9726
10754.400      0.9991     0.9878
10754.500      0.9978     0.9942
10754.600      0.9980     0.9962
10754.700      0.9999     0.9968
10754.800      1.0006     0.9970
10754.900      1.0008     0.9971
10755.000      1.0014     0.9972
10755.100      1.0017     0.9973
10755.200      0.9984     0.9973
10755.300      0.9957     0.9974
10755.400      0.9947     0.9974
10755.500      0.9934     0.9975
10755.600      0.9919     0.9975
10755.700      0.9912     0.9975
10755.800      0.9922     0.9975
10755.900      0.9966     0.9975
10756.000      1.0012     0.9974
10756.100      1.0028     0.9974
10756.200      1.0018     0.9973
10756.300      0.9984     0.9973
10756.400      0.9935     0.9974
10756.500      0.9881     0.9975
10756.600      0.9844     0.9976
10756.700      0.9841     0.9976
10756.800      0.9887     0.9976
10756.900      0.9934     0.9976
10757.000      0.9927     0.9976
10757.100      0.9901     0.9975
10757.200      0.9867     0.9975
10757.300      0.9852     0.9972
10757.400      0.9866     0.9962
10757.500      0.9887     0.9932
10757.600      0.9909     0.9865
10757.700      0.9918     0.9760
10757.800      0.9906     0.9659
10757.900      0.9853     0.9624
10758.000      0.9800     0.9681
10758.100      0.9749     0.9789
10758.200      0.9713     0.9886
10758.300      0.9710     0.9943
10758.400      0.9723     0.9966
10758.500      0.9750     0.9973
10758.600      0.9803     0.9975
10758.700      0.9857     0.9975
10758.800      0.9873     0.9975
10758.900      0.9865     0.9974
10759.000      0.9842     0.9973
10759.100      0.9862     0.9971
10759.200      0.9934     0.9970
10759.300      0.9984     0.9970
10759.400      0.9999     0.9971
10759.500      0.9973     0.9973
10759.600      0.9947     0.9974
10759.700      1.0003     0.9975
10759.800      1.0056     0.9975
10759.900      1.0085     0.9975
10760.000      1.0070     0.9975
10760.100      1.0023     0.9975
10760.200      0.9982     0.9974
10760.300      0.9956     0.9972
10760.400      0.9979     0.9968
10760.500      1.0010     0.9959
10760.600      1.0019     0.9940
10760.700      1.0009     0.9914
10760.800      0.9984     0.9890
10760.900      0.9962     0.9882
10761.000      0.9948     0.9896
10761.100      0.9950     0.9921
10761.200      0.9957     0.9946
10761.300      0.9965     0.9962
10761.400      0.9970     0.9969
10761.500      0.9960     0.9973
10761.600      0.9958     0.9974
10761.700      0.9988     0.9974
10761.800      1.0008     0.9975
10761.900      1.0011     0.9975
10762.000      1.0011     0.9975
10762.100      1.0008     0.9974
10762.200      0.9984     0.9974
10762.300      0.9957     0.9974
10762.400      0.9969     0.9974
10762.500      0.9981     0.9975
10762.600      0.9991     0.9975
10762.700      0.9998     0.9975
10762.800      0.9998     0.9975
10762.900      0.9993     0.9975
10763.000      0.9982     0.9975
10763.100      0.9954     0.9975
10763.200      0.9923     0.9975
10763.300      0.9921     0.9975
10763.400      0.9938     0.9975
10763.500      0.9968     0.9975
10763.600      0.9999     0.9975
10763.700      1.0026     0.9975
10763.800      1.0025     0.9975
10763.900      0.9987     0.9975
10764.000      0.9920     0.9975
10764.100      0.9851     0.9975
10764.200      0.9807     0.9975
10764.300      0.9810     0.9975
10764.400      0.9879     0.9974
10764.500      0.9948     0.9974
10764.600      1.0013     0.9974
10764.700      1.0035     0.9974
10764.800      1.0031     0.9974
10764.900      1.0027     0.9974
10765.000      1.0022     0.9974
10765.100      1.0013     0.9974
10765.200      1.0006     0.9974
10765.300      1.0006     0.9974
10765.400      1.0010     0.9974
10765.500      1.0015     0.9974
10765.600      1.0015     0.9973
10765.700      1.0012     0.9973
10765.800      1.0012     0.9972
10765.900      1.0014     0.9971
10766.000      0.9979     0.9969
10766.100      0.9948     0.9963
10766.200      0.9941     0.9953
10766.300      0.9963     0.9941
10766.400      1.0006     0.9931
10766.500      1.0028     0.9931
10766.600      1.0024     0.9941
10766.700      1.0009     0.9953
10766.800      0.9992     0.9963
10766.900      0.9982     0.9968
10767.000      0.9967     0.9970
10767.100      0.9939     0.9971
10767.200      0.9919     0.9971
10767.300      0.9923     0.9971
10767.400      0.9943     0.9970
10767.500      0.9968     0.9967
10767.600      0.9985     0.9961
10767.700      0.9999     0.9953
10767.800      1.0014     0.9946
10767.900      1.0028     0.9945
10768.000      1.0028     0.9949
10768.100      1.0018     0.9956
10768.200      0.9997     0.9960
10768.300      0.9962     0.9962
10768.400      0.9921     0.9963
10768.500      0.9905     0.9966
10768.600      0.9915     0.9968
10768.700      0.9952     0.9971
10768.800      0.9985     0.9972
10768.900      0.9992     0.9972
10769.000      0.9990     0.9972
10769.100      0.9981     0.9971
10769.200      0.9967     0.9969
10769.300      0.9953     0.9966
10769.400      0.9944     0.9963
10769.500      0.9947     0.9961
10769.600      0.9984     0.9962
10769.700      1.0014     0.9965
10769.800      0.9999     0.9968
10769.900      0.9977     0.9970
10770.000      0.9953     0.9970
10770.100      0.9953     0.9971
10770.200      0.9972     0.9971
10770.300      0.9976     0.9971
10770.400      0.9976     0.9971
10770.500      0.9987     0.9972
10770.600      0.9994     0.9972
10770.700      0.9979     0.9972
10770.800      0.9970     0.9972
10770.900      0.9975     0.9970
10771.000      0.9984     0.9965
10771.100      0.9994     0.9959
10771.200      0.9978     0.9953
10771.300      0.9932     0.9953
10771.400      0.9859     0.9959
10771.500      0.9787     0.9965
10771.600      0.9738     0.9970
10771.700      0.9734     0.9971
10771.800      0.9786     0.9972
10771.900      0.9859     0.9972
10772.000      0.9935     0.9972
10772.100      0.9951     0.9972
10772.200      0.9946     0.9972
10772.300      0.9942     0.9972
10772.400      0.9945     0.9972
10772.500      0.9974     0.9972
10772.600      0.9998     0.9972
10772.700      1.0005     0.9972
10772.800      0.9996     0.9972
10772.900      0.9982     0.9972
10773.000      0.9973     0.9971
10773.100      0.9965     0.9971
10773.200      0.9941     0.9971
10773.300      0.9916     0.9971
10773.400      0.9894     0.9970
10773.500      0.9880     0.9971
10773.600      0.9885     0.9971
10773.700      0.9909     0.9971
10773.800      0.9939     0.9971
10773.900      0.9853     0.9971
10774.000      0.9727     0.9971
10774.100      0.9669     0.9971
10774.200      0.9614     0.9970
10774.300      0.9527     0.9970
10774.400      0.9364     0.9970
10774.500      0.9113     0.9970
10774.600      0.8875     0.9969
10774.700      0.8688     0.9965
10774.800      0.8719     0.9959
10774.900      0.8903     0.9952
10775.000      0.9174     0.9950
10775.100      0.9438     0.9953
10775.200      0.9585     0.9960
10775.300      0.9634     0.9966
10775.400      0.9597     0.9969
10775.500      0.9506     0.9970
10775.600      0.9402     0.9970
10775.700      0.9382     0.9970
10775.800      0.9461     0.9970
10775.900      0.9631     0.9970
10776.000      0.9801     0.9970
10776.100      0.9913     0.9970
10776.200      0.9957     0.9970
10776.300      0.9947     0.9970
10776.400      0.9942     0.9970
10776.500      0.9949     0.9970
10776.600      0.9965     0.9969
10776.700      0.9984     0.9968
10776.800      0.9965     0.9965
10776.900      0.9945     0.9959
10777.000      0.9940     0.9952
10777.100      0.9947     0.9945
10777.200      0.9962     0.9944
10777.300      0.9956     0.9950
10777.400      0.9931     0.9957
10777.500      0.9923     0.9964
10777.600      0.9931     0.9967
10777.700      0.9948     0.9969
10777.800      0.9962     0.9969
10777.900      0.9949     0.9969
10778.000      0.9947     0.9969
10778.100      0.9970     0.9969
10778.200      0.9992     0.9969
10778.300      1.0010     0.9969
10778.400      1.0007     0.9969
10778.500      0.9998     0.9969
10778.600      1.0009     0.9969
10778.700      1.0021     0.9969
10778.800      1.0018     0.9969
10778.900      1.0013     0.9969
10779.000      1.0007     0.9969
10779.100      0.9993     0.9969
10779.200      0.9972     0.9969
10779.300      0.9953     0.9969
10779.400      0.9938     0.9969
10779.500      0.9951     0.9969
10779.600      0.9966     0.9969
10779.700      0.9971     0.9969
10779.800      0.9975     0.9969
10779.900      0.9980     0.9969
10780.000      0.9971     0.9968
10780.100      0.9946     0.9968
10780.200      0.9943     0.9968
10780.300      0.9960     0.9968
10780.400      0.9990     0.9968
10780.500      1.0016     0.9968
10780.600      0.9991     0.9967
10780.700      0.9974     0.9967
10780.800      0.9974     0.9967
10780.900      0.9969     0.9968
10781.000      0.9959     0.9968
10781.100      0.9950     0.9968
10781.200      0.9942     0.9968
10781.300      0.9938     0.9968
10781.400      0.9934     0.9968
10781.500      0.9915     0.9967
10781.600      0.9878     0.9967
10781.700      0.9827     0.9965
10781.800      0.9779     0.9962
10781.900      0.9748     0.9958
10782.000      0.9782     0.9955
10782.100      0.9846     0.9955
10782.200      0.9911     0.9958
10782.300      0.9973     0.9962
10782.400      0.9977     0.9965
10782.500      0.9981     0.9966
10782.600      0.9990     0.9967
10782.700      1.0009     0.9966
10782.800      1.0036     0.9965
10782.900      1.0055     0.9962
10783.000      1.0060     0.9960
10783.100      1.0052     0.9960
10783.200      1.0035     0.9962
10783.300      1.0013     0.9964
10783.400      1.0005     0.9966
10783.500      1.0032     0.9966
10783.600      1.0052     0.9966
10783.700      1.0045     0.9966
10783.800      1.0001     0.9966
10783.900      0.9945     0.9965
10784.000      0.9900     0.9964
10784.100      0.9856     0.9961
10784.200      0.9795     0.9952
10784.300      0.9741     0.9933
10784.400      0.9723     0.9906
10784.500      0.9737     0.9882
10784.600      0.9766     0.9878
10784.700      0.9795     0.9899
10784.800      0.9825     0.9927
10784.900      0.9872     0.9948
10785.000      0.9922     0.9959
10785.100      0.9970     0.9963
10785.200      1.0003     0.9964
10785.300      1.0001     0.9965
10785.400      0.9998     0.9965
10785.500      0.9995     0.9965
10785.600      0.9989     0.9965
10785.700      0.9982     0.9965
10785.800      0.9991     0.9965
10785.900      1.0008     0.9965
10786.000      1.0029     0.9964
10786.100      1.0041     0.9964
10786.200      1.0021     0.9962
10786.300      1.0018     0.9955
10786.400      1.0037     0.9924
10786.500      1.0046     0.9827
10786.600      1.0036     0.9617
10786.700      0.9989     0.9319
10786.800      0.9939     0.9086
10786.900      0.9938     0.9089
10787.000      0.9951     0.9325
10787.100      0.9970     0.9623
10787.200      0.9984     0.9830
10787.300      0.9984     0.9925
10787.400      0.9973     0.9955
10787.500      0.9957     0.9962
10787.600      0.9937     0.9963
10787.700      0.9917     0.9964
10787.800      0.9919     0.9964
10787.900      0.9923     0.9964
10788.000      0.9929     0.9964
10788.100      0.9946     0.9964
10788.200      0.9973     0.9964
10788.300      1.0000     0.9964
10788.400      1.0028     0.9964
10788.500      1.0025     0.9964
10788.600      1.0010     0.9963
10788.700      0.9992     0.9963
10788.800      0.9984     0.9963
10788.900      1.0007     0.9963
10789.000      1.0015     0.9963
10789.100      1.0003     0.9963
10789.200      0.9990     0.9964
10789.300      0.9977     0.9964
10789.400      0.9981     0.9964
10789.500      0.9990     0.9963
10789.600      0.9997     0.9963
10789.700      1.0005     0.9963
10789.800      1.0018     0.9963
10789.900      1.0015     0.9963
10790.000      0.9989     0.9963
10790.100      0.9969     0.9963
10790.200      0.9962     0.9963
10790.300      0.9981     0.9963
10790.400      1.0005     0.9963
10790.500      0.9996     0.9963
10790.600      0.9959     0.9962
10790.700      0.9896     0.9962
10790.800      0.9856     0.9961
10790.900      0.9866     0.9960
10791.000      0.9902     0.9960
10791.100      0.9943     0.9960
10791.200      0.9972     0.9959
10791.300      0.9986     0.9958
10791.400      0.9986     0.9957
10791.500      0.9975     0.9957
10791.600      0.9956     0.9958
10791.700      0.9936     0.9959
10791.800      0.9916     0.9960
10791.900      0.9915     0.9961
10792.000      0.9933     0.9961
10792.100      0.9956     0.9962
10792.200      0.9980     0.9962
10792.300      0.9990     0.9962
10792.400      0.9993     0.9962
10792.500      0.9990     0.9962
10792.600      0.9990     0.9962
10792.700      0.9997     0.9961
10792.800      1.0013     0.9961
10792.900      1.0033     0.9961
10793.000      1.0035     0.9961
10793.100      1.0016     0.9961
10793.200      0.9969     0.9961
10793.300      0.9938     0.9961
10793.400      0.9977     0.9961
10793.500      1.0012     0.9961
10793.600      1.0032     0.9961
10793.700      1.0017     0.9961
10793.800      0.9986     0.9961
10793.900      0.9983     0.9961
10794.000      0.9988     0.9961
10794.100      0.9967     0.9961
10794.200      0.9944     0.9961
10794.300      0.9922     0.9961
10794.400      0.9908     0.9960
10794.500      0.9909     0.9960
10794.600      0.9903     0.9960
10794.700      0.9888     0.9960
10794.800      0.9865     0.9959
10794.900      0.9842     0.9959
10795.000      0.9842     0.9959
10795.100      0.9850     0.9959
10795.200      0.9862     0.9956
10795.300      0.9873     0.9947
10795.400      0.9882     0.9926
10795.500      0.9907     0.9890
10795.600      0.9944     0.9852
10795.700      0.9975     0.9833
10795.800      0.9996     0.9846
10795.900      1.0007     0.9875
10796.000      0.9999     0.9902
10796.100      0.9958     0.9919
10796.200      0.9903     0.9932
10796.300      0.9843     0.9944
10796.400      0.9830     0.9952
10796.500      0.9861     0.9957
10796.600      0.9899     0.9958
10796.700      0.9938     0.9959
10796.800      0.9963     0.9959
10796.900      0.9976     0.9958
10797.000      0.9975     0.9958
10797.100      0.9979     0.9957
10797.200      0.9991     0.9956
10797.300      1.0003     0.9957
10797.400      1.0012     0.9957
10797.500      0.9978     0.9958
10797.600      0.9922     0.9958
10797.700      0.9856     0.9958
10797.800      0.9793     0.9958
10797.900      0.9757     0.9958
10798.000      0.9759     0.9957
10798.100      0.9799     0.9957
10798.200      0.9848     0.9956
10798.300      0.9899     0.9955
10798.400      0.9930     0.9953
10798.500      0.9936     0.9952
10798.600      0.9916     0.9952
10798.700      0.9901     0.9954
10798.800      0.9914     0.9955
10798.900      0.9927     0.9956
10799.000      0.9937     0.9956
10799.100      0.9918     0.9956
10799.200      0.9875     0.9955
10799.300      0.9851     0.9955
10799.400      0.9851     0.9955
10799.500      0.9885     0.9955
10799.600      0.9918     0.9956
10799.700      0.9939     0.9956
10799.800      0.9956     0.9956
10799.900      0.9971     0.9954
10800.000      0.9977     0.9951
10800.100      0.9978     0.9947
10800.200      0.9984     0.9945
10800.300      0.9995     0.9946
10800.400      1.0012     0.9949
10800.500      1.0027     0.9952
10800.600      1.0020     0.9954
10800.700      1.0014     0.9954
10800.800      1.0008     0.9954
10800.900      1.0014     0.9955
10801.000      1.0030     0.9955
10801.100      1.0018     0.9955
10801.200      0.9996     0.9955
10801.300      0.9978     0.9955
10801.400      0.9970     0.9955
10801.500      0.9992     0.9955
10801.600      0.9995     0.9955
10801.700      0.9954     0.9955
10801.800      0.9908     0.9955
10801.900      0.9858     0.9955
10802.000      0.9690     0.9955
10802.100      0.9334     0.9954
10802.200      0.8666     0.9954
10802.300      0.8008     0.9953
10802.400      0.7737     0.9952
10802.500      0.7929     0.9949
10802.600      0.8500     0.9947
10802.700      0.9053     0.9945
10802.800      0.9537     0.9945
10802.900      0.9813     0.9947
10803.000      0.9933     0.9950
10803.100      0.9955     0.9952
10803.200      0.9971     0.9953
10803.300      0.9986     0.9953
10803.400      0.9996     0.9953
10803.500      0.9997     0.9954
10803.600      1.0000     0.9954
10803.700      1.0011     0.9953
10803.800      1.0038     0.9953
10803.900      1.0070     0.9953
10804.000      1.0044     0.9953
10804.100      1.0018     0.9953
10804.200      1.0041     0.9953
10804.300      1.0056     0.9953
10804.400      1.0042     0.9953
10804.500      1.0005     0.9953
10804.600      0.9960     0.9953
10804.700      0.9958     0.9953
10804.800      0.9974     0.9953
10804.900      0.9973     0.9953
10805.000      0.9967     0.9953
10805.100      0.9959     0.9952
10805.200      0.9941     0.9952
10805.300      0.9910     0.9952
10805.400      0.9907     0.9952
10805.500      0.9931     0.9952
10805.600      0.9954     0.9952
10805.700      0.9970     0.9952
10805.800      0.9926     0.9952
10805.900      0.9881     0.9952
10806.000      0.9896     0.9952
10806.100      0.9893     0.9951
10806.200      0.9829     0.9951
10806.300      0.9736     0.9951
10806.400      0.9635     0.9951
10806.500      0.9595     0.9951
10806.600      0.9636     0.9951
10806.700      0.9763     0.9951
10806.800      0.9889     0.9951
10806.900      0.9919     0.9951
10807.000      0.9919     0.9951
10807.100      0.9906     0.9950
10807.200      0.9918     0.9950
10807.300      0.9959     0.9950
10807.400      0.9983     0.9950
10807.500      0.9998     0.9950
10807.600      1.0012     0.9950
10807.700      1.0026     0.9950
10807.800      1.0027     0.9950
10807.900      1.0018     0.9949
10808.000      1.0003     0.9949
10808.100      0.9996     0.9949
10808.200      0.9999     0.9949
10808.300      0.9976     0.9949
10808.400      0.9941     0.9948
10808.500      0.9951     0.9948
10808.600      0.9968     0.9947
10808.700      0.9978     0.9946
10808.800      0.9969     0.9943
10808.900      0.9916     0.9939
10809.000      0.9834     0.9934
10809.100      0.9743     0.9929
10809.200      0.9703     0.9921
10809.300      0.9733     0.9914
10809.400      0.9833     0.9910
10809.500      0.9930     0.9913
10809.600      0.9917     0.9923
10809.700      0.9906     0.9933
10809.800      0.9908     0.9940
10809.900      0.9941     0.9943
10810.000      0.9996     0.9943
10810.100      1.0027     0.9942
10810.200      1.0029     0.9941
10810.300      1.0008     0.9938
10810.400      0.9990     0.9933
10810.500      1.0034     0.9920
10810.600      1.0073     0.9880
10810.700      1.0080     0.9770
10810.800      1.0057     0.9533
10810.900      1.0018     0.9163
10811.000      0.9999     0.8772
10811.100      0.9991     0.8558
10811.200      0.9982     0.8648
10811.300      0.9973     0.8986
10811.400      0.9958     0.9386
10811.500      0.9938     0.9685
10811.600      0.9911     0.9843
10811.700      0.9910     0.9907
10811.800      0.9942     0.9928
10811.900      0.9945     0.9935
10812.000      0.9923     0.9938
10812.100      0.9894     0.9940
10812.200      0.9867     0.9941
10812.300      0.9897     0.9942
10812.400      0.9938     0.9942
10812.500      0.9982     0.9943
10812.600      1.0004     0.9943
10812.700      0.9980     0.9943
10812.800      0.9930     0.9941
10812.900      0.9875     0.9937
10813.000      0.9849     0.9932
10813.100      0.9827     0.9928
10813.200      0.9741     0.9929
10813.300      0.9550     0.9933
10813.400      0.9222     0.9938
10813.500      0.8934     0.9942
10813.600      0.8790     0.9943
10813.700      0.8875     0.9943
10813.800      0.9069     0.9943
10813.900      0.9285     0.9942
10814.000      0.9500     0.9942
10814.100      0.9644     0.9942
10814.200      0.9729     0.9942
10814.300      0.9758     0.9943
10814.400      0.9772     0.9943
10814.500      0.9775     0.9943
10814.600      0.9749     0.9943
10814.700      0.9713     0.9943
10814.800      0.9686     0.9943
10814.900      0.9674     0.9943
10815.000      0.9694     0.9943
10815.100      0.9709     0.9943
10815.200      0.9708     0.9943
10815.300      0.9734     0.9942
10815.400      0.9796     0.9942
10815.500      0.9841     0.9942
10815.600      0.9864     0.9942
10815.700      0.9881     0.9942
10815.800      0.9888     0.9942
10815.900      0.9876     0.9941
10816.000      0.9875     0.9941
10816.100      0.9909     0.9941
10816.200      0.9936     0.9941
10816.300      0.9947     0.9941
10816.400      0.9943     0.9941
10816.500      0.9932     0.9941
10816.600      0.9919     0.9941
10816.700      0.9906     0.9941
10816.800      0.9929     0.9941
10816.900      0.9958     0.9940
10817.000      0.9991     0.9940
10817.100      1.0002     0.9940
10817.200      0.9981     0.9940
10817.300      0.9975     0.9940
10817.400      0.9979     0.9940
10817.500      0.9937     0.9940
10817.600      0.9883     0.9940
10817.700      0.9860     0.9940
10817.800      0.9848     0.9940
10817.900      0.9842     0.9939
10818.000      0.9832     0.9937
10818.100      0.9816     0.9934
10818.200      0.9824     0.9932
10818.300      0.9849     0.9931
10818.400      0.9845     0.9933
10818.500      0.9793     0.9936
10818.600      0.9627     0.9938
10818.700      0.9480     0.9938
10818.800      0.9461     0.9939
10818.900      0.9550     0.9938
10819.000      0.9697     0.9938
10819.100      0.9820     0.9938
10819.200      0.9901     0.9938
10819.300      0.9943     0.9938
10819.400      0.9972     0.9937
10819.500      0.9999     0.9937
10819.600      1.0023     0.9937
10819.700      1.0043     0.9937
10819.800      1.0053     0.9937
10819.900      1.0049     0.9937
10820.000      1.0040     0.9937
10820.100      1.0027     0.9937
10820.200      0.9997     0.9937
10820.300      0.9951     0.9937
10820.400      0.9887     0.9936
10820.500      0.9846     0.9936
10820.600      0.9911     0.9934
10820.700      0.9964     0.9930
10820.800      0.9978     0.9923
10820.900      0.9952     0.9914
10821.000      0.9913     0.9901
10821.100      0.9901     0.9890
10821.200      0.9916     0.9889
10821.300      0.9955     0.9900
10821.400      0.9990     0.9915
10821.500      0.9991     0.9927
10821.600      0.9971     0.9932
10821.700      0.9940     0.9934
10821.800      0.9930     0.9934
10821.900      0.9944     0.9934
10822.000      0.9967     0.9934
10822.100      0.9992     0.9934
10822.200      0.9958     0.9934
10822.300      0.9926     0.9933
10822.400      0.9918     0.9933
10822.500      0.9922     0.9932
10822.600      0.9930     0.9928
10822.700      0.9932     0.9922
10822.800      0.9931     0.9915
10822.900      0.9954     0.9913
10823.000      0.9986     0.9917
10823.100      1.0006     0.9923
10823.200      1.0012     0.9929
10823.300      1.0001     0.9931
10823.400      0.9989     0.9932
10823.500      0.9977     0.9932
10823.600      0.9987     0.9932
10823.700      1.0013     0.9931
10823.800      1.0019     0.9930
10823.900      1.0006     0.9929
10824.000      0.9979     0.9929
10824.100      0.9956     0.9930
10824.200      0.9956     0.9930
10824.300      0.9951     0.9931
10824.400      0.9934     0.9930
10824.500      0.9935     0.9930
10824.600      0.9949     0.9930
10824.700      0.9931     0.9929
10824.800      0.9903     0.9928
10824.900      0.9883     0.9926
10825.000      0.9875     0.9924
10825.100      0.9884     0.9924
10825.200      0.9893     0.9924
10825.300      0.9902     0.9926
10825.400      0.9922     0.9927
10825.500      0.9952     0.9927
10825.600      0.9984     0.9927
10825.700      1.0015     0.9927
10825.800      1.0002     0.9926
10825.900      0.9986     0.9925
10826.000      0.9983     0.9923
10826.100      0.9996     0.9918
10826.200      1.0026     0.9907
10826.300      1.0032     0.9888
10826.400      1.0009     0.9866
10826.500      0.9978     0.9849
10826.600      0.9946     0.9816
10826.700      0.9958     0.9692
10826.800      0.9972     0.9378
10826.900      0.9981     0.8866
10827.000      0.9981     0.8361
10827.100      0.9972     0.8177
10827.200      0.9974     0.8445
10827.300      0.9986     0.8971
10827.400      0.9995     0.9442
10827.500      1.0002     0.9704
10827.600      1.0009     0.9798
10827.700      1.0013     0.9826
10827.800      0.9999     0.9847
10827.900      0.9989     0.9872
10828.000      0.9994     0.9893
10828.100      1.0010     0.9905
10828.200      1.0029     0.9910
10828.300      1.0015     0.9912
10828.400      0.9988     0.9913
10828.500      0.9973     0.9915
10828.600      0.9966     0.9916
10828.700      0.9969     0.9915
10828.800      0.9983     0.9912
10828.900      1.0006     0.9906
10829.000      1.0010     0.9901
10829.100      0.9992     0.9898
10829.200      0.9967     0.9897
10829.300      0.9941     0.9897
10829.400      0.9994     0.9893
10829.500      1.0046     0.9887
10829.600      1.0021     0.9880
10829.700      0.9971     0.9877
10829.800      0.9910     0.9876
10829.900      0.9888     0.9870
10830.000      0.9902     0.9854
10830.100      0.9909     0.9831
10830.200      0.9899     0.9810
10830.300      0.9815     0.9801
10830.400      0.9733     0.9810
10830.500      0.9736     0.9834
10830.600      0.9757     0.9862
10830.700      0.9785     0.9888
10830.800      0.9799     0.9905
10830.900      0.9786     0.9914
10831.000      0.9751     0.9918
10831.100      0.9711     0.9919
10831.200      0.9701     0.9919
10831.300      0.9719     0.9920
10831.400      0.9763     0.9920
10831.500      0.9799     0.9920
10831.600      0.9807     0.9920
10831.700      0.9805     0.9919
10831.800      0.9799     0.9919
10831.900      0.9815     0.9919
10832.000      0.9840     0.9919
10832.100      0.9859     0.9918
10832.200      0.9868     0.9918
10832.300      0.9859     0.9918
10832.400      0.9867     0.9918
10832.500      0.9915     0.9918
10832.600      0.9955     0.9918
10832.700      0.9969     0.9917
10832.800      0.9948     0.9917
10832.900      0.9917     0.9917
10833.000      0.9942     0.9916
10833.100      0.9973     0.9916
10833.200      0.9994     0.9915
10833.300      0.9985     0.9914
10833.400      0.9930     0.9914
10833.500      0.9880     0.9914
10833.600      0.9843     0.9915
10833.700      0.9823     0.9915
10833.800      0.9825     0.9915
10833.900      0.9858     0.9915
10834.000      0.9895     0.9915
10834.100      0.9924     0.9915
10834.200      0.9939     0.9914
10834.300      0.9908     0.9913
10834.400      0.9839     0.9911
10834.500      0.9702     0.9906
10834.600      0.9343     0.9895
10834.700      0.8904     0.9879
10834.800      0.8464     0.9865
10834.900      0.8059     0.9862
10835.000      0.8198     0.9872
10835.100      0.8555     0.9888
10835.200      0.9022     0.9901
10835.300      0.9419     0.9908
10835.400      0.9667     0.9911
10835.500      0.9825     0.9912
10835.600      0.9921     0.9912
10835.700      0.9956     0.9912
10835.800      0.9974     0.9912
10835.900      0.9986     0.9912
10836.000      0.9987     0.9912
10836.100      0.9978     0.9911
10836.200      0.9961     0.9911
10836.300      0.9932     0.9911
10836.400      0.9858     0.9911
10836.500      0.9718     0.9911
10836.600      0.9485     0.9910
10836.700      0.9246     0.9910
10836.800      0.9134     0.9910
10836.900      0.9177     0.9910
10837.000      0.9375     0.9910
10837.100      0.9564     0.9909
10837.200      0.9718     0.9909
10837.300      0.9831     0.9909
10837.400      0.9900     0.9909
10837.500      0.9924     0.9909
10837.600      0.9930     0.9908
10837.700      0.9926     0.9908
10837.800      0.9925     0.9908
10837.900      0.9938     0.9908
10838.000      0.9963     0.9907
10838.100      0.9994     0.9907
10838.200      1.0019     0.9907
10838.300      1.0030     0.9906
10838.400      1.0002     0.9906
10838.500      0.9968     0.9905
10838.600      0.9950     0.9904
10838.700      0.9947     0.9903
10838.800      0.9957     0.9900
10838.900      0.9949     0.9899
10839.000      0.9920     0.9898
10839.100      0.9917     0.9899
10839.200      0.9928     0.9901
10839.300      0.9931     0.9902
10839.400      0.9933     0.9903
10839.500      0.9958     0.9903
10839.600      0.9983     0.9903
10839.700      0.9997     0.9903
10839.800      0.9980     0.9903
10839.900      0.9931     0.9903
10840.000      0.9893     0.9903
10840.100      0.9873     0.9903
10840.200      0.9872     0.9903
10840.300      0.9872     0.9902
10840.400      0.9810     0.9902
10840.500      0.9728     0.9902
10840.600      0.9635     0.9902
10840.700      0.9546     0.9902
10840.800      0.9481     0.9901
10840.900      0.9481     0.9901
10841.000      0.9550     0.9901
10841.100      0.9667     0.9901
10841.200      0.9788     0.9900
10841.300      0.9837     0.9900
10841.400      0.9845     0.9899
10841.500      0.9825     0.9899
10841.600      0.9850     0.9898
10841.700      0.9937     0.9898
10841.800      0.9987     0.9898
10841.900      1.0000     0.9898
10842.000      1.0000     0.9898
10842.100      0.9993     0.9898
10842.200      0.9982     0.9898
10842.300      0.9963     0.9897
10842.400      0.9939     0.9897
10842.500      0.9928     0.9897
10842.600      0.9938     0.9896
10842.700      0.9935     0.9896
10842.800      0.9926     0.9895
10842.900      0.9925     0.9895
10843.000      0.9926     0.9894
10843.100      0.9889     0.9893
10843.200      0.9842     0.9891
10843.300      0.9788     0.9886
10843.400      0.9735     0.9872
10843.500      0.9683     0.9836
10843.600      0.9639     0.9759
10843.700      0.9618     0.9649
10843.800      0.9665     0.9559
10843.900      0.9735     0.9550
10844.000      0.9812     0.9631
10844.100      0.9880     0.9742
10844.200      0.9916     0.9825
10844.300      0.9956     0.9866
10844.400      1.0003     0.9882
10844.500      1.0035     0.9887
10844.600      1.0044     0.9889
10844.700      1.0032     0.9889
10844.800      1.0016     0.9890
10844.900      1.0014     0.9890
10845.000      1.0014     0.9890
10845.100      1.0015     0.9890
10845.200      1.0013     0.9890
10845.300      0.9999     0.9890
10845.400      0.9975     0.9889
10845.500      0.9936     0.9889
10845.600      0.9878     0.9889
10845.700      0.9789     0.9889
10845.800      0.9618     0.9888
10845.900      0.9454     0.9888
10846.000      0.9365     0.9888
10846.100      0.9394     0.9888
10846.200      0.9536     0.9887
10846.300      0.9709     0.9884
10846.400      0.9886     0.9878
10846.500      0.9991     0.9867
10846.600      1.0034     0.9856
10846.700      1.0035     0.9853
10846.800      1.0019     0.9860
10846.900      0.9993     0.9871
10847.000      0.9971     0.9880
10847.100      0.9963     0.9884
10847.200      0.9977     0.9885
10847.300      1.0000     0.9885
10847.400      1.0017     0.9884
10847.500      1.0022     0.9884
10847.600      0.9993     0.9884
10847.700      0.9974     0.9884
10847.800      1.0003     0.9883
10847.900      1.0026     0.9883
10848.000      1.0029     0.9883
10848.100      1.0012     0.9882
10848.200      0.9988     0.9882
10848.300      0.9986     0.9882
10848.400      0.9993     0.9882
10848.500      1.0003     0.9881
10848.600      1.0004     0.9881
10848.700      0.9964     0.9881
10848.800      0.9931     0.9880
10848.900      0.9922     0.9880
10849.000      0.9934     0.9880
10849.100      0.9953     0.9879
10849.200      0.9952     0.9879
10849.300      0.9934     0.9878
10849.400      0.9903     0.9877
10849.500      0.9879     0.9877
10849.600      0.9888     0.9877
10849.700      0.9896     0.9877
10849.800      0.9902     0.9877
10849.900      0.9924     0.9877
10850.000      0.9959     0.9876
10850.100      0.9992     0.9876
10850.200      1.0019     0.9876
10850.300      1.0002     0.9875
10850.400      0.9986     0.9875
10850.500      0.9991     0.9875
10850.600      1.0008     0.9874
10850.700      1.0031     0.9874
10850.800      1.0021     0.9874
10850.900      0.9985     0.9874
10851.000      0.9955     0.9873
10851.100      0.9937     0.9873
10851.200      0.9936     0.9873
10851.300      0.9941     0.9873
10851.400      0.9949     0.9872
10851.500      0.9955     0.9872
10851.600      0.9956     0.9872
10851.700      0.9951     0.9871
10851.800      0.9936     0.9871
10851.900      0.9898     0.9871
10852.000      0.9853     0.9870
10852.100      0.9827     0.9870
10852.200      0.9815     0.9870
10852.300      0.9816     0.9869
10852.400      0.9839     0.9869
10852.500      0.9880     0.9868
10852.600      0.9916     0.9868
10852.700      0.9934     0.9868
10852.800      0.9903     0.9867
10852.900      0.9859     0.9867
10853.000      0.9838     0.9867
10853.100      0.9849     0.9867
10853.200      0.9912     0.9866
10853.300      0.9969     0.9866
10853.400      1.0001     0.9865
10853.500      1.0007     0.9865
10853.600      0.9999     0.9865
10853.700      0.9988     0.9864
10853.800      0.9973     0.9864
10853.900      0.9941     0.9864
10854.000      0.9909     0.9863
10854.100      0.9895     0.9863
10854.200      0.9906     0.9863
10854.300      0.9941     0.9862
10854.400      0.9914     0.9862
10854.500      0.9829     0.9862
10854.600      0.9767     0.9861
10854.700      0.9748     0.9861
10854.800      0.9823     0.9860
10854.900      0.9901     0.9860
10855.000      0.9929     0.9860
10855.100      0.9917     0.9859
10855.200      0.9880     0.9859
10855.300      0.9853     0.9859
10855.400      0.9847     0.9858
10855.500      0.9863     0.9858
10855.600      0.9885     0.9857
10855.700      0.9873     0.9857
10855.800      0.9859     0.9857
10855.900      0.9858     0.9856
10856.000      0.9875     0.9856
10856.100      0.9911     0.9856
10856.200      0.9938     0.9855
10856.300      0.9956     0.9855
10856.400      0.9975     0.9854
10856.500      0.9995     0.9854
10856.600      0.9984     0.9854
10856.700      0.9970     0.9853
10856.800      0.9964     0.9853
10856.900      0.9970     0.9852
10857.000      0.9990     0.9852
10857.100      1.0013     0.9852
10857.200      1.0036     0.9851
10857.300      1.0022     0.9851
10857.400      0.9981     0.9850
10857.500      0.9929     0.9850
10857.600      0.9883     0.9850
10857.700      0.9902     0.9849
10857.800      0.9927     0.9849
10857.900      0.9955     0.9848
10858.000      0.9976     0.9848
10858.100      0.9974     0.9847
10858.200      0.9937     0.9847
10858.300      0.9889     0.9847
10858.400      0.9921     0.9846
10858.500      0.9957     0.9846
10858.600      0.9945     0.9845
10858.700      0.9945     0.9845
10858.800      0.9978     0.9845
10858.900      0.9986     0.9844
10859.000      0.9971     0.9844
10859.100      0.9978     0.9843
10859.200      0.9996     0.9843
10859.300      0.9973     0.9842
10859.400      0.9938     0.9842
10859.500      0.9902     0.9842
10859.600      0.9842     0.9841
10859.700      0.9672     0.9841
10859.800      0.9351     0.9840
10859.900      0.8948     0.9840
10860.000      0.8579     0.9839
10860.100      0.8305     0.9839
10860.200      0.8350     0.9838
10860.300      0.8608     0.9838
10860.400      0.9022     0.9837
10860.500      0.9414     0.9837
10860.600      0.9680     0.9837
10860.700      0.9796     0.9836
10860.800      0.9814     0.9836
10860.900      0.9810     0.9835
10861.000      0.9803     0.9835
10861.100      0.9838     0.9834
10861.200      0.9877     0.9834
10861.300      0.9890     0.9833
10861.400      0.9886     0.9831
10861.500      0.9869     0.9830
10861.600      0.9839     0.9829
10861.700      0.9803     0.9829
10861.800      0.9802     0.9829
10861.900      0.9820     0.9830
10862.000      0.9800     0.9829
10862.100      0.9722     0.9827
10862.200      0.9543     0.9816
10862.300      0.9247     0.9779
10862.400      0.8800     0.9692
10862.500      0.8148     0.9562
10862.600      0.7390     0.9461
10862.700      0.6715     0.9468
10862.800      0.6258     0.9577
10862.900      0.6367     0.9703
10863.000      0.6883     0.9781
10863.100      0.7724     0.9811
10863.200      0.8531     0.9814
10863.300      0.9132     0.9804
10863.400      0.9512     0.9790
10863.500      0.9705     0.9783
10863.600      0.9780     0.9787
10863.700      0.9827     0.9800
10863.800      0.9868     0.9810
10863.900      0.9908     0.9815
10864.000      0.9955     0.9818
10864.100      1.0000     0.9818
10864.200      1.0030     0.9818
10864.300      1.0024     0.9818
10864.400      0.9987     0.9818
10864.500      0.9963     0.9817
10864.600      0.9954     0.9817
10864.700      0.9955     0.9816
10864.800      0.9961     0.9816
10864.900      0.9968     0.9815
10865.000      0.9982     0.9815
10865.100      1.0005     0.9814
10865.200      1.0022     0.9814
10865.300      1.0024     0.9813
10865.400      1.0014     0.9812
10865.500      0.9995     0.9812
10865.600      0.9967     0.9811
10865.700      0.9934     0.9811
10865.800      0.9898     0.9810
10865.900      0.9854     0.9810
10866.000      0.9800     0.9809
10866.100      0.9729     0.9808
10866.200      0.9649     0.9808
10866.300      0.9597     0.9807
10866.400      0.9602     0.9807
10866.500      0.9702     0.9806
10866.600      0.9815     0.9805
10866.700      0.9917     0.9805
10866.800      1.0000     0.9804
10866.900      1.0043     0.9804
10867.000      1.0055     0.9803
10867.100      1.0044     0.9802
10867.200      1.0015     0.9802
10867.300      0.9982     0.9801
10867.400      0.9959     0.9800
10867.500      0.9952     0.9800
10867.600      0.9983     0.9799
10867.700      1.0010     0.9798
10867.800      1.0025     0.9797
10867.900      1.0032     0.9797
10868.000      1.0037     0.9796
10868.100      1.0047     0.9794
10868.200      1.0060     0.9792
10868.300      1.0050     0.9782
10868.400      1.0035     0.9749
10868.500      1.0022     0.9668
10868.600      1.0016     0.9528
10868.700      1.0031     0.9380
10868.800      1.0034     0.9322
10868.900      1.0021     0.9395
10869.000      1.0030     0.9523
10869.100      1.0054     0.9566
10869.200      1.0052     0.9408
10869.300      1.0033     0.9010
10869.400      1.0003     0.8493
10869.500      0.9983     0.8145
10869.600      1.0000     0.8207
10869.700      1.0016     0.8637
10869.800      1.0024     0.9153
10869.900      1.0002     0.9520
10870.000      0.9965     0.9697
10870.100      0.9940     0.9757
10870.200      0.9929     0.9773
10870.300      0.9935     0.9777
10870.400      0.9923     0.9778
10870.500      0.9801     0.9778
10870.600      0.9607     0.9778
10870.700      0.9379     0.9778
10870.800      0.9189     0.9778
10870.900      0.9093     0.9777
10871.000      0.9143     0.9777
10871.100      0.9287     0.9775
10871.200      0.9500     0.9772
10871.300      0.9707     0.9764
10871.400      0.9855     0.9748
10871.500      0.9941     0.9729
10871.600      0.9946     0.9719
10871.700      0.9845     0.9727
10871.800      0.9708     0.9745
10871.900      0.9576     0.9760
10872.000      0.9458     0.9768
10872.100      0.9498     0.9770
10872.200      0.9575     0.9770
10872.300      0.9670     0.9769
10872.400      0.9783     0.9768
10872.500      0.9903     0.9767
10872.600      0.9961     0.9766
10872.700      0.9952     0.9763
10872.800      0.9917     0.9760
10872.900      0.9880     0.9757
10873.000      0.9863     0.9756
10873.100      0.9862     0.9757
10873.200      0.9875     0.9758
10873.300      0.9888     0.9760
10873.400      0.9902     0.9760
10873.500      0.9904     0.9760
10873.600      0.9893     0.9759
10873.700      0.9871     0.9759
10873.800      0.9849     0.9758
10873.900      0.9868     0.9757
10874.000      0.9887     0.9757
10874.100      0.9901     0.9756
10874.200      0.9905     0.9755
10874.300      0.9900     0.9754
10874.400      0.9905     0.9754
10874.500      0.9926     0.9753
10874.600      0.9954     0.9752
10874.700      0.9984     0.9751
10874.800      0.9992     0.9750
10874.900      0.9977     0.9749
10875.000      0.9935     0.9749
10875.100      0.9901     0.9748
10875.200      0.9894     0.9747
10875.300      0.9909     0.9747
10875.400      0.9933     0.9746
10875.500      0.9955     0.9745
10875.600      0.9970     0.9744
10875.700      0.9944     0.9743
10875.800      0.9907     0.9742
10875.900      0.9866     0.9742
10876.000      0.9861     0.9741
10876.100      0.9920     0.9740
10876.200      0.9952     0.9739
10876.300      0.9962     0.9738
10876.400      0.9974     0.9737
10876.500      0.9986     0.9737
10876.600      0.9959     0.9736
10876.700      0.9931     0.9735
10876.800      0.9914     0.9734
10876.900      0.9916     0.9733
10877.000      0.9942     0.9732
10877.100      0.9973     0.9731
10877.200      1.0006     0.9730
10877.300      0.9961     0.9729
10877.400      0.9853     0.9729
10877.500      0.9706     0.9728
10877.600      0.9569     0.9727
10877.700      0.9533     0.9726
10877.800      0.9547     0.9725
10877.900      0.9598     0.9724
10878.000      0.9698     0.9723
10878.100      0.9817     0.9722
10878.200      0.9921     0.9722
10878.300      0.9999     0.9721
10878.400      1.0032     0.9720
10878.500      1.0043     0.9719
10878.600      1.0040     0.9718
10878.700      1.0011     0.9716
10878.800      0.9963     0.9715
10878.900      0.9924     0.9712
10879.000      0.9892     0.9708
10879.100      0.9861     0.9705
10879.200      0.9830     0.9705
10879.300      0.9857     0.9706
10879.400      0.9889     0.9707
10879.500      0.9915     0.9708
10879.600      0.9945     0.9707
10879.700      0.9980     0.9705
10879.800      1.0004     0.9704
10879.900      1.0017     0.9703
10880.000      1.0036     0.9702
10880.100      1.0057     0.9702
10880.200      1.0037     0.9702
10880.300      1.0017     0.9701
10880.400      1.0023     0.9700
10880.500      1.0037     0.9699
10880.600      1.0053     0.9698
10880.700      1.0045     0.9697
10880.800      1.0013     0.9696
10880.900      1.0018     0.9695
10881.000      1.0051     0.9694
10881.100      1.0099     0.9693
10881.200      1.0134     0.9692
10881.300      1.0067     0.9691
10881.400      1.0009     0.9690
10881.500      0.9983     0.9689
10881.600      0.9974     0.9687
10881.700      0.9973     0.9686
10881.800      0.9975     0.9685
10881.900      0.9980     0.9684
10882.000      0.9988     0.9683
10882.100      0.9995     0.9682
10882.200      0.9980     0.9681
10882.300      0.9968     0.9678
10882.400      0.9965     0.9672
10882.500      0.9971     0.9659
10882.600      0.9987     0.9636
10882.700      1.0017     0.9610
10882.800      1.0052     0.9596
10882.900      1.0028     0.9604
10883.000      0.9989     0.9627
10883.100      0.9946     0.9649
10883.200      0.9936     0.9662
10883.300      1.0004     0.9666
10883.400      1.0033     0.9667
10883.500      1.0018     0.9666
10883.600      0.9999     0.9665
10883.700      0.9980     0.9664
10883.800      0.9986     0.9663
10883.900      0.9991     0.9661
10884.000      0.9962     0.9658
10884.100      0.9936     0.9654
10884.200      0.9917     0.9650
10884.300      0.9908     0.9647
10884.400      0.9902     0.9646
10884.500      0.9828     0.9646
10884.600      0.9703     0.9646
10884.700      0.9559     0.9646
10884.800      0.9420     0.9642
10884.900      0.9381     0.9626
10885.000      0.9427     0.9574
10885.100      0.9545     0.9466
10885.200      0.9687     0.9322
10885.300      0.9834     0.9223
10885.400      0.9908     0.9244
10885.500      0.9937     0.9366
10885.600      0.9958     0.9502
10885.700      0.9981     0.9588
10885.800      1.0028     0.9624
10885.900      1.0057     0.9634
10886.000      1.0031     0.9635
10886.100      0.9998     0.9635
10886.200      0.9963     0.9633
10886.300      0.9948     0.9632
10886.400      0.9940     0.9630
10886.500      0.9920     0.9629
10886.600      0.9901     0.9628
10886.700      0.9929     0.9627
10886.800      0.9957     0.9626
10886.900      0.9982     0.9625
10887.000      0.9995     0.9624
10887.100      0.9984     0.9622
10887.200      0.9958     0.9621
10887.300      0.9928     0.9620
10887.400      0.9944     0.9618
10887.500      0.9967     0.9617
10887.600      0.9989     0.9616
10887.700      1.0004     0.9614
10887.800      1.0001     0.9613
10887.900      0.9989     0.9612
10888.000      0.9969     0.9610
10888.100      0.9935     0.9609
10888.200      0.9898     0.9607
10888.300      0.9905     0.9605
10888.400      0.9918     0.9603
10888.500      0.9926     0.9602
10888.600      0.9933     0.9601
10888.700      0.9942     0.9600
10888.800      0.9928     0.9599
10888.900      0.9890     0.9597
10889.000      0.9858     0.9596
10889.100      0.9835     0.9595
10889.200      0.9817     0.9593
10889.300      0.9804     0.9592
10889.400      0.9794     0.9590
10889.500      0.9793     0.9589
10889.600      0.9813     0.9587
10889.700      0.9846     0.9586
10889.800      0.9882     0.9584
10889.900      0.9876     0.9583
10890.000      0.9846     0.9581
10890.100      0.9832     0.9580
10890.200      0.9842     0.9578
10890.300      0.9888     0.9576
10890.400      0.9926     0.9575
10890.500      0.9925     0.9573
10890.600      0.9892     0.9572
10890.700      0.9846     0.9570
10890.800      0.9832     0.9568
10890.900      0.9837     0.9567
10891.000      0.9767     0.9565
10891.100      0.9651     0.9562
10891.200      0.9516     0.9560
10891.300      0.9337     0.9557
10891.400      0.9110     0.9553
10891.500      0.8894     0.9547
10891.600      0.8734     0.9539
10891.700      0.8737     0.9533
10891.800      0.8896     0.9531
10891.900      0.9157     0.9534
10892.000      0.9426     0.9540
10892.100      0.9660     0.9543
10892.200      0.9844     0.9543
10892.300      0.9937     0.9542
10892.400      0.9937     0.9541
10892.500      0.9890     0.9539
10892.600      0.9870     0.9538
10892.700      0.9866     0.9537
10892.800      0.9857     0.9535
10892.900      0.9848     0.9533
10893.000      0.9880     0.9532
10893.100      0.9912     0.9530
10893.200      0.9944     0.9528
10893.300      0.9967     0.9526
10893.400      0.9977     0.9523
10893.500      0.9992     0.9519
10893.600      1.0008     0.9515
10893.700      1.0013     0.9513
10893.800      1.0007     0.9512
10893.900      0.9992     0.9513
10894.000      0.9980     0.9512
10894.100      0.9975     0.9511
10894.200      0.9970     0.9510
10894.300      0.9964     0.9508
10894.400      0.9938     0.9505
10894.500      0.9879     0.9501
10894.600      0.9794     0.9495
10894.700      0.9663     0.9489
10894.800      0.9397     0.9485
10894.900      0.9144     0.9485
10895.000      0.8998     0.9488
10895.100      0.8987     0.9490
10895.200      0.9117     0.9490
10895.300      0.9345     0.9489
10895.400      0.9595     0.9487
10895.500      0.9798     0.9485
10895.600      0.9933     0.9482
10895.700      0.9945     0.9479
10895.800      0.9958     0.9477
10895.900      0.9975     0.9474
10896.000      1.0006     0.9471
10896.100      1.0054     0.9469
10896.200      1.0083     0.9466
10896.300      1.0083     0.9464
10896.400      1.0057     0.9463
10896.500      1.0028     0.9462
10896.600      1.0043     0.9461
10896.700      1.0058     0.9460
10896.800      1.0061     0.9458
10896.900      1.0043     0.9456
10897.000      1.0004     0.9454
10897.100      0.9997     0.9452
10897.200      1.0012     0.9450
10897.300      1.0025     0.9448
10897.400      1.0035     0.9446
10897.500      1.0036     0.9443
10897.600      1.0031     0.9441
10897.700      1.0022     0.9439
10897.800      1.0026     0.9437
10897.900      1.0048     0.9435
10898.000      1.0061     0.9433
10898.100      1.0068     0.9430
10898.200      1.0083     0.9428
10898.300      1.0099     0.9426
10898.400      1.0105     0.9424
10898.500      1.0095     0.9421
10898.600      1.0064     0.9419
10898.700      1.0046     0.9417
10898.800      1.0049     0.9415
10898.900      1.0043     0.9412
10899.000      1.0032     0.9410
10899.100      1.0027     0.9408
10899.200      1.0033     0.9405
10899.300      1.0059     0.9403
10899.400      1.0077     0.9400
10899.500      1.0057     0.9397
10899.600      1.0041     0.9395
10899.700      1.0033     0.9392
10899.800      1.0034     0.9390
10899.900      1.0040     0.9387
10900.000      1.0049     0.9385
10900.100      1.0058     0.9382
10900.200      1.0057     0.9380
10900.300      1.0046     0.9378
10900.400      1.0027     0.9375
10900.500      1.0021     0.9373
10900.600      1.0037     0.9370
10900.700      1.0018     0.9368
10900.800      0.9974     0.9365
10900.900      0.9985     0.9363
10901.000      1.0012     0.9360
10901.100      0.9997     0.9357
10901.200      0.9914     0.9355
10901.300      0.9727     0.9352
10901.400      0.9562     0.9350
10901.500      0.9480     0.9347
10901.600      0.9472     0.9344
10901.700      0.9521     0.9341
10901.800      0.9613     0.9339
10901.900      0.9716     0.9337
10902.000      0.9822     0.9334
10902.100      0.9923     0.9331
10902.200      0.9977     0.9329
10902.300      0.9999     0.9326
10902.400      1.0002     0.9323
10902.500      1.0006     0.9321
10902.600      1.0012     0.9318
10902.700      1.0023     0.9315
10902.800      1.0036     0.9313
10902.900      1.0006     0.9310
10903.000      0.9958     0.9307
10903.100      0.9899     0.9304
10903.200      0.9817     0.9300
10903.300      0.9670     0.9297
10903.400      0.9384     0.9294
10903.500      0.8920     0.9291
10903.600      0.8290     0.9288
10903.700      0.7633     0.9285
10903.800      0.7297     0.9282
10903.900      0.7314     0.9279
10904.000      0.7756     0.9276
10904.100      0.8326     0.9273
10904.200      0.8940     0.9270
10904.300      0.9432     0.9267
10904.400      0.9708     0.9264
10904.500      0.9832     0.9261
10904.600      0.9890     0.9258
10904.700      0.9916     0.9255
10904.800      0.9929     0.9252
10904.900      0.9937     0.9249
10905.000      0.9966     0.9246
10905.100      1.0037     0.9243
10905.200      1.0072     0.9240
10905.300      1.0064     0.9237
10905.400      1.0047     0.9234
10905.500      1.0023     0.9230
10905.600      0.9992     0.9227
10905.700      0.9965     0.9222
10905.800      0.9965     0.9218
10905.900      0.9961     0.9215
10906.000      0.9919     0.9212
10906.100      0.9792     0.9210
10906.200      0.9576     0.9208
10906.300      0.9310     0.9205
10906.400      0.9038     0.9202
10906.500      0.8907     0.9198
10906.600      0.8939     0.9195
10906.700      0.9170     0.9191
10906.800      0.9402     0.9187
10906.900      0.9634     0.9183
10907.000      0.9817     0.9179
10907.100      0.9912     0.9175
10907.200      0.9962     0.9171
10907.300      0.9975     0.9168
10907.400      0.9938     0.9164
10907.500      0.9903     0.9161
10907.600      0.9907     0.9157
10907.700      0.9914     0.9154
10907.800      0.9923     0.9150
10907.900      0.9937     0.9147
10908.000      0.9955     0.9143
10908.100      0.9962     0.9140
10908.200      0.9964     0.9137
10908.300      0.9977     0.9133
10908.400      0.9992     0.9129
10908.500      1.0007     0.9126
10908.600      1.0014     0.9122
10908.700      1.0002     0.9118
10908.800      0.9992     0.9115
10908.900      0.9984     0.9111
10909.000      0.9953     0.9108
10909.100      0.9913     0.9104
10909.200      0.9942     0.9100
10909.300      0.9978     0.9096
10909.400      1.0012     0.9092
10909.500      1.0034     0.9088
10909.600      1.0033     0.9084
10909.700      1.0050     0.9080
10909.800      1.0085     0.9076
10909.900      1.0040     0.9072
10910.000      0.9962     0.9068
10910.100      0.9970     0.9065
10910.200      0.9989     0.9061
10910.300      1.0009     0.9057
10910.400      1.0026     0.9052
10910.500      1.0030     0.9047
10910.600      1.0006     0.9042
10910.700      0.9966     0.9038
10910.800      0.9966     0.9034
10910.900      0.9984     0.9029
10911.000      0.9983     0.9025
10911.100      0.9973     0.9021
10911.200      0.9960     0.9017
10911.300      0.9960     0.9013
10911.400      0.9995     0.9009
10911.500      0.9999     0.9005
10911.600      0.9962     0.9000
10911.700      0.9915     0.8996
10911.800      0.9868     0.8992
10911.900      0.9825     0.8988
10912.000      0.9795     0.8983
10912.100      0.9820     0.8979
10912.200      0.9868     0.8975
10912.300      0.9927     0.8970
10912.400      0.9977     0.8966
10912.500      1.0006     0.8961
10912.600      1.0021     0.8957
10912.700      1.0028     0.8952
10912.800      1.0030     0.8948
10912.900      1.0024     0.8943
10913.000      0.9993     0.8938
10913.100      0.9964     0.8933
10913.200      0.9949     0.8929
10913.300      0.9970     0.8924
10913.400      1.0018     0.8919
10913.500      1.0032     0.8912
10913.600      1.0026     0.8902
10913.700      1.0019     0.8873
10913.800      1.0012     0.8783
10913.900      1.0013     0.8561
10914.000      1.0012     0.8165
10914.100      1.0003     0.7686
10914.200      0.9998     0.7356
10914.300      1.0004     0.7376
10914.400      1.0021     0.7727
10914.500      1.0041     0.8186
10914.600      1.0034     0.8520
10914.700      1.0022     0.8648
10914.800      1.0017     0.8637
10914.900      1.0012     0.8583
10915.000      1.0009     0.8509
10915.100      1.0013     0.8390
10915.200      1.0024     0.8256
10915.300      0.9988     0.8217
10915.400      0.9928     0.8330
10915.500      0.9954     0.8522
10915.600      0.9994     0.8680
10915.700      0.9989     0.8762
10915.800      0.9980     0.8788
10915.900      0.9969     0.8791
10916.000      0.9984     0.8788
10916.100      1.0030     0.8783
10916.200      1.0033     0.8778
10916.300      1.0015     0.8772
10916.400      1.0009     0.8767
10916.500      1.0020     0.8761
10916.600      1.0050     0.8755
10916.700      1.0060     0.8749
10916.800      1.0008     0.8742
10916.900      0.9971     0.8735
10917.000      0.9950     0.8730
10917.100      0.9924     0.8724
10917.200      0.9880     0.8718
10917.300      0.9790     0.8713
10917.400      0.9693     0.8707
10917.500      0.9617     0.8701
10917.600      0.9554     0.8696
10917.700      0.9499     0.8690
10917.800      0.9445     0.8684
10917.900      0.9393     0.8679
10918.000      0.9358     0.8673
10918.100      0.9335     0.8667
10918.200      0.9313     0.8661
10918.300      0.9293     0.8655
10918.400      0.9288     0.8649
10918.500      0.9284     0.8644
10918.600      0.9281     0.8638
10918.700      0.9282     0.8632
10918.800      0.9294     0.8626
10918.900      0.9319     0.8619
10919.000      0.9352     0.8613
10919.100      0.9389     0.8607
10919.200      0.9427     0.8599
10919.300      0.9454     0.8591
10919.400      0.9489     0.8583
10919.500      0.9549     0.8576
10919.600      0.9614     0.8570
10919.700      0.9679     0.8564
10919.800      0.9695     0.8558
10919.900      0.9680     0.8552
10920.000      0.9665     0.8545
10920.100      0.9653     0.8539
10920.200      0.9711     0.8532
10920.300      0.9780     0.8526
10920.400      0.9852     0.8519
10920.500      0.9915     0.8513
10920.600      0.9951     0.8506
10920.700      0.9961     0.8499
10920.800      0.9963     0.8493
10920.900      0.9977     0.8486
10921.000      0.9993     0.8479
10921.100      0.9982     0.8473
10921.200      0.9972     0.8466
10921.300      0.9969     0.8459
10921.400      0.9983     0.8451
10921.500      1.0012     0.8443
10921.600      1.0036     0.8434
10921.700      1.0049     0.8426
10921.800      1.0038     0.8418
10921.900      1.0024     0.8411
10922.000      1.0045     0.8404
10922.100      1.0073     0.8397
10922.200      1.0106     0.8390
10922.300      1.0119     0.8382
10922.400      1.0106     0.8375
10922.500      1.0093     0.8368
10922.600      1.0080     0.8360
10922.700      1.0055     0.8353
10922.800      1.0027     0.8346
10922.900      1.0069     0.8338
10923.000      1.0112     0.8330
10923.100      1.0145     0.8323
10923.200      1.0143     0.8315
10923.300      1.0101     0.8307
10923.400      1.0075     0.8298
10923.500      1.0062     0.8289
10923.600      1.0050     0.8280
10923.700      1.0039     0.8272
10923.800      0.9980     0.8264
10923.900      0.9925     0.8256
10924.000      0.9903     0.8248
10924.100      0.9913     0.8240
10924.200      0.9951     0.8232
10924.300      1.0008     0.8224
10924.400      1.0069     0.8216
10924.500      1.0076     0.8207
10924.600      1.0036     0.8199
10924.700      0.9959     0.8191
10924.800      0.9893     0.8182
10924.900      0.9876     0.8174
10925.000      0.9848     0.8165
10925.100      0.9768     0.8155
10925.200      0.9627     0.8145
10925.300      0.9371     0.8136
10925.400      0.8818     0.8127
10925.500      0.8126     0.8118
10925.600      0.7374     0.8109
10925.700      0.6677     0.8100
10925.800      0.6466     0.8092
10925.900      0.6686     0.8083
10926.000      0.7248     0.8074
10926.100      0.7984     0.8065
10926.200      0.8757     0.8056
10926.300      0.9327     0.8047
10926.400      0.9690     0.8037
10926.500      0.9882     0.8026
10926.600      0.9991     0.8016
10926.700      1.0051     0.8006
10926.800      1.0070     0.7996
10926.900      1.0049     0.7986
10927.000      0.9977     0.7977
10927.100      0.9818     0.7968
10927.200      0.9427     0.7958
10927.300      0.8982     0.7948
10927.400      0.8551     0.7939
10927.500      0.8178     0.7929
10927.600      0.8083     0.7918
10927.700      0.8228     0.7907
10927.800      0.8513     0.7896
10927.900      0.8752     0.7885
10928.000      0.8894     0.7875
10928.100      0.8916     0.7865
10928.200      0.8916     0.7855
10928.300      0.9046     0.7845
10928.400      0.9219     0.7834
10928.500      0.9413     0.7824
10928.600      0.9613     0.7813
10928.700      0.9814     0.7801
10928.800      0.9976     0.7790
10928.900      1.0056     0.7778
10929.000      1.0050     0.7767
10929.100      1.0028     0.7756
10929.200      1.0025     0.7745
10929.300      1.0019     0.7734
10929.400      0.9984     0.7723
10929.500      0.9968     0.7711
10929.600      0.9991     0.7700
10929.700      0.9999     0.7687
10929.800      0.9988     0.7675
10929.900      0.9972     0.7663
10930.000      0.9951     0.7652
10930.100      0.9931     0.7640
10930.200      0.9912     0.7628
10930.300      0.9893     0.7616
10930.400      0.9874     1.0000
10930.500      0.9855     1.0000
10930.600      0.9835     1.0000
10930.700      0.9816     1.0000
10930.800      0.9797     1.0000
10930.900      0.9778     1.0000
10931.000      0.9759     1.0000
