# t09572g430x+000m0                                           
# 1151011851.kgf                                              
# data\m48.fits                                               
# xmin,xmax,dshft,yshift,fz:  11339.50  12021.50   0.00000   0.00000   1.00000
# vw,rp,ifabs:   0.0    28300.   0
#                                                                     
# wave(A)   obs.spec.  the.spec.  overplot1  overplot2  overplot3  overplot4
11510.000      1.1264     1.0000
11510.100      1.1006     1.0000
11510.200      1.0747     1.0000
11510.300      1.0489     1.0000
11510.400      1.0230     1.0000
11510.500      0.9972     1.0000
11510.600      0.9713     1.0000
11510.700      0.9455     1.0000
11510.800      0.9197     0.9998
11510.900      0.8938     0.9998
11511.000      0.8680     0.9998
11511.100      0.8421     0.9998
11511.200      0.8163     0.9998
11511.300      0.7904     0.9998
11511.400      0.7646     0.9998
11511.500      0.7387     0.9998
11511.600      0.7129     0.9998
11511.700      0.6870     0.9997
11511.800      0.6623     0.9997
11511.900      0.6400     0.9994
11512.000      0.6323     0.9991
11512.100      0.6485     0.9986
11512.200      0.6633     0.9983
11512.300      0.6703     0.9982
11512.400      0.6582     0.9985
11512.500      0.6137     0.9990
11512.600      0.5421     0.9994
11512.700      0.4510     0.9996
11512.800      0.3428     0.9998
11512.900      0.2303     0.9998
11513.000      0.1337     0.9998
11513.100      0.0684     0.9998
11513.200      0.0382     0.9999
11513.300      0.0409     0.9999
11513.400      0.0687     0.9999
11513.500      0.1227     0.9999
11513.600      0.2135     0.9999
11513.700      0.3236     0.9999
11513.800      0.4481     0.9999
11513.900      0.5737     0.9999
11514.000      0.6718     0.9999
11514.100      0.7440     0.9999
11514.200      0.7867     0.9999
11514.300      0.8161     0.9999
11514.400      0.8373     0.9999
11514.500      0.8538     0.9999
11514.600      0.8664     0.9999
11514.700      0.8783     0.9999
11514.800      0.8898     0.9999
11514.900      0.9017     0.9999
11515.000      0.9177     0.9999
11515.100      0.9336     0.9999
11515.200      0.9479     0.9999
11515.300      0.9596     0.9999
11515.400      0.9667     0.9999
11515.500      0.9733     0.9999
11515.600      0.9796     0.9999
11515.700      0.9842     0.9998
11515.800      0.9858     0.9998
11515.900      0.9899     0.9998
11516.000      0.9982     0.9998
11516.100      1.0064     0.9998
11516.200      1.0140     0.9998
11516.300      1.0188     0.9998
11516.400      1.0200     0.9998
11516.500      1.0201     0.9998
11516.600      1.0196     0.9998
11516.700      1.0181     0.9998
11516.800      1.0161     0.9998
11516.900      1.0141     0.9998
11517.000      1.0119     0.9998
11517.100      1.0082     0.9998
11517.200      1.0037     0.9998
11517.300      1.0024     0.9998
11517.400      1.0038     0.9998
11517.500      1.0067     0.9998
11517.600      1.0099     0.9998
11517.700      1.0086     0.9998
11517.800      1.0056     0.9998
11517.900      1.0020     0.9997
11518.000      0.9984     0.9997
11518.100      0.9955     0.9995
11518.200      0.9926     0.9990
11518.300      0.9854     0.9981
11518.400      0.9737     0.9967
11518.500      0.9553     0.9953
11518.600      0.9297     0.9946
11518.700      0.8942     0.9951
11518.800      0.8561     0.9964
11518.900      0.8164     0.9979
11519.000      0.7790     0.9989
11519.100      0.7577     0.9994
11519.200      0.7420     0.9996
11519.300      0.7294     0.9997
11519.400      0.7120     0.9998
11519.500      0.6680     0.9998
11519.600      0.6017     0.9998
11519.700      0.5137     0.9997
11519.800      0.4102     0.9996
11519.900      0.2993     0.9996
11520.000      0.1945     0.9995
11520.100      0.1122     0.9996
11520.200      0.0539     0.9996
11520.300      0.0224     0.9997
11520.400      0.0100     0.9998
11520.500      0.0151     0.9998
11520.600      0.0398     0.9998
11520.700      0.0862     0.9998
11520.800      0.1604     0.9998
11520.900      0.2528     0.9998
11521.000      0.3576     0.9998
11521.100      0.4646     0.9998
11521.200      0.5602     0.9998
11521.300      0.6358     0.9998
11521.400      0.6825     0.9998
11521.500      0.7129     0.9998
11521.600      0.7324     0.9998
11521.700      0.7509     0.9997
11521.800      0.7878     0.9995
11521.900      0.8282     0.9991
11522.000      0.8677     0.9985
11522.100      0.9051     0.9979
11522.200      0.9223     0.9976
11522.300      0.9266     0.9977
11522.400      0.9169     0.9982
11522.500      0.9073     0.9987
11522.600      0.9056     0.9990
11522.700      0.9113     0.9990
11522.800      0.9280     0.9989
11522.900      0.9455     0.9988
11523.000      0.9634     0.9986
11523.100      0.9805     0.9984
11523.200      0.9922     0.9980
11523.300      0.9992     0.9977
11523.400      1.0011     0.9978
11523.500      0.9993     0.9983
11523.600      0.9955     0.9989
11523.700      0.9916     0.9994
11523.800      0.9878     0.9997
11523.900      0.9836     0.9998
11524.000      0.9781     0.9998
11524.100      0.9707     0.9998
11524.200      0.9611     0.9998
11524.300      0.9496     0.9998
11524.400      0.9375     0.9999
11524.500      0.9258     0.9999
11524.600      0.9143     0.9999
11524.700      0.9027     0.9999
11524.800      0.8899     0.9998
11524.900      0.8735     0.9998
11525.000      0.8509     0.9998
11525.100      0.8226     0.9998
11525.200      0.7871     0.9998
11525.300      0.7438     0.9998
11525.400      0.6898     0.9998
11525.500      0.6195     0.9998
11525.600      0.5352     0.9999
11525.700      0.4347     0.9999
11525.800      0.3324     0.9999
11525.900      0.2341     0.9999
11526.000      0.1432     0.9999
11526.100      0.0778     0.9999
11526.200      0.0340     0.9999
11526.300      0.0145     0.9999
11526.400      0.0071     0.9999
11526.500      0.0098     0.9999
11526.600      0.0124     0.9999
11526.700      0.0148     0.9999
11526.800      0.0166     0.9999
11526.900      0.0155     0.9999
11527.000      0.0135     0.9999
11527.100      0.0108     0.9999
11527.200      0.0083     0.9999
11527.300      0.0076     0.9999
11527.400      0.0101     0.9999
11527.500      0.0235     0.9998
11527.600      0.0517     0.9998
11527.700      0.1044     0.9998
11527.800      0.1843     0.9997
11527.900      0.2822     0.9997
11528.000      0.3806     0.9997
11528.100      0.4792     0.9997
11528.200      0.5700     0.9997
11528.300      0.6430     0.9997
11528.400      0.7039     0.9997
11528.500      0.7535     0.9998
11528.600      0.7902     0.9998
11528.700      0.8180     0.9998
11528.800      0.8390     0.9998
11528.900      0.8577     0.9998
11529.000      0.8755     0.9998
11529.100      0.8927     0.9998
11529.200      0.9090     0.9998
11529.300      0.9245     0.9998
11529.400      0.9392     0.9997
11529.500      0.9528     0.9997
11529.600      0.9641     0.9996
11529.700      0.9731     0.9996
11529.800      0.9787     0.9996
11529.900      0.9831     0.9997
11530.000      0.9869     0.9998
11530.100      0.9904     0.9998
11530.200      0.9935     0.9999
11530.300      0.9967     0.9999
11530.400      1.0018     0.9999
11530.500      1.0069     0.9999
11530.600      1.0097     0.9999
11530.700      1.0111     0.9999
11530.800      1.0111     0.9999
11530.900      1.0114     0.9999
11531.000      1.0135     0.9998
11531.100      1.0153     0.9998
11531.200      1.0151     0.9997
11531.300      1.0120     0.9996
11531.400      1.0054     0.9995
11531.500      0.9996     0.9994
11531.600      0.9976     0.9994
11531.700      0.9997     0.9994
11531.800      1.0049     0.9996
11531.900      1.0095     0.9997
11532.000      1.0116     0.9997
11532.100      1.0114     0.9998
11532.200      1.0095     0.9998
11532.300      1.0066     0.9998
11532.400      1.0036     0.9998
11532.500      1.0007     0.9998
11532.600      0.9982     0.9998
11532.700      0.9968     0.9999
11532.800      0.9958     0.9999
11532.900      0.9884     0.9999
11533.000      0.9770     0.9999
11533.100      0.9653     0.9999
11533.200      0.9532     0.9999
11533.300      0.9288     0.9999
11533.400      0.8882     0.9999
11533.500      0.8257     0.9999
11533.600      0.7596     0.9998
11533.700      0.7304     0.9998
11533.800      0.7393     0.9998
11533.900      0.8024     0.9998
11534.000      0.8696     0.9998
11534.100      0.9234     0.9998
11534.200      0.9619     0.9998
11534.300      0.9662     0.9998
11534.400      0.9666     0.9998
11534.500      0.9662     0.9998
11534.600      0.9623     0.9998
11534.700      0.9500     0.9997
11534.800      0.9252     0.9997
11534.900      0.8802     0.9997
11535.000      0.8368     0.9997
11535.100      0.8095     0.9998
11535.200      0.8056     0.9998
11535.300      0.8317     0.9998
11535.400      0.8577     0.9998
11535.500      0.8821     0.9998
11535.600      0.8954     0.9998
11535.700      0.8755     0.9999
11535.800      0.8292     0.9999
11535.900      0.7685     0.9999
11536.000      0.7078     0.9999
11536.100      0.6471     0.9999
11536.200      0.5984     0.9998
11536.300      0.5815     0.9998
11536.400      0.6056     0.9998
11536.500      0.6491     0.9998
11536.600      0.6880     0.9998
11536.700      0.7096     0.9998
11536.800      0.6606     0.9998
11536.900      0.5591     0.9998
11537.000      0.4363     0.9998
11537.100      0.3108     0.9998
11537.200      0.2679     0.9998
11537.300      0.2919     0.9998
11537.400      0.3587     0.9998
11537.500      0.4303     0.9998
11537.600      0.4598     0.9997
11537.700      0.4804     0.9997
11537.800      0.5206     0.9998
11537.900      0.5636     0.9998
11538.000      0.5875     0.9998
11538.100      0.5900     0.9998
11538.200      0.5449     0.9998
11538.300      0.4996     0.9998
11538.400      0.5122     0.9999
11538.500      0.5676     0.9999
11538.600      0.6766     0.9999
11538.700      0.7826     0.9999
11538.800      0.8526     0.9999
11538.900      0.8932     0.9999
11539.000      0.9014     0.9999
11539.100      0.8966     0.9999
11539.200      0.8848     0.9999
11539.300      0.8667     0.9999
11539.400      0.8438     0.9999
11539.500      0.8160     0.9999
11539.600      0.7829     0.9999
11539.700      0.7422     0.9999
11539.800      0.6876     0.9999
11539.900      0.6090     0.9999
11540.000      0.5044     0.9998
11540.100      0.3851     0.9998
11540.200      0.2611     0.9996
11540.300      0.1510     0.9994
11540.400      0.0775     0.9989
11540.500      0.0427     0.9984
11540.600      0.0525     0.9982
11540.700      0.1097     0.9984
11540.800      0.2001     0.9988
11540.900      0.3194     0.9993
11541.000      0.4443     0.9996
11541.100      0.5586     0.9998
11541.200      0.6550     0.9998
11541.300      0.7258     0.9998
11541.400      0.7779     0.9998
11541.500      0.8177     0.9998
11541.600      0.8468     0.9998
11541.700      0.8672     0.9998
11541.800      0.8750     0.9998
11541.900      0.8620     0.9998
11542.000      0.8325     0.9998
11542.100      0.7825     0.9998
11542.200      0.7322     0.9999
11542.300      0.7041     0.9999
11542.400      0.6892     0.9999
11542.500      0.6888     0.9999
11542.600      0.6872     0.9999
11542.700      0.6651     0.9999
11542.800      0.6181     0.9999
11542.900      0.5336     0.9999
11543.000      0.4513     0.9999
11543.100      0.3944     0.9999
11543.200      0.3838     0.9999
11543.300      0.4491     0.9999
11543.400      0.5359     0.9999
11543.500      0.6308     0.9998
11543.600      0.7010     0.9998
11543.700      0.7080     0.9998
11543.800      0.6857     0.9998
11543.900      0.6520     0.9998
11544.000      0.6219     0.9998
11544.100      0.5961     0.9998
11544.200      0.5503     0.9998
11544.300      0.4675     0.9997
11544.400      0.3564     0.9997
11544.500      0.2360     0.9996
11544.600      0.1456     0.9996
11544.700      0.1133     0.9996
11544.800      0.1438     0.9996
11544.900      0.2180     0.9997
11545.000      0.3257     0.9997
11545.100      0.4402     0.9998
11545.200      0.5560     0.9998
11545.300      0.6718     0.9998
11545.400      0.7687     0.9998
11545.500      0.8415     0.9998
11545.600      0.8843     0.9998
11545.700      0.9078     0.9998
11545.800      0.9137     0.9999
11545.900      0.9178     0.9999
11546.000      0.9212     0.9999
11546.100      0.9247     0.9999
11546.200      0.9359     0.9999
11546.300      0.9476     0.9999
11546.400      0.9597     0.9999
11546.500      0.9710     0.9998
11546.600      0.9721     0.9998
11546.700      0.9659     0.9997
11546.800      0.9523     0.9996
11546.900      0.9391     0.9994
11547.000      0.9314     0.9992
11547.100      0.9337     0.9992
11547.200      0.9514     0.9993
11547.300      0.9685     0.9994
11547.400      0.9828     0.9996
11547.500      0.9933     0.9997
11547.600      0.9992     0.9998
11547.700      1.0030     0.9998
11547.800      1.0051     0.9998
11547.900      1.0046     0.9997
11548.000      1.0017     0.9997
11548.100      0.9967     0.9997
11548.200      0.9910     0.9998
11548.300      0.9854     0.9998
11548.400      0.9803     0.9998
11548.500      0.9770     0.9999
11548.600      0.9746     0.9999
11548.700      0.9710     0.9999
11548.800      0.9643     0.9999
11548.900      0.9533     0.9999
11549.000      0.9363     0.9999
11549.100      0.9131     0.9999
11549.200      0.8797     0.9999
11549.300      0.8289     0.9999
11549.400      0.7539     0.9999
11549.500      0.6362     0.9999
11549.600      0.5032     0.9999
11549.700      0.3623     0.9999
11549.800      0.2211     0.9999
11549.900      0.1579     0.9999
11550.000      0.1630     0.9999
11550.100      0.2658     0.9999
11550.200      0.3908     0.9999
11550.300      0.5294     0.9999
11550.400      0.6655     0.9999
11550.500      0.7535     0.9999
11550.600      0.8076     0.9999
11550.700      0.8267     0.9999
11550.800      0.8312     0.9999
11550.900      0.8277     0.9999
11551.000      0.8272     0.9999
11551.100      0.8432     0.9999
11551.200      0.8706     0.9999
11551.300      0.9062     0.9999
11551.400      0.9407     0.9999
11551.500      0.9684     0.9999
11551.600      0.9832     0.9999
11551.700      0.9833     0.9999
11551.800      0.9794     0.9999
11551.900      0.9744     0.9999
11552.000      0.9721     0.9999
11552.100      0.9747     0.9999
11552.200      0.9799     0.9999
11552.300      0.9860     0.9999
11552.400      0.9919     0.9999
11552.500      0.9973     0.9999
11552.600      0.9999     0.9999
11552.700      0.9997     0.9999
11552.800      0.9980     0.9999
11552.900      0.9955     0.9999
11553.000      0.9928     0.9999
11553.100      0.9893     0.9999
11553.200      0.9824     0.9999
11553.300      0.9714     0.9999
11553.400      0.9574     0.9999
11553.500      0.9383     0.9999
11553.600      0.9106     0.9999
11553.700      0.8686     0.9999
11553.800      0.7961     0.9999
11553.900      0.6942     0.9999
11554.000      0.5480     0.9999
11554.100      0.4011     0.9999
11554.200      0.3138     0.9998
11554.300      0.2912     0.9998
11554.400      0.3924     0.9998
11554.500      0.5114     0.9998
11554.600      0.6392     0.9998
11554.700      0.7588     0.9996
11554.800      0.8237     0.9991
11554.900      0.8641     0.9983
11555.000      0.8888     0.9975
11555.100      0.9101     0.9971
11555.200      0.9300     0.9975
11555.300      0.9476     0.9984
11555.400      0.9622     0.9991
11555.500      0.9722     0.9995
11555.600      0.9753     0.9996
11555.700      0.9707     0.9993
11555.800      0.9603     0.9988
11555.900      0.9471     0.9981
11556.000      0.9332     0.9974
11556.100      0.9194     0.9964
11556.200      0.9065     0.9949
11556.300      0.8977     0.9929
11556.400      0.8916     0.9913
11556.500      0.8832     0.9912
11556.600      0.8686     0.9928
11556.700      0.8444     0.9952
11556.800      0.8047     0.9973
11556.900      0.7459     0.9986
11557.000      0.6637     0.9992
11557.100      0.5448     0.9995
11557.200      0.4186     0.9996
11557.300      0.2930     0.9997
11557.400      0.1692     0.9998
11557.500      0.0863     0.9998
11557.600      0.0371     0.9998
11557.700      0.0163     0.9998
11557.800      0.0137     0.9998
11557.900      0.0205     0.9998
11558.000      0.0449     0.9998
11558.100      0.1012     0.9998
11558.200      0.1854     0.9998
11558.300      0.3056     0.9998
11558.400      0.4256     0.9998
11558.500      0.5405     0.9998
11558.600      0.6464     0.9998
11558.700      0.7241     0.9998
11558.800      0.7807     0.9997
11558.900      0.8174     0.9997
11559.000      0.8384     0.9997
11559.100      0.8494     0.9997
11559.200      0.8611     0.9997
11559.300      0.8750     0.9997
11559.400      0.8900     0.9997
11559.500      0.9054     0.9998
11559.600      0.9188     0.9998
11559.700      0.9257     0.9998
11559.800      0.9256     0.9998
11559.900      0.9216     0.9998
11560.000      0.9182     0.9999
11560.100      0.9173     0.9999
11560.200      0.9250     0.9999
11560.300      0.9387     0.9999
11560.400      0.9526     0.9999
11560.500      0.9665     0.9999
11560.600      0.9773     0.9999
11560.700      0.9837     0.9999
11560.800      0.9873     0.9998
11560.900      0.9871     0.9998
11561.000      0.9779     0.9998
11561.100      0.9663     0.9998
11561.200      0.9596     0.9998
11561.300      0.9592     0.9998
11561.400      0.9683     0.9998
11561.500      0.9787     0.9998
11561.600      0.9817     0.9998
11561.700      0.9772     0.9998
11561.800      0.9608     0.9998
11561.900      0.9438     0.9998
11562.000      0.9315     0.9998
11562.100      0.9250     0.9998
11562.200      0.9327     0.9998
11562.300      0.9444     0.9998
11562.400      0.9588     0.9998
11562.500      0.9725     0.9998
11562.600      0.9818     0.9997
11562.700      0.9898     0.9997
11562.800      0.9971     0.9997
11562.900      1.0033     0.9998
11563.000      1.0079     0.9998
11563.100      1.0092     0.9998
11563.200      1.0045     0.9998
11563.300      0.9960     0.9998
11563.400      0.9855     0.9998
11563.500      0.9760     0.9999
11563.600      0.9682     0.9999
11563.700      0.9565     0.9999
11563.800      0.9314     0.9999
11563.900      0.8870     0.9999
11564.000      0.8309     0.9999
11564.100      0.7869     0.9999
11564.200      0.7694     0.9999
11564.300      0.7806     0.9999
11564.400      0.8024     0.9999
11564.500      0.7900     0.9999
11564.600      0.7318     0.9999
11564.700      0.6358     0.9999
11564.800      0.5313     0.9999
11564.900      0.4425     0.9999
11565.000      0.3683     0.9998
11565.100      0.3004     0.9998
11565.200      0.2420     0.9998
11565.300      0.1984     0.9998
11565.400      0.1818     0.9998
11565.500      0.2372     0.9996
11565.600      0.3390     0.9990
11565.700      0.4843     0.9973
11565.800      0.6316     0.9936
11565.900      0.7421     0.9877
11566.000      0.8256     0.9817
11566.100      0.8792     0.9785
11566.200      0.9159     0.9804
11566.300      0.9422     0.9859
11566.400      0.9525     0.9921
11566.500      0.9422     0.9965
11566.600      0.9319     0.9987
11566.700      0.9228     0.9995
11566.800      0.9171     0.9998
11566.900      0.9218     0.9998
11567.000      0.9325     0.9999
11567.100      0.9470     0.9999
11567.200      0.9627     0.9999
11567.300      0.9788     0.9999
11567.400      0.9937     0.9999
11567.500      1.0036     0.9999
11567.600      1.0069     0.9999
11567.700      1.0043     0.9998
11567.800      1.0004     0.9998
11567.900      0.9956     0.9998
11568.000      0.9900     0.9998
11568.100      0.9826     0.9998
11568.200      0.9679     0.9998
11568.300      0.9424     0.9998
11568.400      0.9062     0.9998
11568.500      0.8668     0.9998
11568.600      0.8387     0.9998
11568.700      0.8320     0.9998
11568.800      0.8597     0.9998
11568.900      0.8970     0.9998
11569.000      0.9344     0.9998
11569.100      0.9719     0.9997
11569.200      0.9948     0.9997
11569.300      1.0063     0.9997
11569.400      1.0093     0.9996
11569.500      1.0085     0.9996
11569.600      1.0048     0.9996
11569.700      1.0010     0.9996
11569.800      1.0011     0.9996
11569.900      1.0025     0.9996
11570.000      1.0048     0.9996
11570.100      1.0070     0.9997
11570.200      1.0078     0.9997
11570.300      1.0089     0.9997
11570.400      1.0127     0.9998
11570.500      1.0158     0.9998
11570.600      1.0132     0.9998
11570.700      1.0075     0.9998
11570.800      0.9996     0.9998
11570.900      0.9921     0.9998
11571.000      0.9860     0.9998
11571.100      0.9806     0.9998
11571.200      0.9755     0.9998
11571.300      0.9701     0.9998
11571.400      0.9627     0.9998
11571.500      0.9528     0.9998
11571.600      0.9359     0.9998
11571.700      0.9074     0.9999
11571.800      0.8543     0.9999
11571.900      0.7575     0.9999
11572.000      0.6326     0.9999
11572.100      0.5048     0.9998
11572.200      0.3765     0.9998
11572.300      0.3163     0.9998
11572.400      0.3570     0.9998
11572.500      0.4835     0.9998
11572.600      0.6315     0.9998
11572.700      0.7563     0.9999
11572.800      0.8439     0.9999
11572.900      0.8816     0.9999
11573.000      0.8992     0.9999
11573.100      0.9080     0.9999
11573.200      0.9162     0.9999
11573.300      0.9335     0.9999
11573.400      0.9524     0.9999
11573.500      0.9667     0.9999
11573.600      0.9744     0.9999
11573.700      0.9715     0.9999
11573.800      0.9547     0.9999
11573.900      0.9120     0.9999
11574.000      0.8540     0.9999
11574.100      0.7809     0.9999
11574.200      0.7086     0.9999
11574.300      0.6514     0.9999
11574.400      0.6077     0.9999
11574.500      0.5828     0.9999
11574.600      0.5825     0.9999
11574.700      0.6172     0.9999
11574.800      0.6841     0.9999
11574.900      0.7760     0.9999
11575.000      0.8610     0.9999
11575.100      0.9161     0.9999
11575.200      0.9488     0.9999
11575.300      0.9650     0.9999
11575.400      0.9763     0.9999
11575.500      0.9850     0.9999
11575.600      0.9889     0.9999
11575.700      0.9901     0.9999
11575.800      0.9911     0.9999
11575.900      0.9922     0.9999
11576.000      0.9891     0.9999
11576.100      0.9810     0.9999
11576.200      0.9712     0.9999
11576.300      0.9610     0.9999
11576.400      0.9521     0.9998
11576.500      0.9441     0.9998
11576.600      0.9184     0.9998
11576.700      0.8823     0.9998
11576.800      0.8442     0.9998
11576.900      0.8059     0.9999
11577.000      0.8012     0.9999
11577.100      0.8162     0.9999
11577.200      0.8411     0.9999
11577.300      0.8666     0.9999
11577.400      0.8664     0.9999
11577.500      0.8424     0.9999
11577.600      0.7978     0.9999
11577.700      0.7276     0.9999
11577.800      0.6180     0.9999
11577.900      0.4898     0.9999
11578.000      0.3461     0.9999
11578.100      0.2045     0.9999
11578.200      0.1082     0.9999
11578.300      0.0501     0.9999
11578.400      0.0403     0.9999
11578.500      0.0757     0.9999
11578.600      0.1546     0.9999
11578.700      0.2602     0.9999
11578.800      0.3816     0.9999
11578.900      0.4932     0.9999
11579.000      0.5502     0.9999
11579.100      0.5457     0.9999
11579.200      0.4887     0.9999
11579.300      0.4397     0.9999
11579.400      0.4297     0.9999
11579.500      0.4867     0.9999
11579.600      0.5964     0.9999
11579.700      0.7056     0.9999
11579.800      0.8111     0.9999
11579.900      0.8883     0.9999
11580.000      0.9275     0.9998
11580.100      0.9503     0.9998
11580.200      0.9648     0.9997
11580.300      0.9729     0.9997
11580.400      0.9774     0.9996
11580.500      0.9782     0.9997
11580.600      0.9784     0.9997
11580.700      0.9830     0.9998
11580.800      0.9895     0.9998
11580.900      0.9948     0.9999
11581.000      0.9981     0.9999
11581.100      0.9979     0.9999
11581.200      0.9970     0.9999
11581.300      0.9967     0.9999
11581.400      0.9965     0.9999
11581.500      0.9956     0.9999
11581.600      0.9947     0.9999
11581.700      0.9948     0.9998
11581.800      0.9957     0.9998
11581.900      0.9979     0.9998
11582.000      1.0002     0.9998
11582.100      1.0016     0.9998
11582.200      1.0017     0.9998
11582.300      0.9987     0.9998
11582.400      0.9956     0.9998
11582.500      0.9928     0.9999
11582.600      0.9899     0.9999
11582.700      0.9862     0.9999
11582.800      0.9817     0.9998
11582.900      0.9765     0.9998
11583.000      0.9721     0.9998
11583.100      0.9698     0.9998
11583.200      0.9644     0.9998
11583.300      0.9457     0.9998
11583.400      0.9084     0.9998
11583.500      0.8572     0.9998
11583.600      0.8119     0.9998
11583.700      0.7884     0.9998
11583.800      0.8058     0.9998
11583.900      0.8489     0.9998
11584.000      0.8913     0.9997
11584.100      0.9302     0.9997
11584.200      0.9528     0.9997
11584.300      0.9532     0.9994
11584.400      0.9415     0.9986
11584.500      0.9129     0.9968
11584.600      0.8495     0.9938
11584.700      0.7556     0.9907
11584.800      0.6325     0.9888
11584.900      0.5047     0.9894
11585.000      0.4459     0.9921
11585.100      0.4618     0.9953
11585.200      0.5700     0.9977
11585.300      0.6883     0.9990
11585.400      0.7950     0.9996
11585.500      0.8849     0.9998
11585.600      0.9329     0.9998
11585.700      0.9625     0.9999
11585.800      0.9807     0.9999
11585.900      0.9921     0.9999
11586.000      0.9992     0.9999
11586.100      1.0028     0.9999
11586.200      1.0039     0.9999
11586.300      1.0029     0.9999
11586.400      1.0004     0.9999
11586.500      0.9974     0.9999
11586.600      0.9941     0.9999
11586.700      0.9910     0.9999
11586.800      0.9895     0.9998
11586.900      0.9903     0.9998
11587.000      0.9934     0.9998
11587.100      0.9949     0.9998
11587.200      0.9929     0.9998
11587.300      0.9924     0.9998
11587.400      0.9954     0.9998
11587.500      1.0002     0.9998
11587.600      1.0057     0.9998
11587.700      1.0091     0.9998
11587.800      1.0089     0.9998
11587.900      1.0068     0.9998
11588.000      1.0032     0.9998
11588.100      0.9983     0.9998
11588.200      0.9924     0.9998
11588.300      0.9859     0.9998
11588.400      0.9786     0.9998
11588.500      0.9702     0.9997
11588.600      0.9597     0.9996
11588.700      0.9454     0.9995
11588.800      0.9259     0.9996
11588.900      0.9008     0.9997
11589.000      0.8667     0.9997
11589.100      0.8173     0.9998
11589.200      0.7471     0.9998
11589.300      0.6425     0.9998
11589.400      0.5184     0.9998
11589.500      0.3772     0.9997
11589.600      0.2354     0.9997
11589.700      0.1298     0.9997
11589.800      0.0624     0.9997
11589.900      0.0582     0.9997
11590.000      0.1084     0.9997
11590.100      0.2176     0.9996
11590.200      0.3505     0.9996
11590.300      0.4980     0.9995
11590.400      0.6404     0.9995
11590.500      0.7421     0.9994
11590.600      0.8142     0.9992
11590.700      0.8577     0.9991
11590.800      0.8834     0.9991
11590.900      0.8965     0.9990
11591.000      0.8938     0.9989
11591.100      0.8758     0.9984
11591.200      0.8426     0.9972
11591.300      0.8010     0.9955
11591.400      0.7754     0.9941
11591.500      0.7893     0.9938
11591.600      0.8331     0.9950
11591.700      0.8894     0.9968
11591.800      0.9378     0.9982
11591.900      0.9695     0.9987
11592.000      0.9850     0.9982
11592.100      0.9923     0.9971
11592.200      0.9970     0.9959
11592.300      1.0009     0.9955
11592.400      1.0045     0.9962
11592.500      1.0077     0.9974
11592.600      1.0107     0.9986
11592.700      1.0130     0.9992
11592.800      1.0141     0.9995
11592.900      1.0129     0.9995
11593.000      1.0081     0.9994
11593.100      0.9985     0.9993
11593.200      0.9807     0.9991
11593.300      0.9597     0.9985
11593.400      0.9366     0.9975
11593.500      0.9135     0.9965
11593.600      0.9172     0.9962
11593.700      0.9325     0.9966
11593.800      0.9576     0.9976
11593.900      0.9820     0.9984
11594.000      0.9909     0.9988
11594.100      0.9896     0.9990
11594.200      0.9779     0.9991
11594.300      0.9668     0.9991
11594.400      0.9617     0.9990
11594.500      0.9633     0.9991
11594.600      0.9725     0.9991
11594.700      0.9801     0.9993
11594.800      0.9757     0.9994
11594.900      0.9507     0.9995
11595.000      0.9014     0.9996
11595.100      0.8507     0.9996
11595.200      0.7995     0.9996
11595.300      0.7660     0.9996
11595.400      0.7772     0.9997
11595.500      0.8200     0.9997
11595.600      0.8762     0.9997
11595.700      0.9258     0.9997
11595.800      0.9591     0.9997
11595.900      0.9752     0.9997
11596.000      0.9793     0.9997
11596.100      0.9779     0.9997
11596.200      0.9725     0.9996
11596.300      0.9633     0.9995
11596.400      0.9489     0.9992
11596.500      0.9277     0.9988
11596.600      0.8942     0.9982
11596.700      0.8390     0.9978
11596.800      0.7553     0.9977
11596.900      0.6229     0.9981
11597.000      0.4822     0.9987
11597.100      0.3556     0.9992
11597.200      0.2567     0.9995
11597.300      0.2728     0.9996
11597.400      0.3501     0.9997
11597.500      0.4786     0.9997
11597.600      0.6084     0.9997
11597.700      0.6914     0.9997
11597.800      0.7523     0.9997
11597.900      0.7920     0.9997
11598.000      0.8320     0.9997
11598.100      0.8745     0.9996
11598.200      0.9165     0.9996
11598.300      0.9513     0.9995
11598.400      0.9773     0.9995
11598.500      0.9890     0.9994
11598.600      0.9934     0.9994
11598.700      0.9933     0.9994
11598.800      0.9897     0.9994
11598.900      0.9845     0.9994
11599.000      0.9792     0.9994
11599.100      0.9740     0.9994
11599.200      0.9708     0.9993
11599.300      0.9735     0.9992
11599.400      0.9804     0.9991
11599.500      0.9892     0.9988
11599.600      0.9979     0.9980
11599.700      1.0056     0.9958
11599.800      1.0090     0.9899
11599.900      1.0078     0.9773
11600.000      1.0048     0.9572
11600.100      1.0009     0.9341
11600.200      0.9966     0.9176
11600.300      0.9914     0.9158
11600.400      0.9826     0.9279
11600.500      0.9669     0.9461
11600.600      0.9418     0.9628
11600.700      0.8998     0.9753
11600.800      0.8148     0.9839
11600.900      0.7093     0.9898
11601.000      0.5928     0.9936
11601.100      0.4756     0.9958
11601.200      0.4592     0.9969
11601.300      0.5107     0.9969
11601.400      0.6292     0.9953
11601.500      0.7502     0.9915
11601.600      0.8359     0.9861
11601.700      0.8953     0.9816
11601.800      0.9212     0.9810
11601.900      0.9383     0.9849
11602.000      0.9514     0.9907
11602.100      0.9603     0.9954
11602.200      0.9659     0.9980
11602.300      0.9664     0.9991
11602.400      0.9601     0.9994
11602.500      0.9507     0.9995
11602.600      0.9391     0.9996
11602.700      0.9231     0.9996
11602.800      0.8955     0.9996
11602.900      0.8448     0.9996
11603.000      0.7569     0.9996
11603.100      0.6451     0.9996
11603.200      0.5223     0.9996
11603.300      0.4213     0.9995
11603.400      0.3791     0.9996
11603.500      0.3894     0.9996
11603.600      0.4242     0.9997
11603.700      0.4386     0.9997
11603.800      0.4086     0.9998
11603.900      0.3302     0.9998
11604.000      0.2334     0.9998
11604.100      0.1674     0.9998
11604.200      0.1625     0.9998
11604.300      0.2412     0.9998
11604.400      0.3618     0.9998
11604.500      0.5009     0.9998
11604.600      0.6418     0.9998
11604.700      0.7539     0.9998
11604.800      0.8316     0.9998
11604.900      0.8726     0.9998
11605.000      0.8949     0.9998
11605.100      0.9026     0.9998
11605.200      0.9094     0.9998
11605.300      0.9214     0.9998
11605.400      0.9357     0.9998
11605.500      0.9514     0.9998
11605.600      0.9671     0.9998
11605.700      0.9737     0.9998
11605.800      0.9768     0.9998
11605.900      0.9771     0.9997
11606.000      0.9775     0.9997
11606.100      0.9799     0.9997
11606.200      0.9818     0.9997
11606.300      0.9805     0.9997
11606.400      0.9770     0.9998
11606.500      0.9719     0.9998
11606.600      0.9672     0.9998
11606.700      0.9639     0.9998
11606.800      0.9604     0.9998
11606.900      0.9547     0.9997
11607.000      0.9435     0.9994
11607.100      0.9131     0.9987
11607.200      0.8475     0.9972
11607.300      0.7488     0.9947
11607.400      0.6445     0.9916
11607.500      0.5390     0.9893
11607.600      0.4882     0.9894
11607.700      0.5281     0.9918
11607.800      0.6253     0.9951
11607.900      0.7389     0.9977
11608.000      0.8195     0.9991
11608.100      0.8447     0.9996
11608.200      0.8103     0.9998
11608.300      0.7592     0.9998
11608.400      0.7203     0.9998
11608.500      0.7056     0.9998
11608.600      0.7412     0.9998
11608.700      0.7947     0.9998
11608.800      0.8535     0.9998
11608.900      0.9126     0.9998
11609.000      0.9504     0.9998
11609.100      0.9707     0.9998
11609.200      0.9766     0.9998
11609.300      0.9731     0.9998
11609.400      0.9602     0.9996
11609.500      0.9471     0.9994
11609.600      0.9399     0.9989
11609.700      0.9397     0.9985
11609.800      0.9554     0.9983
11609.900      0.9710     0.9985
11610.000      0.9855     0.9989
11610.100      0.9967     0.9992
11610.200      0.9977     0.9991
11610.300      0.9973     0.9986
11610.400      0.9964     0.9978
11610.500      0.9964     0.9971
11610.600      0.9996     0.9963
11610.700      1.0034     0.9943
11610.800      1.0074     0.9899
11610.900      1.0103     0.9834
11611.000      1.0101     0.9779
11611.100      1.0077     0.9774
11611.200      1.0044     0.9821
11611.300      1.0016     0.9889
11611.400      0.9995     0.9944
11611.500      0.9967     0.9973
11611.600      0.9914     0.9985
11611.700      0.9838     0.9991
11611.800      0.9736     0.9994
11611.900      0.9618     0.9996
11612.000      0.9469     0.9997
11612.100      0.9200     0.9998
11612.200      0.8711     0.9998
11612.300      0.7825     0.9998
11612.400      0.6817     0.9998
11612.500      0.6151     0.9998
11612.600      0.6006     0.9998
11612.700      0.6743     0.9998
11612.800      0.7640     0.9998
11612.900      0.8484     0.9997
11613.000      0.9227     0.9996
11613.100      0.9586     0.9996
11613.200      0.9755     0.9996
11613.300      0.9795     0.9996
11613.400      0.9809     0.9997
11613.500      0.9817     0.9997
11613.600      0.9804     0.9997
11613.700      0.9748     0.9996
11613.800      0.9653     0.9992
11613.900      0.9518     0.9978
11614.000      0.9325     0.9934
11614.100      0.9030     0.9833
11614.200      0.8507     0.9654
11614.300      0.7506     0.9425
11614.400      0.6367     0.9238
11614.500      0.5163     0.9195
11614.600      0.4202     0.9323
11614.700      0.4278     0.9545
11614.800      0.5112     0.9756
11614.900      0.6420     0.9893
11615.000      0.7640     0.9960
11615.100      0.8519     0.9985
11615.200      0.9035     0.9993
11615.300      0.9193     0.9995
11615.400      0.9086     0.9996
11615.500      0.8888     0.9997
11615.600      0.8752     0.9997
11615.700      0.8766     0.9997
11615.800      0.8978     0.9997
11615.900      0.9270     0.9998
11616.000      0.9524     0.9998
11616.100      0.9696     0.9998
11616.200      0.9753     0.9998
11616.300      0.9730     0.9998
11616.400      0.9680     0.9998
11616.500      0.9578     0.9998
11616.600      0.9259     0.9998
11616.700      0.8752     0.9997
11616.800      0.8058     0.9997
11616.900      0.7344     0.9997
11617.000      0.7045     0.9997
11617.100      0.7119     0.9997
11617.200      0.7670     0.9997
11617.300      0.8249     0.9997
11617.400      0.8734     0.9997
11617.500      0.9128     0.9997
11617.600      0.9370     0.9996
11617.700      0.9556     0.9996
11617.800      0.9715     0.9996
11617.900      0.9831     0.9996
11618.000      0.9900     0.9995
11618.100      0.9935     0.9995
11618.200      0.9943     0.9994
11618.300      0.9924     0.9993
11618.400      0.9885     0.9992
11618.500      0.9847     0.9990
11618.600      0.9818     0.9983
11618.700      0.9803     0.9960
11618.800      0.9806     0.9891
11618.900      0.9801     0.9729
11619.000      0.9783     0.9433
11619.100      0.9767     0.9035
11619.200      0.9759     0.8667
11619.300      0.9769     0.8503
11619.400      0.9793     0.8629
11619.500      0.9818     0.8972
11619.600      0.9843     0.9361
11619.700      0.9848     0.9649
11619.800      0.9811     0.9789
11619.900      0.9747     0.9816
11620.000      0.9635     0.9792
11620.100      0.9339     0.9770
11620.200      0.8964     0.9779
11620.300      0.8586     0.9819
11620.400      0.8207     0.9870
11620.500      0.8228     0.9913
11620.600      0.8480     0.9943
11620.700      0.8837     0.9961
11620.800      0.9202     0.9972
11620.900      0.9365     0.9979
11621.000      0.9409     0.9984
11621.100      0.9374     0.9987
11621.200      0.9316     0.9989
11621.300      0.9252     0.9991
11621.400      0.9166     0.9992
11621.500      0.8869     0.9992
11621.600      0.8574     0.9993
11621.700      0.8352     0.9993
11621.800      0.8264     0.9993
11621.900      0.8552     0.9992
11622.000      0.8840     0.9992
11622.100      0.9121     0.9991
11622.200      0.9356     0.9991
11622.300      0.9401     0.9992
11622.400      0.9371     0.9993
11622.500      0.9292     0.9994
11622.600      0.9162     0.9995
11622.700      0.8974     0.9996
11622.800      0.8670     0.9997
11622.900      0.8108     0.9997
11623.000      0.7095     0.9997
11623.100      0.5726     0.9997
11623.200      0.4357     0.9997
11623.300      0.2989     0.9997
11623.400      0.2129     0.9998
11623.500      0.2337     0.9998
11623.600      0.3497     0.9998
11623.700      0.5011     0.9998
11623.800      0.6434     0.9998
11623.900      0.7622     0.9998
11624.000      0.8389     0.9998
11624.100      0.8825     0.9998
11624.200      0.9066     0.9998
11624.300      0.9215     0.9998
11624.400      0.9310     0.9998
11624.500      0.9350     0.9998
11624.600      0.9326     0.9996
11624.700      0.9206     0.9989
11624.800      0.8928     0.9974
11624.900      0.8482     0.9944
11625.000      0.7775     0.9904
11625.100      0.7048     0.9871
11625.200      0.6662     0.9864
11625.300      0.6624     0.9888
11625.400      0.7274     0.9928
11625.500      0.7928     0.9963
11625.600      0.8554     0.9984
11625.700      0.9118     0.9994
11625.800      0.9369     0.9997
11625.900      0.9430     0.9998
11626.000      0.9322     0.9998
11626.100      0.9219     0.9998
11626.200      0.9170     0.9998
11626.300      0.9212     0.9998
11626.400      0.9385     0.9998
11626.500      0.9554     0.9998
11626.600      0.9687     0.9998
11626.700      0.9771     0.9998
11626.800      0.9808     0.9998
11626.900      0.9853     0.9998
11627.000      0.9911     0.9997
11627.100      0.9958     0.9997
11627.200      0.9971     0.9997
11627.300      0.9948     0.9997
11627.400      0.9897     0.9996
11627.500      0.9838     0.9995
11627.600      0.9770     0.9995
11627.700      0.9670     0.9995
11627.800      0.9554     0.9994
11627.900      0.9468     0.9993
11628.000      0.9443     0.9991
11628.100      0.9524     0.9983
11628.200      0.9638     0.9957
11628.300      0.9719     0.9880
11628.400      0.9766     0.9696
11628.500      0.9784     0.9359
11628.600      0.9798     0.8899
11628.700      0.9844     0.8458
11628.800      0.9897     0.8229
11628.900      0.9921     0.8326
11629.000      0.9927     0.8700
11629.100      0.9915     0.9174
11629.200      0.9902     0.9573
11629.300      0.9930     0.9818
11629.400      0.9964     0.9933
11629.500      1.0001     0.9975
11629.600      1.0035     0.9988
11629.700      1.0024     0.9992
11629.800      1.0015     0.9994
11629.900      1.0009     0.9995
11630.000      1.0003     0.9995
11630.100      0.9996     0.9996
11630.200      0.9988     0.9996
11630.300      0.9976     0.9996
11630.400      0.9975     0.9996
11630.500      1.0003     0.9996
11630.600      1.0020     0.9996
11630.700      1.0014     0.9997
11630.800      1.0012     0.9997
11630.900      1.0016     0.9997
11631.000      1.0014     0.9997
11631.100      0.9993     0.9998
11631.200      0.9941     0.9998
11631.300      0.9871     0.9998
11631.400      0.9805     0.9998
11631.500      0.9750     0.9998
11631.600      0.9706     0.9998
11631.700      0.9667     0.9998
11631.800      0.9574     0.9998
11631.900      0.9449     0.9998
11632.000      0.9335     0.9998
11632.100      0.9253     0.9998
11632.200      0.9266     0.9998
11632.300      0.9339     0.9999
11632.400      0.9444     0.9999
11632.500      0.9551     0.9999
11632.600      0.9623     0.9999
11632.700      0.9664     0.9999
11632.800      0.9685     0.9999
11632.900      0.9677     0.9999
11633.000      0.9628     0.9999
11633.100      0.9534     0.9999
11633.200      0.9360     0.9999
11633.300      0.9184     0.9999
11633.400      0.9013     0.9999
11633.500      0.8851     0.9999
11633.600      0.8779     0.9999
11633.700      0.8795     0.9999
11633.800      0.8937     0.9999
11633.900      0.9121     0.9999
11634.000      0.9328     0.9999
11634.100      0.9526     0.9999
11634.200      0.9664     0.9999
11634.300      0.9750     0.9998
11634.400      0.9788     0.9998
11634.500      0.9809     0.9998
11634.600      0.9821     0.9998
11634.700      0.9822     0.9998
11634.800      0.9814     0.9999
11634.900      0.9795     0.9999
11635.000      0.9765     0.9999
11635.100      0.9726     0.9999
11635.200      0.9673     0.9999
11635.300      0.9579     0.9999
11635.400      0.9384     0.9999
11635.500      0.8979     0.9999
11635.600      0.8398     0.9999
11635.700      0.7736     0.9999
11635.800      0.7057     0.9999
11635.900      0.6511     0.9999
11636.000      0.6178     0.9999
11636.100      0.6005     0.9999
11636.200      0.6051     0.9999
11636.300      0.6522     0.9999
11636.400      0.7195     0.9999
11636.500      0.7972     0.9999
11636.600      0.8757     0.9999
11636.700      0.9269     0.9999
11636.800      0.9559     0.9999
11636.900      0.9633     0.9999
11637.000      0.9662     0.9999
11637.100      0.9675     0.9999
11637.200      0.9673     0.9999
11637.300      0.9664     0.9998
11637.400      0.9634     0.9998
11637.500      0.9554     0.9998
11637.600      0.9422     0.9998
11637.700      0.9219     0.9998
11637.800      0.8843     0.9996
11637.900      0.7982     0.9991
11638.000      0.6899     0.9979
11638.100      0.5676     0.9962
11638.200      0.4645     0.9949
11638.300      0.4610     0.9948
11638.400      0.5343     0.9960
11638.500      0.6623     0.9977
11638.600      0.7835     0.9990
11638.700      0.8738     0.9996
11638.800      0.9287     0.9998
11638.900      0.9518     0.9999
11639.000      0.9628     0.9999
11639.100      0.9705     0.9999
11639.200      0.9782     0.9999
11639.300      0.9859     0.9999
11639.400      0.9905     0.9999
11639.500      0.9907     0.9999
11639.600      0.9883     0.9999
11639.700      0.9854     0.9998
11639.800      0.9845     0.9998
11639.900      0.9848     0.9997
11640.000      0.9840     0.9996
11640.100      0.9826     0.9995
11640.200      0.9824     0.9995
11640.300      0.9828     0.9995
11640.400      0.9824     0.9996
11640.500      0.9819     0.9994
11640.600      0.9821     0.9988
11640.700      0.9825     0.9975
11640.800      0.9777     0.9959
11640.900      0.9658     0.9948
11641.000      0.9359     0.9949
11641.100      0.9048     0.9962
11641.200      0.8739     0.9978
11641.300      0.8441     0.9990
11641.400      0.8546     0.9996
11641.500      0.8785     0.9998
11641.600      0.9126     0.9998
11641.700      0.9452     0.9998
11641.800      0.9628     0.9998
11641.900      0.9734     0.9998
11642.000      0.9788     0.9998
11642.100      0.9816     0.9998
11642.200      0.9831     0.9998
11642.300      0.9855     0.9998
11642.400      0.9905     0.9998
11642.500      0.9939     0.9998
11642.600      0.9914     0.9997
11642.700      0.9830     0.9997
11642.800      0.9708     0.9996
11642.900      0.9620     0.9995
11643.000      0.9608     0.9995
11643.100      0.9641     0.9995
11643.200      0.9689     0.9996
11643.300      0.9697     0.9997
11643.400      0.9608     0.9997
11643.500      0.9392     0.9998
11643.600      0.9123     0.9998
11643.700      0.8941     0.9998
11643.800      0.8927     0.9998
11643.900      0.9146     0.9998
11644.000      0.9435     0.9998
11644.100      0.9687     0.9999
11644.200      0.9877     0.9999
11644.300      0.9966     0.9999
11644.400      1.0010     0.9999
11644.500      1.0037     0.9999
11644.600      1.0046     0.9999
11644.700      1.0025     0.9999
11644.800      1.0001     0.9999
11644.900      0.9997     0.9999
11645.000      0.9995     0.9999
11645.100      0.9960     0.9998
11645.200      0.9878     0.9998
11645.300      0.9635     0.9998
11645.400      0.9393     0.9998
11645.500      0.9203     0.9998
11645.600      0.9090     0.9998
11645.700      0.9172     0.9998
11645.800      0.9336     0.9998
11645.900      0.9553     0.9998
11646.000      0.9760     0.9998
11646.100      0.9893     0.9998
11646.200      0.9960     0.9998
11646.300      0.9959     0.9998
11646.400      0.9937     0.9998
11646.500      0.9900     0.9998
11646.600      0.9819     0.9998
11646.700      0.9669     0.9998
11646.800      0.9472     0.9998
11646.900      0.9256     0.9997
11647.000      0.9139     0.9997
11647.100      0.9221     0.9997
11647.200      0.9422     0.9996
11647.300      0.9663     0.9993
11647.400      0.9847     0.9980
11647.500      0.9927     0.9940
11647.600      0.9901     0.9845
11647.700      0.9841     0.9675
11647.800      0.9780     0.9453
11647.900      0.9718     0.9265
11648.000      0.9690     0.9213
11648.100      0.9676     0.9329
11648.200      0.9563     0.9543
11648.300      0.9417     0.9752
11648.400      0.9296     0.9891
11648.500      0.9221     0.9959
11648.600      0.9283     0.9985
11648.700      0.9366     0.9993
11648.800      0.9432     0.9996
11648.900      0.9467     0.9997
11649.000      0.9330     0.9997
11649.100      0.9027     0.9997
11649.200      0.8438     0.9997
11649.300      0.7849     0.9998
11649.400      0.7399     0.9998
11649.500      0.7141     0.9998
11649.600      0.7334     0.9997
11649.700      0.7749     0.9997
11649.800      0.8320     0.9997
11649.900      0.8874     0.9997
11650.000      0.9252     0.9997
11650.100      0.9432     0.9997
11650.200      0.9314     0.9997
11650.300      0.8948     0.9997
11650.400      0.8424     0.9997
11650.500      0.7981     0.9997
11650.600      0.7864     0.9997
11650.700      0.8116     0.9997
11650.800      0.8621     0.9997
11650.900      0.9101     0.9995
11651.000      0.9484     0.9992
11651.100      0.9710     0.9982
11651.200      0.9790     0.9965
11651.300      0.9810     0.9944
11651.400      0.9798     0.9928
11651.500      0.9760     0.9927
11651.600      0.9690     0.9941
11651.700      0.9570     0.9962
11651.800      0.9339     0.9979
11651.900      0.8801     0.9988
11652.000      0.8004     0.9991
11652.100      0.7011     0.9989
11652.200      0.5988     0.9982
11652.300      0.5572     0.9959
11652.400      0.5644     0.9890
11652.500      0.6112     0.9732
11652.600      0.6618     0.9451
11652.700      0.6419     0.9085
11652.800      0.6130     0.8762
11652.900      0.5947     0.8641
11653.000      0.5935     0.8787
11653.100      0.6777     0.9122
11653.200      0.7633     0.9485
11653.300      0.8424     0.9753
11653.400      0.9106     0.9901
11653.500      0.9420     0.9963
11653.600      0.9548     0.9984
11653.700      0.9540     0.9990
11653.800      0.9474     0.9992
11653.900      0.9377     0.9993
11654.000      0.9289     0.9994
11654.100      0.9270     0.9995
11654.200      0.9336     0.9995
11654.300      0.9491     0.9995
11654.400      0.9644     0.9995
11654.500      0.9788     0.9996
11654.600      0.9905     0.9995
11654.700      0.9969     0.9995
11654.800      0.9996     0.9994
11654.900      1.0001     0.9990
11655.000      0.9994     0.9981
11655.100      0.9982     0.9966
11655.200      0.9977     0.9949
11655.300      0.9977     0.9940
11655.400      0.9977     0.9945
11655.500      0.9975     0.9960
11655.600      0.9957     0.9976
11655.700      0.9928     0.9987
11655.800      0.9911     0.9992
11655.900      0.9899     0.9993
11656.000      0.9885     0.9994
11656.100      0.9864     0.9994
11656.200      0.9775     0.9995
11656.300      0.9668     0.9995
11656.400      0.9576     0.9995
11656.500      0.9504     0.9995
11656.600      0.9465     0.9995
11656.700      0.9441     0.9995
11656.800      0.9429     0.9994
11656.900      0.9418     0.9994
11657.000      0.9361     0.9994
11657.100      0.9229     0.9994
11657.200      0.8804     0.9993
11657.300      0.8088     0.9993
11657.400      0.6915     0.9992
11657.500      0.5765     0.9991
11657.600      0.5001     0.9990
11657.700      0.4722     0.9989
11657.800      0.5179     0.9987
11657.900      0.5618     0.9984
11658.000      0.5946     0.9979
11658.100      0.6193     0.9968
11658.200      0.6358     0.9938
11658.300      0.6448     0.9855
11658.400      0.6457     0.9661
11658.500      0.6294     0.9304
11658.600      0.5982     0.8805
11658.700      0.5849     0.8297
11658.800      0.6201     0.7977
11658.900      0.6960     0.7982
11659.000      0.7909     0.8298
11659.100      0.8728     0.8749
11659.200      0.9257     0.9084
11659.300      0.9517     0.9114
11659.400      0.9595     0.8817
11659.500      0.9550     0.8354
11659.600      0.9480     0.7977
11659.700      0.9422     0.7891
11659.800      0.9393     0.8151
11659.900      0.9434     0.8647
11660.000      0.9498     0.9182
11660.100      0.9520     0.9592
11660.200      0.9451     0.9827
11660.300      0.9106     0.9932
11660.400      0.8596     0.9970
11660.500      0.7966     0.9982
11660.600      0.7328     0.9986
11660.700      0.7134     0.9989
11660.800      0.7296     0.9990
11660.900      0.7898     0.9992
11661.000      0.8514     0.9993
11661.100      0.9026     0.9993
11661.200      0.9428     0.9994
11661.300      0.9630     0.9994
11661.400      0.9737     0.9995
11661.500      0.9775     0.9995
11661.600      0.9807     0.9994
11661.700      0.9839     0.9994
11661.800      0.9862     0.9993
11661.900      0.9854     0.9993
11662.000      0.9791     0.9993
11662.100      0.9646     0.9994
11662.200      0.9485     0.9995
11662.300      0.9320     0.9996
11662.400      0.9195     0.9997
11662.500      0.9197     0.9997
11662.600      0.9291     0.9997
11662.700      0.9433     0.9997
11662.800      0.9554     0.9997
11662.900      0.9613     0.9997
11663.000      0.9590     0.9997
11663.100      0.9523     0.9997
11663.200      0.9472     0.9997
11663.300      0.9456     0.9998
11663.400      0.9479     0.9998
11663.500      0.9515     0.9998
11663.600      0.9507     0.9998
11663.700      0.9449     0.9998
11663.800      0.9355     0.9998
11663.900      0.9255     0.9998
11664.000      0.9221     0.9998
11664.100      0.9221     0.9998
11664.200      0.9231     0.9998
11664.300      0.9241     0.9998
11664.400      0.9239     0.9998
11664.500      0.9212     0.9998
11664.600      0.9086     0.9998
11664.700      0.8849     0.9998
11664.800      0.8415     0.9998
11664.900      0.7971     0.9998
11665.000      0.7838     0.9998
11665.100      0.7954     0.9998
11665.200      0.8446     0.9998
11665.300      0.8934     0.9998
11665.400      0.9318     0.9998
11665.500      0.9598     0.9998
11665.600      0.9723     0.9998
11665.700      0.9778     0.9998
11665.800      0.9790     0.9998
11665.900      0.9768     0.9997
11666.000      0.9725     0.9997
11666.100      0.9708     0.9997
11666.200      0.9759     0.9997
11666.300      0.9809     0.9997
11666.400      0.9845     0.9997
11666.500      0.9869     0.9997
11666.600      0.9865     0.9997
11666.700      0.9815     0.9997
11666.800      0.9671     0.9997
11666.900      0.9417     0.9997
11667.000      0.8980     0.9996
11667.100      0.8233     0.9996
11667.200      0.7235     0.9996
11667.300      0.6110     0.9996
11667.400      0.4958     0.9996
11667.500      0.4245     0.9995
11667.600      0.4258     0.9995
11667.700      0.5110     0.9995
11667.800      0.6186     0.9994
11667.900      0.7259     0.9993
11668.000      0.8323     0.9993
11668.100      0.9043     0.9992
11668.200      0.9460     0.9991
11668.300      0.9666     0.9989
11668.400      0.9728     0.9987
11668.500      0.9660     0.9983
11668.600      0.9537     0.9978
11668.700      0.9373     0.9973
11668.800      0.9207     0.9966
11668.900      0.9191     0.9950
11669.000      0.9255     0.9905
11669.100      0.9401     0.9788
11669.200      0.9547     0.9533
11669.300      0.9682     0.9098
11669.400      0.9799     0.8533
11669.500      0.9855     0.7999
11669.600      0.9882     0.7691
11669.700      0.9888     0.7731
11669.800      0.9882     0.8103
11669.900      0.9869     0.8660
11670.000      0.9829     0.9202
11670.100      0.9700     0.9587
11670.200      0.9441     0.9791
11670.300      0.9054     0.9873
11670.400      0.8705     0.9905
11670.500      0.8530     0.9928
11670.600      0.8628     0.9952
11670.700      0.8933     0.9970
11670.800      0.9234     0.9982
11670.900      0.9507     0.9987
11671.000      0.9681     0.9990
11671.100      0.9723     0.9991
11671.200      0.9710     0.9992
11671.300      0.9636     0.9993
11671.400      0.9461     0.9994
11671.500      0.9129     0.9994
11671.600      0.8490     0.9995
11671.700      0.7747     0.9995
11671.800      0.7082     0.9995
11671.900      0.6612     0.9996
11672.000      0.6739     0.9996
11672.100      0.7251     0.9996
11672.200      0.8010     0.9996
11672.300      0.8793     0.9996
11672.400      0.9327     0.9997
11672.500      0.9655     0.9997
11672.600      0.9779     0.9997
11672.700      0.9840     0.9997
11672.800      0.9869     0.9997
11672.900      0.9882     0.9997
11673.000      0.9883     0.9997
11673.100      0.9876     0.9997
11673.200      0.9863     0.9997
11673.300      0.9846     0.9996
11673.400      0.9826     0.9994
11673.500      0.9793     0.9988
11673.600      0.9726     0.9966
11673.700      0.9663     0.9904
11673.800      0.9626     0.9775
11673.900      0.9610     0.9572
11674.000      0.9611     0.9348
11674.100      0.9600     0.9208
11674.200      0.9555     0.9233
11674.300      0.9505     0.9407
11674.400      0.9451     0.9634
11674.500      0.9437     0.9820
11674.600      0.9480     0.9928
11674.700      0.9523     0.9975
11674.800      0.9566     0.9991
11674.900      0.9598     0.9995
11675.000      0.9620     0.9997
11675.100      0.9682     0.9997
11675.200      0.9778     0.9997
11675.300      0.9866     0.9997
11675.400      0.9933     0.9996
11675.500      0.9923     0.9995
11675.600      0.9859     0.9994
11675.700      0.9772     0.9992
11675.800      0.9683     0.9991
11675.900      0.9625     0.9991
11676.000      0.9610     0.9992
11676.100      0.9656     0.9994
11676.200      0.9712     0.9995
11676.300      0.9759     0.9997
11676.400      0.9788     0.9997
11676.500      0.9774     0.9998
11676.600      0.9730     0.9998
11676.700      0.9672     0.9998
11676.800      0.9577     0.9998
11676.900      0.9302     0.9998
11677.000      0.8881     0.9998
11677.100      0.8260     0.9998
11677.200      0.7656     0.9998
11677.300      0.7364     0.9998
11677.400      0.7364     0.9998
11677.500      0.7744     0.9998
11677.600      0.8093     0.9998
11677.700      0.8235     0.9998
11677.800      0.8228     0.9998
11677.900      0.8104     0.9998
11678.000      0.8077     0.9999
11678.100      0.8345     0.9999
11678.200      0.8694     0.9998
11678.300      0.9073     0.9998
11678.400      0.9395     0.9998
11678.500      0.9562     0.9998
11678.600      0.9639     0.9998
11678.700      0.9658     0.9998
11678.800      0.9644     0.9998
11678.900      0.9603     0.9999
11679.000      0.9526     0.9999
11679.100      0.9400     0.9999
11679.200      0.9189     0.9999
11679.300      0.8940     0.9999
11679.400      0.8721     0.9999
11679.500      0.8577     0.9999
11679.600      0.8605     0.9999
11679.700      0.8773     0.9999
11679.800      0.9044     0.9999
11679.900      0.9332     0.9999
11680.000      0.9568     0.9998
11680.100      0.9746     0.9998
11680.200      0.9865     0.9998
11680.300      0.9947     0.9997
11680.400      1.0003     0.9997
11680.500      1.0037     0.9997
11680.600      1.0041     0.9998
11680.700      1.0037     0.9998
11680.800      1.0028     0.9999
11680.900      1.0020     0.9999
11681.000      1.0013     0.9999
11681.100      1.0007     0.9999
11681.200      0.9998     0.9999
11681.300      0.9992     0.9999
11681.400      0.9998     0.9999
11681.500      1.0002     0.9998
11681.600      0.9996     0.9998
11681.700      0.9991     0.9998
11681.800      0.9993     0.9999
11681.900      0.9995     0.9998
11682.000      0.9994     0.9998
11682.100      0.9995     0.9998
11682.200      1.0004     0.9997
11682.300      0.9983     0.9997
11682.400      0.9901     0.9998
11682.500      0.9801     0.9998
11682.600      0.9696     0.9999
11682.700      0.9627     0.9999
11682.800      0.9618     0.9999
11682.900      0.9635     0.9999
11683.000      0.9659     0.9999
11683.100      0.9603     0.9999
11683.200      0.9373     0.9999
11683.300      0.8911     0.9999
11683.400      0.8366     0.9999
11683.500      0.7859     0.9999
11683.600      0.7430     0.9999
11683.700      0.7160     0.9999
11683.800      0.6937     0.9999
11683.900      0.6663     0.9999
11684.000      0.6372     0.9999
11684.100      0.6360     0.9999
11684.200      0.6654     0.9999
11684.300      0.7367     0.9999
11684.400      0.8122     0.9999
11684.500      0.8656     0.9999
11684.600      0.8958     0.9999
11684.700      0.8830     0.9999
11684.800      0.8688     0.9999
11684.900      0.8570     0.9999
11685.000      0.8505     0.9999
11685.100      0.8733     0.9999
11685.200      0.9015     0.9999
11685.300      0.9327     0.9999
11685.400      0.9621     0.9999
11685.500      0.9768     0.9999
11685.600      0.9844     0.9999
11685.700      0.9869     0.9999
11685.800      0.9856     0.9998
11685.900      0.9817     0.9998
11686.000      0.9739     0.9998
11686.100      0.9631     0.9999
11686.200      0.9545     0.9999
11686.300      0.9533     0.9999
11686.400      0.9585     0.9999
11686.500      0.9673     0.9999
11686.600      0.9754     0.9999
11686.700      0.9816     0.9999
11686.800      0.9867     0.9999
11686.900      0.9900     0.9999
11687.000      0.9885     0.9999
11687.100      0.9843     0.9999
11687.200      0.9825     0.9999
11687.300      0.9824     0.9999
11687.400      0.9818     0.9999
11687.500      0.9803     0.9999
11687.600      0.9775     0.9999
11687.700      0.9722     0.9999
11687.800      0.9631     0.9999
11687.900      0.9478     0.9999
11688.000      0.9182     0.9999
11688.100      0.8859     0.9999
11688.200      0.8559     0.9999
11688.300      0.8310     0.9999
11688.400      0.8362     0.9999
11688.500      0.8574     0.9999
11688.600      0.8917     0.9999
11688.700      0.9264     0.9999
11688.800      0.9301     0.9999
11688.900      0.9288     0.9999
11689.000      0.9246     0.9999
11689.100      0.9222     0.9999
11689.200      0.9376     0.9999
11689.300      0.9531     0.9999
11689.400      0.9686     0.9998
11689.500      0.9834     0.9996
11689.600      0.9924     0.9989
11689.700      0.9970     0.9972
11689.800      0.9976     0.9944
11689.900      0.9983     0.9914
11690.000      0.9993     0.9894
11690.100      0.9990     0.9891
11690.200      0.9962     0.9905
11690.300      0.9944     0.9929
11690.400      0.9956     0.9956
11690.500      0.9992     0.9978
11690.600      1.0041     0.9991
11690.700      1.0056     0.9997
11690.800      1.0034     0.9998
11690.900      1.0010     0.9999
11691.000      0.9987     0.9999
11691.100      0.9968     0.9999
11691.200      0.9953     0.9999
11691.300      0.9915     0.9999
11691.400      0.9862     0.9999
11691.500      0.9821     0.9999
11691.600      0.9801     0.9999
11691.700      0.9829     0.9999
11691.800      0.9869     0.9999
11691.900      0.9904     0.9999
11692.000      0.9925     0.9999
11692.100      0.9906     0.9999
11692.200      0.9830     0.9999
11692.300      0.9674     0.9999
11692.400      0.9446     0.9999
11692.500      0.9124     0.9999
11692.600      0.8798     0.9999
11692.700      0.8662     0.9999
11692.800      0.8680     0.9999
11692.900      0.8933     0.9999
11693.000      0.9183     0.9999
11693.100      0.9324     0.9999
11693.200      0.9285     0.9999
11693.300      0.8823     0.9999
11693.400      0.8338     0.9999
11693.500      0.7843     0.9999
11693.600      0.7484     0.9999
11693.700      0.7745     0.9999
11693.800      0.8244     0.9999
11693.900      0.8860     0.9998
11694.000      0.9396     0.9999
11694.100      0.9662     0.9999
11694.200      0.9782     0.9999
11694.300      0.9793     0.9999
11694.400      0.9724     0.9998
11694.500      0.9569     0.9995
11694.600      0.9227     0.9991
11694.700      0.8690     0.9985
11694.800      0.8031     0.9982
11694.900      0.7337     0.9982
11695.000      0.6854     0.9987
11695.100      0.6802     0.9992
11695.200      0.7284     0.9996
11695.300      0.7951     0.9998
11695.400      0.8606     0.9999
11695.500      0.9222     0.9999
11695.600      0.9609     0.9999
11695.700      0.9812     0.9999
11695.800      0.9910     0.9999
11695.900      0.9965     0.9999
11696.000      0.9988     0.9999
11696.100      1.0004     0.9999
11696.200      1.0018     0.9999
11696.300      1.0028     0.9999
11696.400      1.0027     0.9999
11696.500      1.0015     0.9999
11696.600      0.9986     0.9999
11696.700      0.9957     0.9999
11696.800      0.9994     0.9999
11696.900      1.0027     0.9999
11697.000      1.0001     0.9999
11697.100      0.9975     0.9999
11697.200      0.9959     0.9999
11697.300      0.9959     0.9999
11697.400      0.9995     0.9999
11697.500      1.0029     0.9999
11697.600      1.0052     0.9999
11697.700      1.0059     0.9999
11697.800      1.0043     0.9999
11697.900      1.0003     0.9999
11698.000      0.9948     0.9999
11698.100      0.9897     0.9999
11698.200      0.9866     0.9999
11698.300      0.9865     0.9999
11698.400      0.9888     0.9999
11698.500      0.9910     0.9999
11698.600      0.9929     0.9999
11698.700      0.9933     0.9999
11698.800      0.9926     0.9999
11698.900      0.9934     0.9999
11699.000      0.9955     0.9999
11699.100      0.9973     0.9999
11699.200      0.9984     0.9999
11699.300      0.9989     0.9999
11699.400      0.9984     0.9999
11699.500      0.9965     0.9999
11699.600      0.9927     0.9998
11699.700      0.9864     0.9998
11699.800      0.9778     0.9995
11699.900      0.9668     0.9988
11700.000      0.9553     0.9976
11700.100      0.9485     0.9960
11700.200      0.9478     0.9950
11700.300      0.9593     0.9951
11700.400      0.9719     0.9964
11700.500      0.9813     0.9979
11700.600      0.9887     0.9990
11700.700      0.9944     0.9996
11700.800      0.9980     0.9998
11700.900      0.9984     0.9999
11701.000      0.9971     0.9999
11701.100      0.9945     0.9999
11701.200      0.9914     0.9999
11701.300      0.9880     0.9999
11701.400      0.9841     0.9999
11701.500      0.9785     0.9999
11701.600      0.9687     0.9999
11701.700      0.9500     0.9999
11701.800      0.9273     0.9999
11701.900      0.9026     0.9999
11702.000      0.8821     0.9999
11702.100      0.8779     0.9999
11702.200      0.8902     0.9999
11702.300      0.9132     0.9999
11702.400      0.9326     0.9999
11702.500      0.9393     0.9999
11702.600      0.9258     0.9999
11702.700      0.9001     0.9998
11702.800      0.8749     0.9998
11702.900      0.8520     0.9997
11703.000      0.8527     0.9997
11703.100      0.8717     0.9998
11703.200      0.8936     0.9998
11703.300      0.9159     0.9998
11703.400      0.9202     0.9999
11703.500      0.9135     0.9999
11703.600      0.9050     0.9999
11703.700      0.8944     0.9999
11703.800      0.8784     0.9999
11703.900      0.8612     0.9999
11704.000      0.8463     0.9999
11704.100      0.8362     0.9999
11704.200      0.8577     0.9999
11704.300      0.8879     0.9999
11704.400      0.9217     0.9999
11704.500      0.9555     0.9999
11704.600      0.9682     0.9999
11704.700      0.9737     0.9999
11704.800      0.9744     0.9999
11704.900      0.9735     0.9999
11705.000      0.9720     0.9999
11705.100      0.9681     0.9999
11705.200      0.9545     0.9999
11705.300      0.9262     0.9999
11705.400      0.8754     0.9999
11705.500      0.8246     0.9999
11705.600      0.7753     0.9999
11705.700      0.7407     0.9999
11705.800      0.7557     0.9999
11705.900      0.7973     0.9999
11706.000      0.8525     0.9999
11706.100      0.9015     0.9999
11706.200      0.9302     0.9999
11706.300      0.9399     0.9999
11706.400      0.9392     0.9999
11706.500      0.9405     0.9999
11706.600      0.9466     0.9999
11706.700      0.9577     0.9999
11706.800      0.9708     0.9999
11706.900      0.9811     0.9999
11707.000      0.9872     0.9999
11707.100      0.9912     0.9999
11707.200      0.9936     0.9999
11707.300      0.9940     0.9999
11707.400      0.9930     0.9999
11707.500      0.9904     0.9999
11707.600      0.9874     0.9999
11707.700      0.9869     0.9999
11707.800      0.9871     0.9999
11707.900      0.9824     0.9999
11708.000      0.9735     0.9999
11708.100      0.9604     0.9999
11708.200      0.9469     0.9999
11708.300      0.9420     0.9999
11708.400      0.9448     0.9999
11708.500      0.9587     0.9999
11708.600      0.9728     0.9999
11708.700      0.9857     0.9999
11708.800      0.9966     0.9999
11708.900      0.9989     0.9999
11709.000      0.9991     0.9999
11709.100      0.9979     0.9999
11709.200      0.9970     0.9999
11709.300      0.9982     0.9999
11709.400      0.9986     0.9999
11709.500      0.9961     0.9999
11709.600      0.9925     0.9999
11709.700      0.9881     0.9999
11709.800      0.9817     0.9999
11709.900      0.9691     0.9999
11710.000      0.9490     0.9999
11710.100      0.9152     0.9999
11710.200      0.8608     0.9999
11710.300      0.7866     0.9999
11710.400      0.7030     0.9999
11710.500      0.6167     0.9999
11710.600      0.5582     0.9999
11710.700      0.5623     0.9999
11710.800      0.6313     0.9999
11710.900      0.7252     0.9999
11711.000      0.8148     0.9999
11711.100      0.8919     0.9999
11711.200      0.9404     0.9999
11711.300      0.9658     0.9999
11711.400      0.9778     0.9999
11711.500      0.9848     0.9999
11711.600      0.9880     0.9999
11711.700      0.9909     0.9999
11711.800      0.9947     0.9999
11711.900      0.9987     0.9999
11712.000      1.0015     0.9998
11712.100      1.0040     0.9998
11712.200      1.0070     0.9999
11712.300      1.0100     0.9999
11712.400      1.0120     0.9999
11712.500      1.0126     0.9999
11712.600      1.0096     0.9999
11712.700      1.0067     0.9999
11712.800      1.0063     0.9999
11712.900      1.0053     0.9999
11713.000      0.9994     0.9999
11713.100      0.9935     0.9999
11713.200      0.9877     0.9999
11713.300      0.9836     0.9999
11713.400      0.9853     0.9999
11713.500      0.9867     0.9999
11713.600      0.9868     0.9999
11713.700      0.9857     0.9999
11713.800      0.9831     0.9999
11713.900      0.9790     0.9998
11714.000      0.9741     0.9998
11714.100      0.9692     0.9998
11714.200      0.9654     0.9998
11714.300      0.9655     0.9997
11714.400      0.9700     0.9993
11714.500      0.9753     0.9985
11714.600      0.9807     0.9969
11714.700      0.9852     0.9948
11714.800      0.9890     0.9930
11714.900      0.9943     0.9925
11715.000      1.0007     0.9938
11715.100      1.0043     0.9959
11715.200      1.0051     0.9978
11715.300      1.0044     0.9989
11715.400      1.0034     0.9994
11715.500      1.0038     0.9996
11715.600      1.0047     0.9997
11715.700      1.0041     0.9997
11715.800      1.0030     0.9998
11715.900      1.0033     0.9998
11716.000      1.0038     0.9999
11716.100      1.0036     0.9999
11716.200      1.0033     0.9999
11716.300      1.0032     0.9999
11716.400      1.0032     0.9999
11716.500      1.0005     0.9999
11716.600      0.9980     0.9999
11716.700      1.0005     0.9999
11716.800      1.0028     0.9999
11716.900      1.0012     0.9999
11717.000      0.9974     0.9999
11717.100      0.9917     0.9999
11717.200      0.9865     0.9999
11717.300      0.9833     0.9999
11717.400      0.9784     0.9999
11717.500      0.9676     0.9999
11717.600      0.9568     0.9999
11717.700      0.9469     0.9999
11717.800      0.9425     0.9999
11717.900      0.9497     0.9999
11718.000      0.9603     0.9999
11718.100      0.9720     0.9999
11718.200      0.9798     0.9999
11718.300      0.9739     0.9999
11718.400      0.9534     0.9999
11718.500      0.9173     0.9999
11718.600      0.8667     0.9999
11718.700      0.8110     0.9999
11718.800      0.7714     0.9999
11718.900      0.7643     0.9999
11719.000      0.7977     0.9999
11719.100      0.8447     0.9999
11719.200      0.8910     0.9998
11719.300      0.9352     0.9998
11719.400      0.9651     0.9998
11719.500      0.9816     0.9998
11719.600      0.9876     0.9998
11719.700      0.9913     0.9998
11719.800      0.9944     0.9998
11719.900      0.9969     0.9998
11720.000      0.9986     0.9998
11720.100      0.9989     0.9998
11720.200      0.9943     0.9998
11720.300      0.9892     0.9998
11720.400      0.9844     0.9998
11720.500      0.9802     0.9998
11720.600      0.9797     0.9998
11720.700      0.9810     0.9998
11720.800      0.9837     0.9998
11720.900      0.9878     0.9999
11721.000      0.9932     0.9999
11721.100      0.9984     0.9999
11721.200      1.0018     0.9999
11721.300      1.0035     0.9999
11721.400      1.0034     0.9999
11721.500      1.0034     0.9999
11721.600      1.0041     0.9999
11721.700      1.0037     0.9999
11721.800      1.0010     0.9999
11721.900      0.9982     0.9999
11722.000      0.9955     0.9998
11722.100      0.9947     0.9998
11722.200      0.9966     0.9997
11722.300      0.9969     0.9997
11722.400      0.9936     0.9996
11722.500      0.9887     0.9995
11722.600      0.9823     0.9996
11722.700      0.9747     0.9996
11722.800      0.9652     0.9997
11722.900      0.9532     0.9998
11723.000      0.9352     0.9998
11723.100      0.9001     0.9998
11723.200      0.8390     0.9999
11723.300      0.7384     0.9999
11723.400      0.6276     0.9999
11723.500      0.5441     0.9999
11723.600      0.5063     0.9999
11723.700      0.5533     0.9999
11723.800      0.6358     0.9999
11723.900      0.7376     0.9998
11724.000      0.8404     0.9998
11724.100      0.9057     0.9997
11724.200      0.9460     0.9995
11724.300      0.9625     0.9994
11724.400      0.9737     0.9993
11724.500      0.9831     0.9994
11724.600      0.9896     0.9995
11724.700      0.9927     0.9997
11724.800      0.9952     0.9998
11724.900      0.9973     0.9998
11725.000      0.9994     0.9999
11725.100      1.0015     0.9999
11725.200      1.0029     0.9998
11725.300      1.0021     0.9998
11725.400      1.0012     0.9997
11725.500      1.0002     0.9997
11725.600      0.9986     0.9997
11725.700      0.9959     0.9998
11725.800      0.9941     0.9998
11725.900      0.9942     0.9999
11726.000      0.9942     0.9999
11726.100      0.9939     0.9999
11726.200      0.9957     0.9999
11726.300      0.9998     0.9999
11726.400      1.0026     0.9999
11726.500      1.0028     0.9999
11726.600      1.0018     0.9999
11726.700      0.9993     0.9998
11726.800      0.9949     0.9998
11726.900      0.9887     0.9997
11727.000      0.9809     0.9995
11727.100      0.9726     0.9992
11727.200      0.9654     0.9988
11727.300      0.9607     0.9986
11727.400      0.9641     0.9987
11727.500      0.9720     0.9991
11727.600      0.9823     0.9994
11727.700      0.9927     0.9996
11727.800      0.9965     0.9998
11727.900      0.9974     0.9998
11728.000      0.9976     0.9998
11728.100      0.9962     0.9998
11728.200      0.9900     0.9997
11728.300      0.9800     0.9996
11728.400      0.9675     0.9992
11728.500      0.9503     0.9988
11728.600      0.9250     0.9985
11728.700      0.8913     0.9984
11728.800      0.8466     0.9986
11728.900      0.8038     0.9991
11729.000      0.7850     0.9994
11729.100      0.7922     0.9997
11729.200      0.8328     0.9997
11729.300      0.8760     0.9995
11729.400      0.9200     0.9986
11729.500      0.9563     0.9963
11729.600      0.9692     0.9919
11729.700      0.9774     0.9857
11729.800      0.9830     0.9802
11729.900      0.9830     0.9785
11730.000      0.9788     0.9815
11730.100      0.9764     0.9874
11730.200      0.9773     0.9932
11730.300      0.9797     0.9969
11730.400      0.9826     0.9987
11730.500      0.9807     0.9994
11730.600      0.9711     0.9996
11730.700      0.9565     0.9997
11730.800      0.9405     0.9998
11730.900      0.9354     0.9998
11731.000      0.9412     0.9999
11731.100      0.9525     0.9999
11731.200      0.9647     0.9999
11731.300      0.9742     0.9999
11731.400      0.9813     0.9999
11731.500      0.9876     0.9999
11731.600      0.9919     0.9999
11731.700      0.9867     0.9999
11731.800      0.9681     0.9999
11731.900      0.9223     0.9999
11732.000      0.8736     0.9999
11732.100      0.8399     0.9999
11732.200      0.8249     0.9999
11732.300      0.8551     0.9999
11732.400      0.8932     0.9999
11732.500      0.9354     0.9998
11732.600      0.9762     0.9998
11732.700      0.9922     0.9998
11732.800      0.9982     0.9998
11732.900      0.9967     0.9998
11733.000      0.9954     0.9997
11733.100      0.9963     0.9996
11733.200      0.9992     0.9995
11733.300      1.0040     0.9996
11733.400      1.0073     0.9996
11733.500      1.0063     0.9997
11733.600      1.0055     0.9998
11733.700      1.0051     0.9998
11733.800      1.0047     0.9998
11733.900      1.0037     0.9996
11734.000      1.0014     0.9994
11734.100      0.9978     0.9992
11734.200      0.9959     0.9991
11734.300      0.9957     0.9992
11734.400      0.9955     0.9994
11734.500      0.9948     0.9996
11734.600      0.9923     0.9997
11734.700      0.9885     0.9997
11734.800      0.9861     0.9996
11734.900      0.9847     0.9993
11735.000      0.9812     0.9988
11735.100      0.9741     0.9981
11735.200      0.9605     0.9974
11735.300      0.9451     0.9971
11735.400      0.9362     0.9973
11735.500      0.9303     0.9979
11735.600      0.9254     0.9987
11735.700      0.9205     0.9993
11735.800      0.9004     0.9996
11735.900      0.8705     0.9997
11736.000      0.8344     0.9998
11736.100      0.7939     0.9997
11736.200      0.7488     0.9997
11736.300      0.7036     0.9996
11736.400      0.6884     0.9997
11736.500      0.7016     0.9997
11736.600      0.7627     0.9997
11736.700      0.8236     0.9997
11736.800      0.8811     0.9998
11736.900      0.9290     0.9998
11737.000      0.9462     0.9998
11737.100      0.9595     0.9998
11737.200      0.9713     0.9998
11737.300      0.9815     0.9999
11737.400      0.9905     0.9999
11737.500      0.9953     0.9998
11737.600      0.9950     0.9998
11737.700      0.9948     0.9998
11737.800      0.9950     0.9998
11737.900      0.9914     0.9998
11738.000      0.9794     0.9998
11738.100      0.9635     0.9998
11738.200      0.9458     0.9998
11738.300      0.9272     0.9998
11738.400      0.9083     0.9998
11738.500      0.8899     0.9998
11738.600      0.8719     0.9997
11738.700      0.8398     0.9996
11738.800      0.7792     0.9994
11738.900      0.6788     0.9989
11739.000      0.5658     0.9982
11739.100      0.4775     0.9973
11739.200      0.4368     0.9967
11739.300      0.4876     0.9966
11739.400      0.5687     0.9972
11739.500      0.6566     0.9980
11739.600      0.7448     0.9988
11739.700      0.7861     0.9993
11739.800      0.7969     0.9996
11739.900      0.7904     0.9997
11740.000      0.7675     0.9998
11740.100      0.7232     0.9998
11740.200      0.6764     0.9998
11740.300      0.6284     0.9998
11740.400      0.5821     0.9997
11740.500      0.5894     0.9997
11740.600      0.6307     0.9996
11740.700      0.7081     0.9996
11740.800      0.7849     0.9995
11740.900      0.8514     0.9995
11741.000      0.9042     0.9993
11741.100      0.9313     0.9991
11741.200      0.9420     0.9988
11741.300      0.9407     0.9985
11741.400      0.9326     0.9985
11741.500      0.9192     0.9988
11741.600      0.8949     0.9991
11741.700      0.8492     0.9994
11741.800      0.7694     0.9996
11741.900      0.6631     0.9997
11742.000      0.5620     0.9998
11742.100      0.4864     0.9998
11742.200      0.4698     0.9998
11742.300      0.5204     0.9998
11742.400      0.6073     0.9998
11742.500      0.7037     0.9998
11742.600      0.7818     0.9998
11742.700      0.8252     0.9998
11742.800      0.8362     0.9998
11742.900      0.8236     0.9998
11743.000      0.7899     0.9998
11743.100      0.7523     0.9998
11743.200      0.7295     0.9998
11743.300      0.7295     0.9998
11743.400      0.7649     0.9998
11743.500      0.8112     0.9998
11743.600      0.8611     0.9998
11743.700      0.9111     0.9998
11743.800      0.9461     0.9998
11743.900      0.9695     0.9998
11744.000      0.9830     0.9998
11744.100      0.9905     0.9998
11744.200      0.9924     0.9997
11744.300      0.9936     0.9997
11744.400      0.9946     0.9997
11744.500      0.9957     0.9997
11744.600      0.9990     0.9997
11744.700      1.0022     0.9996
11744.800      1.0031     0.9996
11744.900      1.0018     0.9996
11745.000      0.9980     0.9996
11745.100      0.9957     0.9996
11745.200      0.9989     0.9996
11745.300      1.0022     0.9996
11745.400      1.0051     0.9996
11745.500      1.0053     0.9996
11745.600      1.0008     0.9996
11745.700      0.9978     0.9996
11745.800      0.9980     0.9995
11745.900      0.9989     0.9994
11746.000      1.0001     0.9994
11746.100      1.0014     0.9993
11746.200      1.0028     0.9992
11746.300      1.0040     0.9992
11746.400      1.0047     0.9992
11746.500      1.0049     0.9992
11746.600      1.0048     0.9991
11746.700      1.0057     0.9991
11746.800      1.0070     0.9990
11746.900      1.0077     0.9988
11747.000      1.0076     0.9986
11747.100      1.0075     0.9984
11747.200      1.0070     0.9981
11747.300      1.0058     0.9976
11747.400      1.0030     0.9967
11747.500      0.9973     0.9945
11747.600      0.9880     0.9886
11747.700      0.9725     0.9736
11747.800      0.9563     0.9427
11747.900      0.9441     0.8927
11748.000      0.9374     0.8316
11748.100      0.9467     0.7774
11748.200      0.9579     0.7486
11748.300      0.9698     0.7550
11748.400      0.9816     0.7943
11748.500      0.9879     0.8528
11748.600      0.9902     0.9111
11748.700      0.9879     0.9544
11748.800      0.9812     0.9792
11748.900      0.9703     0.9906
11749.000      0.9548     0.9951
11749.100      0.9354     0.9968
11749.200      0.9192     0.9976
11749.300      0.9185     0.9980
11749.400      0.9302     0.9983
11749.500      0.9505     0.9985
11749.600      0.9696     0.9986
11749.700      0.9843     0.9986
11749.800      0.9957     0.9986
11749.900      1.0032     0.9985
11750.000      1.0037     0.9984
11750.100      0.9998     0.9984
11750.200      0.9973     0.9985
11750.300      0.9977     0.9986
11750.400      1.0006     0.9988
11750.500      1.0042     0.9989
11750.600      1.0062     0.9989
11750.700      1.0059     0.9990
11750.800      1.0038     0.9989
11750.900      1.0012     0.9989
11751.000      1.0017     0.9988
11751.100      1.0035     0.9987
11751.200      1.0040     0.9985
11751.300      1.0037     0.9983
11751.400      1.0030     0.9981
11751.500      1.0018     0.9980
11751.600      0.9946     0.9978
11751.700      0.9865     0.9978
11751.800      0.9784     0.9977
11751.900      0.9704     0.9975
11752.000      0.9647     0.9973
11752.100      0.9591     0.9970
11752.200      0.9472     0.9965
11752.300      0.9352     0.9958
11752.400      0.9247     0.9947
11752.500      0.9159     0.9928
11752.600      0.9107     0.9885
11752.700      0.9031     0.9781
11752.800      0.8738     0.9552
11752.900      0.8302     0.9133
11753.000      0.7747     0.8538
11753.100      0.7237     0.7891
11753.200      0.7027     0.7381
11753.300      0.7149     0.7159
11753.400      0.7576     0.7285
11753.500      0.8018     0.7723
11753.600      0.8463     0.8348
11753.700      0.8840     0.8970
11753.800      0.8965     0.9437
11753.900      0.8848     0.9705
11754.000      0.8449     0.9817
11754.100      0.7720     0.9825
11754.200      0.6846     0.9731
11754.300      0.6165     0.9486
11754.400      0.5954     0.9043
11754.500      0.6413     0.8442
11754.600      0.7151     0.7833
11754.700      0.7892     0.7409
11754.800      0.8634     0.7306
11754.900      0.9058     0.7556
11755.000      0.9109     0.8083
11755.100      0.8834     0.8718
11755.200      0.8503     0.9273
11755.300      0.8235     0.9642
11755.400      0.8089     0.9833
11755.500      0.8306     0.9915
11755.600      0.8659     0.9946
11755.700      0.9077     0.9959
11755.800      0.9497     0.9962
11755.900      0.9744     0.9952
11756.000      0.9883     0.9919
11756.100      0.9913     0.9854
11756.200      0.9926     0.9769
11756.300      0.9936     0.9700
11756.400      0.9927     0.9688
11756.500      0.9858     0.9742
11756.600      0.9769     0.9830
11756.700      0.9668     0.9909
11756.800      0.9559     0.9958
11756.900      0.9446     0.9981
11757.000      0.9341     0.9989
11757.100      0.9282     0.9991
11757.200      0.9267     0.9992
11757.300      0.9291     0.9993
11757.400      0.9308     0.9993
11757.500      0.9288     0.9994
11757.600      0.9222     0.9994
11757.700      0.9105     0.9995
11757.800      0.8959     0.9995
11757.900      0.8802     0.9995
11758.000      0.8697     0.9995
11758.100      0.8690     0.9995
11758.200      0.8746     0.9996
11758.300      0.8821     0.9996
11758.400      0.8887     0.9996
11758.500      0.8939     0.9996
11758.600      0.8977     0.9996
11758.700      0.9011     0.9996
11758.800      0.9059     0.9996
11758.900      0.9119     0.9997
11759.000      0.9184     0.9997
11759.100      0.9249     0.9997
11759.200      0.9302     0.9997
11759.300      0.9340     0.9997
11759.400      0.9365     0.9997
11759.500      0.9375     0.9997
11759.600      0.9362     0.9997
11759.700      0.9347     0.9997
11759.800      0.9410     0.9997
11759.900      0.9480     0.9997
11760.000      0.9530     0.9997
11760.100      0.9564     0.9997
11760.200      0.9575     0.9998
11760.300      0.9592     0.9998
11760.400      0.9694     0.9998
11760.500      0.9796     0.9998
11760.600      0.9886     0.9998
11760.700      0.9954     0.9998
11760.800      0.9973     0.9998
11760.900      0.9990     0.9998
11761.000      1.0005     0.9998
11761.100      1.0023     0.9998
11761.200      1.0044     0.9998
11761.300      1.0056     0.9998
11761.400      1.0046     0.9998
11761.500      1.0036     0.9998
11761.600      1.0028     0.9998
11761.700      1.0019     0.9998
11761.800      1.0003     0.9998
11761.900      0.9974     0.9998
11762.000      0.9937     0.9998
11762.100      0.9932     0.9998
11762.200      0.9959     0.9998
11762.300      0.9975     0.9998
11762.400      0.9981     0.9998
11762.500      0.9988     0.9998
11762.600      0.9996     0.9998
11762.700      0.9977     0.9998
11762.800      0.9944     0.9998
11762.900      0.9917     0.9998
11763.000      0.9902     0.9998
11763.100      0.9919     0.9998
11763.200      0.9945     0.9998
11763.300      0.9971     0.9998
11763.400      0.9997     0.9998
11763.500      1.0033     0.9998
11763.600      1.0072     0.9998
11763.700      1.0054     0.9998
11763.800      1.0030     0.9998
11763.900      1.0006     0.9998
11764.000      0.9981     0.9998
11764.100      1.0005     0.9998
11764.200      1.0029     0.9998
11764.300      1.0047     0.9999
11764.400      1.0056     0.9999
11764.500      1.0043     0.9999
11764.600      1.0020     0.9999
11764.700      0.9990     0.9999
11764.800      0.9964     0.9999
11764.900      0.9966     0.9999
11765.000      0.9982     0.9999
11765.100      1.0009     0.9999
11765.200      1.0019     0.9999
11765.300      0.9991     0.9999
11765.400      0.9969     0.9999
11765.500      0.9958     0.9999
11765.600      0.9935     0.9999
11765.700      0.9896     0.9999
11765.800      0.9856     0.9999
11765.900      0.9816     0.9999
11766.000      0.9764     0.9999
11766.100      0.9672     0.9999
11766.200      0.9507     0.9999
11766.300      0.9304     0.9999
11766.400      0.9103     0.9999
11766.500      0.8913     0.9999
11766.600      0.8832     0.9999
11766.700      0.8890     0.9999
11766.800      0.9075     0.9999
11766.900      0.9288     0.9999
11767.000      0.9496     0.9999
11767.100      0.9687     0.9999
11767.200      0.9822     0.9999
11767.300      0.9900     0.9999
11767.400      0.9915     0.9999
11767.500      0.9913     0.9999
11767.600      0.9904     0.9999
11767.700      0.9895     0.9999
11767.800      0.9947     0.9999
11767.900      1.0004     0.9999
11768.000      1.0013     0.9999
11768.100      1.0022     0.9999
11768.200      1.0031     0.9999
11768.300      1.0038     0.9999
11768.400      1.0005     0.9999
11768.500      0.9982     0.9999
11768.600      1.0021     0.9999
11768.700      1.0059     0.9999
11768.800      1.0082     0.9999
11768.900      1.0082     0.9999
11769.000      1.0048     0.9999
11769.100      1.0021     0.9999
11769.200      1.0024     0.9998
11769.300      1.0038     0.9996
11769.400      1.0059     0.9993
11769.500      1.0062     0.9990
11769.600      1.0039     0.9987
11769.700      1.0018     0.9987
11769.800      1.0005     0.9991
11769.900      1.0003     0.9994
11770.000      1.0007     0.9997
11770.100      1.0007     0.9998
11770.200      1.0005     0.9999
11770.300      1.0005     0.9999
11770.400      1.0007     0.9999
11770.500      0.9982     0.9999
11770.600      0.9940     0.9999
11770.700      0.9919     0.9999
11770.800      0.9908     0.9999
11770.900      0.9887     0.9999
11771.000      0.9846     0.9999
11771.100      0.9758     0.9999
11771.200      0.9642     0.9999
11771.300      0.9508     0.9999
11771.400      0.9373     0.9999
11771.500      0.9340     0.9999
11771.600      0.9380     0.9999
11771.700      0.9490     0.9999
11771.800      0.9605     0.9999
11771.900      0.9717     0.9999
11772.000      0.9827     0.9999
11772.100      0.9922     0.9999
11772.200      0.9999     0.9998
11772.300      1.0039     0.9997
11772.400      1.0045     0.9992
11772.500      1.0011     0.9978
11772.600      0.9982     0.9952
11772.700      0.9982     0.9919
11772.800      0.9974     0.9896
11772.900      0.9940     0.9900
11773.000      0.9916     0.9927
11773.100      0.9920     0.9959
11773.200      0.9914     0.9982
11773.300      0.9876     0.9992
11773.400      0.9816     0.9996
11773.500      0.9744     0.9997
11773.600      0.9682     0.9997
11773.700      0.9631     0.9997
11773.800      0.9540     0.9998
11773.900      0.9319     0.9998
11774.000      0.8884     0.9998
11774.100      0.8326     0.9998
11774.200      0.7832     0.9999
11774.300      0.7524     0.9999
11774.400      0.7560     0.9999
11774.500      0.7850     0.9999
11774.600      0.8274     0.9999
11774.700      0.8721     0.9999
11774.800      0.9059     0.9999
11774.900      0.9255     0.9998
11775.000      0.9313     0.9998
11775.100      0.9291     0.9998
11775.200      0.9235     0.9998
11775.300      0.9115     0.9998
11775.400      0.8843     0.9998
11775.500      0.8362     0.9998
11775.600      0.7418     0.9998
11775.700      0.6437     0.9998
11775.800      0.5593     0.9998
11775.900      0.4962     0.9998
11776.000      0.5162     0.9998
11776.100      0.5716     0.9998
11776.200      0.6569     0.9997
11776.300      0.7403     0.9997
11776.400      0.7963     0.9997
11776.500      0.8340     0.9996
11776.600      0.8542     0.9995
11776.700      0.8662     0.9993
11776.800      0.8734     0.9989
11776.900      0.8690     0.9972
11777.000      0.8395     0.9920
11777.100      0.7738     0.9788
11777.200      0.6732     0.9525
11777.300      0.5733     0.9132
11777.400      0.4800     0.8713
11777.500      0.4211     0.8444
11777.600      0.4386     0.8459
11777.700      0.5161     0.8751
11777.800      0.6205     0.9175
11777.900      0.7210     0.9558
11778.000      0.8069     0.9806
11778.100      0.8666     0.9928
11778.200      0.8922     0.9975
11778.300      0.8891     0.9989
11778.400      0.8679     0.9994
11778.500      0.8313     0.9995
11778.600      0.7917     0.9996
11778.700      0.7651     0.9996
11778.800      0.7609     0.9997
11778.900      0.7907     0.9997
11779.000      0.8331     0.9998
11779.100      0.8799     0.9998
11779.200      0.9270     0.9998
11779.300      0.9503     0.9998
11779.400      0.9643     0.9998
11779.500      0.9752     0.9998
11779.600      0.9839     0.9998
11779.700      0.9911     0.9998
11779.800      0.9963     0.9998
11779.900      0.9983     0.9998
11780.000      1.0000     0.9998
11780.100      1.0016     0.9999
11780.200      1.0026     0.9999
11780.300      1.0018     0.9999
11780.400      1.0010     0.9999
11780.500      1.0011     0.9999
11780.600      1.0024     0.9999
11780.700      1.0052     0.9999
11780.800      1.0073     0.9999
11780.900      1.0055     0.9999
11781.000      1.0019     0.9999
11781.100      0.9973     0.9999
11781.200      0.9944     0.9999
11781.300      0.9951     0.9999
11781.400      0.9954     0.9999
11781.500      0.9953     0.9999
11781.600      0.9956     0.9999
11781.700      0.9965     0.9999
11781.800      0.9960     0.9999
11781.900      0.9939     0.9999
11782.000      0.9919     0.9999
11782.100      0.9898     0.9999
11782.200      0.9889     0.9999
11782.300      0.9889     0.9999
11782.400      0.9888     0.9998
11782.500      0.9887     0.9998
11782.600      0.9908     0.9997
11782.700      0.9939     0.9994
11782.800      0.9940     0.9986
11782.900      0.9905     0.9970
11783.000      0.9832     0.9942
11783.100      0.9751     0.9907
11783.200      0.9679     0.9879
11783.300      0.9607     0.9879
11783.400      0.9438     0.9907
11783.500      0.9132     0.9945
11783.600      0.8560     0.9974
11783.700      0.7807     0.9989
11783.800      0.6857     0.9996
11783.900      0.5913     0.9998
11784.000      0.5513     0.9998
11784.100      0.5562     0.9999
11784.200      0.6224     0.9999
11784.300      0.7016     0.9999
11784.400      0.7875     0.9999
11784.500      0.8696     0.9998
11784.600      0.9221     0.9998
11784.700      0.9558     0.9998
11784.800      0.9740     0.9998
11784.900      0.9850     0.9998
11785.000      0.9921     0.9998
11785.100      0.9961     0.9999
11785.200      0.9984     0.9999
11785.300      1.0003     0.9999
11785.400      1.0020     0.9999
11785.500      1.0026     0.9999
11785.600      1.0021     0.9999
11785.700      1.0011     0.9999
11785.800      0.9997     0.9999
11785.900      0.9976     0.9999
11786.000      0.9942     0.9999
11786.100      0.9874     0.9999
11786.200      0.9760     0.9998
11786.300      0.9602     0.9998
11786.400      0.9431     0.9998
11786.500      0.9312     0.9998
11786.600      0.9286     0.9998
11786.700      0.9395     0.9998
11786.800      0.9546     0.9998
11786.900      0.9704     0.9998
11787.000      0.9863     0.9998
11787.100      0.9975     0.9998
11787.200      1.0034     0.9998
11787.300      1.0016     0.9998
11787.400      0.9989     0.9998
11787.500      0.9992     0.9997
11787.600      1.0011     0.9997
11787.700      1.0044     0.9997
11787.800      1.0077     0.9996
11787.900      1.0084     0.9995
11788.000      1.0086     0.9993
11788.100      1.0088     0.9989
11788.200      1.0083     0.9983
11788.300      1.0056     0.9976
11788.400      1.0033     0.9970
11788.500      1.0047     0.9968
11788.600      1.0079     0.9970
11788.700      1.0122     0.9976
11788.800      1.0164     0.9981
11788.900      1.0190     0.9984
11789.000      1.0182     0.9982
11789.100      1.0131     0.9976
11789.200      1.0093     0.9967
11789.300      1.0079     0.9956
11789.400      1.0064     0.9950
11789.500      1.0045     0.9951
11789.600      1.0022     0.9959
11789.700      0.9997     0.9971
11789.800      0.9977     0.9980
11789.900      0.9968     0.9987
11790.000      0.9968     0.9991
11790.100      0.9975     0.9992
11790.200      0.9991     0.9993
11790.300      1.0009     0.9993
11790.400      1.0002     0.9992
11790.500      0.9982     0.9990
11790.600      1.0001     0.9987
11790.700      1.0037     0.9980
11790.800      1.0048     0.9968
11790.900      1.0040     0.9953
11791.000      1.0020     0.9939
11791.100      0.9999     0.9931
11791.200      0.9991     0.9935
11791.300      0.9998     0.9949
11791.400      1.0028     0.9964
11791.500      1.0060     0.9977
11791.600      1.0088     0.9986
11791.700      1.0112     0.9991
11791.800      1.0131     0.9993
11791.900      1.0136     0.9995
11792.000      1.0097     0.9996
11792.100      1.0054     0.9996
11792.200      1.0009     0.9997
11792.300      0.9965     0.9997
11792.400      0.9932     0.9997
11792.500      0.9919     0.9998
11792.600      0.9943     0.9998
11792.700      0.9971     0.9998
11792.800      1.0000     0.9998
11792.900      1.0019     0.9998
11793.000      1.0015     0.9998
11793.100      1.0018     0.9998
11793.200      1.0037     0.9998
11793.300      1.0039     0.9998
11793.400      1.0014     0.9998
11793.500      1.0002     0.9998
11793.600      1.0007     0.9999
11793.700      1.0005     0.9999
11793.800      0.9995     0.9999
11793.900      0.9983     0.9999
11794.000      0.9971     0.9999
11794.100      0.9957     0.9999
11794.200      0.9942     0.9999
11794.300      0.9920     0.9999
11794.400      0.9896     0.9999
11794.500      0.9872     0.9999
11794.600      0.9849     0.9999
11794.700      0.9803     0.9999
11794.800      0.9716     0.9999
11794.900      0.9586     0.9999
11795.000      0.9386     0.9999
11795.100      0.9080     0.9999
11795.200      0.8606     0.9999
11795.300      0.7716     0.9999
11795.400      0.6729     0.9999
11795.500      0.5703     0.9999
11795.600      0.4677     0.9999
11795.700      0.4366     0.9999
11795.800      0.4571     0.9999
11795.900      0.5441     0.9999
11796.000      0.6389     0.9999
11796.100      0.7377     0.9999
11796.200      0.8327     0.9999
11796.300      0.8913     0.9999
11796.400      0.9303     0.9999
11796.500      0.9536     0.9999
11796.600      0.9675     0.9999
11796.700      0.9756     0.9999
11796.800      0.9792     0.9999
11796.900      0.9798     0.9999
11797.000      0.9786     0.9998
11797.100      0.9760     0.9998
11797.200      0.9713     0.9998
11797.300      0.9632     0.9998
11797.400      0.9523     0.9998
11797.500      0.9368     0.9999
11797.600      0.9083     0.9999
11797.700      0.8629     0.9999
11797.800      0.8063     0.9999
11797.900      0.7461     0.9999
11798.000      0.7032     0.9999
11798.100      0.6958     0.9999
11798.200      0.7291     0.9999
11798.300      0.7815     0.9999
11798.400      0.8400     0.9999
11798.500      0.8992     0.9998
11798.600      0.9423     0.9998
11798.700      0.9675     0.9998
11798.800      0.9779     0.9998
11798.900      0.9824     0.9998
11799.000      0.9832     0.9998
11799.100      0.9837     0.9998
11799.200      0.9867     0.9998
11799.300      0.9901     0.9998
11799.400      0.9933     0.9998
11799.500      0.9962     0.9998
11799.600      0.9983     0.9998
11799.700      0.9990     0.9997
11799.800      0.9948     0.9997
11799.900      0.9907     0.9997
11800.000      0.9886     0.9996
11800.100      0.9872     0.9996
11800.200      0.9864     0.9994
11800.300      0.9846     0.9991
11800.400      0.9759     0.9981
11800.500      0.9645     0.9946
11800.600      0.9515     0.9850
11800.700      0.9408     0.9641
11800.800      0.9409     0.9292
11800.900      0.9492     0.8866
11801.000      0.9632     0.8522
11801.100      0.9768     0.8425
11801.200      0.9882     0.8625
11801.300      0.9965     0.9020
11801.400      1.0012     0.9432
11801.500      1.0046     0.9732
11801.600      1.0070     0.9895
11801.700      1.0061     0.9963
11801.800      1.0033     0.9986
11801.900      1.0027     0.9993
11802.000      1.0039     0.9995
11802.100      1.0037     0.9996
11802.200      1.0025     0.9997
11802.300      1.0029     0.9997
11802.400      1.0042     0.9997
11802.500      1.0042     0.9998
11802.600      1.0037     0.9998
11802.700      1.0038     0.9998
11802.800      1.0042     0.9998
11802.900      1.0047     0.9998
11803.000      1.0053     0.9998
11803.100      1.0071     0.9998
11803.200      1.0091     0.9998
11803.300      1.0073     0.9998
11803.400      1.0050     0.9999
11803.500      1.0066     0.9999
11803.600      1.0084     0.9999
11803.700      1.0047     0.9999
11803.800      0.9977     0.9999
11803.900      0.9870     0.9999
11804.000      0.9766     0.9999
11804.100      0.9717     0.9999
11804.200      0.9694     0.9999
11804.300      0.9690     0.9999
11804.400      0.9724     0.9999
11804.500      0.9806     0.9999
11804.600      0.9881     0.9999
11804.700      0.9918     0.9999
11804.800      0.9932     0.9999
11804.900      0.9929     0.9999
11805.000      0.9928     0.9999
11805.100      0.9933     0.9999
11805.200      0.9951     0.9999
11805.300      0.9980     0.9999
11805.400      0.9999     0.9999
11805.500      1.0003     0.9999
11805.600      1.0022     0.9999
11805.700      1.0054     0.9999
11805.800      1.0054     0.9999
11805.900      1.0028     0.9999
11806.000      1.0030     0.9999
11806.100      1.0053     0.9999
11806.200      1.0063     0.9999
11806.300      1.0051     0.9999
11806.400      1.0010     0.9999
11806.500      0.9961     0.9999
11806.600      0.9941     0.9999
11806.700      0.9930     0.9999
11806.800      0.9918     0.9999
11806.900      0.9902     0.9999
11807.000      0.9871     0.9999
11807.100      0.9837     0.9999
11807.200      0.9856     0.9999
11807.300      0.9897     0.9999
11807.400      0.9952     0.9999
11807.500      1.0006     0.9999
11807.600      1.0029     0.9999
11807.700      1.0017     0.9999
11807.800      0.9928     0.9999
11807.900      0.9839     0.9999
11808.000      0.9749     0.9999
11808.100      0.9675     0.9999
11808.200      0.9695     0.9999
11808.300      0.9714     0.9999
11808.400      0.9709     0.9999
11808.500      0.9662     0.9999
11808.600      0.9525     0.9999
11808.700      0.9328     0.9999
11808.800      0.9093     0.9999
11808.900      0.8869     0.9999
11809.000      0.8710     0.9999
11809.100      0.8640     0.9999
11809.200      0.8701     0.9999
11809.300      0.8879     0.9999
11809.400      0.9113     0.9999
11809.500      0.9345     0.9999
11809.600      0.9565     0.9999
11809.700      0.9756     0.9999
11809.800      0.9896     0.9999
11809.900      0.9956     0.9999
11810.000      0.9983     0.9999
11810.100      1.0021     0.9998
11810.200      1.0064     0.9998
11810.300      1.0090     0.9996
11810.400      1.0096     0.9994
11810.500      1.0087     0.9991
11810.600      1.0075     0.9990
11810.700      1.0077     0.9990
11810.800      1.0084     0.9992
11810.900      1.0091     0.9994
11811.000      1.0098     0.9994
11811.100      1.0076     0.9989
11811.200      1.0030     0.9976
11811.300      0.9955     0.9952
11811.400      0.9879     0.9922
11811.500      0.9907     0.9900
11811.600      0.9938     0.9900
11811.700      0.9961     0.9922
11811.800      0.9981     0.9953
11811.900      0.9999     0.9977
11812.000      1.0019     0.9991
11812.100      1.0056     0.9996
11812.200      1.0091     0.9997
11812.300      1.0102     0.9995
11812.400      1.0081     0.9991
11812.500      1.0015     0.9986
11812.600      0.9935     0.9982
11812.700      0.9845     0.9983
11812.800      0.9693     0.9986
11812.900      0.9352     0.9991
11813.000      0.8833     0.9995
11813.100      0.8202     0.9998
11813.200      0.7628     0.9999
11813.300      0.7276     0.9999
11813.400      0.7208     0.9999
11813.500      0.7455     0.9999
11813.600      0.7956     0.9999
11813.700      0.8545     0.9999
11813.800      0.9073     0.9999
11813.900      0.9463     0.9999
11814.000      0.9667     0.9999
11814.100      0.9769     0.9999
11814.200      0.9834     0.9999
11814.300      0.9891     0.9999
11814.400      0.9947     0.9999
11814.500      0.9999     0.9999
11814.600      1.0015     0.9999
11814.700      0.9999     0.9999
11814.800      0.9953     0.9999
11814.900      0.9903     0.9999
11815.000      0.9870     0.9999
11815.100      0.9862     0.9999
11815.200      0.9907     0.9999
11815.300      0.9958     0.9999
11815.400      0.9957     0.9999
11815.500      0.9908     0.9999
11815.600      0.9764     0.9999
11815.700      0.9620     0.9999
11815.800      0.9483     0.9999
11815.900      0.9362     0.9999
11816.000      0.9364     0.9999
11816.100      0.9453     0.9999
11816.200      0.9628     0.9999
11816.300      0.9796     0.9999
11816.400      0.9910     0.9999
11816.500      0.9961     0.9999
11816.600      0.9941     0.9999
11816.700      0.9942     0.9999
11816.800      0.9992     0.9999
11816.900      1.0020     0.9999
11817.000      0.9984     0.9999
11817.100      0.9921     0.9999
11817.200      0.9837     0.9999
11817.300      0.9732     0.9999
11817.400      0.9593     0.9999
11817.500      0.9395     0.9999
11817.600      0.9067     0.9999
11817.700      0.8524     0.9999
11817.800      0.7719     0.9999
11817.900      0.6640     0.9999
11818.000      0.5474     0.9999
11818.100      0.4399     0.9999
11818.200      0.3499     0.9999
11818.300      0.2782     0.9998
11818.400      0.2284     0.9998
11818.500      0.2009     0.9995
11818.600      0.2015     0.9987
11818.700      0.2395     0.9970
11818.800      0.3103     0.9941
11818.900      0.4204     0.9910
11819.000      0.5349     0.9889
11819.100      0.6486     0.9892
11819.200      0.7609     0.9917
11819.300      0.8404     0.9949
11819.400      0.8956     0.9975
11819.500      0.9265     0.9989
11819.600      0.9444     0.9996
11819.700      0.9535     0.9998
11819.800      0.9566     0.9998
11819.900      0.9550     0.9999
11820.000      0.9520     0.9999
11820.100      0.9481     0.9999
11820.200      0.9444     0.9999
11820.300      0.9414     0.9999
11820.400      0.9389     0.9998
11820.500      0.9369     0.9997
11820.600      0.9314     0.9994
11820.700      0.9109     0.9987
11820.800      0.8794     0.9978
11820.900      0.8407     0.9969
11821.000      0.8050     0.9966
11821.100      0.7793     0.9972
11821.200      0.7640     0.9981
11821.300      0.7547     0.9990
11821.400      0.7351     0.9996
11821.500      0.6887     0.9998
11821.600      0.6113     0.9999
11821.700      0.5196     0.9999
11821.800      0.4416     0.9999
11821.900      0.3991     0.9999
11822.000      0.4123     0.9999
11822.100      0.4745     0.9999
11822.200      0.5763     0.9999
11822.300      0.6859     0.9999
11822.400      0.7846     0.9999
11822.500      0.8637     0.9999
11822.600      0.9102     0.9999
11822.700      0.9397     0.9999
11822.800      0.9616     0.9999
11822.900      0.9766     0.9999
11823.000      0.9829     0.9999
11823.100      0.9848     0.9999
11823.200      0.9833     0.9999
11823.300      0.9813     0.9999
11823.400      0.9793     0.9998
11823.500      0.9768     0.9995
11823.600      0.9681     0.9987
11823.700      0.9597     0.9970
11823.800      0.9558     0.9942
11823.900      0.9516     0.9913
11824.000      0.9456     0.9895
11824.100      0.9425     0.9900
11824.200      0.9553     0.9925
11824.300      0.9707     0.9955
11824.400      0.9872     0.9979
11824.500      1.0029     0.9991
11824.600      1.0133     0.9997
11824.700      1.0172     0.9998
11824.800      1.0149     0.9999
11824.900      1.0135     0.9999
11825.000      1.0135     0.9999
11825.100      1.0107     0.9999
11825.200      0.9985     0.9999
11825.300      0.9743     0.9999
11825.400      0.9430     0.9999
11825.500      0.9137     0.9999
11825.600      0.8915     0.9999
11825.700      0.8828     0.9999
11825.800      0.8890     0.9999
11825.900      0.9076     0.9999
11826.000      0.9293     0.9999
11826.100      0.9493     0.9999
11826.200      0.9650     0.9999
11826.300      0.9744     0.9999
11826.400      0.9735     0.9999
11826.500      0.9552     0.9999
11826.600      0.9258     0.9999
11826.700      0.8880     0.9998
11826.800      0.8493     0.9998
11826.900      0.8315     0.9997
11827.000      0.8323     0.9995
11827.100      0.8499     0.9994
11827.200      0.8787     0.9993
11827.300      0.9192     0.9994
11827.400      0.9600     0.9993
11827.500      0.9858     0.9989
11827.600      1.0012     0.9968
11827.700      1.0043     0.9896
11827.800      1.0035     0.9712
11827.900      1.0006     0.9362
11828.000      0.9962     0.8889
11828.100      0.9911     0.8476
11828.200      0.9879     0.8347
11828.300      0.9936     0.8580
11828.400      1.0019     0.9038
11828.500      1.0113     0.9489
11828.600      1.0200     0.9788
11828.700      1.0249     0.9930
11828.800      1.0260     0.9979
11828.900      1.0244     0.9990
11829.000      1.0236     0.9988
11829.100      1.0246     0.9982
11829.200      1.0265     0.9977
11829.300      1.0287     0.9975
11829.400      1.0276     0.9977
11829.500      1.0233     0.9983
11829.600      1.0213     0.9989
11829.700      1.0214     0.9994
11829.800      1.0196     0.9996
11829.900      1.0165     0.9998
11830.000      1.0142     0.9998
11830.100      1.0122     0.9998
11830.200      1.0071     0.9998
11830.300      1.0006     0.9998
11830.400      0.9942     0.9998
11830.500      0.9881     0.9999
11830.600      0.9828     0.9999
11830.700      0.9792     0.9999
11830.800      0.9802     0.9999
11830.900      0.9848     0.9999
11831.000      0.9934     0.9999
11831.100      1.0023     0.9999
11831.200      1.0103     0.9999
11831.300      1.0168     0.9999
11831.400      1.0187     0.9999
11831.500      1.0162     0.9999
11831.600      1.0073     0.9999
11831.700      0.9988     0.9999
11831.800      0.9952     0.9999
11831.900      0.9916     0.9999
11832.000      0.9875     0.9999
11832.100      0.9835     0.9998
11832.200      0.9802     0.9998
11832.300      0.9785     0.9998
11832.400      0.9793     0.9998
11832.500      0.9805     0.9998
11832.600      0.9818     0.9998
11832.700      0.9823     0.9998
11832.800      0.9809     0.9998
11832.900      0.9795     0.9998
11833.000      0.9780     0.9998
11833.100      0.9781     0.9998
11833.200      0.9800     0.9998
11833.300      0.9816     0.9998
11833.400      0.9828     0.9998
11833.500      0.9862     0.9998
11833.600      0.9916     0.9998
11833.700      0.9962     0.9998
11833.800      1.0002     0.9998
11833.900      1.0060     0.9998
11834.000      1.0129     0.9998
11834.100      1.0144     0.9997
11834.200      1.0132     0.9997
11834.300      1.0138     0.9997
11834.400      1.0150     0.9997
11834.500      1.0159     0.9997
11834.600      1.0162     0.9996
11834.700      1.0129     0.9996
11834.800      1.0089     0.9995
11834.900      1.0096     0.9994
11835.000      1.0110     0.9994
11835.100      1.0123     0.9993
11835.200      1.0132     0.9993
11835.300      1.0103     0.9994
11835.400      1.0073     0.9994
11835.500      1.0053     0.9995
11835.600      1.0030     0.9995
11835.700      0.9955     0.9995
11835.800      0.9833     0.9996
11835.900      0.9653     0.9996
11836.000      0.9472     0.9996
11836.100      0.9307     0.9996
11836.200      0.9176     0.9995
11836.300      0.9152     0.9995
11836.400      0.9232     0.9995
11836.500      0.9396     0.9995
11836.600      0.9558     0.9995
11836.700      0.9701     0.9994
11836.800      0.9817     0.9994
11836.900      0.9891     0.9993
11837.000      0.9939     0.9993
11837.100      0.9965     0.9992
11837.200      0.9954     0.9992
11837.300      0.9924     0.9991
11837.400      0.9897     0.9990
11837.500      0.9880     0.9988
11837.600      0.9875     0.9987
11837.700      0.9875     0.9985
11837.800      0.9873     0.9982
11837.900      0.9864     0.9979
11838.000      0.9813     0.9974
11838.100      0.9688     0.9967
11838.200      0.9437     0.9955
11838.300      0.9152     0.9933
11838.400      0.8888     0.9882
11838.500      0.8671     0.9754
11838.600      0.8598     0.9475
11838.700      0.8667     0.8989
11838.800      0.8908     0.8359
11838.900      0.9170     0.7806
11839.000      0.9435     0.7593
11839.100      0.9699     0.7832
11839.200      0.9818     0.8397
11839.300      0.9894     0.9023
11839.400      0.9950     0.9497
11839.500      0.9993     0.9765
11839.600      1.0031     0.9886
11839.700      1.0050     0.9935
11839.800      1.0033     0.9956
11839.900      1.0022     0.9966
11840.000      1.0046     0.9971
11840.100      1.0070     0.9975
11840.200      1.0089     0.9977
11840.300      1.0105     0.9979
11840.400      1.0114     0.9982
11840.500      1.0106     0.9985
11840.600      1.0075     0.9988
11840.700      1.0048     0.9990
11840.800      1.0035     0.9991
11840.900      1.0039     0.9992
11841.000      1.0056     0.9993
11841.100      1.0049     0.9993
11841.200      1.0010     0.9994
11841.300      0.9967     0.9994
11841.400      0.9922     0.9994
11841.500      0.9878     0.9995
11841.600      0.9834     0.9995
11841.700      0.9812     0.9996
11841.800      0.9809     0.9996
11841.900      0.9811     0.9996
11842.000      0.9813     0.9997
11842.100      0.9783     0.9997
11842.200      0.9699     0.9997
11842.300      0.9562     0.9997
11842.400      0.9369     0.9997
11842.500      0.9134     0.9997
11842.600      0.8817     0.9997
11842.700      0.8259     0.9997
11842.800      0.7473     0.9997
11842.900      0.6391     0.9997
11843.000      0.5289     0.9997
11843.100      0.4489     0.9997
11843.200      0.4028     0.9998
11843.300      0.4173     0.9998
11843.400      0.4698     0.9998
11843.500      0.5598     0.9998
11843.600      0.6502     0.9998
11843.700      0.7408     0.9998
11843.800      0.8267     0.9998
11843.900      0.8749     0.9998
11844.000      0.9089     0.9998
11844.100      0.9340     0.9998
11844.200      0.9523     0.9998
11844.300      0.9656     0.9998
11844.400      0.9727     0.9998
11844.500      0.9748     0.9998
11844.600      0.9749     0.9998
11844.700      0.9744     0.9998
11844.800      0.9765     0.9998
11844.900      0.9834     0.9998
11845.000      0.9908     0.9998
11845.100      0.9982     0.9998
11845.200      1.0053     0.9998
11845.300      1.0112     0.9998
11845.400      1.0157     0.9998
11845.500      1.0195     0.9998
11845.600      1.0237     0.9998
11845.700      1.0281     0.9998
11845.800      1.0312     0.9998
11845.900      1.0310     0.9998
11846.000      1.0235     0.9998
11846.100      1.0136     0.9998
11846.200      1.0061     0.9998
11846.300      1.0017     0.9998
11846.400      1.0003     0.9998
11846.500      1.0020     0.9998
11846.600      1.0089     0.9998
11846.700      1.0165     0.9998
11846.800      1.0227     0.9998
11846.900      1.0266     0.9997
11847.000      1.0239     0.9997
11847.100      1.0169     0.9997
11847.200      1.0078     0.9997
11847.300      0.9929     0.9997
11847.400      0.9578     0.9997
11847.500      0.9071     0.9997
11847.600      0.8382     0.9996
11847.700      0.7712     0.9996
11847.800      0.7306     0.9995
11847.900      0.7165     0.9993
11848.000      0.7390     0.9988
11848.100      0.7836     0.9971
11848.200      0.8419     0.9923
11848.300      0.8995     0.9807
11848.400      0.9512     0.9592
11848.500      0.9931     0.9298
11848.600      1.0170     0.9020
11848.700      1.0287     0.8894
11848.800      1.0300     0.8991
11848.900      1.0175     0.9255
11849.000      0.9976     0.9555
11849.100      0.9798     0.9783
11849.200      0.9680     0.9912
11849.300      0.9623     0.9967
11849.400      0.9630     0.9987
11849.500      0.9703     0.9993
11849.600      0.9799     0.9995
11849.700      0.9882     0.9996
11849.800      0.9916     0.9997
11849.900      0.9681     0.9997
11850.000      0.9127     0.9997
11850.100      0.8260     0.9998
11850.200      0.7333     0.9998
11850.300      0.6606     1.0000
11850.400      0.6112     1.0000
11850.500      0.5594     1.0000
11850.600      0.5045     1.0000
11850.700      0.4495     1.0000
11850.800      0.3945     1.0000
11850.900      0.3395     1.0000
11851.000      0.2846     1.0000
