# t09572g430x+000m0                                           
# 1200312376.kgf                                              
# data\m46.fits                                               
# xmin,xmax,dshft,yshift,fz:  11816.50  12562.50   0.00000   0.00000   1.00000
# vw,rp,ifabs:   0.0    28300.   0
#                                                                     
# wave(A)   obs.spec.  the.spec.  overplot1  overplot2  overplot3  overplot4
12003.000      1.3164     1.0000
12003.100      1.2838     1.0000
12003.200      1.2513     1.0000
12003.300      1.2187     1.0000
12003.400      1.1861     1.0000
12003.500      1.1536     1.0000
12003.600      1.1210     1.0000
12003.700      1.0885     1.0000
12003.800      1.0559     0.9999
12003.900      1.0233     0.9999
12004.000      0.9908     0.9999
12004.100      0.9582     0.9999
12004.200      0.9256     0.9999
12004.300      0.8931     0.9999
12004.400      0.8605     0.9998
12004.500      0.8620     0.9998
12004.600      0.8665     0.9998
12004.700      0.8988     0.9998
12004.800      0.9350     0.9997
12004.900      0.9628     0.9997
12005.000      0.9824     0.9997
12005.100      0.9935     0.9997
12005.200      0.9991     0.9997
12005.300      0.9996     0.9998
12005.400      0.9994     0.9998
12005.500      1.0009     0.9998
12005.600      1.0031     0.9998
12005.700      1.0019     0.9998
12005.800      0.9994     0.9998
12005.900      0.9976     0.9998
12006.000      0.9966     0.9998
12006.100      0.9959     0.9998
12006.200      0.9958     0.9998
12006.300      0.9964     0.9997
12006.400      0.9981     0.9997
12006.500      1.0019     0.9997
12006.600      1.0066     0.9997
12006.700      1.0106     0.9996
12006.800      1.0125     0.9996
12006.900      1.0110     0.9995
12007.000      1.0058     0.9994
12007.100      0.9976     0.9992
12007.200      0.9884     0.9989
12007.300      0.9793     0.9985
12007.400      0.9708     0.9981
12007.500      0.9645     0.9977
12007.600      0.9618     0.9975
12007.700      0.9607     0.9977
12007.800      0.9603     0.9981
12007.900      0.9525     0.9985
12008.000      0.9184     0.9989
12008.100      0.8620     0.9992
12008.200      0.7890     0.9994
12008.300      0.7245     0.9995
12008.400      0.7036     0.9996
12008.500      0.7248     0.9996
12008.600      0.7885     0.9997
12008.700      0.8519     0.9997
12008.800      0.9103     0.9997
12008.900      0.9583     0.9998
12009.000      0.9772     0.9998
12009.100      0.9873     0.9998
12009.200      0.9925     0.9998
12009.300      0.9952     0.9998
12009.400      0.9963     0.9998
12009.500      0.9975     0.9998
12009.600      0.9995     0.9998
12009.700      1.0015     0.9998
12009.800      1.0034     0.9998
12009.900      1.0052     0.9998
12010.000      1.0036     0.9998
12010.100      1.0009     0.9998
12010.200      0.9974     0.9998
12010.300      0.9936     0.9998
12010.400      0.9897     0.9998
12010.500      0.9855     0.9997
12010.600      0.9792     0.9997
12010.700      0.9728     0.9997
12010.800      0.9690     0.9997
12010.900      0.9688     0.9998
12011.000      0.9762     0.9998
12011.100      0.9854     0.9998
12011.200      0.9951     0.9998
12011.300      1.0047     0.9998
12011.400      1.0093     0.9998
12011.500      1.0109     0.9998
12011.600      1.0112     0.9998
12011.700      1.0114     0.9998
12011.800      1.0125     0.9998
12011.900      1.0139     0.9997
12012.000      1.0147     0.9997
12012.100      1.0141     0.9997
12012.200      1.0101     0.9998
12012.300      1.0048     0.9998
12012.400      1.0024     0.9998
12012.500      1.0019     0.9998
12012.600      0.9999     0.9998
12012.700      0.9930     0.9998
12012.800      0.9770     0.9997
12012.900      0.9475     0.9997
12013.000      0.9029     0.9997
12013.100      0.8514     0.9997
12013.200      0.8091     0.9996
12013.300      0.7946     0.9996
12013.400      0.8168     0.9995
12013.500      0.8640     0.9994
12013.600      0.9101     0.9991
12013.700      0.9495     0.9988
12013.800      0.9760     0.9982
12013.900      0.9813     0.9975
12014.000      0.9734     0.9969
12014.100      0.9588     0.9964
12014.200      0.9460     0.9961
12014.300      0.9419     0.9961
12014.400      0.9466     0.9966
12014.500      0.9594     0.9972
12014.600      0.9716     0.9980
12014.700      0.9804     0.9985
12014.800      0.9865     0.9989
12014.900      0.9900     0.9992
12015.000      0.9910     0.9994
12015.100      0.9896     0.9995
12015.200      0.9880     0.9995
12015.300      0.9862     0.9996
12015.400      0.9844     0.9997
12015.500      0.9838     0.9997
12015.600      0.9844     0.9997
12015.700      0.9871     0.9997
12015.800      0.9908     0.9998
12015.900      0.9955     0.9998
12016.000      1.0002     0.9998
12016.100      0.9976     0.9998
12016.200      0.9949     0.9998
12016.300      0.9957     0.9998
12016.400      0.9965     0.9998
12016.500      0.9900     0.9998
12016.600      0.9828     0.9998
12016.700      0.9770     0.9998
12016.800      0.9734     0.9998
12016.900      0.9778     0.9998
12017.000      0.9833     0.9998
12017.100      0.9882     0.9998
12017.200      0.9918     0.9999
12017.300      0.9917     0.9999
12017.400      0.9873     0.9999
12017.500      0.9799     0.9999
12017.600      0.9664     0.9999
12017.700      0.9367     0.9999
12017.800      0.8845     0.9999
12017.900      0.7956     0.9999
12018.000      0.6960     0.9999
12018.100      0.6080     0.9999
12018.200      0.5483     0.9999
12018.300      0.5587     0.9999
12018.400      0.6013     0.9999
12018.500      0.6358     0.9999
12018.600      0.6574     0.9999
12018.700      0.6673     0.9999
12018.800      0.6727     0.9999
12018.900      0.7063     0.9999
12019.000      0.7686     0.9999
12019.100      0.8335     0.9999
12019.200      0.8988     0.9999
12019.300      0.9498     0.9999
12019.400      0.9739     0.9999
12019.500      0.9837     0.9999
12019.600      0.9878     0.9999
12019.700      0.9919     0.9999
12019.800      0.9962     0.9999
12019.900      0.9994     0.9999
12020.000      1.0002     0.9999
12020.100      1.0003     0.9999
12020.200      1.0001     0.9999
12020.300      1.0004     0.9999
12020.400      1.0023     0.9999
12020.500      1.0033     0.9999
12020.600      1.0020     0.9999
12020.700      1.0015     0.9999
12020.800      1.0043     0.9999
12020.900      1.0070     0.9999
12021.000      1.0080     0.9999
12021.100      1.0076     0.9998
12021.200      1.0054     0.9998
12021.300      1.0033     0.9998
12021.400      1.0019     0.9998
12021.500      1.0017     0.9998
12021.600      1.0057     0.9998
12021.700      1.0095     0.9998
12021.800      1.0081     0.9998
12021.900      1.0050     0.9999
12022.000      1.0005     0.9999
12022.100      0.9960     0.9999
12022.200      0.9988     0.9999
12022.300      1.0020     0.9999
12022.400      1.0052     0.9999
12022.500      1.0084     0.9999
12022.600      1.0077     0.9999
12022.700      1.0064     0.9999
12022.800      1.0061     0.9999
12022.900      1.0061     0.9999
12023.000      1.0062     0.9999
12023.100      1.0064     0.9999
12023.200      1.0059     0.9998
12023.300      1.0047     0.9998
12023.400      1.0028     0.9997
12023.500      1.0008     0.9994
12023.600      1.0021     0.9992
12023.700      1.0044     0.9989
12023.800      1.0034     0.9988
12023.900      1.0009     0.9989
12024.000      1.0009     0.9992
12024.100      1.0020     0.9995
12024.200      1.0029     0.9997
12024.300      1.0032     0.9998
12024.400      1.0004     0.9998
12024.500      0.9958     0.9999
12024.600      0.9938     0.9999
12024.700      0.9958     0.9999
12024.800      1.0012     0.9999
12024.900      1.0078     0.9999
12025.000      1.0129     0.9999
12025.100      1.0138     0.9999
12025.200      1.0092     0.9999
12025.300      1.0012     0.9999
12025.400      0.9951     0.9999
12025.500      0.9918     0.9999
12025.600      0.9877     0.9999
12025.700      0.9792     0.9999
12025.800      0.9571     0.9999
12025.900      0.9175     0.9999
12026.000      0.8782     0.9999
12026.100      0.8413     0.9999
12026.200      0.8189     0.9999
12026.300      0.8354     0.9998
12026.400      0.8699     0.9998
12026.500      0.9143     0.9998
12026.600      0.9551     0.9998
12026.700      0.9769     0.9998
12026.800      0.9854     0.9998
12026.900      0.9824     0.9998
12027.000      0.9790     0.9998
12027.100      0.9755     0.9999
12027.200      0.9731     0.9999
12027.300      0.9784     0.9999
12027.400      0.9837     0.9999
12027.500      0.9890     0.9998
12027.600      0.9942     0.9998
12027.700      0.9992     0.9997
12027.800      1.0037     0.9997
12027.900      1.0051     0.9996
12028.000      1.0054     0.9996
12028.100      1.0053     0.9997
12028.200      1.0040     0.9997
12028.300      0.9995     0.9998
12028.400      0.9949     0.9998
12028.500      0.9907     0.9998
12028.600      0.9875     0.9998
12028.700      0.9889     0.9998
12028.800      0.9918     0.9998
12028.900      0.9955     0.9998
12029.000      0.9992     0.9998
12029.100      0.9981     0.9998
12029.200      0.9943     0.9998
12029.300      0.9889     0.9998
12029.400      0.9834     0.9997
12029.500      0.9838     0.9997
12029.600      0.9861     0.9997
12029.700      0.9879     0.9997
12029.800      0.9884     0.9997
12029.900      0.9827     0.9996
12030.000      0.9692     0.9996
12030.100      0.9473     0.9996
12030.200      0.9231     0.9995
12030.300      0.9033     0.9994
12030.400      0.8932     0.9993
12030.500      0.8997     0.9992
12030.600      0.9164     0.9990
12030.700      0.9363     0.9985
12030.800      0.9569     0.9973
12030.900      0.9722     0.9939
12031.000      0.9803     0.9847
12031.100      0.9848     0.9643
12031.200      0.9882     0.9289
12031.300      0.9916     0.8829
12031.400      0.9950     0.8415
12031.500      0.9975     0.8238
12031.600      0.9976     0.8391
12031.700      0.9959     0.8793
12031.800      0.9930     0.9256
12031.900      0.9897     0.9622
12032.000      0.9862     0.9837
12032.100      0.9838     0.9935
12032.200      0.9837     0.9972
12032.300      0.9835     0.9984
12032.400      0.9825     0.9989
12032.500      0.9803     0.9991
12032.600      0.9741     0.9993
12032.700      0.9640     0.9994
12032.800      0.9474     0.9995
12032.900      0.9194     0.9995
12033.000      0.8730     0.9996
12033.100      0.8282     0.9996
12033.200      0.8020     0.9997
12033.300      0.7968     0.9997
12033.400      0.8284     0.9997
12033.500      0.8609     0.9997
12033.600      0.8938     0.9997
12033.700      0.9256     0.9998
12033.800      0.9325     0.9998
12033.900      0.9365     0.9998
12034.000      0.9388     0.9998
12034.100      0.9412     0.9998
12034.200      0.9484     0.9998
12034.300      0.9558     0.9998
12034.400      0.9585     0.9998
12034.500      0.9599     0.9998
12034.600      0.9603     0.9998
12034.700      0.9608     0.9998
12034.800      0.9631     0.9998
12034.900      0.9657     0.9998
12035.000      0.9593     0.9998
12035.100      0.9480     0.9998
12035.200      0.9332     0.9998
12035.300      0.9181     0.9998
12035.400      0.9135     0.9998
12035.500      0.9147     0.9998
12035.600      0.9190     0.9998
12035.700      0.9235     0.9998
12035.800      0.9265     0.9998
12035.900      0.9284     0.9998
12036.000      0.9303     0.9998
12036.100      0.9319     0.9998
12036.200      0.9283     0.9999
12036.300      0.9178     0.9999
12036.400      0.9031     0.9999
12036.500      0.8835     0.9999
12036.600      0.8587     0.9999
12036.700      0.8239     0.9999
12036.800      0.7566     0.9999
12036.900      0.6612     0.9999
12037.000      0.5557     0.9999
12037.100      0.4478     0.9999
12037.200      0.3787     0.9999
12037.300      0.3819     0.9999
12037.400      0.4321     0.9999
12037.500      0.5023     0.9999
12037.600      0.5509     0.9999
12037.700      0.5431     0.9999
12037.800      0.4923     0.9999
12037.900      0.4173     0.9999
12038.000      0.3588     0.9999
12038.100      0.3645     0.9999
12038.200      0.4302     0.9999
12038.300      0.5440     0.9999
12038.400      0.6563     0.9999
12038.500      0.7560     0.9999
12038.600      0.8367     0.9999
12038.700      0.8806     0.9998
12038.800      0.9036     0.9998
12038.900      0.9114     0.9998
12039.000      0.9073     0.9998
12039.100      0.8945     0.9997
12039.200      0.8822     0.9996
12039.300      0.8730     0.9994
12039.400      0.8639     0.9989
12039.500      0.8525     0.9982
12039.600      0.8355     0.9970
12039.700      0.7835     0.9955
12039.800      0.7318     0.9944
12039.900      0.7011     0.9943
12040.000      0.6912     0.9954
12040.100      0.7356     0.9969
12040.200      0.7801     0.9983
12040.300      0.8245     0.9991
12040.400      0.8686     0.9994
12040.500      0.8916     0.9995
12040.600      0.9114     0.9995
12040.700      0.9309     0.9994
12040.800      0.9490     0.9994
12040.900      0.9632     0.9993
12041.000      0.9725     0.9991
12041.100      0.9730     0.9987
12041.200      0.9698     0.9982
12041.300      0.9654     0.9974
12041.400      0.9590     0.9966
12041.500      0.9482     0.9960
12041.600      0.9363     0.9958
12041.700      0.9304     0.9963
12041.800      0.9312     0.9970
12041.900      0.9395     0.9979
12042.000      0.9495     0.9985
12042.100      0.9595     0.9990
12042.200      0.9694     0.9993
12042.300      0.9746     0.9995
12042.400      0.9757     0.9996
12042.500      0.9757     0.9996
12042.600      0.9746     0.9997
12042.700      0.9711     0.9997
12042.800      0.9646     0.9997
12042.900      0.9546     0.9997
12043.000      0.9433     0.9998
12043.100      0.9364     0.9998
12043.200      0.9359     0.9998
12043.300      0.9379     0.9998
12043.400      0.9406     0.9998
12043.500      0.9398     0.9998
12043.600      0.9341     0.9998
12043.700      0.9323     0.9998
12043.800      0.9385     0.9998
12043.900      0.9475     0.9998
12044.000      0.9575     0.9997
12044.100      0.9664     0.9997
12044.200      0.9700     0.9997
12044.300      0.9661     0.9997
12044.400      0.9541     0.9997
12044.500      0.9430     0.9996
12044.600      0.9378     0.9995
12044.700      0.9391     0.9994
12044.800      0.9479     0.9994
12044.900      0.9568     0.9993
12045.000      0.9657     0.9993
12045.100      0.9740     0.9990
12045.200      0.9774     0.9984
12045.300      0.9782     0.9975
12045.400      0.9769     0.9966
12045.500      0.9756     0.9960
12045.600      0.9748     0.9961
12045.700      0.9739     0.9969
12045.800      0.9685     0.9978
12045.900      0.9602     0.9986
12046.000      0.9480     0.9990
12046.100      0.9357     0.9992
12046.200      0.9353     0.9993
12046.300      0.9411     0.9994
12046.400      0.9539     0.9995
12046.500      0.9670     0.9996
12046.600      0.9742     0.9997
12046.700      0.9782     0.9998
12046.800      0.9789     0.9998
12046.900      0.9795     0.9998
12047.000      0.9815     0.9998
12047.100      0.9839     0.9998
12047.200      0.9854     0.9998
12047.300      0.9853     0.9999
12047.400      0.9749     0.9999
12047.500      0.9601     0.9999
12047.600      0.9437     0.9999
12047.700      0.9270     0.9999
12047.800      0.9157     0.9999
12047.900      0.9109     0.9998
12048.000      0.9113     0.9998
12048.100      0.9160     0.9998
12048.200      0.9251     0.9998
12048.300      0.9359     0.9998
12048.400      0.9472     0.9997
12048.500      0.9586     0.9997
12048.600      0.9682     0.9996
12048.700      0.9743     0.9996
12048.800      0.9768     0.9996
12048.900      0.9766     0.9997
12049.000      0.9753     0.9997
12049.100      0.9731     0.9998
12049.200      0.9694     0.9998
12049.300      0.9634     0.9998
12049.400      0.9513     0.9999
12049.500      0.9342     0.9999
12049.600      0.9190     0.9999
12049.700      0.9065     0.9999
12049.800      0.8938     0.9999
12049.900      0.8789     0.9999
12050.000      0.8499     0.9998
12050.100      0.7801     0.9999
12050.200      0.6794     0.9999
12050.300      0.5582     0.9999
12050.400      0.4482     0.9999
12050.500      0.3999     0.9999
12050.600      0.4179     0.9999
12050.700      0.5121     0.9999
12050.800      0.6187     0.9999
12050.900      0.7304     0.9999
12051.000      0.8341     0.9999
12051.100      0.8873     0.9999
12051.200      0.9173     0.9999
12051.300      0.9302     0.9999
12051.400      0.9363     0.9999
12051.500      0.9381     0.9999
12051.600      0.9401     0.9999
12051.700      0.9450     0.9999
12051.800      0.9525     0.9999
12051.900      0.9645     0.9999
12052.000      0.9766     0.9999
12052.100      0.9838     0.9999
12052.200      0.9874     0.9999
12052.300      0.9842     0.9999
12052.400      0.9808     0.9999
12052.500      0.9776     0.9999
12052.600      0.9748     0.9998
12052.700      0.9759     0.9998
12052.800      0.9774     0.9996
12052.900      0.9788     0.9994
12053.000      0.9801     0.9992
12053.100      0.9800     0.9991
12053.200      0.9784     0.9993
12053.300      0.9736     0.9995
12053.400      0.9684     0.9997
12053.500      0.9639     0.9998
12053.600      0.9611     0.9998
12053.700      0.9667     0.9998
12053.800      0.9750     0.9998
12053.900      0.9800     0.9998
12054.000      0.9827     0.9997
12054.100      0.9850     0.9997
12054.200      0.9868     0.9997
12054.300      0.9881     0.9997
12054.400      0.9887     0.9998
12054.500      0.9867     0.9998
12054.600      0.9811     0.9999
12054.700      0.9711     0.9999
12054.800      0.9594     0.9999
12054.900      0.9498     0.9999
12055.000      0.9457     0.9999
12055.100      0.9503     0.9999
12055.200      0.9600     0.9999
12055.300      0.9693     0.9999
12055.400      0.9770     0.9999
12055.500      0.9811     0.9999
12055.600      0.9818     0.9999
12055.700      0.9829     0.9998
12055.800      0.9842     0.9998
12055.900      0.9856     0.9999
12056.000      0.9866     0.9999
12056.100      0.9871     0.9999
12056.200      0.9865     0.9998
12056.300      0.9859     0.9998
12056.400      0.9853     0.9999
12056.500      0.9855     0.9999
12056.600      0.9881     0.9999
12056.700      0.9904     0.9999
12056.800      0.9920     0.9999
12056.900      0.9937     0.9999
12057.000      0.9957     0.9999
12057.100      0.9976     0.9999
12057.200      0.9990     0.9999
12057.300      0.9997     0.9999
12057.400      0.9984     0.9999
12057.500      0.9974     0.9999
12057.600      0.9985     0.9999
12057.700      0.9998     0.9999
12057.800      1.0011     0.9999
12057.900      1.0023     0.9999
12058.000      1.0005     0.9999
12058.100      0.9988     0.9999
12058.200      0.9989     0.9999
12058.300      0.9995     0.9999
12058.400      1.0005     0.9999
12058.500      1.0014     0.9999
12058.600      0.9991     0.9999
12058.700      0.9964     0.9999
12058.800      0.9950     0.9999
12058.900      0.9937     0.9999
12059.000      0.9909     0.9999
12059.100      0.9878     0.9999
12059.200      0.9853     0.9999
12059.300      0.9840     0.9999
12059.400      0.9853     0.9999
12059.500      0.9871     0.9999
12059.600      0.9837     0.9999
12059.700      0.9786     0.9999
12059.800      0.9736     0.9999
12059.900      0.9687     0.9999
12060.000      0.9722     0.9999
12060.100      0.9795     0.9999
12060.200      0.9866     0.9999
12060.300      0.9934     0.9999
12060.400      0.9967     0.9998
12060.500      0.9981     0.9998
12060.600      1.0003     0.9998
12060.700      1.0029     0.9998
12060.800      1.0052     0.9998
12060.900      1.0065     0.9998
12061.000      1.0053     0.9999
12061.100      1.0016     0.9999
12061.200      0.9969     0.9999
12061.300      0.9919     0.9999
12061.400      0.9875     0.9999
12061.500      0.9853     0.9999
12061.600      0.9864     0.9999
12061.700      0.9906     0.9999
12061.800      0.9958     0.9999
12061.900      1.0015     0.9999
12062.000      1.0057     0.9999
12062.100      1.0067     0.9999
12062.200      1.0061     0.9999
12062.300      1.0049     0.9999
12062.400      1.0039     0.9999
12062.500      1.0035     0.9999
12062.600      1.0026     0.9999
12062.700      1.0000     0.9999
12062.800      0.9968     0.9999
12062.900      0.9933     0.9999
12063.000      0.9904     0.9999
12063.100      0.9909     0.9999
12063.200      0.9924     0.9999
12063.300      0.9944     0.9999
12063.400      0.9964     0.9999
12063.500      0.9965     0.9999
12063.600      0.9947     0.9999
12063.700      0.9889     0.9999
12063.800      0.9812     0.9999
12063.900      0.9720     0.9999
12064.000      0.9629     0.9999
12064.100      0.9640     0.9999
12064.200      0.9651     0.9999
12064.300      0.9662     0.9999
12064.400      0.9674     0.9999
12064.500      0.9533     0.9999
12064.600      0.9243     0.9999
12064.700      0.8661     0.9999
12064.800      0.8057     0.9999
12064.900      0.7531     0.9999
12065.000      0.7145     0.9999
12065.100      0.7348     0.9999
12065.200      0.7798     0.9999
12065.300      0.8395     0.9999
12065.400      0.9003     0.9999
12065.500      0.9427     0.9999
12065.600      0.9687     0.9999
12065.700      0.9826     0.9998
12065.800      0.9897     0.9998
12065.900      0.9900     0.9998
12066.000      0.9892     0.9998
12066.100      0.9886     0.9998
12066.200      0.9882     0.9998
12066.300      0.9867     0.9998
12066.400      0.9830     0.9998
12066.500      0.9759     0.9998
12066.600      0.9674     0.9997
12066.700      0.9657     0.9997
12066.800      0.9712     0.9997
12066.900      0.9792     0.9998
12067.000      0.9877     0.9998
12067.100      0.9943     0.9998
12067.200      0.9975     0.9998
12067.300      0.9978     0.9998
12067.400      0.9969     0.9997
12067.500      0.9969     0.9996
12067.600      0.9993     0.9994
12067.700      1.0034     0.9992
12067.800      1.0083     0.9989
12067.900      1.0116     0.9987
12068.000      1.0112     0.9986
12068.100      1.0096     0.9987
12068.200      1.0074     0.9987
12068.300      1.0054     0.9984
12068.400      1.0038     0.9978
12068.500      1.0031     0.9970
12068.600      1.0035     0.9964
12068.700      1.0039     0.9961
12068.800      1.0033     0.9965
12068.900      1.0012     0.9973
12069.000      0.9956     0.9981
12069.100      0.9875     0.9987
12069.200      0.9773     0.9990
12069.300      0.9673     0.9992
12069.400      0.9608     0.9992
12069.500      0.9582     0.9993
12069.600      0.9635     0.9994
12069.700      0.9687     0.9996
12069.800      0.9666     0.9997
12069.900      0.9558     0.9998
12070.000      0.9178     0.9998
12070.100      0.8729     0.9998
12070.200      0.8225     0.9997
12070.300      0.7721     0.9996
12070.400      0.7745     0.9995
12070.500      0.8032     0.9995
12070.600      0.8596     0.9995
12070.700      0.9171     0.9995
12070.800      0.9561     0.9996
12070.900      0.9804     0.9997
12071.000      0.9868     0.9998
12071.100      0.9907     0.9998
12071.200      0.9944     0.9998
12071.300      0.9975     0.9998
12071.400      0.9973     0.9998
12071.500      0.9945     0.9998
12071.600      0.9889     0.9998
12071.700      0.9829     0.9998
12071.800      0.9777     0.9998
12071.900      0.9727     0.9998
12072.000      0.9668     0.9998
12072.100      0.9604     0.9998
12072.200      0.9570     0.9997
12072.300      0.9584     0.9997
12072.400      0.9662     0.9996
12072.500      0.9763     0.9994
12072.600      0.9860     0.9992
12072.700      0.9946     0.9991
12072.800      1.0007     0.9991
12072.900      1.0035     0.9992
12073.000      1.0037     0.9993
12073.100      1.0024     0.9995
12073.200      1.0002     0.9996
12073.300      0.9973     0.9997
12073.400      0.9932     0.9997
12073.500      0.9873     0.9997
12073.600      0.9798     0.9997
12073.700      0.9688     0.9997
12073.800      0.9461     0.9996
12073.900      0.9004     0.9992
12074.000      0.8372     0.9981
12074.100      0.7640     0.9958
12074.200      0.7025     0.9919
12074.300      0.6878     0.9870
12074.400      0.7167     0.9829
12074.500      0.7814     0.9816
12074.600      0.8450     0.9838
12074.700      0.8988     0.9885
12074.800      0.9366     0.9932
12074.900      0.9454     0.9967
12075.000      0.9471     0.9986
12075.100      0.9453     0.9994
12075.200      0.9453     0.9997
12075.300      0.9555     0.9998
12075.400      0.9668     0.9998
12075.500      0.9786     0.9998
12075.600      0.9904     0.9998
12075.700      0.9993     0.9997
12075.800      1.0056     0.9997
12075.900      1.0066     0.9997
12076.000      1.0076     0.9997
12076.100      1.0086     0.9997
12076.200      1.0094     0.9997
12076.300      1.0079     0.9998
12076.400      1.0056     0.9998
12076.500      1.0025     0.9998
12076.600      0.9993     0.9998
12076.700      0.9974     0.9998
12076.800      0.9961     0.9998
12076.900      0.9950     0.9998
12077.000      0.9943     0.9998
12077.100      0.9945     0.9998
12077.200      0.9948     0.9998
12077.300      0.9945     0.9998
12077.400      0.9941     0.9999
12077.500      0.9947     0.9999
12077.600      0.9961     0.9999
12077.700      0.9979     0.9999
12077.800      0.9997     0.9999
12077.900      0.9965     0.9999
12078.000      0.9889     0.9999
12078.100      0.9787     0.9999
12078.200      0.9679     0.9999
12078.300      0.9621     0.9998
12078.400      0.9635     0.9998
12078.500      0.9727     0.9997
12078.600      0.9845     0.9996
12078.700      0.9916     0.9993
12078.800      0.9943     0.9991
12078.900      0.9959     0.9989
12079.000      0.9973     0.9990
12079.100      1.0001     0.9992
12079.200      1.0042     0.9995
12079.300      1.0053     0.9997
12079.400      1.0026     0.9998
12079.500      0.9994     0.9998
12079.600      0.9961     0.9998
12079.700      0.9951     0.9998
12079.800      0.9975     0.9998
12079.900      0.9998     0.9998
12080.000      1.0013     0.9998
12080.100      1.0008     0.9997
12080.200      0.9967     0.9996
12080.300      0.9912     0.9996
12080.400      0.9848     0.9996
12080.500      0.9765     0.9996
12080.600      0.9640     0.9996
12080.700      0.9412     0.9997
12080.800      0.8959     0.9997
12080.900      0.8408     0.9997
12081.000      0.7799     0.9997
12081.100      0.7263     0.9997
12081.200      0.7153     0.9997
12081.300      0.7172     0.9997
12081.400      0.7270     0.9996
12081.500      0.7353     0.9994
12081.600      0.7288     0.9988
12081.700      0.7247     0.9978
12081.800      0.7604     0.9965
12081.900      0.8091     0.9954
12082.000      0.8682     0.9951
12082.100      0.9273     0.9958
12082.200      0.9635     0.9970
12082.300      0.9866     0.9981
12082.400      0.9943     0.9986
12082.500      0.9979     0.9986
12082.600      0.9986     0.9976
12082.700      0.9992     0.9944
12082.800      1.0004     0.9857
12082.900      1.0016     0.9670
12083.000      1.0010     0.9354
12083.100      1.0002     0.8949
12083.200      1.0024     0.8565
12083.300      1.0052     0.8310
12083.400      1.0062     0.8205
12083.500      1.0050     0.8204
12083.600      1.0004     0.8289
12083.700      0.9952     0.8495
12083.800      0.9963     0.8833
12083.900      0.9996     0.9232
12084.000      1.0027     0.9579
12084.100      1.0052     0.9807
12084.200      1.0025     0.9923
12084.300      0.9960     0.9969
12084.400      0.9886     0.9985
12084.500      0.9799     0.9991
12084.600      0.9663     0.9993
12084.700      0.9501     0.9994
12084.800      0.9341     0.9995
12084.900      0.9194     0.9995
12085.000      0.9097     0.9996
12085.100      0.9094     0.9996
12085.200      0.9194     0.9996
12085.300      0.9361     0.9996
12085.400      0.9557     0.9997
12085.500      0.9761     0.9997
12085.600      0.9922     0.9997
12085.700      0.9990     0.9996
12085.800      0.9999     0.9996
12085.900      0.9981     0.9995
12086.000      0.9970     0.9995
12086.100      0.9973     0.9994
12086.200      0.9967     0.9994
12086.300      0.9931     0.9994
12086.400      0.9880     0.9995
12086.500      0.9820     0.9996
12086.600      0.9782     0.9996
12086.700      0.9817     0.9997
12086.800      0.9867     0.9997
12086.900      0.9924     0.9996
12087.000      0.9967     0.9996
12087.100      0.9952     0.9996
12087.200      0.9938     0.9994
12087.300      0.9931     0.9990
12087.400      0.9920     0.9980
12087.500      0.9885     0.9955
12087.600      0.9845     0.9907
12087.700      0.9804     0.9837
12087.800      0.9757     0.9761
12087.900      0.9696     0.9711
12088.000      0.9624     0.9712
12088.100      0.9539     0.9765
12088.200      0.9454     0.9842
12088.300      0.9512     0.9911
12088.400      0.9596     0.9957
12088.500      0.9697     0.9981
12088.600      0.9798     0.9991
12088.700      0.9820     0.9995
12088.800      0.9818     0.9997
12088.900      0.9802     0.9997
12089.000      0.9786     0.9997
12089.100      0.9792     0.9998
12089.200      0.9817     0.9998
12089.300      0.9863     0.9998
12089.400      0.9910     0.9998
12089.500      0.9944     0.9998
12089.600      0.9956     0.9998
12089.700      0.9931     0.9998
12089.800      0.9898     0.9998
12089.900      0.9867     0.9998
12090.000      0.9843     0.9998
12090.100      0.9842     0.9998
12090.200      0.9851     0.9998
12090.300      0.9850     0.9998
12090.400      0.9827     0.9998
12090.500      0.9768     0.9998
12090.600      0.9665     0.9998
12090.700      0.9536     0.9998
12090.800      0.9357     0.9998
12090.900      0.9043     0.9998
12091.000      0.8481     0.9998
12091.100      0.7563     0.9998
12091.200      0.6461     0.9998
12091.300      0.5526     0.9998
12091.400      0.5083     0.9998
12091.500      0.5297     0.9998
12091.600      0.6009     0.9998
12091.700      0.6838     0.9998
12091.800      0.7697     0.9998
12091.900      0.8469     0.9998
12092.000      0.8992     0.9997
12092.100      0.9352     0.9995
12092.200      0.9587     0.9990
12092.300      0.9736     0.9979
12092.400      0.9834     0.9958
12092.500      0.9898     0.9925
12092.600      0.9941     0.9889
12092.700      0.9961     0.9863
12092.800      0.9964     0.9862
12092.900      0.9964     0.9884
12093.000      0.9963     0.9920
12093.100      0.9964     0.9954
12093.200      0.9975     0.9977
12093.300      0.9983     0.9989
12093.400      0.9973     0.9995
12093.500      0.9951     0.9997
12093.600      0.9917     0.9998
12093.700      0.9885     0.9998
12093.800      0.9879     0.9998
12093.900      0.9874     0.9998
12094.000      0.9865     0.9998
12094.100      0.9856     0.9998
12094.200      0.9847     0.9998
12094.300      0.9838     0.9998
12094.400      0.9871     0.9998
12094.500      0.9905     0.9999
12094.600      0.9936     0.9999
12094.700      0.9963     0.9999
12094.800      0.9988     0.9999
12094.900      1.0007     0.9998
12095.000      0.9979     0.9998
12095.100      0.9933     0.9998
12095.200      0.9874     0.9998
12095.300      0.9814     0.9997
12095.400      0.9811     0.9996
12095.500      0.9848     0.9993
12095.600      0.9917     0.9990
12095.700      0.9991     0.9987
12095.800      1.0032     0.9986
12095.900      1.0045     0.9987
12096.000      1.0034     0.9990
12096.100      1.0018     0.9993
12096.200      1.0015     0.9996
12096.300      1.0020     0.9997
12096.400      1.0028     0.9998
12096.500      1.0037     0.9998
12096.600      1.0044     0.9999
12096.700      1.0048     0.9999
12096.800      1.0041     0.9999
12096.900      1.0023     0.9999
12097.000      0.9997     0.9999
12097.100      0.9968     0.9999
12097.200      0.9962     0.9999
12097.300      0.9979     0.9999
12097.400      0.9994     0.9999
12097.500      1.0006     0.9999
12097.600      1.0017     0.9999
12097.700      1.0026     0.9998
12097.800      1.0017     0.9998
12097.900      0.9984     0.9998
12098.000      0.9964     0.9998
12098.100      0.9967     0.9998
12098.200      0.9964     0.9998
12098.300      0.9945     0.9999
12098.400      0.9920     0.9999
12098.500      0.9890     0.9999
12098.600      0.9843     0.9999
12098.700      0.9755     0.9999
12098.800      0.9643     0.9998
12098.900      0.9506     0.9998
12099.000      0.9313     0.9997
12099.100      0.8961     0.9996
12099.200      0.8412     0.9995
12099.300      0.7589     0.9994
12099.400      0.6781     0.9995
12099.500      0.6249     0.9996
12099.600      0.6045     0.9997
12099.700      0.6539     0.9997
12099.800      0.7212     0.9996
12099.900      0.8000     0.9993
12100.000      0.8780     0.9990
12100.100      0.9209     0.9986
12100.200      0.9495     0.9984
12100.300      0.9665     0.9985
12100.400      0.9779     0.9988
12100.500      0.9859     0.9992
12100.600      0.9905     0.9995
12100.700      0.9904     0.9997
12100.800      0.9901     0.9998
12100.900      0.9920     0.9998
12101.000      0.9941     0.9998
12101.100      0.9952     0.9998
12101.200      0.9958     0.9998
12101.300      0.9964     0.9998
12101.400      0.9969     0.9998
12101.500      0.9968     0.9998
12101.600      0.9965     0.9998
12101.700      0.9964     0.9998
12101.800      0.9967     0.9998
12101.900      0.9992     0.9997
12102.000      1.0025     0.9996
12102.100      1.0034     0.9992
12102.200      1.0031     0.9987
12102.300      1.0028     0.9982
12102.400      1.0024     0.9978
12102.500      0.9993     0.9979
12102.600      0.9945     0.9983
12102.700      0.9907     0.9988
12102.800      0.9888     0.9991
12102.900      0.9893     0.9987
12103.000      0.9910     0.9966
12103.100      0.9927     0.9909
12103.200      0.9945     0.9787
12103.300      0.9966     0.9596
12103.400      0.9990     0.9387
12103.500      1.0001     0.9256
12103.600      0.9997     0.9281
12103.700      0.9993     0.9446
12103.800      0.9990     0.9660
12103.900      0.9998     0.9832
12104.000      1.0018     0.9932
12104.100      1.0023     0.9976
12104.200      0.9996     0.9991
12104.300      0.9968     0.9996
12104.400      0.9940     0.9997
12104.500      0.9917     0.9997
12104.600      0.9916     0.9997
12104.700      0.9929     0.9997
12104.800      0.9954     0.9996
12104.900      0.9978     0.9997
12105.000      1.0001     0.9997
12105.100      1.0018     0.9998
12105.200      1.0014     0.9998
12105.300      1.0000     0.9998
12105.400      0.9977     0.9998
12105.500      0.9957     0.9998
12105.600      0.9966     0.9998
12105.700      0.9994     0.9998
12105.800      1.0045     0.9998
12105.900      1.0093     0.9998
12106.000      1.0089     0.9997
12106.100      1.0072     0.9996
12106.200      1.0045     0.9992
12106.300      1.0019     0.9985
12106.400      1.0001     0.9976
12106.500      0.9983     0.9969
12106.600      0.9942     0.9967
12106.700      0.9899     0.9971
12106.800      0.9887     0.9979
12106.900      0.9901     0.9988
12107.000      0.9950     0.9994
12107.100      1.0002     0.9997
12107.200      1.0014     0.9998
12107.300      1.0004     0.9998
12107.400      0.9978     0.9998
12107.500      0.9951     0.9998
12107.600      0.9952     0.9998
12107.700      0.9967     0.9998
12107.800      0.9988     0.9998
12107.900      1.0009     0.9998
12108.000      1.0028     0.9998
12108.100      1.0040     0.9998
12108.200      1.0035     0.9998
12108.300      1.0024     0.9998
12108.400      1.0020     0.9998
12108.500      1.0020     0.9998
12108.600      1.0015     0.9998
12108.700      1.0005     0.9998
12108.800      1.0012     0.9997
12108.900      1.0033     0.9996
12109.000      1.0055     0.9994
12109.100      1.0077     0.9990
12109.200      1.0071     0.9986
12109.300      1.0036     0.9984
12109.400      1.0017     0.9984
12109.500      1.0013     0.9987
12109.600      1.0009     0.9990
12109.700      1.0001     0.9994
12109.800      0.9988     0.9995
12109.900      0.9961     0.9996
12110.000      0.9919     0.9996
12110.100      0.9848     0.9994
12110.200      0.9738     0.9991
12110.300      0.9594     0.9983
12110.400      0.9459     0.9970
12110.500      0.9378     0.9955
12110.600      0.9369     0.9943
12110.700      0.9456     0.9941
12110.800      0.9576     0.9949
12110.900      0.9710     0.9962
12111.000      0.9831     0.9971
12111.100      0.9873     0.9969
12111.200      0.9883     0.9947
12111.300      0.9871     0.9888
12111.400      0.9866     0.9765
12111.500      0.9906     0.9564
12111.600      0.9944     0.9312
12111.700      0.9948     0.9091
12111.800      0.9924     0.8995
12111.900      0.9864     0.9074
12112.000      0.9783     0.9285
12112.100      0.9693     0.9536
12112.200      0.9580     0.9743
12112.300      0.9383     0.9874
12112.400      0.9186     0.9941
12112.500      0.9064     0.9971
12112.600      0.8993     0.9984
12112.700      0.8992     0.9989
12112.800      0.8994     0.9992
12112.900      0.8826     0.9993
12113.000      0.8455     0.9994
12113.100      0.7645     0.9995
12113.200      0.6783     0.9996
12113.300      0.6040     0.9996
12113.400      0.5503     0.9996
12113.500      0.5504     0.9996
12113.600      0.5880     0.9997
12113.700      0.6587     0.9997
12113.800      0.7339     0.9997
12113.900      0.8055     0.9997
12114.000      0.8694     0.9997
12114.100      0.9169     0.9998
12114.200      0.9491     0.9998
12114.300      0.9699     0.9998
12114.400      0.9827     0.9998
12114.500      0.9877     0.9998
12114.600      0.9887     0.9998
12114.700      0.9867     0.9998
12114.800      0.9840     0.9998
12114.900      0.9835     0.9998
12115.000      0.9852     0.9998
12115.100      0.9876     0.9998
12115.200      0.9903     0.9998
12115.300      0.9937     0.9998
12115.400      0.9975     0.9998
12115.500      1.0009     0.9998
12115.600      1.0031     0.9997
12115.700      1.0034     0.9997
12115.800      1.0006     0.9997
12115.900      0.9954     0.9997
12116.000      0.9883     0.9998
12116.100      0.9794     0.9998
12116.200      0.9697     0.9998
12116.300      0.9612     0.9998
12116.400      0.9570     0.9998
12116.500      0.9558     0.9998
12116.600      0.9568     0.9998
12116.700      0.9567     0.9998
12116.800      0.9539     0.9998
12116.900      0.9527     0.9998
12117.000      0.9592     0.9998
12117.100      0.9697     0.9998
12117.200      0.9831     0.9998
12117.300      0.9951     0.9997
12117.400      0.9983     0.9996
12117.500      1.0002     0.9994
12117.600      1.0017     0.9993
12117.700      1.0020     0.9992
12117.800      1.0006     0.9993
12117.900      0.9987     0.9994
12118.000      0.9966     0.9996
12118.100      0.9942     0.9997
12118.200      0.9914     0.9998
12118.300      0.9886     0.9998
12118.400      0.9864     0.9998
12118.500      0.9843     0.9999
12118.600      0.9805     0.9999
12118.700      0.9740     0.9999
12118.800      0.9499     0.9999
12118.900      0.9193     0.9999
12119.000      0.8842     0.9998
12119.100      0.8489     0.9998
12119.200      0.8435     0.9997
12119.300      0.8604     0.9996
12119.400      0.9000     0.9994
12119.500      0.9423     0.9993
12119.600      0.9714     0.9993
12119.700      0.9886     0.9994
12119.800      0.9961     0.9996
12119.900      0.9994     0.9997
12120.000      1.0007     0.9997
12120.100      1.0000     0.9997
12120.200      0.9954     0.9997
12120.300      0.9898     0.9997
12120.400      0.9920     0.9997
12120.500      0.9987     0.9998
12120.600      1.0051     0.9998
12120.700      1.0107     0.9998
12120.800      1.0139     0.9999
12120.900      1.0144     0.9999
12121.000      1.0134     0.9999
12121.100      1.0118     0.9998
12121.200      1.0113     0.9998
12121.300      1.0121     0.9998
12121.400      1.0134     0.9998
12121.500      1.0148     0.9998
12121.600      1.0133     0.9998
12121.700      1.0079     0.9998
12121.800      1.0021     0.9998
12121.900      0.9961     0.9998
12122.000      0.9913     0.9999
12122.100      0.9896     0.9999
12122.200      0.9899     0.9999
12122.300      0.9913     0.9999
12122.400      0.9924     0.9999
12122.500      0.9912     0.9999
12122.600      0.9851     0.9999
12122.700      0.9661     0.9999
12122.800      0.9364     0.9999
12122.900      0.8978     0.9999
12123.000      0.8621     0.9999
12123.100      0.8460     0.9999
12123.200      0.8475     0.9999
12123.300      0.8692     0.9999
12123.400      0.8887     0.9999
12123.500      0.8860     0.9999
12123.600      0.8669     0.9999
12123.700      0.8277     0.9999
12123.800      0.7900     0.9999
12123.900      0.7840     0.9998
12124.000      0.8003     0.9998
12124.100      0.8481     0.9997
12124.200      0.8958     0.9994
12124.300      0.9374     0.9988
12124.400      0.9720     0.9979
12124.500      0.9876     0.9970
12124.600      0.9959     0.9966
12124.700      0.9977     0.9967
12124.800      0.9993     0.9974
12124.900      1.0017     0.9983
12125.000      1.0041     0.9990
12125.100      1.0062     0.9995
12125.200      1.0076     0.9997
12125.300      1.0067     0.9998
12125.400      1.0030     0.9998
12125.500      0.9946     0.9999
12125.600      0.9855     0.9999
12125.700      0.9770     0.9999
12125.800      0.9702     0.9999
12125.900      0.9680     0.9999
12126.000      0.9708     0.9999
12126.100      0.9793     0.9999
12126.200      0.9891     0.9999
12126.300      0.9940     0.9999
12126.400      0.9929     0.9999
12126.500      0.9868     0.9999
12126.600      0.9792     0.9999
12126.700      0.9723     0.9999
12126.800      0.9672     0.9999
12126.900      0.9680     0.9999
12127.000      0.9736     0.9999
12127.100      0.9808     0.9999
12127.200      0.9885     0.9999
12127.300      0.9958     0.9999
12127.400      1.0021     0.9999
12127.500      1.0070     0.9999
12127.600      1.0096     0.9999
12127.700      1.0084     0.9999
12127.800      1.0047     0.9999
12127.900      1.0013     0.9999
12128.000      0.9991     0.9998
12128.100      0.9987     0.9998
12128.200      1.0003     0.9998
12128.300      1.0012     0.9998
12128.400      1.0007     0.9998
12128.500      0.9999     0.9998
12128.600      0.9991     0.9998
12128.700      0.9991     0.9998
12128.800      1.0018     0.9998
12128.900      1.0042     0.9998
12129.000      1.0044     0.9998
12129.100      1.0023     0.9998
12129.200      0.9972     0.9998
12129.300      0.9924     0.9997
12129.400      0.9896     0.9994
12129.500      0.9878     0.9987
12129.600      0.9870     0.9973
12129.700      0.9861     0.9950
12129.800      0.9839     0.9923
12129.900      0.9799     0.9902
12130.000      0.9713     0.9899
12130.100      0.9586     0.9915
12130.200      0.9389     0.9941
12130.300      0.9193     0.9966
12130.400      0.9070     0.9984
12130.500      0.9025     0.9993
12130.600      0.9188     0.9996
12130.700      0.9371     0.9998
12130.800      0.9562     0.9998
12130.900      0.9752     0.9998
12131.000      0.9833     0.9998
12131.100      0.9889     0.9998
12131.200      0.9941     0.9998
12131.300      0.9983     0.9998
12131.400      0.9992     0.9998
12131.500      0.9991     0.9998
12131.600      0.9985     0.9998
12131.700      0.9979     0.9998
12131.800      0.9972     0.9998
12131.900      0.9965     0.9997
12132.000      0.9945     0.9996
12132.100      0.9915     0.9994
12132.200      0.9881     0.9994
12132.300      0.9843     0.9994
12132.400      0.9791     0.9995
12132.500      0.9735     0.9997
12132.600      0.9690     0.9998
12132.700      0.9671     0.9998
12132.800      0.9688     0.9998
12132.900      0.9737     0.9999
12133.000      0.9814     0.9999
12133.100      0.9898     0.9999
12133.200      0.9959     0.9998
12133.300      0.9964     0.9998
12133.400      0.9896     0.9998
12133.500      0.9787     0.9998
12133.600      0.9712     0.9998
12133.700      0.9709     0.9998
12133.800      0.9759     0.9997
12133.900      0.9835     0.9997
12134.000      0.9876     0.9997
12134.100      0.9861     0.9997
12134.200      0.9857     0.9997
12134.300      0.9877     0.9998
12134.400      0.9889     0.9998
12134.500      0.9886     0.9998
12134.600      0.9897     0.9998
12134.700      0.9945     0.9998
12134.800      0.9981     0.9998
12134.900      0.9971     0.9998
12135.000      0.9949     0.9998
12135.100      0.9920     0.9998
12135.200      0.9896     0.9998
12135.300      0.9895     0.9998
12135.400      0.9893     0.9999
12135.500      0.9887     0.9999
12135.600      0.9884     0.9999
12135.700      0.9899     0.9999
12135.800      0.9912     0.9999
12135.900      0.9896     0.9999
12136.000      0.9881     0.9999
12136.100      0.9886     0.9999
12136.200      0.9902     0.9999
12136.300      0.9936     0.9999
12136.400      0.9970     0.9999
12136.500      0.9948     0.9999
12136.600      0.9925     0.9999
12136.700      0.9911     0.9999
12136.800      0.9898     0.9999
12136.900      0.9877     0.9998
12137.000      0.9846     0.9998
12137.100      0.9794     0.9998
12137.200      0.9722     0.9997
12137.300      0.9627     0.9995
12137.400      0.9509     0.9992
12137.500      0.9353     0.9988
12137.600      0.9191     0.9986
12137.700      0.9088     0.9987
12137.800      0.9069     0.9989
12137.900      0.9186     0.9992
12138.000      0.9336     0.9995
12138.100      0.9477     0.9997
12138.200      0.9593     0.9998
12138.300      0.9593     0.9998
12138.400      0.9470     0.9998
12138.500      0.9240     0.9998
12138.600      0.8982     0.9998
12138.700      0.8788     0.9998
12138.800      0.8712     0.9999
12138.900      0.8782     0.9999
12139.000      0.8914     0.9999
12139.100      0.9052     0.9999
12139.200      0.9190     0.9999
12139.300      0.9328     0.9998
12139.400      0.9459     0.9998
12139.500      0.9569     0.9998
12139.600      0.9634     0.9997
12139.700      0.9655     0.9997
12139.800      0.9635     0.9997
12139.900      0.9589     0.9997
12140.000      0.9520     0.9998
12140.100      0.9410     0.9998
12140.200      0.9268     0.9998
12140.300      0.9140     0.9997
12140.400      0.9074     0.9997
12140.500      0.9084     0.9996
12140.600      0.9169     0.9996
12140.700      0.9248     0.9996
12140.800      0.9273     0.9997
12140.900      0.9180     0.9997
12141.000      0.8867     0.9998
12141.100      0.8554     0.9998
12141.200      0.8250     0.9998
12141.300      0.8015     0.9998
12141.400      0.8172     0.9998
12141.500      0.8472     0.9998
12141.600      0.8872     0.9998
12141.700      0.9261     0.9997
12141.800      0.9506     0.9996
12141.900      0.9676     0.9994
12142.000      0.9783     0.9992
12142.100      0.9840     0.9991
12142.200      0.9842     0.9991
12142.300      0.9845     0.9993
12142.400      0.9856     0.9995
12142.500      0.9868     0.9996
12142.600      0.9872     0.9998
12142.700      0.9867     0.9998
12142.800      0.9835     0.9998
12142.900      0.9801     0.9998
12143.000      0.9781     0.9997
12143.100      0.9764     0.9996
12143.200      0.9736     0.9995
12143.300      0.9687     0.9994
12143.400      0.9577     0.9994
12143.500      0.9388     0.9995
12143.600      0.9058     0.9996
12143.700      0.8702     0.9997
12143.800      0.8400     0.9998
12143.900      0.8211     0.9998
12144.000      0.8328     0.9999
12144.100      0.8619     0.9999
12144.200      0.8998     0.9999
12144.300      0.9390     0.9999
12144.400      0.9648     0.9999
12144.500      0.9769     0.9999
12144.600      0.9803     0.9999
12144.700      0.9817     0.9999
12144.800      0.9835     0.9998
12144.900      0.9856     0.9998
12145.000      0.9873     0.9998
12145.100      0.9877     0.9997
12145.200      0.9863     0.9996
12145.300      0.9811     0.9994
12145.400      0.9689     0.9993
12145.500      0.9492     0.9993
12145.600      0.9248     0.9994
12145.700      0.8987     0.9996
12145.800      0.8800     0.9997
12145.900      0.8813     0.9998
12146.000      0.9004     0.9998
12146.100      0.9303     0.9998
12146.200      0.9572     0.9998
12146.300      0.9740     0.9998
12146.400      0.9818     0.9998
12146.500      0.9830     0.9998
12146.600      0.9835     0.9998
12146.700      0.9837     0.9998
12146.800      0.9827     0.9998
12146.900      0.9795     0.9999
12147.000      0.9779     0.9999
12147.100      0.9820     0.9999
12147.200      0.9858     0.9999
12147.300      0.9875     0.9999
12147.400      0.9870     0.9999
12147.500      0.9826     0.9999
12147.600      0.9756     0.9999
12147.700      0.9665     0.9999
12147.800      0.9550     0.9999
12147.900      0.9411     0.9999
12148.000      0.9274     0.9999
12148.100      0.9206     0.9999
12148.200      0.9176     0.9999
12148.300      0.9193     0.9999
12148.400      0.9209     0.9999
12148.500      0.9205     0.9999
12148.600      0.9164     0.9999
12148.700      0.8735     0.9999
12148.800      0.8253     0.9999
12148.900      0.7749     0.9999
12149.000      0.7244     0.9999
12149.100      0.7329     0.9999
12149.200      0.7720     0.9998
12149.300      0.8348     0.9998
12149.400      0.8995     0.9998
12149.500      0.9425     0.9998
12149.600      0.9673     0.9997
12149.700      0.9758     0.9996
12149.800      0.9783     0.9995
12149.900      0.9770     0.9994
12150.000      0.9752     0.9995
12150.100      0.9757     0.9996
12150.200      0.9781     0.9997
12150.300      0.9817     0.9998
12150.400      0.9855     0.9998
12150.500      0.9859     0.9999
12150.600      0.9843     0.9999
12150.700      0.9841     0.9999
12150.800      0.9852     0.9999
12150.900      0.9870     0.9999
12151.000      0.9889     0.9999
12151.100      0.9887     0.9999
12151.200      0.9847     0.9999
12151.300      0.9781     0.9998
12151.400      0.9690     0.9998
12151.500      0.9563     0.9998
12151.600      0.9417     0.9998
12151.700      0.9314     0.9998
12151.800      0.9315     0.9998
12151.900      0.9402     0.9998
12152.000      0.9535     0.9998
12152.100      0.9656     0.9998
12152.200      0.9743     0.9998
12152.300      0.9816     0.9998
12152.400      0.9877     0.9999
12152.500      0.9916     0.9999
12152.600      0.9928     0.9999
12152.700      0.9925     0.9999
12152.800      0.9914     0.9999
12152.900      0.9906     0.9999
12153.000      0.9902     0.9999
12153.100      0.9895     0.9998
12153.200      0.9876     0.9998
12153.300      0.9857     0.9998
12153.400      0.9840     0.9998
12153.500      0.9822     0.9998
12153.600      0.9800     0.9998
12153.700      0.9779     0.9998
12153.800      0.9766     0.9998
12153.900      0.9748     0.9998
12154.000      0.9602     0.9998
12154.100      0.9345     0.9998
12154.200      0.8883     0.9999
12154.300      0.8420     0.9999
12154.400      0.8066     0.9999
12154.500      0.7844     0.9999
12154.600      0.8058     0.9999
12154.700      0.8411     0.9998
12154.800      0.8872     0.9998
12154.900      0.9335     0.9998
12155.000      0.9584     0.9998
12155.100      0.9726     0.9998
12155.200      0.9784     0.9999
12155.300      0.9832     0.9999
12155.400      0.9880     0.9999
12155.500      0.9925     0.9999
12155.600      0.9927     0.9999
12155.700      0.9918     0.9999
12155.800      0.9927     0.9999
12155.900      0.9942     0.9999
12156.000      0.9943     0.9999
12156.100      0.9935     0.9998
12156.200      0.9924     0.9998
12156.300      0.9912     0.9998
12156.400      0.9912     0.9998
12156.500      0.9917     0.9999
12156.600      0.9919     0.9999
12156.700      0.9918     0.9999
12156.800      0.9918     0.9999
12156.900      0.9919     0.9999
12157.000      0.9936     0.9999
12157.100      0.9963     0.9999
12157.200      0.9988     0.9999
12157.300      1.0006     0.9999
12157.400      1.0009     0.9999
12157.500      1.0002     0.9999
12157.600      1.0005     0.9999
12157.700      1.0020     0.9999
12157.800      1.0024     0.9999
12157.900      1.0011     0.9999
12158.000      0.9993     0.9999
12158.100      0.9974     0.9999
12158.200      0.9973     0.9999
12158.300      1.0002     0.9999
12158.400      1.0021     0.9999
12158.500      1.0015     0.9999
12158.600      1.0006     0.9999
12158.700      0.9994     0.9999
12158.800      0.9985     0.9999
12158.900      0.9983     0.9999
12159.000      0.9984     0.9999
12159.100      0.9987     0.9999
12159.200      0.9996     0.9999
12159.300      1.0017     0.9999
12159.400      1.0036     0.9999
12159.500      1.0038     0.9999
12159.600      1.0037     0.9999
12159.700      1.0034     0.9999
12159.800      1.0032     0.9999
12159.900      1.0048     0.9999
12160.000      1.0061     0.9999
12160.100      1.0039     0.9999
12160.200      1.0018     0.9999
12160.300      1.0006     0.9998
12160.400      0.9997     0.9998
12160.500      0.9990     0.9997
12160.600      0.9985     0.9996
12160.700      0.9987     0.9995
12160.800      0.9988     0.9994
12160.900      0.9989     0.9994
12161.000      0.9989     0.9995
12161.100      0.9969     0.9996
12161.200      0.9946     0.9997
12161.300      0.9958     0.9998
12161.400      0.9975     0.9998
12161.500      0.9979     0.9998
12161.600      0.9972     0.9998
12161.700      0.9958     0.9998
12161.800      0.9934     0.9998
12161.900      0.9892     0.9998
12162.000      0.9829     0.9998
12162.100      0.9730     0.9996
12162.200      0.9621     0.9993
12162.300      0.9556     0.9990
12162.400      0.9559     0.9985
12162.500      0.9652     0.9983
12162.600      0.9773     0.9983
12162.700      0.9870     0.9986
12162.800      0.9923     0.9990
12162.900      0.9921     0.9994
12163.000      0.9897     0.9996
12163.100      0.9873     0.9997
12163.200      0.9849     0.9998
12163.300      0.9814     0.9998
12163.400      0.9768     0.9998
12163.500      0.9738     0.9998
12163.600      0.9723     0.9998
12163.700      0.9692     0.9998
12163.800      0.9625     0.9998
12163.900      0.9530     0.9998
12164.000      0.9422     0.9998
12164.100      0.9359     0.9998
12164.200      0.9416     0.9998
12164.300      0.9547     0.9998
12164.400      0.9717     0.9998
12164.500      0.9852     0.9998
12164.600      0.9898     0.9998
12164.700      0.9922     0.9998
12164.800      0.9938     0.9998
12164.900      0.9957     0.9998
12165.000      0.9980     0.9998
12165.100      1.0001     0.9998
12165.200      1.0006     0.9998
12165.300      1.0003     0.9998
12165.400      0.9994     0.9998
12165.500      0.9986     0.9998
12165.600      0.9977     0.9998
12165.700      0.9966     0.9998
12165.800      0.9935     0.9998
12165.900      0.9888     0.9998
12166.000      0.9822     0.9998
12166.100      0.9751     0.9998
12166.200      0.9678     0.9998
12166.300      0.9604     0.9998
12166.400      0.9544     0.9998
12166.500      0.9501     0.9998
12166.600      0.9536     0.9998
12166.700      0.9607     0.9998
12166.800      0.9710     0.9998
12166.900      0.9814     0.9998
12167.000      0.9895     0.9998
12167.100      0.9947     0.9998
12167.200      0.9952     0.9998
12167.300      0.9921     0.9998
12167.400      0.9845     0.9997
12167.500      0.9765     0.9997
12167.600      0.9685     0.9997
12167.700      0.9606     0.9997
12167.800      0.9511     0.9997
12167.900      0.9385     0.9996
12168.000      0.9193     0.9995
12168.100      0.8926     0.9994
12168.200      0.8559     0.9990
12168.300      0.8168     0.9979
12168.400      0.7935     0.9953
12168.500      0.7950     0.9897
12168.600      0.8290     0.9804
12168.700      0.8739     0.9683
12168.800      0.9150     0.9576
12168.900      0.9474     0.9531
12169.000      0.9685     0.9572
12169.100      0.9803     0.9678
12169.200      0.9864     0.9799
12169.300      0.9898     0.9894
12169.400      0.9916     0.9952
12169.500      0.9922     0.9979
12169.600      0.9907     0.9990
12169.700      0.9871     0.9994
12169.800      0.9811     0.9995
12169.900      0.9740     0.9996
12170.000      0.9698     0.9996
12170.100      0.9715     0.9997
12170.200      0.9755     0.9997
12170.300      0.9803     0.9997
12170.400      0.9846     0.9997
12170.500      0.9880     0.9997
12170.600      0.9917     0.9997
12170.700      0.9961     0.9997
12170.800      0.9995     0.9997
12170.900      0.9999     0.9997
12171.000      1.0004     0.9997
12171.100      1.0013     0.9997
12171.200      1.0024     0.9997
12171.300      1.0038     0.9998
12171.400      1.0050     0.9998
12171.500      1.0051     0.9998
12171.600      1.0045     0.9998
12171.700      1.0031     0.9998
12171.800      1.0008     0.9997
12171.900      0.9970     0.9997
12172.000      0.9936     0.9995
12172.100      0.9961     0.9991
12172.200      0.9986     0.9983
12172.300      1.0010     0.9967
12172.400      1.0030     0.9945
12172.500      0.9996     0.9924
12172.600      0.9961     0.9912
12172.700      0.9967     0.9917
12172.800      0.9977     0.9935
12172.900      0.9988     0.9957
12173.000      0.9999     0.9976
12173.100      1.0003     0.9987
12173.200      1.0000     0.9993
12173.300      0.9987     0.9996
12173.400      0.9972     0.9997
12173.500      0.9961     0.9998
12173.600      0.9952     0.9998
12173.700      0.9948     0.9998
12173.800      0.9946     0.9998
12173.900      0.9946     0.9998
12174.000      0.9949     0.9998
12174.100      0.9961     0.9998
12174.200      0.9976     0.9998
12174.300      0.9980     0.9998
12174.400      0.9980     0.9997
12174.500      0.9989     0.9996
12174.600      1.0004     0.9995
12174.700      1.0019     0.9994
12174.800      1.0034     0.9994
12174.900      1.0031     0.9995
12175.000      1.0015     0.9996
12175.100      0.9998     0.9997
12175.200      0.9981     0.9998
12175.300      0.9980     0.9998
12175.400      0.9993     0.9997
12175.500      0.9995     0.9996
12175.600      0.9983     0.9995
12175.700      0.9991     0.9994
12175.800      1.0022     0.9995
12175.900      1.0048     0.9996
12176.000      1.0056     0.9997
12176.100      1.0052     0.9998
12176.200      1.0039     0.9998
12176.300      1.0029     0.9998
12176.400      1.0023     0.9998
12176.500      1.0016     0.9998
12176.600      1.0006     0.9998
12176.700      0.9999     0.9998
12176.800      0.9999     0.9998
12176.900      0.9989     0.9998
12177.000      0.9952     0.9998
12177.100      0.9915     0.9998
12177.200      0.9885     0.9998
12177.300      0.9868     0.9998
12177.400      0.9889     0.9998
12177.500      0.9920     0.9998
12177.600      0.9956     0.9998
12177.700      0.9990     0.9998
12177.800      0.9998     0.9998
12177.900      0.9998     0.9997
12178.000      0.9993     0.9996
12178.100      0.9988     0.9994
12178.200      0.9993     0.9991
12178.300      0.9998     0.9990
12178.400      0.9976     0.9990
12178.500      0.9947     0.9992
12178.600      0.9917     0.9994
12178.700      0.9879     0.9996
12178.800      0.9791     0.9997
12178.900      0.9638     0.9998
12179.000      0.9284     0.9998
12179.100      0.8913     0.9998
12179.200      0.8608     0.9998
12179.300      0.8410     0.9998
12179.400      0.8594     0.9998
12179.500      0.8905     0.9998
12179.600      0.9272     0.9998
12179.700      0.9643     0.9998
12179.800      0.9866     0.9998
12179.900      0.9970     0.9998
12180.000      0.9985     0.9998
12180.100      0.9973     0.9998
12180.200      0.9946     0.9998
12180.300      0.9918     0.9998
12180.400      0.9900     0.9998
12180.500      0.9886     0.9998
12180.600      0.9837     0.9998
12180.700      0.9736     0.9997
12180.800      0.9582     0.9997
12180.900      0.9413     0.9997
12181.000      0.9259     0.9998
12181.100      0.9151     0.9998
12181.200      0.9144     0.9998
12181.300      0.9215     0.9998
12181.400      0.9305     0.9998
12181.500      0.9403     0.9998
12181.600      0.9503     0.9998
12181.700      0.9606     0.9998
12181.800      0.9725     0.9998
12181.900      0.9859     0.9998
12182.000      0.9955     0.9998
12182.100      0.9974     0.9998
12182.200      0.9961     0.9998
12182.300      0.9935     0.9998
12182.400      0.9921     0.9998
12182.500      0.9932     0.9997
12182.600      0.9928     0.9997
12182.700      0.9889     0.9996
12182.800      0.9858     0.9995
12182.900      0.9862     0.9993
12183.000      0.9885     0.9991
12183.100      0.9922     0.9990
12183.200      0.9951     0.9990
12183.300      0.9944     0.9992
12183.400      0.9926     0.9993
12183.500      0.9901     0.9993
12183.600      0.9883     0.9990
12183.700      0.9914     0.9982
12183.800      0.9944     0.9963
12183.900      0.9959     0.9929
12184.000      0.9964     0.9881
12184.100      0.9961     0.9831
12184.200      0.9950     0.9799
12184.300      0.9928     0.9802
12184.400      0.9906     0.9837
12184.500      0.9896     0.9889
12184.600      0.9901     0.9936
12184.700      0.9955     0.9968
12184.800      1.0011     0.9985
12184.900      1.0042     0.9993
12185.000      1.0046     0.9996
12185.100      0.9996     0.9997
12185.200      0.9943     0.9997
12185.300      0.9897     0.9997
12185.400      0.9863     0.9997
12185.500      0.9849     0.9997
12185.600      0.9858     0.9997
12185.700      0.9905     0.9997
12185.800      0.9959     0.9997
12185.900      0.9992     0.9997
12186.000      0.9993     0.9997
12186.100      0.9931     0.9996
12186.200      0.9852     0.9993
12186.300      0.9791     0.9985
12186.400      0.9759     0.9966
12186.500      0.9759     0.9930
12186.600      0.9791     0.9877
12186.700      0.9856     0.9822
12186.800      0.9930     0.9787
12186.900      0.9983     0.9793
12187.000      1.0005     0.9835
12187.100      1.0014     0.9892
12187.200      1.0006     0.9941
12187.300      0.9963     0.9972
12187.400      0.9900     0.9988
12187.500      0.9839     0.9994
12187.600      0.9786     0.9996
12187.700      0.9792     0.9997
12187.800      0.9860     0.9997
12187.900      0.9927     0.9997
12188.000      0.9991     0.9997
12188.100      1.0043     0.9997
12188.200      1.0057     0.9997
12188.300      1.0035     0.9997
12188.400      0.9974     0.9997
12188.500      0.9876     0.9996
12188.600      0.9749     0.9996
12188.700      0.9599     0.9995
12188.800      0.9435     0.9994
12188.900      0.9295     0.9992
12189.000      0.9274     0.9990
12189.100      0.9347     0.9987
12189.200      0.9507     0.9985
12189.300      0.9662     0.9985
12189.400      0.9781     0.9985
12189.500      0.9872     0.9987
12189.600      0.9929     0.9988
12189.700      0.9948     0.9989
12189.800      0.9924     0.9990
12189.900      0.9871     0.9990
12190.000      0.9790     0.9991
12190.100      0.9710     0.9992
12190.200      0.9668     0.9993
12190.300      0.9650     0.9994
12190.400      0.9664     0.9995
12190.500      0.9678     0.9996
12190.600      0.9647     0.9996
12190.700      0.9571     0.9997
12190.800      0.9392     0.9997
12190.900      0.9208     0.9997
12191.000      0.9046     0.9997
12191.100      0.8923     0.9997
12191.200      0.8986     0.9996
12191.300      0.9107     0.9995
12191.400      0.9260     0.9995
12191.500      0.9413     0.9995
12191.600      0.9504     0.9996
12191.700      0.9580     0.9996
12191.800      0.9658     0.9997
12191.900      0.9737     0.9997
12192.000      0.9813     0.9997
12192.100      0.9883     0.9997
12192.200      0.9906     0.9997
12192.300      0.9911     0.9997
12192.400      0.9916     0.9996
12192.500      0.9919     0.9994
12192.600      0.9913     0.9990
12192.700      0.9897     0.9982
12192.800      0.9876     0.9970
12192.900      0.9848     0.9957
12193.000      0.9762     0.9945
12193.100      0.9608     0.9939
12193.200      0.9406     0.9939
12193.300      0.9190     0.9945
12193.400      0.8999     0.9956
12193.500      0.8886     0.9969
12193.600      0.8877     0.9981
12193.700      0.8982     0.9990
12193.800      0.9173     0.9994
12193.900      0.9399     0.9997
12194.000      0.9616     0.9997
12194.100      0.9795     0.9998
12194.200      0.9918     0.9998
12194.300      0.9962     0.9998
12194.400      0.9957     0.9998
12194.500      0.9923     0.9998
12194.600      0.9878     0.9998
12194.700      0.9829     0.9998
12194.800      0.9775     0.9998
12194.900      0.9720     0.9998
12195.000      0.9692     0.9998
12195.100      0.9757     0.9998
12195.200      0.9828     0.9998
12195.300      0.9901     0.9997
12195.400      0.9962     0.9997
12195.500      0.9963     0.9997
12195.600      0.9965     0.9997
12195.700      0.9970     0.9997
12195.800      0.9978     0.9997
12195.900      0.9986     0.9998
12196.000      0.9996     0.9998
12196.100      1.0011     0.9998
12196.200      1.0025     0.9998
12196.300      0.9994     0.9997
12196.400      0.9935     0.9996
12196.500      0.9836     0.9994
12196.600      0.9737     0.9993
12196.700      0.9713     0.9991
12196.800      0.9726     0.9990
12196.900      0.9775     0.9989
12197.000      0.9826     0.9988
12197.100      0.9861     0.9990
12197.200      0.9890     0.9992
12197.300      0.9917     0.9994
12197.400      0.9942     0.9996
12197.500      0.9964     0.9997
12197.600      0.9983     0.9998
12197.700      0.9985     0.9998
12197.800      0.9973     0.9998
12197.900      0.9949     0.9998
12198.000      0.9924     0.9998
12198.100      0.9901     0.9998
12198.200      0.9880     0.9998
12198.300      0.9813     0.9998
12198.400      0.9688     0.9998
12198.500      0.9504     0.9998
12198.600      0.9303     0.9998
12198.700      0.9202     0.9998
12198.800      0.9236     0.9998
12198.900      0.9383     0.9998
12199.000      0.9565     0.9998
12199.100      0.9720     0.9997
12199.200      0.9821     0.9996
12199.300      0.9868     0.9995
12199.400      0.9888     0.9994
12199.500      0.9907     0.9995
12199.600      0.9924     0.9995
12199.700      0.9937     0.9996
12199.800      0.9947     0.9997
12199.900      0.9954     0.9998
12200.000      0.9958     0.9998
12200.100      0.9962     0.9998
12200.200      0.9963     0.9998
12200.300      0.9947     0.9998
12200.400      0.9906     0.9998
12200.500      0.9874     0.9998
12200.600      0.9873     0.9998
12200.700      0.9899     0.9998
12200.800      0.9946     0.9998
12200.900      0.9986     0.9998
12201.000      0.9999     0.9998
12201.100      0.9999     0.9998
12201.200      0.9990     0.9998
12201.300      0.9975     0.9998
12201.400      0.9957     0.9998
12201.500      0.9944     0.9998
12201.600      0.9958     0.9998
12201.700      0.9969     0.9998
12201.800      0.9953     0.9998
12201.900      0.9938     0.9998
12202.000      0.9942     0.9998
12202.100      0.9946     0.9998
12202.200      0.9940     0.9998
12202.300      0.9921     0.9998
12202.400      0.9845     0.9998
12202.500      0.9747     0.9998
12202.600      0.9639     0.9998
12202.700      0.9508     0.9998
12202.800      0.9321     0.9998
12202.900      0.9089     0.9998
12203.000      0.8797     0.9998
12203.100      0.8502     0.9998
12203.200      0.8432     0.9997
12203.300      0.8539     0.9996
12203.400      0.8863     0.9991
12203.500      0.9211     0.9982
12203.600      0.9498     0.9965
12203.700      0.9713     0.9941
12203.800      0.9827     0.9918
12203.900      0.9894     0.9907
12204.000      0.9937     0.9913
12204.100      0.9965     0.9933
12204.200      0.9981     0.9958
12204.300      0.9984     0.9977
12204.400      0.9961     0.9988
12204.500      0.9932     0.9992
12204.600      0.9937     0.9989
12204.700      0.9961     0.9980
12204.800      0.9985     0.9959
12204.900      1.0008     0.9924
12205.000      1.0007     0.9881
12205.100      0.9990     0.9842
12205.200      0.9993     0.9825
12205.300      1.0011     0.9838
12205.400      1.0029     0.9875
12205.500      1.0041     0.9918
12205.600      1.0025     0.9954
12205.700      0.9984     0.9977
12205.800      0.9969     0.9989
12205.900      0.9986     0.9994
12206.000      1.0002     0.9996
12206.100      1.0008     0.9997
12206.200      0.9991     0.9997
12206.300      0.9949     0.9997
12206.400      0.9903     0.9997
12206.500      0.9856     0.9997
12206.600      0.9829     0.9997
12206.700      0.9860     0.9997
12206.800      0.9912     0.9997
12206.900      0.9973     0.9996
12207.000      1.0019     0.9995
12207.100      1.0017     0.9992
12207.200      1.0018     0.9984
12207.300      1.0027     0.9966
12207.400      1.0034     0.9933
12207.500      1.0030     0.9886
12207.600      1.0025     0.9838
12207.700      1.0021     0.9810
12207.800      1.0013     0.9816
12207.900      0.9987     0.9854
12208.000      0.9963     0.9905
12208.100      0.9971     0.9947
12208.200      0.9980     0.9975
12208.300      0.9974     0.9988
12208.400      0.9968     0.9994
12208.500      0.9978     0.9996
12208.600      0.9987     0.9997
12208.700      0.9984     0.9997
12208.800      0.9981     0.9997
12208.900      1.0016     0.9997
12209.000      1.0054     0.9997
12209.100      1.0044     0.9997
12209.200      1.0028     0.9997
12209.300      1.0014     0.9997
12209.400      1.0004     0.9997
12209.500      1.0016     0.9996
12209.600      1.0033     0.9995
12209.700      1.0016     0.9991
12209.800      0.9992     0.9984
12209.900      0.9981     0.9974
12210.000      0.9985     0.9963
12210.100      1.0010     0.9956
12210.200      1.0040     0.9955
12210.300      1.0039     0.9962
12210.400      1.0013     0.9974
12210.500      0.9975     0.9984
12210.600      0.9934     0.9991
12210.700      0.9899     0.9995
12210.800      0.9881     0.9996
12210.900      0.9905     0.9997
12211.000      0.9950     0.9997
12211.100      0.9976     0.9996
12211.200      0.9987     0.9995
12211.300      1.0019     0.9995
12211.400      1.0069     0.9995
12211.500      1.0094     0.9995
12211.600      1.0085     0.9996
12211.700      1.0066     0.9996
12211.800      1.0043     0.9997
12211.900      1.0042     0.9997
12212.000      1.0070     0.9998
12212.100      1.0080     0.9998
12212.200      1.0055     0.9998
12212.300      1.0018     0.9998
12212.400      0.9978     0.9998
12212.500      0.9966     0.9998
12212.600      1.0013     0.9998
12212.700      1.0032     0.9998
12212.800      0.9983     0.9998
12212.900      0.9934     0.9998
12213.000      0.9886     0.9997
12213.100      0.9842     0.9996
12213.200      0.9809     0.9995
12213.300      0.9772     0.9995
12213.400      0.9702     0.9995
12213.500      0.9614     0.9996
12213.600      0.9509     0.9997
12213.700      0.9412     0.9997
12213.800      0.9370     0.9998
12213.900      0.9330     0.9998
12214.000      0.9290     0.9998
12214.100      0.9252     0.9998
12214.200      0.9252     0.9997
12214.300      0.9290     0.9997
12214.400      0.9414     0.9996
12214.500      0.9538     0.9996
12214.600      0.9587     0.9996
12214.700      0.9562     0.9996
12214.800      0.9350     0.9996
12214.900      0.9131     0.9997
12215.000      0.9024     0.9997
12215.100      0.9029     0.9997
12215.200      0.9246     0.9998
12215.300      0.9483     0.9998
12215.400      0.9687     0.9998
12215.500      0.9840     0.9998
12215.600      0.9878     0.9998
12215.700      0.9857     0.9998
12215.800      0.9793     0.9997
12215.900      0.9725     0.9997
12216.000      0.9683     0.9996
12216.100      0.9676     0.9995
12216.200      0.9723     0.9994
12216.300      0.9783     0.9994
12216.400      0.9817     0.9994
12216.500      0.9840     0.9996
12216.600      0.9867     0.9997
12216.700      0.9896     0.9997
12216.800      0.9887     0.9998
12216.900      0.9830     0.9998
12217.000      0.9752     0.9998
12217.100      0.9644     0.9998
12217.200      0.9437     0.9998
12217.300      0.9096     0.9998
12217.400      0.8627     0.9998
12217.500      0.8107     0.9998
12217.600      0.7725     0.9998
12217.700      0.7667     0.9998
12217.800      0.7934     0.9998
12217.900      0.8376     0.9998
12218.000      0.8813     0.9998
12218.100      0.9229     0.9998
12218.200      0.9569     0.9998
12218.300      0.9749     0.9998
12218.400      0.9811     0.9998
12218.500      0.9801     0.9998
12218.600      0.9781     0.9998
12218.700      0.9756     0.9998
12218.800      0.9739     0.9998
12218.900      0.9752     0.9998
12219.000      0.9792     0.9998
12219.100      0.9856     0.9998
12219.200      0.9916     0.9997
12219.300      0.9957     0.9998
12219.400      0.9986     0.9998
12219.500      1.0004     0.9998
12219.600      1.0007     0.9998
12219.700      0.9989     0.9998
12219.800      0.9972     0.9998
12219.900      0.9975     0.9998
12220.000      0.9991     0.9998
12220.100      1.0021     0.9998
12220.200      1.0048     0.9998
12220.300      1.0028     0.9998
12220.400      1.0008     0.9997
12220.500      0.9989     0.9996
12220.600      0.9973     0.9992
12220.700      0.9966     0.9986
12220.800      0.9967     0.9978
12220.900      0.9980     0.9971
12221.000      0.9993     0.9967
12221.100      0.9994     0.9969
12221.200      0.9982     0.9976
12221.300      0.9937     0.9985
12221.400      0.9888     0.9991
12221.500      0.9843     0.9995
12221.600      0.9804     0.9997
12221.700      0.9775     0.9998
12221.800      0.9764     0.9998
12221.900      0.9793     0.9998
12222.000      0.9846     0.9998
12222.100      0.9917     0.9998
12222.200      0.9990     0.9998
12222.300      1.0025     0.9998
12222.400      1.0030     0.9998
12222.500      1.0019     0.9998
12222.600      1.0005     0.9998
12222.700      1.0007     0.9998
12222.800      1.0019     0.9998
12222.900      1.0013     0.9998
12223.000      0.9995     0.9998
12223.100      0.9991     0.9998
12223.200      0.9998     0.9998
12223.300      0.9997     0.9998
12223.400      0.9990     0.9997
12223.500      0.9988     0.9997
12223.600      0.9994     0.9997
12223.700      1.0002     0.9996
12223.800      1.0011     0.9996
12223.900      1.0019     0.9995
12224.000      1.0021     0.9995
12224.100      1.0013     0.9995
12224.200      0.9990     0.9996
12224.300      0.9952     0.9996
12224.400      0.9901     0.9997
12224.500      0.9842     0.9997
12224.600      0.9778     0.9998
12224.700      0.9743     0.9998
12224.800      0.9786     0.9998
12224.900      0.9846     0.9998
12225.000      0.9914     0.9998
12225.100      0.9966     0.9998
12225.200      0.9958     0.9998
12225.300      0.9932     0.9998
12225.400      0.9897     0.9998
12225.500      0.9849     0.9998
12225.600      0.9784     0.9998
12225.700      0.9681     0.9998
12225.800      0.9450     0.9998
12225.900      0.9104     0.9998
12226.000      0.8603     0.9998
12226.100      0.8112     0.9997
12226.200      0.7878     0.9997
12226.300      0.7861     0.9997
12226.400      0.8210     0.9997
12226.500      0.8618     0.9998
12226.600      0.9064     0.9997
12226.700      0.9510     0.9997
12226.800      0.9692     0.9995
12226.900      0.9785     0.9992
12227.000      0.9807     0.9990
12227.100      0.9827     0.9988
12227.200      0.9850     0.9990
12227.300      0.9872     0.9992
12227.400      0.9830     0.9995
12227.500      0.9767     0.9996
12227.600      0.9696     0.9997
12227.700      0.9624     0.9997
12227.800      0.9629     0.9997
12227.900      0.9681     0.9997
12228.000      0.9766     0.9996
12228.100      0.9854     0.9995
12228.200      0.9878     0.9991
12228.300      0.9877     0.9980
12228.400      0.9890     0.9957
12228.500      0.9910     0.9911
12228.600      0.9928     0.9843
12228.700      0.9943     0.9765
12228.800      0.9965     0.9707
12228.900      0.9991     0.9694
12229.000      1.0011     0.9732
12229.100      1.0025     0.9802
12229.200      1.0032     0.9875
12229.300      1.0037     0.9931
12229.400      1.0044     0.9966
12229.500      1.0054     0.9984
12229.600      1.0049     0.9992
12229.700      1.0020     0.9995
12229.800      0.9978     0.9996
12229.900      0.9930     0.9997
12230.000      0.9883     0.9997
12230.100      0.9841     0.9997
12230.200      0.9815     0.9997
12230.300      0.9808     0.9997
12230.400      0.9788     0.9998
12230.500      0.9717     0.9998
12230.600      0.9597     0.9997
12230.700      0.9439     0.9997
12230.800      0.9304     0.9996
12230.900      0.9273     0.9994
12231.000      0.9330     0.9990
12231.100      0.9467     0.9983
12231.200      0.9609     0.9974
12231.300      0.9752     0.9969
12231.400      0.9885     0.9968
12231.500      0.9948     0.9974
12231.600      0.9976     0.9982
12231.700      0.9976     0.9989
12231.800      0.9976     0.9994
12231.900      0.9975     0.9996
12232.000      0.9973     0.9997
12232.100      0.9962     0.9998
12232.200      0.9953     0.9998
12232.300      0.9958     0.9998
12232.400      0.9963     0.9998
12232.500      0.9939     0.9998
12232.600      0.9916     0.9998
12232.700      0.9907     0.9998
12232.800      0.9903     0.9998
12232.900      0.9906     0.9998
12233.000      0.9910     0.9998
12233.100      0.9896     0.9998
12233.200      0.9880     0.9998
12233.300      0.9879     0.9998
12233.400      0.9880     0.9998
12233.500      0.9882     0.9998
12233.600      0.9885     0.9998
12233.700      0.9898     0.9998
12233.800      0.9913     0.9998
12233.900      0.9887     0.9998
12234.000      0.9832     0.9998
12234.100      0.9753     0.9998
12234.200      0.9670     0.9998
12234.300      0.9700     0.9998
12234.400      0.9775     0.9998
12234.500      0.9834     0.9998
12234.600      0.9864     0.9998
12234.700      0.9847     0.9998
12234.800      0.9813     0.9998
12234.900      0.9789     0.9998
12235.000      0.9771     0.9998
12235.100      0.9752     0.9998
12235.200      0.9729     0.9998
12235.300      0.9695     0.9998
12235.400      0.9632     0.9998
12235.500      0.9465     0.9998
12235.600      0.9220     0.9998
12235.700      0.8985     0.9998
12235.800      0.8795     0.9998
12235.900      0.8730     0.9998
12236.000      0.8843     0.9998
12236.100      0.9063     0.9998
12236.200      0.9328     0.9998
12236.300      0.9576     0.9998
12236.400      0.9761     0.9998
12236.500      0.9878     0.9998
12236.600      0.9912     0.9998
12236.700      0.9889     0.9998
12236.800      0.9823     0.9998
12236.900      0.9725     0.9998
12237.000      0.9599     0.9998
12237.100      0.9411     0.9998
12237.200      0.9139     0.9998
12237.300      0.8873     0.9998
12237.400      0.8666     0.9998
12237.500      0.8557     0.9998
12237.600      0.8685     0.9998
12237.700      0.8919     0.9998
12237.800      0.9226     0.9998
12237.900      0.9525     0.9998
12238.000      0.9709     0.9998
12238.100      0.9820     0.9998
12238.200      0.9843     0.9998
12238.300      0.9867     0.9998
12238.400      0.9891     0.9998
12238.500      0.9915     0.9998
12238.600      0.9929     0.9998
12238.700      0.9937     0.9998
12238.800      0.9939     0.9998
12238.900      0.9940     0.9998
12239.000      0.9947     0.9998
12239.100      0.9961     0.9998
12239.200      0.9995     0.9998
12239.300      1.0031     0.9998
12239.400      1.0028     0.9998
12239.500      1.0008     0.9998
12239.600      0.9980     0.9997
12239.700      0.9951     0.9997
12239.800      0.9935     0.9997
12239.900      0.9932     0.9997
12240.000      0.9945     0.9997
12240.100      0.9961     0.9997
12240.200      0.9977     0.9997
12240.300      0.9993     0.9997
12240.400      0.9990     0.9997
12240.500      0.9979     0.9996
12240.600      0.9967     0.9996
12240.700      0.9955     0.9995
12240.800      0.9943     0.9994
12240.900      0.9928     0.9993
12241.000      0.9896     0.9991
12241.100      0.9852     0.9990
12241.200      0.9824     0.9990
12241.300      0.9820     0.9990
12241.400      0.9836     0.9991
12241.500      0.9860     0.9993
12241.600      0.9879     0.9994
12241.700      0.9889     0.9995
12241.800      0.9892     0.9996
12241.900      0.9889     0.9996
12242.000      0.9881     0.9996
12242.100      0.9865     0.9997
12242.200      0.9819     0.9997
12242.300      0.9711     0.9997
12242.400      0.9557     0.9997
12242.500      0.9376     0.9997
12242.600      0.9231     0.9997
12242.700      0.9207     0.9997
12242.800      0.9258     0.9997
12242.900      0.9368     0.9997
12243.000      0.9522     0.9997
12243.100      0.9702     0.9997
12243.200      0.9859     0.9997
12243.300      0.9918     0.9997
12243.400      0.9945     0.9997
12243.500      0.9955     0.9996
12243.600      0.9957     0.9996
12243.700      0.9955     0.9995
12243.800      0.9945     0.9993
12243.900      0.9919     0.9989
12244.000      0.9881     0.9979
12244.100      0.9831     0.9962
12244.200      0.9761     0.9936
12244.300      0.9651     0.9904
12244.400      0.9541     0.9869
12244.500      0.9432     0.9825
12244.600      0.9327     0.9760
12244.700      0.9292     0.9673
12244.800      0.9299     0.9586
12244.900      0.9356     0.9542
12245.000      0.9433     0.9570
12245.100      0.9530     0.9662
12245.200      0.9627     0.9779
12245.300      0.9716     0.9878
12245.400      0.9792     0.9941
12245.500      0.9841     0.9974
12245.600      0.9875     0.9987
12245.700      0.9901     0.9992
12245.800      0.9919     0.9994
12245.900      0.9925     0.9995
12246.000      0.9919     0.9995
12246.100      0.9895     0.9996
12246.200      0.9868     0.9996
12246.300      0.9865     0.9996
12246.400      0.9886     0.9996
12246.500      0.9924     0.9996
12246.600      0.9966     0.9996
12246.700      0.9992     0.9995
12246.800      1.0000     0.9994
12246.900      0.9994     0.9991
12247.000      0.9984     0.9985
12247.100      0.9979     0.9977
12247.200      0.9985     0.9969
12247.300      1.0003     0.9963
12247.400      1.0027     0.9964
12247.500      1.0041     0.9970
12247.600      1.0039     0.9978
12247.700      1.0022     0.9985
12247.800      0.9998     0.9988
12247.900      0.9979     0.9987
12248.000      0.9971     0.9982
12248.100      0.9973     0.9966
12248.200      0.9982     0.9925
12248.300      0.9977     0.9838
12248.400      0.9953     0.9688
12248.500      0.9928     0.9486
12248.600      0.9905     0.9290
12248.700      0.9906     0.9183
12248.800      0.9952     0.9217
12248.900      0.9997     0.9376
12249.000      1.0031     0.9584
12249.100      1.0043     0.9767
12249.200      1.0019     0.9886
12249.300      0.9996     0.9949
12249.400      0.9981     0.9975
12249.500      0.9980     0.9985
12249.600      1.0006     0.9986
12249.700      1.0028     0.9983
12249.800      1.0008     0.9974
12249.900      0.9953     0.9963
12250.000      0.9852     0.9951
12250.100      0.9751     0.9946
12250.200      0.9662     0.9951
12250.300      0.9590     0.9962
12250.400      0.9590     0.9975
12250.500      0.9623     0.9985
12250.600      0.9689     0.9991
12250.700      0.9756     0.9995
12250.800      0.9821     0.9996
12250.900      0.9885     0.9996
12251.000      0.9941     0.9997
12251.100      0.9988     0.9997
12251.200      1.0024     0.9997
12251.300      1.0048     0.9997
12251.400      1.0050     0.9997
12251.500      1.0048     0.9997
12251.600      1.0044     0.9997
12251.700      1.0039     0.9997
12251.800      1.0004     0.9998
12251.900      0.9964     0.9998
12252.000      0.9923     0.9998
12252.100      0.9882     0.9998
12252.200      0.9884     0.9998
12252.300      0.9901     0.9998
12252.400      0.9912     0.9998
12252.500      0.9910     0.9998
12252.600      0.9879     0.9998
12252.700      0.9839     0.9998
12252.800      0.9819     0.9998
12252.900      0.9813     0.9998
12253.000      0.9807     0.9998
12253.100      0.9802     0.9998
12253.200      0.9822     0.9998
12253.300      0.9861     0.9998
12253.400      0.9893     0.9997
12253.500      0.9897     0.9998
12253.600      0.9839     0.9998
12253.700      0.9697     0.9998
12253.800      0.9489     0.9998
12253.900      0.9255     0.9998
12254.000      0.9043     0.9998
12254.100      0.8920     0.9998
12254.200      0.8947     0.9998
12254.300      0.9124     0.9998
12254.400      0.9335     0.9998
12254.500      0.9556     0.9998
12254.600      0.9754     0.9998
12254.700      0.9872     0.9998
12254.800      0.9938     0.9998
12254.900      0.9966     0.9998
12255.000      0.9983     0.9998
12255.100      0.9996     0.9998
12255.200      1.0001     0.9998
12255.300      0.9999     0.9998
12255.400      0.9999     0.9998
12255.500      1.0010     0.9998
12255.600      1.0021     0.9997
12255.700      1.0032     0.9997
12255.800      1.0040     0.9997
12255.900      1.0016     0.9997
12256.000      0.9971     0.9997
12256.100      0.9904     0.9996
12256.200      0.9839     0.9996
12256.300      0.9795     0.9996
12256.400      0.9778     0.9996
12256.500      0.9840     0.9996
12256.600      0.9902     0.9997
12256.700      0.9962     0.9997
12256.800      1.0018     0.9998
12256.900      1.0000     0.9998
12257.000      0.9978     0.9998
12257.100      0.9968     0.9998
12257.200      0.9967     0.9998
12257.300      0.9980     0.9998
12257.400      0.9994     0.9998
12257.500      1.0002     0.9998
12257.600      1.0006     0.9998
12257.700      1.0008     0.9998
12257.800      1.0006     0.9998
12257.900      0.9997     0.9998
12258.000      0.9981     0.9998
12258.100      0.9959     0.9998
12258.200      0.9935     0.9998
12258.300      0.9951     0.9998
12258.400      0.9981     0.9998
12258.500      0.9988     0.9998
12258.600      0.9981     0.9998
12258.700      0.9971     0.9997
12258.800      0.9960     0.9997
12258.900      0.9955     0.9996
12259.000      0.9953     0.9996
12259.100      0.9948     0.9996
12259.200      0.9940     0.9996
12259.300      0.9947     0.9997
12259.400      0.9967     0.9997
12259.500      0.9984     0.9998
12259.600      0.9997     0.9998
12259.700      0.9994     0.9998
12259.800      0.9971     0.9998
12259.900      0.9942     0.9998
12260.000      0.9906     0.9998
12260.100      0.9850     0.9998
12260.200      0.9756     0.9998
12260.300      0.9627     0.9998
12260.400      0.9476     0.9998
12260.500      0.9342     0.9997
12260.600      0.9281     0.9996
12260.700      0.9320     0.9991
12260.800      0.9458     0.9979
12260.900      0.9595     0.9954
12261.000      0.9726     0.9917
12261.100      0.9836     0.9876
12261.200      0.9886     0.9850
12261.300      0.9898     0.9853
12261.400      0.9880     0.9883
12261.500      0.9856     0.9924
12261.600      0.9830     0.9959
12261.700      0.9804     0.9981
12261.800      0.9794     0.9992
12261.900      0.9797     0.9995
12262.000      0.9817     0.9996
12262.100      0.9836     0.9997
12262.200      0.9834     0.9997
12262.300      0.9833     0.9996
12262.400      0.9849     0.9996
12262.500      0.9865     0.9996
12262.600      0.9867     0.9996
12262.700      0.9870     0.9995
12262.800      0.9876     0.9995
12262.900      0.9882     0.9996
12263.000      0.9849     0.9995
12263.100      0.9814     0.9995
12263.200      0.9779     0.9995
12263.300      0.9747     0.9994
12263.400      0.9794     0.9993
12263.500      0.9853     0.9992
12263.600      0.9887     0.9989
12263.700      0.9894     0.9984
12263.800      0.9860     0.9972
12263.900      0.9821     0.9940
12264.000      0.9801     0.9870
12264.100      0.9787     0.9740
12264.200      0.9772     0.9549
12264.300      0.9756     0.9337
12264.400      0.9751     0.9186
12264.500      0.9756     0.9165
12264.600      0.9769     0.9283
12264.700      0.9783     0.9484
12264.800      0.9790     0.9685
12264.900      0.9791     0.9834
12265.000      0.9792     0.9921
12265.100      0.9792     0.9964
12265.200      0.9805     0.9981
12265.300      0.9828     0.9989
12265.400      0.9852     0.9992
12265.500      0.9875     0.9993
12265.600      0.9889     0.9994
12265.700      0.9889     0.9995
12265.800      0.9884     0.9995
12265.900      0.9875     0.9996
12266.000      0.9848     0.9996
12266.100      0.9808     0.9995
12266.200      0.9771     0.9994
12266.300      0.9742     0.9991
12266.400      0.9706     0.9983
12266.500      0.9638     0.9971
12266.600      0.9514     0.9958
12266.700      0.9331     0.9947
12266.800      0.9175     0.9947
12266.900      0.9132     0.9955
12267.000      0.9181     0.9967
12267.100      0.9307     0.9976
12267.200      0.9433     0.9977
12267.300      0.9558     0.9972
12267.400      0.9674     0.9963
12267.500      0.9742     0.9959
12267.600      0.9771     0.9960
12267.700      0.9757     0.9966
12267.800      0.9746     0.9971
12267.900      0.9750     0.9972
12268.000      0.9754     0.9973
12268.100      0.9758     0.9975
12268.200      0.9760     0.9980
12268.300      0.9741     0.9986
12268.400      0.9723     0.9991
12268.500      0.9716     0.9995
12268.600      0.9718     0.9996
12268.700      0.9733     0.9997
12268.800      0.9747     0.9997
12268.900      0.9731     0.9997
12269.000      0.9714     0.9997
12269.100      0.9713     0.9997
12269.200      0.9713     0.9997
12269.300      0.9710     0.9997
12269.400      0.9701     0.9997
12269.500      0.9663     0.9997
12269.600      0.9593     0.9997
12269.700      0.9496     0.9997
12269.800      0.9350     0.9996
12269.900      0.9097     0.9995
12270.000      0.8756     0.9992
12270.100      0.8320     0.9982
12270.200      0.7871     0.9949
12270.300      0.7636     0.9871
12270.400      0.7668     0.9726
12270.500      0.8014     0.9528
12270.600      0.8436     0.9349
12270.700      0.8840     0.9281
12270.800      0.9197     0.9366
12270.900      0.9434     0.9552
12271.000      0.9557     0.9746
12271.100      0.9595     0.9882
12271.200      0.9613     0.9954
12271.300      0.9660     0.9983
12271.400      0.9731     0.9993
12271.500      0.9769     0.9996
12271.600      0.9776     0.9996
12271.700      0.9784     0.9997
12271.800      0.9796     0.9997
12271.900      0.9815     0.9997
12272.000      0.9839     0.9997
12272.100      0.9854     0.9997
12272.200      0.9856     0.9997
12272.300      0.9856     0.9998
12272.400      0.9856     0.9998
12272.500      0.9850     0.9998
12272.600      0.9831     0.9998
12272.700      0.9805     0.9998
12272.800      0.9771     0.9998
12272.900      0.9718     0.9998
12273.000      0.9640     0.9998
12273.100      0.9565     0.9998
12273.200      0.9514     0.9998
12273.300      0.9499     0.9998
12273.400      0.9545     0.9998
12273.500      0.9614     0.9998
12273.600      0.9696     0.9998
12273.700      0.9772     0.9998
12273.800      0.9802     0.9998
12273.900      0.9804     0.9998
12274.000      0.9773     0.9998
12274.100      0.9743     0.9998
12274.200      0.9726     0.9997
12274.300      0.9723     0.9997
12274.400      0.9757     0.9997
12274.500      0.9790     0.9997
12274.600      0.9825     0.9997
12274.700      0.9859     0.9997
12274.800      0.9862     0.9997
12274.900      0.9852     0.9997
12275.000      0.9837     0.9997
12275.100      0.9809     0.9997
12275.200      0.9735     0.9997
12275.300      0.9658     0.9995
12275.400      0.9606     0.9993
12275.500      0.9586     0.9989
12275.600      0.9640     0.9983
12275.700      0.9704     0.9978
12275.800      0.9755     0.9976
12275.900      0.9801     0.9978
12276.000      0.9852     0.9983
12276.100      0.9903     0.9989
12276.200      0.9952     0.9993
12276.300      0.9994     0.9996
12276.400      0.9996     0.9997
12276.500      0.9982     0.9997
12276.600      0.9980     0.9997
12276.700      0.9994     0.9998
12276.800      1.0022     0.9998
12276.900      1.0054     0.9998
12277.000      1.0061     0.9998
12277.100      1.0045     0.9998
12277.200      1.0019     0.9998
12277.300      0.9991     0.9998
12277.400      0.9965     0.9998
12277.500      0.9944     0.9998
12277.600      0.9928     0.9998
12277.700      0.9919     0.9998
12277.800      0.9928     0.9998
12277.900      0.9949     0.9998
12278.000      0.9956     0.9998
12278.100      0.9940     0.9997
12278.200      0.9917     0.9997
12278.300      0.9891     0.9997
12278.400      0.9887     0.9996
12278.500      0.9917     0.9996
12278.600      0.9941     0.9996
12278.700      0.9951     0.9997
12278.800      0.9961     0.9997
12278.900      0.9971     0.9997
12279.000      0.9978     0.9998
12279.100      0.9967     0.9998
12279.200      0.9944     0.9998
12279.300      0.9909     0.9998
12279.400      0.9866     0.9998
12279.500      0.9818     0.9998
12279.600      0.9775     0.9998
12279.700      0.9774     0.9998
12279.800      0.9798     0.9998
12279.900      0.9847     0.9998
12280.000      0.9895     0.9997
12280.100      0.9934     0.9997
12280.200      0.9965     0.9997
12280.300      0.9984     0.9997
12280.400      0.9988     0.9997
12280.500      0.9957     0.9997
12280.600      0.9927     0.9997
12280.700      0.9945     0.9997
12280.800      0.9963     0.9996
12280.900      0.9951     0.9996
12281.000      0.9938     0.9994
12281.100      0.9925     0.9992
12281.200      0.9913     0.9991
12281.300      0.9947     0.9991
12281.400      0.9987     0.9992
12281.500      0.9998     0.9993
12281.600      0.9989     0.9995
12281.700      0.9960     0.9996
12281.800      0.9929     0.9997
12281.900      0.9928     0.9997
12282.000      0.9944     0.9998
12282.100      0.9968     0.9998
12282.200      0.9992     0.9998
12282.300      0.9981     0.9998
12282.400      0.9956     0.9998
12282.500      0.9971     0.9998
12282.600      1.0003     0.9998
12282.700      1.0007     0.9998
12282.800      0.9985     0.9998
12282.900      0.9946     0.9998
12283.000      0.9903     0.9998
12283.100      0.9897     0.9998
12283.200      0.9915     0.9998
12283.300      0.9924     0.9998
12283.400      0.9920     0.9998
12283.500      0.9902     0.9998
12283.600      0.9878     0.9998
12283.700      0.9870     0.9998
12283.800      0.9877     0.9998
12283.900      0.9883     0.9998
12284.000      0.9888     0.9998
12284.100      0.9893     0.9998
12284.200      0.9903     0.9998
12284.300      0.9923     0.9998
12284.400      0.9955     0.9998
12284.500      0.9985     0.9998
12284.600      1.0006     0.9998
12284.700      1.0014     0.9998
12284.800      1.0003     0.9998
12284.900      0.9979     0.9998
12285.000      0.9949     0.9998
12285.100      0.9923     0.9998
12285.200      0.9919     0.9998
12285.300      0.9932     0.9998
12285.400      0.9958     0.9998
12285.500      0.9982     0.9998
12285.600      0.9989     0.9998
12285.700      0.9980     0.9998
12285.800      0.9950     0.9998
12285.900      0.9922     0.9998
12286.000      0.9909     0.9998
12286.100      0.9908     0.9998
12286.200      0.9920     0.9998
12286.300      0.9940     0.9998
12286.400      0.9969     0.9998
12286.500      0.9998     0.9998
12286.600      1.0019     0.9998
12286.700      1.0033     0.9998
12286.800      1.0038     0.9998
12286.900      1.0043     0.9998
12287.000      1.0060     0.9998
12287.100      1.0077     0.9997
12287.200      1.0042     0.9997
12287.300      1.0002     0.9997
12287.400      0.9986     0.9997
12287.500      0.9974     0.9997
12287.600      0.9959     0.9997
12287.700      0.9939     0.9997
12287.800      0.9870     0.9996
12287.900      0.9792     0.9996
12288.000      0.9746     0.9996
12288.100      0.9736     0.9995
12288.200      0.9767     0.9993
12288.300      0.9806     0.9987
12288.400      0.9820     0.9972
12288.500      0.9803     0.9945
12288.600      0.9762     0.9906
12288.700      0.9690     0.9866
12288.800      0.9561     0.9838
12288.900      0.9413     0.9829
12289.000      0.9308     0.9836
12289.100      0.9280     0.9850
12289.200      0.9348     0.9872
12289.300      0.9459     0.9900
12289.400      0.9575     0.9932
12289.500      0.9692     0.9960
12289.600      0.9796     0.9980
12289.700      0.9865     0.9990
12289.800      0.9885     0.9995
12289.900      0.9876     0.9996
12290.000      0.9884     0.9997
12290.100      0.9912     0.9997
12290.200      0.9938     0.9997
12290.300      0.9962     0.9997
12290.400      0.9984     0.9998
12290.500      1.0006     0.9998
12290.600      1.0012     0.9998
12290.700      0.9992     0.9998
12290.800      0.9972     0.9998
12290.900      0.9952     0.9998
12291.000      0.9943     0.9998
12291.100      0.9963     0.9998
12291.200      0.9979     0.9997
12291.300      0.9980     0.9997
12291.400      0.9983     0.9997
12291.500      0.9993     0.9997
12291.600      1.0001     0.9997
12291.700      1.0001     0.9997
12291.800      1.0001     0.9997
12291.900      1.0008     0.9997
12292.000      1.0014     0.9997
12292.100      1.0016     0.9997
12292.200      1.0014     0.9997
12292.300      1.0003     0.9997
12292.400      0.9985     0.9997
12292.500      0.9960     0.9997
12292.600      0.9936     0.9997
12292.700      0.9958     0.9997
12292.800      0.9981     0.9997
12292.900      0.9994     0.9997
12293.000      0.9997     0.9998
12293.100      0.9959     0.9998
12293.200      0.9920     0.9998
12293.300      0.9897     0.9998
12293.400      0.9890     0.9998
12293.500      0.9905     0.9998
12293.600      0.9922     0.9998
12293.700      0.9940     0.9998
12293.800      0.9957     0.9998
12293.900      0.9969     0.9998
12294.000      0.9972     0.9998
12294.100      0.9954     0.9998
12294.200      0.9931     0.9998
12294.300      0.9931     0.9998
12294.400      0.9940     0.9998
12294.500      0.9935     0.9998
12294.600      0.9898     0.9998
12294.700      0.9782     0.9998
12294.800      0.9597     0.9998
12294.900      0.9357     0.9998
12295.000      0.9105     0.9998
12295.100      0.8930     0.9998
12295.200      0.8893     0.9997
12295.300      0.9013     0.9997
12295.400      0.9206     0.9997
12295.500      0.9411     0.9997
12295.600      0.9619     0.9997
12295.700      0.9801     0.9996
12295.800      0.9925     0.9997
12295.900      0.9997     0.9997
12296.000      1.0030     0.9997
12296.100      1.0031     0.9997
12296.200      1.0021     0.9997
12296.300      1.0018     0.9997
12296.400      1.0027     0.9997
12296.500      1.0041     0.9997
12296.600      1.0056     0.9997
12296.700      1.0067     0.9997
12296.800      1.0065     0.9997
12296.900      1.0053     0.9997
12297.000      1.0035     0.9997
12297.100      1.0027     0.9997
12297.200      1.0044     0.9997
12297.300      1.0056     0.9997
12297.400      1.0047     0.9997
12297.500      1.0041     0.9997
12297.600      1.0041     0.9997
12297.700      1.0039     0.9997
12297.800      1.0020     0.9997
12297.900      1.0005     0.9996
12298.000      1.0009     0.9993
12298.100      1.0021     0.9985
12298.200      1.0037     0.9970
12298.300      1.0052     0.9948
12298.400      1.0039     0.9925
12298.500      1.0026     0.9909
12298.600      1.0043     0.9910
12298.700      1.0060     0.9928
12298.800      1.0074     0.9952
12298.900      1.0084     0.9973
12299.000      1.0070     0.9986
12299.100      1.0056     0.9993
12299.200      1.0070     0.9996
12299.300      1.0087     0.9997
12299.400      1.0083     0.9997
12299.500      1.0072     0.9997
12299.600      1.0059     0.9997
12299.700      1.0046     0.9997
12299.800      1.0034     0.9997
12299.900      1.0022     0.9997
12300.000      1.0019     0.9998
12300.100      1.0017     0.9998
12300.200      0.9984     0.9998
12300.300      0.9917     0.9998
12300.400      0.9809     0.9998
12300.500      0.9693     0.9998
12300.600      0.9604     0.9998
12300.700      0.9559     0.9997
12300.800      0.9585     0.9997
12300.900      0.9633     0.9997
12301.000      0.9669     0.9997
12301.100      0.9698     0.9997
12301.200      0.9730     0.9997
12301.300      0.9771     0.9997
12301.400      0.9826     0.9997
12301.500      0.9888     0.9998
12301.600      0.9944     0.9998
12301.700      0.9979     0.9998
12301.800      0.9986     0.9998
12301.900      0.9968     0.9998
12302.000      0.9939     0.9998
12302.100      0.9905     0.9998
12302.200      0.9881     0.9997
12302.300      0.9881     0.9997
12302.400      0.9898     0.9997
12302.500      0.9923     0.9997
12302.600      0.9926     0.9997
12302.700      0.9890     0.9997
12302.800      0.9856     0.9997
12302.900      0.9834     0.9997
12303.000      0.9821     0.9997
12303.100      0.9817     0.9997
12303.200      0.9822     0.9997
12303.300      0.9836     0.9997
12303.400      0.9858     0.9997
12303.500      0.9886     0.9997
12303.600      0.9922     0.9997
12303.700      0.9965     0.9997
12303.800      1.0004     0.9997
12303.900      1.0012     0.9997
12304.000      1.0003     0.9998
12304.100      0.9976     0.9998
12304.200      0.9952     0.9998
12304.300      0.9976     0.9997
12304.400      0.9997     0.9997
12304.500      0.9979     0.9997
12304.600      0.9961     0.9997
12304.700      0.9959     0.9997
12304.800      0.9971     0.9997
12304.900      1.0014     0.9997
12305.000      1.0058     0.9997
12305.100      1.0016     0.9997
12305.200      0.9970     0.9997
12305.300      0.9938     0.9997
12305.400      0.9926     0.9997
12305.500      0.9956     0.9997
12305.600      0.9991     0.9997
12305.700      1.0016     0.9997
12305.800      1.0029     0.9997
12305.900      1.0026     0.9997
12306.000      1.0021     0.9997
12306.100      1.0014     0.9997
12306.200      1.0008     0.9998
12306.300      1.0015     0.9998
12306.400      1.0027     0.9998
12306.500      1.0020     0.9998
12306.600      1.0004     0.9997
12306.700      0.9990     0.9997
12306.800      0.9980     0.9997
12306.900      0.9987     0.9997
12307.000      1.0002     0.9997
12307.100      0.9998     0.9997
12307.200      0.9980     0.9997
12307.300      0.9979     0.9997
12307.400      0.9989     0.9997
12307.500      0.9989     0.9997
12307.600      0.9980     0.9997
12307.700      0.9981     0.9997
12307.800      0.9992     0.9997
12307.900      1.0001     0.9997
12308.000      1.0002     0.9997
12308.100      0.9992     0.9997
12308.200      0.9973     0.9997
12308.300      0.9958     0.9997
12308.400      0.9949     0.9997
12308.500      0.9942     0.9997
12308.600      0.9936     0.9997
12308.700      0.9920     0.9997
12308.800      0.9885     0.9997
12308.900      0.9850     0.9997
12309.000      0.9819     0.9997
12309.100      0.9809     0.9997
12309.200      0.9849     0.9997
12309.300      0.9888     0.9997
12309.400      0.9913     0.9997
12309.500      0.9932     0.9997
12309.600      0.9944     0.9997
12309.700      0.9962     0.9997
12309.800      1.0004     0.9997
12309.900      1.0037     0.9997
12310.000      1.0002     0.9997
12310.100      0.9967     0.9997
12310.200      0.9938     0.9997
12310.300      0.9920     0.9997
12310.400      0.9948     0.9997
12310.500      0.9976     0.9997
12310.600      0.9964     0.9997
12310.700      0.9941     0.9997
12310.800      0.9908     0.9996
12310.900      0.9874     0.9996
12311.000      0.9905     0.9996
12311.100      0.9937     0.9995
12311.200      0.9969     0.9994
12311.300      0.9998     0.9992
12311.400      0.9969     0.9990
12311.500      0.9933     0.9990
12311.600      0.9944     0.9991
12311.700      0.9961     0.9993
12311.800      0.9961     0.9994
12311.900      0.9938     0.9995
12312.000      0.9876     0.9996
12312.100      0.9808     0.9996
12312.200      0.9755     0.9996
12312.300      0.9731     0.9996
12312.400      0.9773     0.9995
12312.500      0.9835     0.9995
12312.600      0.9871     0.9995
12312.700      0.9896     0.9995
12312.800      0.9934     0.9994
12312.900      0.9978     0.9993
12313.000      1.0000     0.9992
12313.100      1.0008     0.9991
12313.200      1.0017     0.9989
12313.300      1.0027     0.9984
12313.400      1.0024     0.9972
12313.500      1.0013     0.9941
12313.600      1.0011     0.9871
12313.700      1.0019     0.9734
12313.800      1.0025     0.9523
12313.900      1.0030     0.9274
12314.000      1.0034     0.9073
12314.100      1.0035     0.9011
12314.200      1.0014     0.9119
12314.300      0.9967     0.9343
12314.400      0.9937     0.9588
12314.500      0.9942     0.9780
12314.600      0.9956     0.9896
12314.700      0.9973     0.9953
12314.800      0.9989     0.9977
12314.900      1.0000     0.9986
12315.000      1.0011     0.9990
12315.100      1.0021     0.9992
12315.200      1.0028     0.9993
12315.300      1.0025     0.9994
12315.400      1.0016     0.9994
12315.500      1.0001     0.9995
12315.600      0.9992     0.9995
12315.700      1.0007     0.9995
12315.800      1.0020     0.9995
12315.900      1.0013     0.9995
12316.000      1.0009     0.9995
12316.100      1.0023     0.9996
12316.200      1.0033     0.9996
12316.300      1.0014     0.9996
12316.400      0.9996     0.9997
12316.500      1.0014     0.9997
12316.600      1.0031     0.9997
12316.700      1.0021     0.9997
12316.800      1.0011     0.9997
12316.900      1.0005     0.9997
12317.000      0.9999     0.9997
12317.100      0.9978     0.9997
12317.200      0.9956     0.9997
12317.300      0.9955     0.9997
12317.400      0.9956     0.9997
12317.500      0.9919     0.9997
12317.600      0.9869     0.9997
12317.700      0.9812     0.9997
12317.800      0.9756     0.9997
12317.900      0.9748     0.9997
12318.000      0.9763     0.9997
12318.100      0.9786     0.9997
12318.200      0.9815     0.9997
12318.300      0.9845     0.9997
12318.400      0.9880     0.9997
12318.500      0.9933     0.9997
12318.600      0.9992     0.9997
12318.700      1.0006     0.9997
12318.800      0.9998     0.9997
12318.900      1.0006     0.9997
12319.000      1.0022     0.9997
12319.100      1.0014     0.9997
12319.200      0.9991     0.9997
12319.300      0.9970     0.9997
12319.400      0.9955     0.9997
12319.500      0.9953     0.9996
12319.600      0.9966     0.9994
12319.700      0.9987     0.9991
12319.800      1.0011     0.9988
12319.900      1.0020     0.9984
12320.000      1.0010     0.9983
12320.100      0.9995     0.9984
12320.200      0.9978     0.9987
12320.300      0.9967     0.9991
12320.400      0.9962     0.9994
12320.500      0.9957     0.9995
12320.600      0.9950     0.9996
12320.700      0.9947     0.9997
12320.800      0.9958     0.9997
12320.900      0.9976     0.9997
12321.000      0.9997     0.9997
12321.100      1.0013     0.9997
12321.200      1.0017     0.9997
12321.300      1.0023     0.9997
12321.400      1.0038     0.9997
12321.500      1.0051     0.9997
12321.600      1.0046     0.9997
12321.700      1.0027     0.9997
12321.800      0.9991     0.9997
12321.900      0.9963     0.9997
12322.000      0.9984     0.9997
12322.100      1.0001     0.9997
12322.200      0.9992     0.9997
12322.300      0.9984     0.9997
12322.400      0.9993     0.9997
12322.500      1.0001     0.9997
12322.600      0.9980     0.9997
12322.700      0.9959     0.9997
12322.800      0.9971     0.9997
12322.900      0.9995     0.9997
12323.000      1.0031     0.9997
12323.100      1.0066     0.9997
12323.200      1.0062     0.9997
12323.300      1.0054     0.9997
12323.400      1.0071     0.9997
12323.500      1.0090     0.9997
12323.600      1.0040     0.9996
12323.700      0.9981     0.9996
12323.800      0.9941     0.9995
12323.900      0.9926     0.9995
12324.000      0.9967     0.9996
12324.100      1.0017     0.9996
12324.200      1.0052     0.9997
12324.300      1.0064     0.9997
12324.400      1.0033     0.9997
12324.500      0.9992     0.9997
12324.600      0.9957     0.9997
12324.700      0.9936     0.9997
12324.800      0.9947     0.9997
12324.900      0.9969     0.9997
12325.000      0.9975     0.9997
12325.100      0.9971     0.9997
12325.200      0.9983     0.9997
12325.300      1.0006     0.9997
12325.400      1.0025     0.9997
12325.500      1.0037     0.9997
12325.600      1.0028     0.9997
12325.700      0.9992     0.9997
12325.800      0.9929     0.9997
12325.900      0.9855     0.9997
12326.000      0.9787     0.9997
12326.100      0.9742     0.9997
12326.200      0.9730     0.9997
12326.300      0.9750     0.9997
12326.400      0.9779     0.9997
12326.500      0.9812     0.9997
12326.600      0.9854     0.9997
12326.700      0.9903     0.9996
12326.800      0.9946     0.9996
12326.900      0.9966     0.9995
12327.000      0.9962     0.9994
12327.100      0.9936     0.9994
12327.200      0.9925     0.9994
12327.300      0.9957     0.9995
12327.400      0.9982     0.9995
12327.500      0.9966     0.9996
12327.600      0.9917     0.9996
12327.700      0.9837     0.9996
12327.800      0.9756     0.9996
12327.900      0.9681     0.9996
12328.000      0.9625     0.9995
12328.100      0.9659     0.9993
12328.200      0.9692     0.9987
12328.300      0.9709     0.9970
12328.400      0.9728     0.9935
12328.500      0.9785     0.9878
12328.600      0.9856     0.9809
12328.700      0.9942     0.9755
12328.800      1.0027     0.9745
12328.900      1.0032     0.9783
12329.000      1.0016     0.9849
12329.100      0.9981     0.9913
12329.200      0.9947     0.9958
12329.300      0.9966     0.9982
12329.400      0.9990     0.9992
12329.500      0.9970     0.9995
12329.600      0.9945     0.9996
12329.700      0.9963     0.9996
12329.800      0.9989     0.9996
12329.900      0.9995     0.9996
12330.000      0.9982     0.9996
12330.100      0.9947     0.9996
12330.200      0.9903     0.9996
12330.300      0.9851     0.9996
12330.400      0.9798     0.9995
12330.500      0.9794     0.9995
12330.600      0.9808     0.9995
12330.700      0.9817     0.9995
12330.800      0.9824     0.9995
12330.900      0.9858     0.9995
12331.000      0.9907     0.9994
12331.100      0.9952     0.9993
12331.200      0.9990     0.9988
12331.300      1.0019     0.9977
12331.400      1.0033     0.9949
12331.500      1.0025     0.9896
12331.600      0.9997     0.9815
12331.700      0.9950     0.9726
12331.800      0.9898     0.9662
12331.900      0.9870     0.9657
12332.000      0.9872     0.9713
12332.100      0.9882     0.9801
12332.200      0.9893     0.9884
12332.300      0.9896     0.9942
12332.400      0.9885     0.9973
12332.500      0.9882     0.9987
12332.600      0.9891     0.9992
12332.700      0.9903     0.9994
12332.800      0.9915     0.9995
12332.900      0.9912     0.9995
12333.000      0.9875     0.9995
12333.100      0.9848     0.9995
12333.200      0.9846     0.9995
12333.300      0.9835     0.9995
12333.400      0.9777     0.9994
12333.500      0.9679     0.9994
12333.600      0.9541     0.9994
12333.700      0.9413     0.9994
12333.800      0.9366     0.9994
12333.900      0.9387     0.9995
12334.000      0.9491     0.9995
12334.100      0.9618     0.9995
12334.200      0.9758     0.9995
12334.300      0.9890     0.9995
12334.400      0.9922     0.9995
12334.500      0.9926     0.9994
12334.600      0.9910     0.9994
12334.700      0.9894     0.9993
12334.800      0.9928     0.9991
12334.900      0.9972     0.9987
12335.000      1.0021     0.9976
12335.100      1.0070     0.9949
12335.200      1.0051     0.9891
12335.300      1.0027     0.9785
12335.400      1.0018     0.9635
12335.500      1.0016     0.9475
12335.600      1.0018     0.9366
12335.700      1.0027     0.9360
12335.800      1.0059     0.9460
12335.900      1.0096     0.9619
12336.000      1.0073     0.9774
12336.100      1.0038     0.9885
12336.200      1.0028     0.9947
12336.300      1.0027     0.9976
12336.400      1.0023     0.9987
12336.500      1.0018     0.9991
12336.600      1.0017     0.9993
12336.700      1.0018     0.9994
12336.800      1.0015     0.9994
12336.900      1.0009     0.9995
12337.000      1.0027     0.9995
12337.100      1.0058     0.9995
12337.200      1.0053     0.9996
12337.300      1.0024     0.9996
12337.400      0.9998     0.9996
12337.500      0.9980     0.9996
12337.600      0.9970     0.9996
12337.700      0.9974     0.9996
12337.800      1.0003     0.9996
12337.900      1.0046     0.9996
12338.000      1.0086     0.9996
12338.100      1.0109     0.9997
12338.200      1.0097     0.9997
12338.300      1.0056     0.9997
12338.400      1.0036     0.9997
12338.500      1.0052     0.9997
12338.600      1.0072     0.9997
12338.700      1.0093     0.9997
12338.800      1.0111     0.9997
12338.900      1.0115     0.9997
12339.000      1.0110     0.9997
12339.100      1.0095     0.9997
12339.200      1.0074     0.9997
12339.300      1.0048     0.9997
12339.400      1.0028     0.9997
12339.500      1.0032     0.9997
12339.600      1.0042     0.9997
12339.700      1.0055     0.9997
12339.800      1.0067     0.9997
12339.900      1.0075     0.9997
12340.000      1.0073     0.9997
12340.100      1.0047     0.9997
12340.200      1.0020     0.9997
12340.300      1.0005     0.9997
12340.400      1.0004     0.9997
12340.500      1.0031     0.9997
12340.600      1.0058     0.9997
12340.700      1.0045     0.9997
12340.800      1.0023     0.9997
12340.900      0.9996     0.9997
12341.000      0.9968     0.9997
12341.100      0.9991     0.9997
12341.200      1.0015     0.9997
12341.300      1.0016     0.9997
12341.400      1.0016     0.9997
12341.500      1.0029     0.9997
12341.600      1.0044     0.9997
12341.700      1.0026     0.9997
12341.800      1.0002     0.9997
12341.900      1.0011     0.9997
12342.000      1.0029     0.9997
12342.100      1.0044     0.9997
12342.200      1.0058     0.9997
12342.300      1.0077     0.9997
12342.400      1.0098     0.9997
12342.500      1.0106     0.9996
12342.600      1.0110     0.9995
12342.700      1.0117     0.9993
12342.800      1.0127     0.9991
12342.900      1.0122     0.9990
12343.000      1.0107     0.9990
12343.100      1.0088     0.9992
12343.200      1.0070     0.9993
12343.300      1.0056     0.9994
12343.400      1.0046     0.9995
12343.500      1.0031     0.9995
12343.600      1.0013     0.9996
12343.700      0.9997     0.9996
12343.800      0.9987     0.9997
12343.900      0.9981     0.9997
12344.000      0.9982     0.9997
12344.100      0.9995     0.9997
12344.200      1.0016     0.9996
12344.300      1.0027     0.9996
12344.400      1.0017     0.9996
12344.500      1.0001     0.9996
12344.600      0.9983     0.9996
12344.700      0.9961     0.9996
12344.800      0.9938     0.9995
12344.900      0.9917     0.9994
12345.000      0.9905     0.9993
12345.100      0.9914     0.9993
12345.200      0.9952     0.9992
12345.300      0.9988     0.9992
12345.400      1.0010     0.9993
12345.500      1.0028     0.9994
12345.600      1.0042     0.9994
12345.700      1.0051     0.9995
12345.800      1.0049     0.9995
12345.900      1.0039     0.9995
12346.000      1.0018     0.9995
12346.100      0.9993     0.9995
12346.200      0.9966     0.9995
12346.300      0.9944     0.9994
12346.400      0.9981     0.9994
12346.500      1.0019     0.9993
12346.600      1.0044     0.9993
12346.700      1.0059     0.9992
12346.800      1.0056     0.9990
12346.900      1.0053     0.9987
12347.000      1.0061     0.9979
12347.100      1.0069     0.9960
12347.200      1.0045     0.9912
12347.300      1.0020     0.9812
12347.400      1.0014     0.9639
12347.500      1.0013     0.9408
12347.600      1.0017     0.9181
12347.700      1.0021     0.9048
12347.800      1.0019     0.9071
12347.900      1.0015     0.9232
12348.000      1.0014     0.9458
12348.100      1.0012     0.9668
12348.200      1.0006     0.9818
12348.300      0.9989     0.9908
12348.400      0.9939     0.9954
12348.500      0.9879     0.9976
12348.600      0.9907     0.9985
12348.700      0.9970     0.9989
12348.800      0.9988     0.9992
12348.900      0.9983     0.9993
12349.000      0.9996     0.9994
12349.100      1.0017     0.9994
12349.200      1.0029     0.9995
12349.300      1.0031     0.9995
12349.400      1.0031     0.9995
12349.500      1.0028     0.9995
12349.600      1.0008     0.9996
12349.700      0.9976     0.9996
12349.800      0.9954     0.9996
12349.900      0.9948     0.9996
12350.000      0.9954     0.9996
12350.100      0.9966     0.9996
12350.200      0.9973     0.9996
12350.300      0.9975     0.9996
12350.400      0.9983     0.9996
12350.500      1.0001     0.9996
12350.600      1.0006     0.9996
12350.700      0.9988     0.9996
12350.800      0.9981     0.9996
12350.900      0.9996     0.9996
12351.000      1.0007     0.9996
12351.100      1.0000     0.9995
12351.200      0.9977     0.9994
12351.300      0.9940     0.9990
12351.400      0.9918     0.9982
12351.500      0.9944     0.9964
12351.600      0.9968     0.9938
12351.700      0.9982     0.9908
12351.800      0.9989     0.9886
12351.900      0.9986     0.9884
12352.000      0.9972     0.9902
12352.100      0.9943     0.9931
12352.200      0.9918     0.9959
12352.300      0.9924     0.9979
12352.400      0.9928     0.9989
12352.500      0.9918     0.9994
12352.600      0.9908     0.9995
12352.700      0.9908     0.9996
12352.800      0.9913     0.9996
12352.900      0.9928     0.9996
12353.000      0.9946     0.9996
12353.100      0.9967     0.9996
12353.200      0.9989     0.9996
12353.300      0.9971     0.9996
12353.400      0.9950     0.9997
12353.500      0.9933     0.9997
12353.600      0.9921     0.9997
12353.700      0.9912     0.9997
12353.800      0.9904     0.9997
12353.900      0.9879     0.9997
12354.000      0.9851     0.9997
12354.100      0.9845     0.9997
12354.200      0.9850     0.9997
12354.300      0.9858     0.9997
12354.400      0.9866     0.9997
12354.500      0.9853     0.9997
12354.600      0.9832     0.9997
12354.700      0.9835     0.9997
12354.800      0.9848     0.9997
12354.900      0.9853     0.9996
12355.000      0.9853     0.9996
12355.100      0.9854     0.9996
12355.200      0.9858     0.9997
12355.300      0.9883     0.9997
12355.400      0.9921     0.9997
12355.500      0.9934     0.9997
12355.600      0.9927     0.9997
12355.700      0.9921     0.9996
12355.800      0.9915     0.9996
12355.900      0.9903     0.9995
12356.000      0.9882     0.9994
12356.100      0.9878     0.9992
12356.200      0.9893     0.9991
12356.300      0.9900     0.9990
12356.400      0.9897     0.9991
12356.500      0.9895     0.9993
12356.600      0.9896     0.9995
12356.700      0.9906     0.9996
12356.800      0.9926     0.9997
12356.900      0.9934     0.9997
12357.000      0.9918     0.9997
12357.100      0.9912     0.9997
12357.200      0.9932     0.9997
12357.300      0.9943     0.9997
12357.400      0.9926     0.9996
12357.500      0.9910     0.9996
12357.600      0.9898     0.9996
12357.700      0.9889     0.9996
12357.800      0.9885     0.9996
12357.900      0.9882     0.9996
12358.000      0.9878     0.9997
12358.100      0.9879     0.9997
12358.200      0.9913     0.9997
12358.300      0.9948     0.9997
12358.400      0.9978     0.9997
12358.500      1.0001     0.9997
12358.600      0.9982     0.9997
12358.700      0.9963     0.9997
12358.800      0.9954     0.9997
12358.900      0.9952     0.9997
12359.000      0.9965     0.9997
12359.100      0.9985     0.9997
12359.200      1.0014     0.9997
12359.300      1.0044     0.9997
12359.400      1.0067     0.9997
12359.500      1.0082     0.9997
12359.600      1.0069     0.9997
12359.700      1.0053     0.9997
12359.800      1.0047     0.9997
12359.900      1.0045     0.9997
12360.000      1.0045     0.9997
12360.100      1.0045     0.9997
12360.200      1.0038     0.9997
12360.300      1.0030     0.9997
12360.400      1.0028     0.9997
12360.500      1.0035     0.9997
12360.600      1.0057     0.9997
12360.700      1.0082     0.9997
12360.800      1.0072     0.9996
12360.900      1.0045     0.9996
12361.000      1.0048     0.9996
12361.100      1.0068     0.9996
12361.200      1.0078     0.9995
12361.300      1.0074     0.9995
12361.400      1.0061     0.9995
12361.500      1.0044     0.9995
12361.600      1.0060     0.9995
12361.700      1.0103     0.9995
12361.800      1.0114     0.9996
12361.900      1.0094     0.9996
12362.000      1.0092     0.9996
12362.100      1.0108     0.9996
12362.200      1.0091     0.9996
12362.300      1.0034     0.9996
12362.400      0.9994     0.9996
12362.500      0.9998     0.9996
12362.600      1.0035     0.9996
12362.700      1.0092     0.9996
12362.800      1.0113     0.9996
12362.900      1.0068     0.9996
12363.000      1.0030     0.9996
12363.100      1.0022     0.9996
12363.200      1.0031     0.9996
12363.300      1.0053     0.9996
12363.400      1.0086     0.9996
12363.500      1.0127     0.9994
12363.600      1.0148     0.9991
12363.700      1.0098     0.9986
12363.800      1.0051     0.9978
12363.900      1.0032     0.9969
12364.000      1.0028     0.9962
12364.100      1.0037     0.9962
12364.200      1.0047     0.9967
12364.300      1.0056     0.9976
12364.400      1.0063     0.9985
12364.500      1.0047     0.9991
12364.600      1.0032     0.9994
12364.700      1.0029     0.9996
12364.800      1.0026     0.9996
12364.900      1.0024     0.9996
12365.000      1.0021     0.9996
12365.100      1.0014     0.9997
12365.200      1.0007     0.9997
12365.300      1.0025     0.9996
12365.400      1.0045     0.9996
12365.500      1.0050     0.9996
12365.600      1.0048     0.9996
12365.700      1.0044     0.9996
12365.800      1.0036     0.9996
12365.900      1.0017     0.9996
12366.000      0.9997     0.9996
12366.100      0.9999     0.9996
12366.200      1.0014     0.9996
12366.300      1.0037     0.9996
12366.400      1.0062     0.9996
12366.500      1.0059     0.9996
12366.600      1.0020     0.9995
12366.700      0.9931     0.9994
12366.800      0.9830     0.9992
12366.900      0.9750     0.9990
12367.000      0.9707     0.9988
12367.100      0.9720     0.9987
12367.200      0.9757     0.9988
12367.300      0.9800     0.9989
12367.400      0.9845     0.9991
12367.500      0.9895     0.9993
12367.600      0.9947     0.9995
12367.700      0.9995     0.9996
12367.800      1.0036     0.9996
12367.900      1.0074     0.9996
12368.000      1.0106     0.9996
12368.100      1.0103     0.9996
12368.200      1.0064     0.9996
12368.300      1.0032     0.9996
12368.400      1.0014     0.9996
12368.500      1.0006     0.9996
12368.600      1.0005     0.9996
12368.700      1.0008     0.9997
12368.800      1.0014     0.9997
12368.900      1.0017     0.9997
12369.000      1.0012     0.9997
12369.100      0.9998     0.9997
12369.200      0.9980     0.9997
12369.300      0.9975     0.9997
12369.400      1.0009     0.9997
12369.500      1.0036     0.9997
12369.600      1.0035     0.9997
12369.700      1.0039     0.9997
12369.800      1.0061     0.9997
12369.900      1.0080     0.9997
12370.000      1.0085     0.9997
12370.100      1.0077     0.9997
12370.200      1.0051     0.9997
12370.300      1.0031     0.9997
12370.400      1.0060     0.9997
12370.500      1.0087     0.9997
12370.600      1.0066     0.9997
12370.700      1.0045     0.9997
12370.800      1.0041     0.9997
12370.900      1.0047     0.9997
12371.000      1.0065     0.9997
12371.100      1.0083     0.9997
12371.200      1.0062     0.9997
12371.300      1.0040     0.9997
12371.400      1.0028     0.9997
12371.500      1.0018     0.9997
12371.600      1.0007     0.9997
12371.700      0.9996     0.9997
12371.800      0.9977     0.9997
12371.900      0.9957     0.9997
12372.000      0.9954     0.9997
12372.100      0.9963     0.9997
12372.200      0.9983     0.9997
12372.300      1.0004     0.9997
12372.400      0.9993     0.9997
12372.500      0.9972     0.9997
12372.600      0.9970     0.9997
12372.700      0.9977     0.9997
12372.800      0.9981     0.9997
12372.900      0.9979     0.9997
12373.000      0.9944     0.9997
12373.100      0.9892     0.9997
12373.200      0.9859     0.9997
12373.300      0.9855     0.9997
12373.400      0.9881     0.9997
12373.500      0.9918     0.9997
12373.600      0.9937     0.9997
12373.700      0.9942     0.9997
12373.800      0.9948     0.9997
12373.900      0.9956     0.9997
12374.000      0.9963     0.9997
12374.100      0.9970     0.9997
12374.200      0.9962     0.9997
12374.300      0.9938     0.9997
12374.400      0.9935     0.9997
12374.500      0.9963     0.9997
12374.600      0.9977     0.9997
12374.700      0.9970     0.9997
12374.800      0.9971     0.9997
12374.900      0.9989     0.9997
12375.000      1.0004     0.9997
12375.100      1.0008     0.9997
12375.200      1.0006     0.9997
12375.300      1.0008     1.0000
12375.400      1.0010     1.0000
12375.500      1.0012     1.0000
12375.600      1.0014     1.0000
12375.700      1.0016     1.0000
12375.800      1.0018     1.0000
12375.900      1.0020     1.0000
12376.000      1.0022     1.0000
