# t09572g430x+000m0                                           
# 1175012109.kgf                                              
# data\m47.fits                                               
# xmin,xmax,dshft,yshift,fz:  11570.50  12288.50   0.00000   0.00000   1.00000
# vw,rp,ifabs:   0.0    28300.   0
#                                                                     
# wave(A)   obs.spec.  the.spec.  overplot1  overplot2  overplot3  overplot4
11750.000      1.0374     1.0000
11750.100      1.0357     1.0000
11750.200      1.0340     1.0000
11750.300      1.0323     1.0000
11750.400      1.0306     1.0000
11750.500      1.0289     1.0000
11750.600      1.0272     1.0000
11750.700      1.0255     1.0000
11750.800      1.0238     0.9992
11750.900      1.0221     0.9991
11751.000      1.0204     0.9990
11751.100      1.0187     0.9989
11751.200      1.0170     0.9987
11751.300      1.0153     0.9985
11751.400      1.0104     0.9983
11751.500      1.0038     0.9981
11751.600      0.9997     0.9980
11751.700      0.9967     0.9979
11751.800      0.9922     0.9978
11751.900      0.9851     0.9976
11752.000      0.9743     0.9974
11752.100      0.9620     0.9971
11752.200      0.9495     0.9965
11752.300      0.9370     0.9958
11752.400      0.9321     0.9946
11752.500      0.9303     0.9923
11752.600      0.9201     0.9870
11752.700      0.8946     0.9751
11752.800      0.8377     0.9506
11752.900      0.7727     0.9091
11753.000      0.7206     0.8526
11753.100      0.6928     0.7925
11753.200      0.7198     0.7452
11753.300      0.7694     0.7245
11753.400      0.8276     0.7362
11753.500      0.8865     0.7769
11753.600      0.9249     0.8348
11753.700      0.9364     0.8933
11753.800      0.9222     0.9389
11753.900      0.8779     0.9667
11754.000      0.7822     0.9791
11754.100      0.6774     0.9799
11754.200      0.6037     0.9694
11754.300      0.5769     0.9438
11754.400      0.6447     0.9005
11754.500      0.7300     0.8441
11754.600      0.8146     0.7879
11754.700      0.8971     0.7489
11754.800      0.9359     0.7394
11754.900      0.9368     0.7624
11755.000      0.8987     0.8110
11755.100      0.8559     0.8699
11755.200      0.8236     0.9228
11755.300      0.8085     0.9598
11755.400      0.8414     0.9806
11755.500      0.8826     0.9902
11755.600      0.9242     0.9942
11755.700      0.9658     0.9957
11755.800      0.9818     0.9959
11755.900      0.9889     0.9947
11756.000      0.9931     0.9912
11756.100      0.9948     0.9850
11756.200      0.9944     0.9773
11756.300      0.9914     0.9714
11756.400      0.9845     0.9705
11756.500      0.9749     0.9751
11756.600      0.9623     0.9828
11756.700      0.9495     0.9902
11756.800      0.9374     0.9952
11756.900      0.9264     0.9977
11757.000      0.9211     0.9988
11757.100      0.9184     0.9991
11757.200      0.9178     0.9992
11757.300      0.9172     0.9993
11757.400      0.9137     0.9994
11757.500      0.9067     0.9994
11757.600      0.8917     0.9994
11757.700      0.8763     0.9995
11757.800      0.8617     0.9995
11757.900      0.8485     0.9995
11758.000      0.8554     0.9995
11758.100      0.8643     0.9996
11758.200      0.8738     0.9996
11758.300      0.8832     0.9996
11758.400      0.8890     0.9996
11758.500      0.8947     0.9996
11758.600      0.9022     0.9996
11758.700      0.9097     0.9996
11758.800      0.9148     0.9997
11758.900      0.9193     0.9997
11759.000      0.9236     0.9997
11759.100      0.9274     0.9997
11759.200      0.9280     0.9997
11759.300      0.9287     0.9997
11759.400      0.9306     0.9997
11759.500      0.9338     0.9997
11759.600      0.9400     0.9997
11759.700      0.9460     0.9997
11759.800      0.9483     0.9997
11759.900      0.9505     0.9997
11760.000      0.9532     0.9998
11760.100      0.9568     0.9998
11760.200      0.9641     0.9998
11760.300      0.9713     0.9998
11760.400      0.9756     0.9998
11760.500      0.9801     0.9998
11760.600      0.9886     0.9998
11760.700      0.9970     0.9998
11760.800      1.0035     0.9998
11760.900      1.0073     0.9998
11761.000      1.0043     0.9998
11761.100      1.0001     0.9998
11761.200      0.9951     0.9998
11761.300      0.9904     0.9998
11761.400      0.9904     0.9998
11761.500      0.9932     0.9998
11761.600      0.9986     0.9998
11761.700      1.0036     0.9998
11761.800      1.0049     0.9998
11761.900      1.0029     0.9998
11762.000      0.9972     0.9998
11762.100      0.9920     0.9998
11762.200      0.9911     0.9998
11762.300      0.9919     0.9998
11762.400      0.9941     0.9998
11762.500      0.9953     0.9998
11762.600      0.9906     0.9998
11762.700      0.9866     0.9998
11762.800      0.9873     0.9998
11762.900      0.9891     0.9998
11763.000      0.9915     0.9998
11763.100      0.9936     0.9998
11763.200      0.9942     0.9998
11763.300      0.9951     0.9998
11763.400      0.9977     0.9998
11763.500      1.0001     0.9999
11763.600      1.0014     0.9999
11763.700      1.0013     0.9999
11763.800      0.9990     0.9999
11763.900      0.9970     0.9999
11764.000      0.9967     0.9999
11764.100      0.9975     0.9999
11764.200      0.9993     0.9999
11764.300      1.0008     0.9999
11764.400      1.0013     0.9999
11764.500      1.0023     0.9999
11764.600      1.0052     0.9999
11764.700      1.0081     0.9999
11764.800      1.0107     0.9999
11764.900      1.0128     0.9999
11765.000      1.0136     0.9999
11765.100      1.0127     0.9999
11765.200      1.0098     0.9999
11765.300      1.0069     0.9999
11765.400      1.0045     0.9999
11765.500      1.0031     0.9999
11765.600      1.0033     0.9999
11765.700      1.0027     0.9999
11765.800      0.9988     0.9999
11765.900      0.9928     0.9999
11766.000      0.9841     0.9999
11766.100      0.9700     0.9999
11766.200      0.9486     0.9999
11766.300      0.9249     0.9999
11766.400      0.9004     0.9999
11766.500      0.8828     0.9999
11766.600      0.8892     0.9999
11766.700      0.9101     0.9999
11766.800      0.9393     0.9999
11766.900      0.9661     0.9999
11767.000      0.9838     0.9999
11767.100      0.9947     0.9999
11767.200      1.0004     0.9999
11767.300      1.0042     0.9999
11767.400      1.0068     0.9999
11767.500      1.0079     0.9999
11767.600      1.0076     0.9999
11767.700      1.0060     0.9999
11767.800      1.0038     0.9999
11767.900      1.0021     0.9999
11768.000      1.0014     0.9999
11768.100      1.0006     0.9999
11768.200      0.9996     0.9999
11768.300      0.9988     0.9999
11768.400      0.9986     0.9999
11768.500      0.9999     0.9999
11768.600      1.0024     0.9999
11768.700      1.0042     0.9999
11768.800      1.0040     0.9999
11768.900      1.0023     0.9999
11769.000      1.0000     0.9999
11769.100      0.9992     0.9998
11769.200      1.0006     0.9998
11769.300      1.0017     0.9996
11769.400      1.0021     0.9993
11769.500      1.0018     0.9990
11769.600      1.0010     0.9988
11769.700      1.0003     0.9988
11769.800      0.9999     0.9991
11769.900      1.0005     0.9994
11770.000      1.0021     0.9997
11770.100      1.0035     0.9998
11770.200      1.0044     0.9999
11770.300      1.0038     0.9999
11770.400      1.0011     0.9999
11770.500      0.9967     0.9999
11770.600      0.9916     0.9999
11770.700      0.9870     0.9999
11770.800      0.9829     0.9999
11770.900      0.9789     0.9999
11771.000      0.9745     0.9999
11771.100      0.9676     0.9999
11771.200      0.9584     0.9999
11771.300      0.9501     0.9999
11771.400      0.9453     0.9999
11771.500      0.9479     0.9999
11771.600      0.9557     0.9999
11771.700      0.9643     0.9999
11771.800      0.9731     0.9999
11771.900      0.9817     0.9999
11772.000      0.9897     0.9999
11772.100      0.9967     0.9999
11772.200      1.0018     0.9998
11772.300      1.0045     0.9996
11772.400      1.0049     0.9989
11772.500      1.0039     0.9975
11772.600      1.0025     0.9950
11772.700      1.0016     0.9922
11772.800      1.0016     0.9903
11772.900      1.0021     0.9906
11773.000      1.0028     0.9928
11773.100      1.0027     0.9957
11773.200      1.0007     0.9979
11773.300      0.9961     0.9991
11773.400      0.9894     0.9995
11773.500      0.9816     0.9997
11773.600      0.9725     0.9997
11773.700      0.9604     0.9998
11773.800      0.9409     0.9998
11773.900      0.8925     0.9998
11774.000      0.8304     0.9998
11774.100      0.7727     0.9998
11774.200      0.7290     0.9999
11774.300      0.7408     0.9999
11774.400      0.7860     0.9999
11774.500      0.8399     0.9999
11774.600      0.8949     0.9999
11774.700      0.9256     0.9999
11774.800      0.9338     0.9999
11774.900      0.9297     0.9999
11775.000      0.9235     0.9998
11775.100      0.9188     0.9998
11775.200      0.9147     0.9998
11775.300      0.8946     0.9998
11775.400      0.8453     0.9998
11775.500      0.7447     0.9998
11775.600      0.6289     0.9998
11775.700      0.5268     0.9998
11775.800      0.4573     0.9998
11775.900      0.4885     0.9998
11776.000      0.5683     0.9998
11776.100      0.6650     0.9998
11776.200      0.7632     0.9997
11776.300      0.8180     0.9997
11776.400      0.8438     0.9997
11776.500      0.8573     0.9996
11776.600      0.8661     0.9995
11776.700      0.8731     0.9993
11776.800      0.8760     0.9986
11776.900      0.8542     0.9963
11777.000      0.7982     0.9900
11777.100      0.6851     0.9756
11777.200      0.5605     0.9493
11777.300      0.4540     0.9126
11777.400      0.3835     0.8750
11777.500      0.4110     0.8513
11777.600      0.4954     0.8527
11777.700      0.6180     0.8784
11777.800      0.7444     0.9166
11777.900      0.8340     0.9525
11778.000      0.8869     0.9775
11778.100      0.9094     0.9909
11778.200      0.9060     0.9967
11778.300      0.8712     0.9987
11778.400      0.8293     0.9993
11778.500      0.7847     0.9995
11778.600      0.7400     0.9996
11778.700      0.7411     0.9996
11778.800      0.7733     0.9997
11778.900      0.8322     0.9997
11779.000      0.8933     0.9997
11779.100      0.9362     0.9998
11779.200      0.9643     0.9998
11779.300      0.9773     0.9998
11779.400      0.9864     0.9998
11779.500      0.9942     0.9998
11779.600      1.0002     0.9998
11779.700      1.0026     0.9998
11779.800      1.0029     0.9998
11779.900      1.0014     0.9998
11780.000      0.9997     0.9998
11780.100      0.9989     0.9999
11780.200      0.9990     0.9999
11780.300      1.0009     0.9999
11780.400      1.0030     0.9999
11780.500      1.0004     0.9999
11780.600      0.9973     0.9999
11780.700      0.9954     0.9999
11780.800      0.9942     0.9999
11780.900      0.9939     0.9999
11781.000      0.9936     0.9999
11781.100      0.9922     0.9999
11781.200      0.9903     0.9999
11781.300      0.9880     0.9999
11781.400      0.9858     0.9999
11781.500      0.9845     0.9999
11781.600      0.9841     0.9999
11781.700      0.9852     0.9999
11781.800      0.9862     0.9999
11781.900      0.9847     0.9999
11782.000      0.9832     0.9999
11782.100      0.9820     0.9999
11782.200      0.9813     0.9999
11782.300      0.9837     0.9999
11782.400      0.9861     0.9998
11782.500      0.9841     0.9998
11782.600      0.9819     0.9996
11782.700      0.9797     0.9992
11782.800      0.9774     0.9984
11782.900      0.9732     0.9967
11783.000      0.9683     0.9941
11783.100      0.9633     0.9909
11783.200      0.9575     0.9886
11783.300      0.9471     0.9886
11783.400      0.9289     0.9909
11783.500      0.8775     0.9942
11783.600      0.7990     0.9970
11783.700      0.6821     0.9987
11783.800      0.5671     0.9994
11783.900      0.5134     0.9997
11784.000      0.5148     0.9998
11784.100      0.6072     0.9999
11784.200      0.6996     0.9999
11784.300      0.7915     0.9999
11784.400      0.8788     0.9999
11784.500      0.9187     0.9998
11784.600      0.9431     0.9998
11784.700      0.9576     0.9998
11784.800      0.9667     0.9998
11784.900      0.9721     0.9998
11785.000      0.9777     0.9998
11785.100      0.9843     0.9999
11785.200      0.9902     0.9999
11785.300      0.9902     0.9999
11785.400      0.9902     0.9999
11785.500      0.9917     0.9999
11785.600      0.9947     0.9999
11785.700      0.9995     0.9999
11785.800      1.0039     0.9999
11785.900      1.0030     0.9999
11786.000      0.9959     0.9999
11786.100      0.9791     0.9999
11786.200      0.9609     0.9998
11786.300      0.9423     0.9998
11786.400      0.9254     0.9998
11786.500      0.9238     0.9998
11786.600      0.9329     0.9998
11786.700      0.9523     0.9998
11786.800      0.9714     0.9998
11786.900      0.9876     0.9998
11787.000      0.9994     0.9998
11787.100      1.0026     0.9998
11787.200      1.0028     0.9998
11787.300      1.0014     0.9998
11787.400      1.0003     0.9998
11787.500      1.0010     0.9997
11787.600      1.0019     0.9997
11787.700      1.0031     0.9997
11787.800      1.0045     0.9996
11787.900      1.0062     0.9994
11788.000      1.0069     0.9992
11788.100      1.0043     0.9988
11788.200      1.0028     0.9983
11788.300      1.0050     0.9976
11788.400      1.0072     0.9971
11788.500      1.0090     0.9969
11788.600      1.0092     0.9971
11788.700      1.0059     0.9976
11788.800      1.0027     0.9981
11788.900      1.0002     0.9983
11789.000      0.9986     0.9981
11789.100      0.9983     0.9975
11789.200      0.9985     0.9966
11789.300      0.9988     0.9957
11789.400      0.9992     0.9952
11789.500      0.9995     0.9953
11789.600      0.9993     0.9960
11789.700      0.9984     0.9970
11789.800      0.9986     0.9980
11789.900      1.0013     0.9986
11790.000      1.0028     0.9990
11790.100      1.0016     0.9992
11790.200      1.0006     0.9993
11790.300      0.9999     0.9993
11790.400      0.9994     0.9992
11790.500      0.9988     0.9990
11790.600      0.9980     0.9986
11790.700      0.9968     0.9979
11790.800      0.9960     0.9967
11790.900      0.9966     0.9953
11791.000      0.9981     0.9940
11791.100      1.0001     0.9934
11791.200      1.0011     0.9938
11791.300      1.0003     0.9949
11791.400      0.9992     0.9964
11791.500      0.9981     0.9976
11791.600      0.9976     0.9985
11791.700      0.9980     0.9990
11791.800      0.9981     0.9993
11791.900      0.9971     0.9995
11792.000      0.9959     0.9996
11792.100      0.9943     0.9996
11792.200      0.9916     0.9997
11792.300      0.9876     0.9997
11792.400      0.9849     0.9997
11792.500      0.9852     0.9998
11792.600      0.9873     0.9998
11792.700      0.9903     0.9998
11792.800      0.9930     0.9998
11792.900      0.9947     0.9998
11793.000      0.9955     0.9998
11793.100      0.9953     0.9998
11793.200      0.9939     0.9998
11793.300      0.9920     0.9998
11793.400      0.9919     0.9998
11793.500      0.9939     0.9998
11793.600      0.9950     0.9999
11793.700      0.9942     0.9999
11793.800      0.9921     0.9999
11793.900      0.9896     0.9999
11794.000      0.9885     0.9999
11794.100      0.9889     0.9999
11794.200      0.9885     0.9999
11794.300      0.9862     0.9999
11794.400      0.9827     0.9999
11794.500      0.9776     0.9999
11794.600      0.9705     0.9999
11794.700      0.9617     0.9999
11794.800      0.9519     0.9999
11794.900      0.9407     0.9999
11795.000      0.9223     0.9999
11795.100      0.8837     0.9999
11795.200      0.8030     0.9999
11795.300      0.6912     0.9999
11795.400      0.5706     0.9999
11795.500      0.4485     0.9999
11795.600      0.3831     0.9999
11795.700      0.4122     0.9999
11795.800      0.5184     0.9999
11795.900      0.6497     0.9999
11796.000      0.7680     0.9999
11796.100      0.8575     0.9999
11796.200      0.9098     0.9999
11796.300      0.9365     0.9999
11796.400      0.9502     0.9999
11796.500      0.9590     0.9999
11796.600      0.9650     0.9999
11796.700      0.9694     0.9999
11796.800      0.9725     0.9999
11796.900      0.9739     0.9999
11797.000      0.9711     0.9998
11797.100      0.9647     0.9998
11797.200      0.9566     0.9998
11797.300      0.9463     0.9998
11797.400      0.9337     0.9998
11797.500      0.9155     0.9999
11797.600      0.8757     0.9999
11797.700      0.8197     0.9999
11797.800      0.7561     0.9999
11797.900      0.6913     0.9999
11798.000      0.6720     0.9999
11798.100      0.7039     0.9999
11798.200      0.7736     0.9999
11798.300      0.8513     0.9999
11798.400      0.9124     0.9999
11798.500      0.9509     0.9999
11798.600      0.9680     0.9998
11798.700      0.9766     0.9998
11798.800      0.9823     0.9998
11798.900      0.9859     0.9998
11799.000      0.9858     0.9998
11799.100      0.9848     0.9998
11799.200      0.9840     0.9998
11799.300      0.9836     0.9998
11799.400      0.9851     0.9998
11799.500      0.9872     0.9998
11799.600      0.9876     0.9998
11799.700      0.9873     0.9997
11799.800      0.9890     0.9997
11799.900      0.9914     0.9997
11800.000      0.9909     0.9996
11800.100      0.9871     0.9995
11800.200      0.9809     0.9994
11800.300      0.9717     0.9989
11800.400      0.9560     0.9975
11800.500      0.9390     0.9931
11800.600      0.9311     0.9822
11800.700      0.9335     0.9607
11800.800      0.9485     0.9273
11800.900      0.9656     0.8887
11801.000      0.9794     0.8583
11801.100      0.9885     0.8498
11801.200      0.9893     0.8673
11801.300      0.9886     0.9024
11801.400      0.9902     0.9405
11801.500      0.9938     0.9699
11801.600      0.9995     0.9872
11801.700      1.0055     0.9952
11801.800      1.0069     0.9982
11801.900      1.0069     0.9992
11802.000      1.0067     0.9995
11802.100      1.0063     0.9996
11802.200      1.0045     0.9996
11802.300      1.0025     0.9997
11802.400      1.0016     0.9997
11802.500      1.0009     0.9998
11802.600      1.0002     0.9998
11802.700      0.9995     0.9998
11802.800      0.9988     0.9998
11802.900      0.9982     0.9998
11803.000      1.0029     0.9998
11803.100      1.0084     0.9998
11803.200      1.0109     0.9998
11803.300      1.0106     0.9998
11803.400      1.0060     0.9999
11803.500      1.0010     0.9999
11803.600      0.9982     0.9999
11803.700      0.9956     0.9999
11803.800      0.9861     0.9999
11803.900      0.9758     0.9999
11804.000      0.9656     0.9999
11804.100      0.9560     0.9999
11804.200      0.9607     0.9999
11804.300      0.9689     0.9999
11804.400      0.9786     0.9999
11804.500      0.9884     0.9999
11804.600      0.9902     0.9999
11804.700      0.9892     0.9999
11804.800      0.9862     0.9999
11804.900      0.9831     0.9999
11805.000      0.9882     0.9999
11805.100      0.9936     0.9999
11805.200      0.9954     0.9999
11805.300      0.9971     0.9999
11805.400      0.9998     0.9999
11805.500      1.0025     0.9999
11805.600      1.0039     0.9999
11805.700      1.0037     0.9999
11805.800      0.9992     0.9999
11805.900      0.9947     0.9999
11806.000      0.9982     0.9999
11806.100      1.0017     0.9999
11806.200      1.0033     0.9999
11806.300      1.0028     0.9999
11806.400      0.9968     0.9999
11806.500      0.9909     0.9999
11806.600      0.9891     0.9999
11806.700      0.9880     0.9999
11806.800      0.9874     0.9999
11806.900      0.9867     0.9999
11807.000      0.9837     0.9999
11807.100      0.9809     0.9999
11807.200      0.9830     0.9999
11807.300      0.9873     0.9999
11807.400      0.9936     0.9999
11807.500      0.9995     0.9999
11807.600      0.9983     0.9999
11807.700      0.9921     0.9999
11807.800      0.9798     0.9999
11807.900      0.9678     0.9999
11808.000      0.9619     0.9999
11808.100      0.9615     0.9999
11808.200      0.9689     0.9999
11808.300      0.9759     0.9999
11808.400      0.9745     0.9999
11808.500      0.9639     0.9999
11808.600      0.9377     0.9999
11808.700      0.9115     0.9999
11808.800      0.8852     0.9999
11808.900      0.8603     0.9999
11809.000      0.8523     0.9999
11809.100      0.8571     0.9999
11809.200      0.8759     0.9999
11809.300      0.9014     0.9999
11809.400      0.9314     0.9999
11809.500      0.9606     0.9999
11809.600      0.9811     0.9999
11809.700      0.9942     0.9999
11809.800      0.9986     0.9999
11809.900      1.0017     0.9999
11810.000      1.0044     0.9999
11810.100      1.0059     0.9998
11810.200      1.0052     0.9998
11810.300      1.0030     0.9996
11810.400      0.9998     0.9994
11810.500      0.9970     0.9992
11810.600      0.9965     0.9990
11810.700      0.9979     0.9991
11810.800      1.0009     0.9992
11810.900      1.0033     0.9994
11811.000      1.0027     0.9993
11811.100      1.0010     0.9987
11811.200      0.9987     0.9973
11811.300      0.9963     0.9950
11811.400      0.9942     0.9924
11811.500      0.9929     0.9905
11811.600      0.9941     0.9905
11811.700      0.9969     0.9924
11811.800      1.0010     0.9951
11811.900      1.0046     0.9975
11812.000      1.0056     0.9989
11812.100      1.0044     0.9995
11812.200      1.0013     0.9996
11812.300      0.9972     0.9994
11812.400      0.9924     0.9990
11812.500      0.9867     0.9986
11812.600      0.9792     0.9983
11812.700      0.9677     0.9984
11812.800      0.9433     0.9987
11812.900      0.8977     0.9991
11813.000      0.8284     0.9995
11813.100      0.7603     0.9997
11813.200      0.7023     0.9998
11813.300      0.6778     0.9999
11813.400      0.7184     0.9999
11813.500      0.7818     0.9999
11813.600      0.8543     0.9999
11813.700      0.9172     0.9999
11813.800      0.9490     0.9999
11813.900      0.9607     0.9999
11814.000      0.9613     0.9999
11814.100      0.9630     0.9999
11814.200      0.9688     0.9999
11814.300      0.9776     0.9999
11814.400      0.9884     0.9999
11814.500      0.9957     0.9999
11814.600      0.9941     0.9999
11814.700      0.9881     0.9999
11814.800      0.9803     0.9999
11814.900      0.9751     0.9999
11815.000      0.9757     0.9999
11815.100      0.9781     0.9999
11815.200      0.9812     0.9999
11815.300      0.9829     0.9999
11815.400      0.9794     0.9999
11815.500      0.9676     0.9999
11815.600      0.9491     0.9999
11815.700      0.9312     0.9999
11815.800      0.9163     0.9999
11815.900      0.9142     0.9999
11816.000      0.9291     0.9999
11816.100      0.9486     0.9999
11816.200      0.9694     0.9999
11816.300      0.9845     0.9999
11816.400      0.9890     0.9999
11816.500      0.9881     0.9999
11816.600      0.9852     0.9999
11816.700      0.9828     0.9999
11816.800      0.9808     0.9999
11816.900      0.9778     0.9999
11817.000      0.9723     0.9999
11817.100      0.9649     0.9999
11817.200      0.9554     0.9999
11817.300      0.9440     0.9999
11817.400      0.9293     0.9999
11817.500      0.9070     0.9999
11817.600      0.8666     0.9999
11817.700      0.7955     0.9999
11817.800      0.6919     0.9999
11817.900      0.5653     0.9999
11818.000      0.4312     0.9999
11818.100      0.3188     0.9999
11818.200      0.2482     0.9999
11818.300      0.2057     0.9998
11818.400      0.1851     0.9997
11818.500      0.1787     0.9993
11818.600      0.1912     0.9984
11818.700      0.2584     0.9967
11818.800      0.3731     0.9941
11818.900      0.5099     0.9912
11819.000      0.6515     0.9895
11819.100      0.7671     0.9897
11819.200      0.8410     0.9919
11819.300      0.8865     0.9947
11819.400      0.9146     0.9972
11819.500      0.9308     0.9987
11819.600      0.9396     0.9995
11819.700      0.9399     0.9997
11819.800      0.9370     0.9998
11819.900      0.9332     0.9999
11820.000      0.9292     0.9999
11820.100      0.9316     0.9999
11820.200      0.9383     0.9999
11820.300      0.9446     0.9999
11820.400      0.9493     0.9998
11820.500      0.9441     0.9997
11820.600      0.9229     0.9993
11820.700      0.8825     0.9987
11820.800      0.8357     0.9978
11820.900      0.7911     0.9970
11821.000      0.7536     0.9968
11821.100      0.7459     0.9973
11821.200      0.7525     0.9981
11821.300      0.7511     0.9989
11821.400      0.7288     0.9995
11821.500      0.6432     0.9997
11821.600      0.5322     0.9998
11821.700      0.4266     0.9999
11821.800      0.3379     0.9999
11821.900      0.3363     0.9999
11822.000      0.4112     0.9999
11822.100      0.5376     0.9999
11822.200      0.6731     0.9999
11822.300      0.7836     0.9999
11822.400      0.8606     0.9999
11822.500      0.9055     0.9999
11822.600      0.9315     0.9999
11822.700      0.9434     0.9999
11822.800      0.9511     0.9999
11822.900      0.9561     0.9999
11823.000      0.9609     0.9999
11823.100      0.9664     0.9999
11823.200      0.9721     0.9999
11823.300      0.9764     0.9998
11823.400      0.9789     0.9997
11823.500      0.9796     0.9994
11823.600      0.9800     0.9985
11823.700      0.9805     0.9967
11823.800      0.9817     0.9942
11823.900      0.9849     0.9916
11824.000      0.9892     0.9900
11824.100      0.9942     0.9905
11824.200      0.9992     0.9926
11824.300      1.0000     0.9954
11824.400      0.9989     0.9976
11824.500      0.9970     0.9989
11824.600      0.9950     0.9996
11824.700      0.9948     0.9998
11824.800      0.9951     0.9999
11824.900      0.9926     0.9999
11825.000      0.9861     0.9999
11825.100      0.9743     0.9999
11825.200      0.9555     0.9999
11825.300      0.9235     0.9999
11825.400      0.8894     0.9999
11825.500      0.8636     0.9999
11825.600      0.8496     0.9999
11825.700      0.8580     0.9999
11825.800      0.8762     0.9999
11825.900      0.9007     0.9999
11826.000      0.9256     0.9999
11826.100      0.9451     0.9999
11826.200      0.9575     0.9999
11826.300      0.9606     0.9999
11826.400      0.9511     0.9999
11826.500      0.9165     0.9999
11826.600      0.8750     0.9999
11826.700      0.8301     0.9998
11826.800      0.7852     0.9998
11826.900      0.7815     0.9997
11827.000      0.8056     0.9995
11827.100      0.8574     0.9994
11827.200      0.9109     0.9993
11827.300      0.9481     0.9993
11827.400      0.9725     0.9992
11827.500      0.9846     0.9985
11827.600      0.9878     0.9955
11827.700      0.9814     0.9868
11827.800      0.9740     0.9672
11827.900      0.9662     0.9333
11828.000      0.9584     0.8904
11828.100      0.9557     0.8545
11828.200      0.9572     0.8435
11828.300      0.9653     0.8635
11828.400      0.9736     0.9037
11828.500      0.9819     0.9452
11828.600      0.9902     0.9750
11828.700      0.9941     0.9907
11828.800      0.9966     0.9969
11828.900      0.9986     0.9986
11829.000      0.9998     0.9987
11829.100      1.0001     0.9982
11829.200      0.9994     0.9977
11829.300      0.9973     0.9976
11829.400      0.9951     0.9978
11829.500      0.9933     0.9983
11829.600      0.9918     0.9989
11829.700      0.9915     0.9993
11829.800      0.9918     0.9996
11829.900      0.9926     0.9997
11830.000      0.9932     0.9998
11830.100      0.9888     0.9998
11830.200      0.9819     0.9998
11830.300      0.9725     0.9998
11830.400      0.9630     0.9998
11830.500      0.9558     0.9999
11830.600      0.9512     0.9999
11830.700      0.9522     0.9999
11830.800      0.9585     0.9999
11830.900      0.9720     0.9999
11831.000      0.9851     0.9999
11831.100      0.9910     0.9999
11831.200      0.9944     0.9999
11831.300      0.9963     0.9999
11831.400      0.9966     0.9999
11831.500      0.9955     0.9999
11831.600      0.9922     0.9999
11831.700      0.9853     0.9999
11831.800      0.9784     0.9999
11831.900      0.9716     0.9999
11832.000      0.9654     0.9998
11832.100      0.9639     0.9998
11832.200      0.9651     0.9998
11832.300      0.9687     0.9998
11832.400      0.9719     0.9998
11832.500      0.9715     0.9998
11832.600      0.9694     0.9998
11832.700      0.9659     0.9998
11832.800      0.9628     0.9998
11832.900      0.9629     0.9998
11833.000      0.9636     0.9998
11833.100      0.9646     0.9998
11833.200      0.9668     0.9998
11833.300      0.9714     0.9998
11833.400      0.9766     0.9998
11833.500      0.9819     0.9998
11833.600      0.9871     0.9998
11833.700      0.9915     0.9998
11833.800      0.9951     0.9998
11833.900      0.9977     0.9998
11834.000      1.0009     0.9998
11834.100      1.0064     0.9997
11834.200      1.0106     0.9997
11834.300      1.0096     0.9997
11834.400      1.0086     0.9997
11834.500      1.0079     0.9997
11834.600      1.0068     0.9996
11834.700      1.0047     0.9996
11834.800      1.0035     0.9995
11834.900      1.0056     0.9994
11835.000      1.0072     0.9994
11835.100      1.0066     0.9993
11835.200      1.0046     0.9993
11835.300      1.0013     0.9994
11835.400      0.9984     0.9994
11835.500      0.9965     0.9995
11835.600      0.9938     0.9995
11835.700      0.9861     0.9995
11835.800      0.9716     0.9996
11835.900      0.9497     0.9996
11836.000      0.9278     0.9996
11836.100      0.9081     0.9996
11836.200      0.8963     0.9995
11836.300      0.9052     0.9995
11836.400      0.9263     0.9995
11836.500      0.9541     0.9995
11836.600      0.9791     0.9995
11836.700      0.9931     0.9994
11836.800      0.9988     0.9994
11836.900      0.9979     0.9993
11837.000      0.9940     0.9993
11837.100      0.9890     0.9992
11837.200      0.9846     0.9992
11837.300      0.9825     0.9991
11837.400      0.9816     0.9990
11837.500      0.9818     0.9988
11837.600      0.9834     0.9987
11837.700      0.9862     0.9985
11837.800      0.9888     0.9982
11837.900      0.9897     0.9978
11838.000      0.9853     0.9973
11838.100      0.9675     0.9966
11838.200      0.9357     0.9953
11838.300      0.8947     0.9926
11838.400      0.8582     0.9863
11838.500      0.8409     0.9717
11838.600      0.8521     0.9424
11838.700      0.8861     0.8955
11838.800      0.9200     0.8379
11838.900      0.9530     0.7889
11839.000      0.9759     0.7703
11839.100      0.9836     0.7912
11839.200      0.9897     0.8413
11839.300      0.9949     0.8987
11839.400      0.9982     0.9447
11839.500      0.9995     0.9729
11839.600      0.9995     0.9868
11839.700      0.9990     0.9928
11839.800      0.9997     0.9953
11839.900      1.0022     0.9965
11840.000      1.0024     0.9971
11840.100      0.9998     0.9974
11840.200      0.9982     0.9977
11840.300      0.9980     0.9979
11840.400      0.9981     0.9982
11840.500      0.9984     0.9985
11840.600      0.9988     0.9988
11840.700      0.9992     0.9990
11840.800      0.9996     0.9991
11840.900      0.9997     0.9992
11841.000      0.9991     0.9993
11841.100      0.9977     0.9993
11841.200      0.9967     0.9994
11841.300      0.9962     0.9994
11841.400      0.9935     0.9994
11841.500      0.9880     0.9995
11841.600      0.9817     0.9995
11841.700      0.9752     0.9996
11841.800      0.9713     0.9996
11841.900      0.9698     0.9996
11842.000      0.9674     0.9996
11842.100      0.9624     0.9997
11842.200      0.9535     0.9997
11842.300      0.9385     0.9997
11842.400      0.9185     0.9997
11842.500      0.8901     0.9997
11842.600      0.8454     0.9997
11842.700      0.7745     0.9997
11842.800      0.6638     0.9997
11842.900      0.5361     0.9997
11843.000      0.4183     0.9997
11843.100      0.3331     0.9997
11843.200      0.3270     0.9998
11843.300      0.3974     0.9998
11843.400      0.5167     0.9998
11843.500      0.6475     0.9998
11843.600      0.7554     0.9998
11843.700      0.8276     0.9998
11843.800      0.8711     0.9998
11843.900      0.8990     0.9998
11844.000      0.9186     0.9998
11844.100      0.9338     0.9998
11844.200      0.9454     0.9998
11844.300      0.9536     0.9998
11844.400      0.9570     0.9998
11844.500      0.9559     0.9998
11844.600      0.9497     0.9998
11844.700      0.9422     0.9998
11844.800      0.9392     0.9998
11844.900      0.9428     0.9998
11845.000      0.9538     0.9998
11845.100      0.9668     0.9998
11845.200      0.9777     0.9998
11845.300      0.9849     0.9998
11845.400      0.9866     0.9998
11845.500      0.9868     0.9998
11845.600      0.9874     0.9998
11845.700      0.9882     0.9998
11845.800      0.9880     0.9998
11845.900      0.9855     0.9998
11846.000      0.9757     0.9998
11846.100      0.9634     0.9998
11846.200      0.9529     0.9998
11846.300      0.9461     0.9998
11846.400      0.9514     0.9998
11846.500      0.9605     0.9998
11846.600      0.9691     0.9998
11846.700      0.9760     0.9998
11846.800      0.9768     0.9998
11846.900      0.9729     0.9997
11847.000      0.9673     0.9997
11847.100      0.9590     0.9997
11847.200      0.9468     0.9997
11847.300      0.9265     0.9997
11847.400      0.8843     0.9997
11847.500      0.8227     0.9997
11847.600      0.7412     0.9996
11847.700      0.6568     0.9996
11847.800      0.6198     0.9995
11847.900      0.6330     0.9992
11848.000      0.7054     0.9985
11848.100      0.7868     0.9963
11848.200      0.8581     0.9906
11848.300      0.9139     0.9783
11848.400      0.9408     0.9573
11848.500      0.9528     0.9302
11848.600      0.9576     0.9057
11848.700      0.9564     0.8949
11848.800      0.9505     0.9032
11848.900      0.9382     0.9264
11849.000      0.9121     0.9538
11849.100      0.8840     0.9759
11849.200      0.8659     0.9893
11849.300      0.8599     0.9958
11849.400      0.8746     0.9983
11849.500      0.8919     0.9992
11849.600      0.9042     0.9994
11849.700      0.9082     0.9996
11849.800      0.8948     0.9996
11849.900      0.8587     0.9997
11850.000      0.7793     0.9997
11850.100      0.6862     0.9997
11850.200      0.5852     0.9998
11850.300      0.4838     0.9998
11850.400      0.4668     0.9998
11850.500      0.5105     0.9998
11850.600      0.6226     0.9998
11850.700      0.7388     0.9998
11850.800      0.8294     0.9998
11850.900      0.8959     0.9998
11851.000      0.9290     0.9998
11851.100      0.9493     0.9998
11851.200      0.9627     0.9998
11851.300      0.9709     0.9998
11851.400      0.9739     0.9998
11851.500      0.9758     0.9998
11851.600      0.9772     0.9998
11851.700      0.9785     0.9998
11851.800      0.9837     0.9998
11851.900      0.9891     0.9998
11852.000      0.9918     0.9998
11852.100      0.9926     0.9998
11852.200      0.9906     0.9998
11852.300      0.9885     0.9998
11852.400      0.9880     0.9998
11852.500      0.9878     0.9998
11852.600      0.9878     0.9998
11852.700      0.9878     0.9998
11852.800      0.9868     0.9998
11852.900      0.9859     0.9998
11853.000      0.9853     0.9998
11853.100      0.9851     0.9998
11853.200      0.9860     0.9998
11853.300      0.9869     0.9998
11853.400      0.9878     0.9998
11853.500      0.9885     0.9998
11853.600      0.9889     0.9998
11853.700      0.9893     0.9998
11853.800      0.9902     0.9998
11853.900      0.9910     0.9997
11854.000      0.9912     0.9997
11854.100      0.9906     0.9996
11854.200      0.9857     0.9995
11854.300      0.9763     0.9995
11854.400      0.9590     0.9994
11854.500      0.9424     0.9992
11854.600      0.9384     0.9990
11854.700      0.9433     0.9987
11854.800      0.9592     0.9984
11854.900      0.9750     0.9981
11855.000      0.9864     0.9981
11855.100      0.9937     0.9982
11855.200      0.9950     0.9985
11855.300      0.9956     0.9988
11855.400      0.9960     0.9990
11855.500      0.9960     0.9992
11855.600      0.9957     0.9994
11855.700      0.9956     0.9995
11855.800      0.9977     0.9996
11855.900      0.9994     0.9997
11856.000      0.9983     0.9997
11856.100      0.9974     0.9997
11856.200      0.9978     0.9998
11856.300      0.9993     0.9998
11856.400      1.0019     0.9998
11856.500      1.0042     0.9998
11856.600      1.0033     0.9998
11856.700      0.9999     0.9998
11856.800      0.9938     0.9998
11856.900      0.9878     0.9998
11857.000      0.9833     0.9998
11857.100      0.9815     0.9998
11857.200      0.9858     0.9998
11857.300      0.9914     0.9998
11857.400      0.9976     0.9998
11857.500      1.0024     0.9998
11857.600      1.0014     0.9998
11857.700      1.0006     0.9998
11857.800      1.0003     0.9998
11857.900      1.0003     0.9998
11858.000      1.0006     0.9998
11858.100      0.9992     0.9998
11858.200      0.9921     0.9998
11858.300      0.9863     0.9998
11858.400      0.9860     0.9998
11858.500      0.9879     0.9998
11858.600      0.9909     0.9998
11858.700      0.9929     0.9998
11858.800      0.9875     0.9997
11858.900      0.9710     0.9997
11859.000      0.9406     0.9996
11859.100      0.9103     0.9996
11859.200      0.8807     0.9996
11859.300      0.8614     0.9996
11859.400      0.8747     0.9996
11859.500      0.9015     0.9996
11859.600      0.9351     0.9994
11859.700      0.9651     0.9992
11859.800      0.9819     0.9988
11859.900      0.9912     0.9983
11860.000      0.9958     0.9981
11860.100      0.9995     0.9981
11860.200      1.0028     0.9983
11860.300      1.0041     0.9986
11860.400      1.0029     0.9989
11860.500      1.0025     0.9990
11860.600      1.0039     0.9992
11860.700      1.0050     0.9993
11860.800      1.0050     0.9994
11860.900      1.0037     0.9994
11861.000      1.0013     0.9995
11861.100      1.0002     0.9996
11861.200      1.0014     0.9996
11861.300      1.0015     0.9996
11861.400      0.9997     0.9996
11861.500      0.9980     0.9996
11861.600      0.9968     0.9996
11861.700      0.9978     0.9996
11861.800      1.0015     0.9996
11861.900      1.0031     0.9996
11862.000      1.0013     0.9995
11862.100      0.9991     0.9994
11862.200      0.9968     0.9992
11862.300      0.9961     0.9984
11862.400      0.9986     0.9962
11862.500      1.0023     0.9904
11862.600      1.0063     0.9780
11862.700      1.0089     0.9569
11862.800      1.0084     0.9298
11862.900      1.0061     0.9054
11863.000      1.0031     0.8947
11863.100      1.0024     0.9032
11863.200      1.0046     0.9265
11863.300      1.0049     0.9539
11863.400      1.0027     0.9759
11863.500      1.0018     0.9893
11863.600      1.0025     0.9956
11863.700      1.0032     0.9979
11863.800      1.0031     0.9986
11863.900      1.0010     0.9988
11864.000      0.9973     0.9990
11864.100      0.9944     0.9992
11864.200      0.9924     0.9994
11864.300      0.9892     0.9996
11864.400      0.9802     0.9997
11864.500      0.9539     0.9998
11864.600      0.9085     0.9998
11864.700      0.8541     0.9998
11864.800      0.7974     0.9998
11864.900      0.7616     0.9998
11865.000      0.7668     0.9998
11865.100      0.8080     0.9998
11865.200      0.8634     0.9998
11865.300      0.9144     0.9998
11865.400      0.9535     0.9998
11865.500      0.9755     0.9998
11865.600      0.9852     0.9999
11865.700      0.9904     0.9999
11865.800      0.9937     0.9999
11865.900      0.9957     0.9999
11866.000      0.9965     0.9999
11866.100      0.9939     0.9999
11866.200      0.9898     0.9999
11866.300      0.9894     0.9998
11866.400      0.9920     0.9998
11866.500      0.9948     0.9997
11866.600      0.9976     0.9995
11866.700      0.9973     0.9994
11866.800      0.9949     0.9994
11866.900      0.9930     0.9995
11867.000      0.9916     0.9997
11867.100      0.9886     0.9998
11867.200      0.9847     0.9998
11867.300      0.9825     0.9999
11867.400      0.9815     0.9999
11867.500      0.9748     0.9999
11867.600      0.9648     0.9999
11867.700      0.9580     0.9999
11867.800      0.9562     0.9999
11867.900      0.9601     0.9999
11868.000      0.9658     0.9999
11868.100      0.9708     0.9999
11868.200      0.9734     0.9999
11868.300      0.9690     0.9999
11868.400      0.9522     0.9999
11868.500      0.9135     0.9999
11868.600      0.8675     0.9999
11868.700      0.8233     0.9999
11868.800      0.7850     0.9999
11868.900      0.7838     0.9999
11869.000      0.8146     0.9999
11869.100      0.8656     0.9999
11869.200      0.9200     0.9999
11869.300      0.9575     0.9999
11869.400      0.9775     0.9999
11869.500      0.9836     0.9999
11869.600      0.9871     0.9999
11869.700      0.9919     0.9999
11869.800      0.9972     0.9999
11869.900      1.0009     0.9999
11870.000      1.0025     0.9999
11870.100      1.0014     0.9999
11870.200      0.9997     0.9999
11870.300      0.9981     0.9999
11870.400      0.9969     0.9999
11870.500      0.9963     0.9999
11870.600      0.9960     0.9999
11870.700      0.9930     0.9999
11870.800      0.9861     0.9999
11870.900      0.9721     0.9999
11871.000      0.9566     0.9999
11871.100      0.9475     0.9999
11871.200      0.9467     0.9999
11871.300      0.9589     0.9999
11871.400      0.9734     0.9999
11871.500      0.9838     0.9999
11871.600      0.9885     0.9999
11871.700      0.9840     0.9999
11871.800      0.9779     0.9999
11871.900      0.9773     0.9999
11872.000      0.9806     0.9999
11872.100      0.9869     0.9999
11872.200      0.9934     0.9999
11872.300      0.9970     0.9998
11872.400      0.9985     0.9998
11872.500      0.9990     0.9998
11872.600      0.9985     0.9998
11872.700      0.9963     0.9998
11872.800      0.9939     0.9998
11872.900      0.9917     0.9999
11873.000      0.9897     0.9999
11873.100      0.9880     0.9999
11873.200      0.9867     0.9999
11873.300      0.9862     0.9999
11873.400      0.9870     0.9999
11873.500      0.9930     0.9999
11873.600      0.9997     0.9999
11873.700      1.0019     0.9999
11873.800      1.0017     0.9999
11873.900      0.9992     0.9998
11874.000      0.9967     0.9998
11874.100      0.9965     0.9998
11874.200      0.9966     0.9998
11874.300      0.9943     0.9998
11874.400      0.9907     0.9998
11874.500      0.9859     0.9998
11874.600      0.9810     0.9999
11874.700      0.9782     0.9999
11874.800      0.9756     0.9999
11874.900      0.9710     0.9999
11875.000      0.9630     0.9999
11875.100      0.9394     0.9999
11875.200      0.9086     0.9998
11875.300      0.8717     0.9998
11875.400      0.8346     0.9998
11875.500      0.8238     0.9998
11875.600      0.8282     0.9998
11875.700      0.8499     0.9998
11875.800      0.8718     0.9998
11875.900      0.8744     0.9998
11876.000      0.8561     0.9998
11876.100      0.7984     0.9997
11876.200      0.7091     0.9997
11876.300      0.5754     0.9996
11876.400      0.4418     0.9996
11876.500      0.3439     0.9994
11876.600      0.2873     0.9992
11876.700      0.3344     0.9988
11876.800      0.4260     0.9983
11876.900      0.5568     0.9978
11877.000      0.6872     0.9977
11877.100      0.7879     0.9978
11877.200      0.8647     0.9983
11877.300      0.9087     0.9988
11877.400      0.9347     0.9992
11877.500      0.9460     0.9994
11877.600      0.9532     0.9996
11877.700      0.9578     0.9996
11877.800      0.9624     0.9996
11877.900      0.9683     0.9997
11878.000      0.9741     0.9997
11878.100      0.9783     0.9996
11878.200      0.9818     0.9996
11878.300      0.9849     0.9996
11878.400      0.9874     0.9996
11878.500      0.9887     0.9995
11878.600      0.9885     0.9994
11878.700      0.9861     0.9993
11878.800      0.9810     0.9988
11878.900      0.9717     0.9976
11879.000      0.9588     0.9941
11879.100      0.9419     0.9855
11879.200      0.9255     0.9682
11879.300      0.9164     0.9411
11879.400      0.9139     0.9091
11879.500      0.9199     0.8835
11879.600      0.9254     0.8761
11879.700      0.9269     0.8906
11879.800      0.9285     0.9199
11879.900      0.9316     0.9513
11880.000      0.9379     0.9752
11880.100      0.9531     0.9892
11880.200      0.9680     0.9957
11880.300      0.9785     0.9982
11880.400      0.9838     0.9990
11880.500      0.9810     0.9993
11880.600      0.9762     0.9995
11880.700      0.9704     0.9995
11880.800      0.9635     0.9996
11880.900      0.9556     0.9996
11881.000      0.9454     0.9997
11881.100      0.9291     0.9997
11881.200      0.9042     0.9997
11881.300      0.8593     0.9997
11881.400      0.7831     0.9997
11881.500      0.6654     0.9998
11881.600      0.5479     0.9998
11881.700      0.4337     0.9998
11881.800      0.3451     0.9998
11881.900      0.3623     0.9998
11882.000      0.4476     0.9998
11882.100      0.5810     0.9998
11882.200      0.7093     0.9997
11882.300      0.8071     0.9994
11882.400      0.8763     0.9985
11882.500      0.9138     0.9961
11882.600      0.9358     0.9921
11882.700      0.9492     0.9874
11882.800      0.9576     0.9843
11882.900      0.9633     0.9848
11883.000      0.9659     0.9886
11883.100      0.9661     0.9933
11883.200      0.9640     0.9969
11883.300      0.9594     0.9988
11883.400      0.9520     0.9996
11883.500      0.9397     0.9997
11883.600      0.9140     0.9995
11883.700      0.8701     0.9989
11883.800      0.8255     0.9975
11883.900      0.7805     0.9956
11884.000      0.7497     0.9939
11884.100      0.7614     0.9934
11884.200      0.7949     0.9943
11884.300      0.8388     0.9961
11884.400      0.8784     0.9978
11884.500      0.8979     0.9989
11884.600      0.8959     0.9992
11884.700      0.8654     0.9991
11884.800      0.8062     0.9986
11884.900      0.7299     0.9979
11885.000      0.6629     0.9972
11885.100      0.6349     0.9968
11885.200      0.6586     0.9971
11885.300      0.7259     0.9978
11885.400      0.7978     0.9987
11885.500      0.8706     0.9992
11885.600      0.9297     0.9996
11885.700      0.9575     0.9997
11885.800      0.9704     0.9998
11885.900      0.9763     0.9998
11886.000      0.9803     0.9998
11886.100      0.9832     0.9998
11886.200      0.9837     0.9998
11886.300      0.9829     0.9998
11886.400      0.9825     0.9998
11886.500      0.9828     0.9998
11886.600      0.9830     0.9998
11886.700      0.9831     0.9997
11886.800      0.9838     0.9996
11886.900      0.9861     0.9995
11887.000      0.9897     0.9995
11887.100      0.9939     0.9995
11887.200      0.9977     0.9996
11887.300      1.0003     0.9997
11887.400      1.0012     0.9998
11887.500      0.9997     0.9998
11887.600      0.9944     0.9998
11887.700      0.9871     0.9998
11887.800      0.9825     0.9998
11887.900      0.9829     0.9998
11888.000      0.9874     0.9998
11888.100      0.9934     0.9998
11888.200      0.9984     0.9998
11888.300      1.0014     0.9998
11888.400      1.0031     0.9998
11888.500      1.0037     0.9998
11888.600      1.0033     0.9998
11888.700      1.0021     0.9998
11888.800      1.0000     0.9998
11888.900      0.9964     0.9998
11889.000      0.9865     0.9998
11889.100      0.9725     0.9998
11889.200      0.9599     0.9998
11889.300      0.9514     0.9998
11889.400      0.9506     0.9998
11889.500      0.9559     0.9998
11889.600      0.9641     0.9998
11889.700      0.9729     0.9998
11889.800      0.9813     0.9998
11889.900      0.9886     0.9997
11890.000      0.9932     0.9995
11890.100      0.9945     0.9990
11890.200      0.9933     0.9981
11890.300      0.9913     0.9968
11890.400      0.9912     0.9957
11890.500      0.9921     0.9953
11890.600      0.9929     0.9960
11890.700      0.9930     0.9972
11890.800      0.9925     0.9983
11890.900      0.9910     0.9991
11891.000      0.9881     0.9994
11891.100      0.9847     0.9995
11891.200      0.9816     0.9995
11891.300      0.9786     0.9995
11891.400      0.9745     0.9994
11891.500      0.9670     0.9994
11891.600      0.9514     0.9993
11891.700      0.9195     0.9992
11891.800      0.8509     0.9991
11891.900      0.7675     0.9988
11892.000      0.6830     0.9985
11892.100      0.5985     0.9977
11892.200      0.5675     0.9957
11892.300      0.5979     0.9904
11892.400      0.6787     0.9779
11892.500      0.7703     0.9537
11892.600      0.8466     0.9168
11892.700      0.9012     0.8736
11892.800      0.9340     0.8382
11892.900      0.9549     0.8252
11893.000      0.9693     0.8403
11893.100      0.9798     0.8769
11893.200      0.9872     0.9200
11893.300      0.9915     0.9561
11893.400      0.9907     0.9792
11893.500      0.9885     0.9909
11893.600      0.9862     0.9958
11893.700      0.9838     0.9976
11893.800      0.9857     0.9982
11893.900      0.9890     0.9985
11894.000      0.9910     0.9986
11894.100      0.9906     0.9987
11894.200      0.9862     0.9988
11894.300      0.9810     0.9987
11894.400      0.9772     0.9987
11894.500      0.9758     0.9986
11894.600      0.9796     0.9984
11894.700      0.9847     0.9981
11894.800      0.9899     0.9977
11894.900      0.9950     0.9970
11895.000      0.9997     0.9952
11895.100      1.0035     0.9906
11895.200      1.0050     0.9797
11895.300      1.0047     0.9575
11895.400      1.0025     0.9205
11895.500      1.0001     0.8723
11895.600      0.9986     0.8250
11895.700      0.9985     0.7949
11895.800      1.0010     0.7937
11895.900      1.0039     0.8218
11896.000      1.0040     0.8683
11896.100      1.0020     0.9170
11896.200      0.9978     0.9551
11896.300      0.9934     0.9785
11896.400      0.9906     0.9901
11896.500      0.9887     0.9950
11896.600      0.9874     0.9970
11896.700      0.9861     0.9978
11896.800      0.9845     0.9983
11896.900      0.9828     0.9986
11897.000      0.9827     0.9988
11897.100      0.9827     0.9989
11897.200      0.9809     0.9991
11897.300      0.9789     0.9992
11897.400      0.9769     0.9993
11897.500      0.9749     0.9994
11897.600      0.9739     0.9994
11897.700      0.9730     0.9994
11897.800      0.9621     0.9994
11897.900      0.9502     0.9994
11898.000      0.9393     0.9994
11898.100      0.9304     0.9994
11898.200      0.9325     0.9995
11898.300      0.9407     0.9996
11898.400      0.9548     0.9996
11898.500      0.9692     0.9997
11898.600      0.9815     0.9997
11898.700      0.9914     0.9997
11898.800      0.9951     0.9997
11898.900      0.9950     0.9997
11899.000      0.9905     0.9997
11899.100      0.9860     0.9998
11899.200      0.9840     0.9998
11899.300      0.9821     0.9998
11899.400      0.9802     0.9998
11899.500      0.9781     0.9998
11899.600      0.9735     0.9998
11899.700      0.9688     0.9998
11899.800      0.9656     0.9997
11899.900      0.9625     0.9997
11900.000      0.9547     0.9996
11900.100      0.9470     0.9995
11900.200      0.9441     0.9995
11900.300      0.9453     0.9995
11900.400      0.9536     0.9996
11900.500      0.9618     0.9997
11900.600      0.9653     0.9997
11900.700      0.9677     0.9998
11900.800      0.9694     0.9998
11900.900      0.9712     0.9998
11901.000      0.9746     0.9998
11901.100      0.9777     0.9998
11901.200      0.9769     0.9998
11901.300      0.9763     0.9999
11901.400      0.9778     0.9999
11901.500      0.9796     0.9999
11901.600      0.9815     0.9999
11901.700      0.9833     0.9999
11901.800      0.9826     0.9999
11901.900      0.9801     0.9999
11902.000      0.9756     0.9999
11902.100      0.9676     0.9999
11902.200      0.9499     0.9999
11902.300      0.9163     0.9999
11902.400      0.8477     0.9999
11902.500      0.7792     0.9999
11902.600      0.7147     0.9999
11902.700      0.6628     0.9999
11902.800      0.6791     0.9999
11902.900      0.7282     0.9999
11903.000      0.8029     0.9999
11903.100      0.8752     0.9999
11903.200      0.9233     0.9999
11903.300      0.9532     0.9999
11903.400      0.9636     0.9999
11903.500      0.9721     0.9999
11903.600      0.9798     0.9999
11903.700      0.9864     0.9999
11903.800      0.9920     0.9999
11903.900      0.9950     0.9999
11904.000      0.9936     0.9999
11904.100      0.9929     0.9999
11904.200      0.9950     0.9999
11904.300      0.9970     0.9999
11904.400      0.9980     0.9999
11904.500      0.9983     0.9999
11904.600      0.9981     0.9999
11904.700      0.9977     0.9999
11904.800      0.9972     0.9999
11904.900      0.9970     0.9999
11905.000      0.9977     0.9999
11905.100      0.9984     0.9999
11905.200      0.9990     0.9999
11905.300      0.9996     0.9999
11905.400      1.0001     0.9999
11905.500      1.0003     0.9998
11905.600      0.9988     0.9997
11905.700      0.9952     0.9997
11905.800      0.9870     0.9997
11905.900      0.9731     0.9997
11906.000      0.9534     0.9998
11906.100      0.9340     0.9998
11906.200      0.9178     0.9999
11906.300      0.9087     0.9999
11906.400      0.9145     0.9999
11906.500      0.9288     0.9999
11906.600      0.9478     0.9999
11906.700      0.9644     0.9999
11906.800      0.9731     0.9999
11906.900      0.9781     0.9999
11907.000      0.9811     0.9999
11907.100      0.9835     0.9999
11907.200      0.9856     0.9999
11907.300      0.9855     0.9999
11907.400      0.9810     0.9999
11907.500      0.9747     0.9999
11907.600      0.9669     0.9999
11907.700      0.9538     0.9999
11907.800      0.9283     0.9999
11907.900      0.8889     0.9999
11908.000      0.8390     0.9999
11908.100      0.7952     0.9999
11908.200      0.7771     0.9999
11908.300      0.7925     0.9999
11908.400      0.8356     0.9999
11908.500      0.8788     0.9999
11908.600      0.9221     0.9999
11908.700      0.9573     0.9999
11908.800      0.9736     0.9999
11908.900      0.9816     0.9999
11909.000      0.9850     0.9999
11909.100      0.9857     0.9999
11909.200      0.9841     0.9999
11909.300      0.9778     0.9999
11909.400      0.9649     0.9999
11909.500      0.9449     0.9999
11909.600      0.9210     0.9999
11909.700      0.8978     0.9999
11909.800      0.8788     0.9999
11909.900      0.8698     0.9999
11910.000      0.8776     0.9999
11910.100      0.8990     0.9999
11910.200      0.9267     0.9999
11910.300      0.9522     0.9999
11910.400      0.9704     0.9999
11910.500      0.9801     0.9999
11910.600      0.9789     0.9999
11910.700      0.9673     0.9999
11910.800      0.9481     0.9999
11910.900      0.9229     0.9999
11911.000      0.8958     0.9999
11911.100      0.8800     0.9999
11911.200      0.8863     0.9999
11911.300      0.9086     0.9998
11911.400      0.9371     0.9998
11911.500      0.9617     0.9997
11911.600      0.9781     0.9997
11911.700      0.9871     0.9997
11911.800      0.9913     0.9997
11911.900      0.9931     0.9998
11912.000      0.9937     0.9999
11912.100      0.9933     0.9999
11912.200      0.9925     0.9999
11912.300      0.9929     0.9999
11912.400      0.9945     0.9999
11912.500      0.9935     0.9999
11912.600      0.9860     0.9999
11912.700      0.9689     0.9999
11912.800      0.9473     0.9999
11912.900      0.9259     0.9999
11913.000      0.9055     0.9999
11913.100      0.9009     0.9999
11913.200      0.9102     0.9999
11913.300      0.9225     0.9999
11913.400      0.9354     0.9999
11913.500      0.9452     0.9999
11913.600      0.9528     0.9999
11913.700      0.9628     0.9999
11913.800      0.9746     0.9998
11913.900      0.9847     0.9998
11914.000      0.9915     0.9998
11914.100      0.9946     0.9998
11914.200      0.9954     0.9998
11914.300      0.9954     0.9999
11914.400      0.9946     0.9999
11914.500      0.9926     0.9999
11914.600      0.9901     0.9999
11914.700      0.9912     0.9999
11914.800      0.9946     0.9999
11914.900      0.9982     0.9999
11915.000      1.0019     0.9999
11915.100      1.0012     0.9999
11915.200      0.9982     0.9999
11915.300      0.9972     0.9999
11915.400      0.9975     0.9999
11915.500      0.9973     0.9999
11915.600      0.9966     0.9999
11915.700      0.9955     0.9999
11915.800      0.9942     0.9999
11915.900      0.9945     0.9999
11916.000      0.9960     0.9999
11916.100      0.9981     0.9999
11916.200      1.0003     0.9999
11916.300      1.0019     0.9999
11916.400      1.0026     0.9999
11916.500      1.0017     0.9999
11916.600      1.0004     0.9999
11916.700      0.9990     0.9999
11916.800      0.9976     0.9999
11916.900      0.9982     0.9999
11917.000      0.9995     0.9999
11917.100      1.0007     0.9999
11917.200      1.0013     0.9999
11917.300      1.0005     0.9999
11917.400      0.9976     0.9999
11917.500      0.9904     0.9999
11917.600      0.9816     0.9999
11917.700      0.9724     0.9999
11917.800      0.9628     0.9999
11917.900      0.9526     0.9999
11918.000      0.9407     0.9999
11918.100      0.9084     0.9999
11918.200      0.8625     0.9999
11918.300      0.8078     0.9999
11918.400      0.7521     0.9999
11918.500      0.7355     0.9999
11918.600      0.7536     0.9999
11918.700      0.8064     0.9999
11918.800      0.8636     0.9999
11918.900      0.9056     0.9999
11919.000      0.9332     0.9999
11919.100      0.9458     0.9999
11919.200      0.9538     0.9999
11919.300      0.9602     0.9999
11919.400      0.9646     0.9999
11919.500      0.9640     0.9999
11919.600      0.9628     0.9999
11919.700      0.9626     0.9999
11919.800      0.9641     0.9999
11919.900      0.9714     0.9999
11920.000      0.9795     0.9999
11920.100      0.9871     0.9999
11920.200      0.9939     0.9999
11920.300      0.9969     0.9999
11920.400      0.9981     0.9999
11920.500      0.9984     0.9999
11920.600      0.9976     0.9999
11920.700      0.9954     0.9999
11920.800      0.9930     0.9999
11920.900      0.9906     0.9999
11921.000      0.9883     0.9999
11921.100      0.9864     0.9999
11921.200      0.9854     0.9999
11921.300      0.9872     0.9999
11921.400      0.9909     0.9999
11921.500      0.9964     0.9999
11921.600      1.0021     0.9999
11921.700      1.0050     0.9999
11921.800      1.0059     0.9999
11921.900      1.0044     0.9999
11922.000      1.0021     0.9999
11922.100      0.9991     0.9999
11922.200      0.9961     0.9999
11922.300      0.9958     0.9999
11922.400      0.9965     0.9999
11922.500      0.9979     0.9999
11922.600      0.9993     0.9999
11922.700      0.9996     0.9999
11922.800      0.9998     0.9999
11922.900      1.0008     0.9999
11923.000      1.0017     0.9999
11923.100      1.0012     0.9999
11923.200      1.0007     0.9999
11923.300      1.0007     0.9999
11923.400      1.0013     0.9999
11923.500      1.0025     0.9999
11923.600      1.0037     0.9999
11923.700      1.0048     0.9999
11923.800      1.0056     0.9999
11923.900      1.0049     0.9999
11924.000      1.0032     0.9999
11924.100      1.0003     0.9999
11924.200      0.9976     0.9999
11924.300      0.9979     0.9999
11924.400      0.9983     0.9998
11924.500      0.9982     0.9998
11924.600      0.9981     0.9998
11924.700      0.9981     0.9999
11924.800      0.9980     0.9999
11924.900      0.9981     0.9999
11925.000      0.9981     0.9999
11925.100      0.9955     0.9999
11925.200      0.9900     0.9999
11925.300      0.9785     0.9999
11925.400      0.9671     0.9999
11925.500      0.9574     0.9999
11925.600      0.9494     0.9999
11925.700      0.9451     0.9999
11925.800      0.9445     0.9999
11925.900      0.9483     0.9999
11926.000      0.9565     0.9999
11926.100      0.9698     0.9999
11926.200      0.9818     0.9999
11926.300      0.9840     0.9999
11926.400      0.9861     0.9999
11926.500      0.9882     0.9998
11926.600      0.9905     0.9998
11926.700      0.9933     0.9998
11926.800      0.9957     0.9998
11926.900      0.9955     0.9999
11927.000      0.9946     0.9999
11927.100      0.9934     0.9999
11927.200      0.9915     0.9999
11927.300      0.9880     0.9999
11927.400      0.9806     0.9999
11927.500      0.9641     0.9999
11927.600      0.9440     0.9999
11927.700      0.9219     0.9999
11927.800      0.9028     0.9999
11927.900      0.9030     0.9999
11928.000      0.9170     0.9999
11928.100      0.9428     0.9999
11928.200      0.9665     0.9999
11928.300      0.9793     0.9999
11928.400      0.9871     0.9999
11928.500      0.9917     0.9999
11928.600      0.9931     0.9999
11928.700      0.9923     0.9999
11928.800      0.9916     0.9999
11928.900      0.9915     0.9999
11929.000      0.9926     0.9999
11929.100      0.9953     0.9999
11929.200      0.9968     0.9999
11929.300      0.9952     0.9999
11929.400      0.9936     0.9999
11929.500      0.9930     0.9999
11929.600      0.9936     0.9999
11929.700      0.9953     0.9999
11929.800      0.9962     0.9999
11929.900      0.9952     0.9999
11930.000      0.9957     0.9999
11930.100      0.9999     0.9999
11930.200      1.0026     0.9999
11930.300      1.0015     0.9999
11930.400      1.0005     0.9999
11930.500      0.9997     0.9999
11930.600      0.9990     0.9999
11930.700      0.9985     0.9999
11930.800      0.9980     0.9999
11930.900      0.9972     0.9999
11931.000      0.9962     0.9999
11931.100      0.9952     0.9999
11931.200      0.9950     0.9999
11931.300      0.9963     0.9999
11931.400      0.9969     0.9999
11931.500      0.9942     0.9999
11931.600      0.9861     0.9999
11931.700      0.9728     0.9999
11931.800      0.9591     0.9999
11931.900      0.9452     0.9999
11932.000      0.9359     0.9999
11932.100      0.9372     0.9999
11932.200      0.9427     0.9999
11932.300      0.9505     0.9999
11932.400      0.9598     0.9999
11932.500      0.9697     0.9999
11932.600      0.9786     0.9999
11932.700      0.9842     0.9999
11932.800      0.9858     0.9999
11932.900      0.9849     0.9999
11933.000      0.9850     0.9999
11933.100      0.9863     0.9999
11933.200      0.9871     0.9999
11933.300      0.9866     0.9999
11933.400      0.9856     0.9999
11933.500      0.9841     0.9999
11933.600      0.9809     0.9999
11933.700      0.9748     0.9999
11933.800      0.9658     0.9999
11933.900      0.9533     0.9999
11934.000      0.9378     0.9999
11934.100      0.9172     0.9999
11934.200      0.8849     0.9999
11934.300      0.8300     0.9999
11934.400      0.7420     0.9999
11934.500      0.6348     0.9999
11934.600      0.5355     0.9999
11934.700      0.4674     0.9999
11934.800      0.4646     0.9999
11934.900      0.5302     0.9999
11935.000      0.6302     0.9998
11935.100      0.7398     0.9998
11935.200      0.8322     0.9998
11935.300      0.8911     0.9998
11935.400      0.9257     0.9998
11935.500      0.9461     0.9998
11935.600      0.9589     0.9997
11935.700      0.9678     0.9997
11935.800      0.9724     0.9996
11935.900      0.9749     0.9994
11936.000      0.9767     0.9993
11936.100      0.9774     0.9991
11936.200      0.9712     0.9991
11936.300      0.9552     0.9991
11936.400      0.9310     0.9992
11936.500      0.9041     0.9993
11936.600      0.8848     0.9995
11936.700      0.8808     0.9996
11936.800      0.8964     0.9997
11936.900      0.9200     0.9997
11937.000      0.9432     0.9998
11937.100      0.9647     0.9998
11937.200      0.9768     0.9998
11937.300      0.9806     0.9998
11937.400      0.9811     0.9998
11937.500      0.9809     0.9999
11937.600      0.9829     0.9999
11937.700      0.9861     0.9999
11937.800      0.9887     0.9999
11937.900      0.9909     0.9999
11938.000      0.9934     0.9999
11938.100      0.9959     0.9999
11938.200      0.9982     0.9999
11938.300      1.0000     0.9999
11938.400      1.0000     0.9999
11938.500      0.9992     0.9999
11938.600      0.9998     0.9999
11938.700      1.0009     0.9999
11938.800      1.0015     0.9999
11938.900      1.0010     0.9999
11939.000      0.9988     0.9999
11939.100      0.9961     0.9999
11939.200      0.9964     0.9999
11939.300      0.9985     0.9999
11939.400      1.0008     0.9999
11939.500      1.0032     0.9999
11939.600      1.0012     0.9999
11939.700      0.9974     0.9999
11939.800      0.9969     0.9999
11939.900      0.9978     0.9999
11940.000      0.9979     0.9999
11940.100      0.9975     0.9999
11940.200      0.9969     0.9999
11940.300      0.9963     0.9999
11940.400      0.9976     0.9999
11940.500      0.9996     0.9999
11940.600      1.0002     0.9999
11940.700      1.0002     0.9999
11940.800      1.0008     0.9999
11940.900      1.0015     0.9999
11941.000      0.9980     0.9999
11941.100      0.9918     0.9999
11941.200      0.9839     0.9999
11941.300      0.9758     0.9999
11941.400      0.9788     0.9999
11941.500      0.9849     0.9999
11941.600      0.9894     0.9999
11941.700      0.9925     0.9999
11941.800      0.9946     0.9999
11941.900      0.9966     0.9999
11942.000      0.9988     0.9999
11942.100      1.0011     0.9999
11942.200      1.0013     0.9999
11942.300      1.0009     0.9999
11942.400      1.0046     0.9999
11942.500      1.0090     0.9999
11942.600      1.0105     0.9999
11942.700      1.0098     0.9999
11942.800      1.0069     0.9999
11942.900      1.0038     0.9998
11943.000      1.0026     0.9997
11943.100      1.0018     0.9996
11943.200      1.0009     0.9995
11943.300      0.9997     0.9994
11943.400      0.9972     0.9995
11943.500      0.9946     0.9996
11943.600      0.9955     0.9996
11943.700      0.9971     0.9996
11943.800      0.9936     0.9996
11943.900      0.9840     0.9996
11944.000      0.9632     0.9997
11944.100      0.9381     0.9997
11944.200      0.9100     0.9998
11944.300      0.8818     0.9998
11944.400      0.8765     0.9999
11944.500      0.8873     0.9999
11944.600      0.9159     0.9999
11944.700      0.9454     0.9999
11944.800      0.9648     0.9999
11944.900      0.9762     0.9999
11945.000      0.9804     0.9999
11945.100      0.9771     0.9998
11945.200      0.9654     0.9998
11945.300      0.9477     0.9998
11945.400      0.9230     0.9998
11945.500      0.8980     0.9998
11945.600      0.8978     0.9998
11945.700      0.9107     0.9998
11945.800      0.9370     0.9997
11945.900      0.9637     0.9997
11946.000      0.9807     0.9997
11946.100      0.9913     0.9997
11946.200      0.9946     0.9998
11946.300      0.9948     0.9998
11946.400      0.9935     0.9998
11946.500      0.9901     0.9998
11946.600      0.9827     0.9998
11946.700      0.9752     0.9998
11946.800      0.9699     0.9998
11946.900      0.9668     0.9998
11947.000      0.9674     0.9997
11947.100      0.9711     0.9997
11947.200      0.9790     0.9997
11947.300      0.9868     0.9997
11947.400      0.9919     0.9997
11947.500      0.9950     0.9996
11947.600      0.9953     0.9996
11947.700      0.9952     0.9995
11947.800      0.9949     0.9995
11947.900      0.9947     0.9995
11948.000      0.9960     0.9994
11948.100      0.9972     0.9994
11948.200      0.9955     0.9993
11948.300      0.9938     0.9992
11948.400      0.9926     0.9991
11948.500      0.9922     0.9989
11948.600      0.9958     0.9988
11948.700      0.9993     0.9985
11948.800      1.0007     0.9982
11948.900      1.0008     0.9977
11949.000      0.9997     0.9967
11949.100      0.9985     0.9941
11949.200      0.9975     0.9870
11949.300      0.9965     0.9702
11949.400      0.9954     0.9382
11949.500      0.9940     0.8909
11949.600      0.9922     0.8404
11949.700      0.9899     0.8078
11949.800      0.9866     0.8097
11949.900      0.9825     0.8451
11950.000      0.9777     0.8961
11950.100      0.9718     0.9422
11950.200      0.9630     0.9726
11950.300      0.9468     0.9881
11950.400      0.9107     0.9945
11950.500      0.8721     0.9970
11950.600      0.8324     0.9979
11950.700      0.7963     0.9984
11950.800      0.7840     0.9987
11950.900      0.7828     0.9989
11951.000      0.7894     0.9991
11951.100      0.8018     0.9992
11951.200      0.8183     0.9993
11951.300      0.8432     0.9994
11951.400      0.8789     0.9995
11951.500      0.9142     0.9995
11951.600      0.9451     0.9995
11951.700      0.9690     0.9996
11951.800      0.9796     0.9996
11951.900      0.9845     0.9996
11952.000      0.9861     0.9997
11952.100      0.9868     0.9997
11952.200      0.9870     0.9997
11952.300      0.9861     0.9997
11952.400      0.9835     0.9997
11952.500      0.9826     0.9998
11952.600      0.9868     0.9998
11952.700      0.9906     0.9998
11952.800      0.9925     0.9998
11952.900      0.9924     0.9998
11953.000      0.9904     0.9998
11953.100      0.9884     0.9998
11953.200      0.9865     0.9998
11953.300      0.9834     0.9998
11953.400      0.9773     0.9998
11953.500      0.9718     0.9998
11953.600      0.9683     0.9998
11953.700      0.9664     0.9998
11953.800      0.9656     0.9998
11953.900      0.9655     0.9998
11954.000      0.9656     0.9998
11954.100      0.9655     0.9998
11954.200      0.9636     0.9998
11954.300      0.9583     0.9998
11954.400      0.9465     0.9998
11954.500      0.9293     0.9998
11954.600      0.9090     0.9998
11954.700      0.8915     0.9998
11954.800      0.8854     0.9998
11954.900      0.8906     0.9998
11955.000      0.9054     0.9998
11955.100      0.9231     0.9998
11955.200      0.9416     0.9998
11955.300      0.9535     0.9998
11955.400      0.9413     0.9998
11955.500      0.9049     0.9996
11955.600      0.8519     0.9993
11955.700      0.8013     0.9988
11955.800      0.7637     0.9982
11955.900      0.7529     0.9977
11956.000      0.7808     0.9977
11956.100      0.8310     0.9981
11956.200      0.8902     0.9988
11956.300      0.9399     0.9993
11956.400      0.9666     0.9996
11956.500      0.9783     0.9998
11956.600      0.9823     0.9998
11956.700      0.9848     0.9998
11956.800      0.9866     0.9998
11956.900      0.9879     0.9998
11957.000      0.9884     0.9998
11957.100      0.9853     0.9998
11957.200      0.9745     0.9998
11957.300      0.9550     0.9998
11957.400      0.9308     0.9998
11957.500      0.9091     0.9998
11957.600      0.8964     0.9999
11957.700      0.8987     0.9999
11957.800      0.9114     0.9999
11957.900      0.9231     0.9999
11958.000      0.9309     0.9999
11958.100      0.9262     0.9998
11958.200      0.9115     0.9998
11958.300      0.8975     0.9998
11958.400      0.8871     0.9998
11958.500      0.8886     0.9998
11958.600      0.9041     0.9998
11958.700      0.9272     0.9998
11958.800      0.9524     0.9998
11958.900      0.9732     0.9998
11959.000      0.9862     0.9999
11959.100      0.9935     0.9999
11959.200      0.9978     0.9999
11959.300      1.0003     0.9999
11959.400      1.0020     0.9999
11959.500      1.0031     0.9999
11959.600      1.0038     0.9999
11959.700      1.0034     0.9999
11959.800      1.0025     0.9999
11959.900      1.0019     0.9999
11960.000      1.0015     0.9999
11960.100      1.0011     0.9999
11960.200      1.0007     0.9999
11960.300      0.9986     0.9999
11960.400      0.9953     0.9999
11960.500      0.9929     0.9999
11960.600      0.9910     0.9999
11960.700      0.9890     0.9999
11960.800      0.9866     0.9999
11960.900      0.9835     0.9999
11961.000      0.9800     0.9999
11961.100      0.9797     0.9999
11961.200      0.9820     0.9999
11961.300      0.9846     0.9999
11961.400      0.9873     0.9999
11961.500      0.9903     0.9999
11961.600      0.9933     0.9999
11961.700      0.9962     0.9999
11961.800      0.9985     0.9999
11961.900      0.9969     0.9999
11962.000      0.9935     0.9999
11962.100      0.9929     0.9999
11962.200      0.9940     0.9999
11962.300      0.9952     0.9999
11962.400      0.9963     0.9999
11962.500      0.9958     0.9999
11962.600      0.9921     0.9999
11962.700      0.9847     0.9999
11962.800      0.9719     0.9999
11962.900      0.9531     0.9999
11963.000      0.9251     0.9999
11963.100      0.8776     0.9999
11963.200      0.8243     0.9999
11963.300      0.7871     0.9999
11963.400      0.7762     0.9999
11963.500      0.8068     0.9999
11963.600      0.8496     0.9998
11963.700      0.8936     0.9997
11963.800      0.9378     0.9994
11963.900      0.9656     0.9991
11964.000      0.9792     0.9987
11964.100      0.9833     0.9984
11964.200      0.9849     0.9985
11964.300      0.9858     0.9987
11964.400      0.9857     0.9991
11964.500      0.9823     0.9994
11964.600      0.9748     0.9996
11964.700      0.9614     0.9997
11964.800      0.9469     0.9998
11964.900      0.9346     0.9998
11965.000      0.9265     0.9998
11965.100      0.9278     0.9999
11965.200      0.9362     0.9999
11965.300      0.9511     0.9999
11965.400      0.9668     0.9999
11965.500      0.9784     0.9999
11965.600      0.9863     0.9999
11965.700      0.9900     0.9999
11965.800      0.9932     0.9999
11965.900      0.9967     0.9998
11966.000      1.0002     0.9998
11966.100      0.9994     0.9998
11966.200      0.9976     0.9997
11966.300      0.9971     0.9997
11966.400      0.9974     0.9997
11966.500      0.9982     0.9997
11966.600      0.9991     0.9998
11966.700      0.9991     0.9998
11966.800      0.9988     0.9998
11966.900      0.9984     0.9998
11967.000      0.9979     0.9998
11967.100      0.9975     0.9999
11967.200      0.9971     0.9999
11967.300      0.9983     0.9998
11967.400      1.0002     0.9998
11967.500      1.0024     0.9998
11967.600      1.0047     0.9998
11967.700      1.0017     0.9998
11967.800      0.9982     0.9998
11967.900      0.9986     0.9997
11968.000      1.0002     0.9996
11968.100      1.0023     0.9994
11968.200      1.0045     0.9993
11968.300      1.0035     0.9991
11968.400      1.0023     0.9991
11968.500      1.0017     0.9992
11968.600      1.0012     0.9993
11968.700      0.9993     0.9994
11968.800      0.9962     0.9995
11968.900      0.9924     0.9994
11969.000      0.9867     0.9993
11969.100      0.9709     0.9990
11969.200      0.9547     0.9988
11969.300      0.9388     0.9986
11969.400      0.9235     0.9986
11969.500      0.9259     0.9988
11969.600      0.9369     0.9991
11969.700      0.9563     0.9994
11969.800      0.9759     0.9995
11969.900      0.9854     0.9997
11970.000      0.9913     0.9997
11970.100      0.9948     0.9997
11970.200      0.9966     0.9997
11970.300      0.9973     0.9996
11970.400      0.9967     0.9995
11970.500      0.9944     0.9994
11970.600      0.9921     0.9993
11970.700      0.9933     0.9991
11970.800      0.9946     0.9988
11970.900      0.9954     0.9984
11971.000      0.9957     0.9982
11971.100      0.9954     0.9982
11971.200      0.9952     0.9984
11971.300      0.9975     0.9988
11971.400      0.9997     0.9992
11971.500      1.0010     0.9995
11971.600      1.0010     0.9996
11971.700      0.9986     0.9997
11971.800      0.9964     0.9998
11971.900      0.9973     0.9998
11972.000      0.9977     0.9998
11972.100      0.9896     0.9998
11972.200      0.9787     0.9998
11972.300      0.9658     0.9998
11972.400      0.9539     0.9997
11972.500      0.9533     0.9992
11972.600      0.9587     0.9977
11972.700      0.9692     0.9940
11972.800      0.9786     0.9876
11972.900      0.9787     0.9800
11973.000      0.9790     0.9748
11973.100      0.9816     0.9754
11973.200      0.9835     0.9813
11973.300      0.9817     0.9890
11973.400      0.9799     0.9949
11973.500      0.9791     0.9981
11973.600      0.9800     0.9994
11973.700      0.9851     0.9997
11973.800      0.9899     0.9998
11973.900      0.9927     0.9998
11974.000      0.9940     0.9998
11974.100      0.9936     0.9999
11974.200      0.9933     0.9999
11974.300      0.9932     0.9999
11974.400      0.9929     0.9999
11974.500      0.9918     0.9999
11974.600      0.9895     0.9999
11974.700      0.9853     0.9999
11974.800      0.9799     0.9999
11974.900      0.9733     0.9998
11975.000      0.9656     0.9998
11975.100      0.9564     0.9998
11975.200      0.9431     0.9997
11975.300      0.9141     0.9997
11975.400      0.8630     0.9996
11975.500      0.7819     0.9996
11975.600      0.6981     0.9996
11975.700      0.6133     0.9996
11975.800      0.5419     0.9997
11975.900      0.5333     0.9998
11976.000      0.5646     0.9998
11976.100      0.6240     0.9998
11976.200      0.6846     0.9998
11976.300      0.7455     0.9999
11976.400      0.8050     0.9999
11976.500      0.8561     0.9999
11976.600      0.8999     0.9999
11976.700      0.9342     0.9999
11976.800      0.9571     0.9998
11976.900      0.9692     0.9998
11977.000      0.9771     0.9998
11977.100      0.9831     0.9998
11977.200      0.9884     0.9998
11977.300      0.9933     0.9997
11977.400      0.9958     0.9997
11977.500      0.9950     0.9997
11977.600      0.9944     0.9997
11977.700      0.9945     0.9998
11977.800      0.9943     0.9998
11977.900      0.9936     0.9998
11978.000      0.9928     0.9998
11978.100      0.9920     0.9998
11978.200      0.9913     0.9998
11978.300      0.9908     0.9998
11978.400      0.9911     0.9998
11978.500      0.9920     0.9998
11978.600      0.9930     0.9999
11978.700      0.9939     0.9999
11978.800      0.9951     0.9999
11978.900      0.9968     0.9999
11979.000      0.9981     0.9999
11979.100      0.9988     0.9999
11979.200      0.9999     0.9999
11979.300      1.0017     0.9999
11979.400      1.0025     0.9999
11979.500      1.0020     0.9999
11979.600      1.0030     0.9999
11979.700      1.0063     0.9999
11979.800      1.0074     0.9998
11979.900      1.0055     0.9998
11980.000      1.0041     0.9998
11980.100      1.0033     0.9998
11980.200      1.0023     0.9999
11980.300      1.0007     0.9999
11980.400      0.9999     0.9999
11980.500      1.0005     0.9999
11980.600      1.0014     0.9999
11980.700      1.0025     0.9999
11980.800      1.0022     0.9999
11980.900      1.0003     0.9999
11981.000      0.9988     0.9999
11981.100      0.9979     0.9999
11981.200      0.9973     0.9999
11981.300      0.9969     0.9999
11981.400      0.9962     0.9999
11981.500      0.9944     0.9998
11981.600      0.9906     0.9998
11981.700      0.9855     0.9998
11981.800      0.9816     0.9998
11981.900      0.9803     0.9998
11982.000      0.9827     0.9998
11982.100      0.9870     0.9998
11982.200      0.9915     0.9998
11982.300      0.9961     0.9998
11982.400      0.9980     0.9998
11982.500      0.9976     0.9998
11982.600      0.9972     0.9998
11982.700      0.9970     0.9997
11982.800      0.9943     0.9997
11982.900      0.9896     0.9997
11983.000      0.9863     0.9996
11983.100      0.9845     0.9996
11983.200      0.9827     0.9995
11983.300      0.9811     0.9993
11983.400      0.9804     0.9990
11983.500      0.9815     0.9981
11983.600      0.9844     0.9954
11983.700      0.9881     0.9880
11983.800      0.9911     0.9710
11983.900      0.9923     0.9408
11984.000      0.9909     0.9010
11984.100      0.9884     0.8654
11984.200      0.9861     0.8513
11984.300      0.9841     0.8666
11984.400      0.9803     0.9029
11984.500      0.9712     0.9425
11984.600      0.9484     0.9722
11984.700      0.9167     0.9886
11984.800      0.8818     0.9957
11984.900      0.8465     0.9982
11985.000      0.8287     0.9989
11985.100      0.8350     0.9991
11985.200      0.8633     0.9993
11985.300      0.8973     0.9994
11985.400      0.9294     0.9995
11985.500      0.9562     0.9996
11985.600      0.9705     0.9996
11985.700      0.9717     0.9997
11985.800      0.9604     0.9997
11985.900      0.9461     0.9997
11986.000      0.9335     0.9997
11986.100      0.9251     0.9997
11986.200      0.9280     0.9997
11986.300      0.9371     0.9998
11986.400      0.9487     0.9998
11986.500      0.9605     0.9998
11986.600      0.9686     0.9998
11986.700      0.9717     0.9998
11986.800      0.9702     0.9997
11986.900      0.9649     0.9997
11987.000      0.9572     0.9996
11987.100      0.9454     0.9996
11987.200      0.9255     0.9996
11987.300      0.8921     0.9997
11987.400      0.8340     0.9997
11987.500      0.7556     0.9998
11987.600      0.6574     0.9998
11987.700      0.5561     0.9998
11987.800      0.4981     0.9999
11987.900      0.4946     0.9999
11988.000      0.5627     0.9999
11988.100      0.6459     0.9999
11988.200      0.7303     0.9999
11988.300      0.8148     0.9999
11988.400      0.8741     0.9998
11988.500      0.9092     0.9998
11988.600      0.9195     0.9998
11988.700      0.9262     0.9997
11988.800      0.9330     0.9996
11988.900      0.9398     0.9995
11989.000      0.9458     0.9995
11989.100      0.9499     0.9996
11989.200      0.9503     0.9997
11989.300      0.9458     0.9998
11989.400      0.9363     0.9998
11989.500      0.9190     0.9998
11989.600      0.8827     0.9998
11989.700      0.8433     0.9998
11989.800      0.8116     0.9998
11989.900      0.7930     0.9998
11990.000      0.8105     0.9998
11990.100      0.8422     0.9997
11990.200      0.8822     0.9996
11990.300      0.9227     0.9995
11990.400      0.9508     0.9995
11990.500      0.9682     0.9995
11990.600      0.9755     0.9996
11990.700      0.9756     0.9996
11990.800      0.9704     0.9994
11990.900      0.9593     0.9988
11991.000      0.9397     0.9966
11991.100      0.9164     0.9904
11991.200      0.8903     0.9765
11991.300      0.8642     0.9527
11991.400      0.8389     0.9234
11991.500      0.8137     0.9004
11991.600      0.7595     0.8964
11991.700      0.7026     0.9136
11991.800      0.6543     0.9423
11991.900      0.6205     0.9690
11992.000      0.6489     0.9865
11992.100      0.7047     0.9950
11992.200      0.7825     0.9983
11992.300      0.8610     0.9993
11992.400      0.9128     0.9996
11992.500      0.9476     0.9997
11992.600      0.9662     0.9997
11992.700      0.9767     0.9998
11992.800      0.9807     0.9998
11992.900      0.9836     0.9998
11993.000      0.9859     0.9998
11993.100      0.9882     0.9998
11993.200      0.9905     0.9998
11993.300      0.9929     0.9998
11993.400      0.9937     0.9998
11993.500      0.9934     0.9998
11993.600      0.9916     0.9998
11993.700      0.9899     0.9998
11993.800      0.9937     0.9998
11993.900      0.9975     0.9998
11994.000      0.9998     0.9998
11994.100      1.0006     0.9998
11994.200      0.9985     0.9998
11994.300      0.9964     0.9998
11994.400      0.9970     0.9998
11994.500      0.9986     0.9997
11994.600      1.0012     0.9997
11994.700      1.0036     0.9997
11994.800      1.0043     0.9997
11994.900      1.0039     0.9998
11995.000      1.0022     0.9998
11995.100      1.0007     0.9998
11995.200      1.0010     0.9998
11995.300      1.0012     0.9998
11995.400      1.0006     0.9998
11995.500      1.0000     0.9998
11995.600      1.0005     0.9999
11995.700      1.0007     0.9999
11995.800      0.9978     0.9999
11995.900      0.9949     0.9999
11996.000      0.9921     0.9999
11996.100      0.9895     0.9999
11996.200      0.9880     0.9999
11996.300      0.9863     0.9999
11996.400      0.9810     0.9999
11996.500      0.9727     0.9999
11996.600      0.9601     0.9999
11996.700      0.9382     0.9999
11996.800      0.8961     0.9999
11996.900      0.8541     0.9999
11997.000      0.8137     0.9999
11997.100      0.7806     0.9999
11997.200      0.7867     0.9999
11997.300      0.8164     0.9999
11997.400      0.8659     0.9999
11997.500      0.9140     0.9998
11997.600      0.9497     0.9998
11997.700      0.9745     0.9997
11997.800      0.9865     0.9993
11997.900      0.9936     0.9983
11998.000      0.9980     0.9963
11998.100      0.9990     0.9933
11998.200      0.9971     0.9899
11998.300      0.9958     0.9877
11998.400      0.9967     0.9877
11998.500      0.9965     0.9901
11998.600      0.9920     0.9934
11998.700      0.9894     0.9964
11998.800      0.9932     0.9984
11998.900      0.9966     0.9993
11999.000      0.9981     0.9997
11999.100      0.9980     0.9998
11999.200      0.9965     0.9998
11999.300      0.9957     0.9999
11999.400      0.9974     0.9999
11999.500      0.9997     0.9999
11999.600      1.0023     0.9998
11999.700      1.0047     0.9998
11999.800      1.0059     0.9998
11999.900      1.0055     0.9998
12000.000      1.0031     0.9998
12000.100      1.0010     0.9999
12000.200      0.9997     0.9999
12000.300      0.9991     0.9999
12000.400      0.9989     0.9999
12000.500      0.9980     0.9999
12000.600      0.9943     0.9999
12000.700      0.9896     0.9999
12000.800      0.9841     0.9999
12000.900      0.9771     0.9999
12001.000      0.9665     0.9999
12001.100      0.9429     0.9999
12001.200      0.8998     0.9999
12001.300      0.8568     0.9999
12001.400      0.8158     0.9999
12001.500      0.7894     0.9999
12001.600      0.8006     0.9999
12001.700      0.8336     0.9999
12001.800      0.8776     0.9999
12001.900      0.9191     0.9999
12002.000      0.9509     0.9999
12002.100      0.9723     0.9999
12002.200      0.9834     0.9999
12002.300      0.9888     0.9999
12002.400      0.9914     0.9999
12002.500      0.9928     0.9999
12002.600      0.9938     0.9999
12002.700      0.9949     0.9999
12002.800      0.9961     0.9999
12002.900      0.9972     0.9999
12003.000      0.9982     0.9999
12003.100      0.9978     0.9999
12003.200      0.9954     0.9999
12003.300      0.9938     0.9999
12003.400      0.9935     0.9999
12003.500      0.9930     0.9999
12003.600      0.9919     0.9999
12003.700      0.9903     0.9999
12003.800      0.9880     0.9999
12003.900      0.9846     0.9999
12004.000      0.9782     0.9999
12004.100      0.9634     0.9999
12004.200      0.9398     0.9999
12004.300      0.9137     0.9998
12004.400      0.8871     0.9998
12004.500      0.8707     0.9998
12004.600      0.8754     0.9998
12004.700      0.8958     0.9998
12004.800      0.9226     0.9997
12004.900      0.9481     0.9997
12005.000      0.9693     0.9997
12005.100      0.9835     0.9997
12005.200      0.9904     0.9997
12005.300      0.9921     0.9998
12005.400      0.9923     0.9998
12005.500      0.9935     0.9998
12005.600      0.9959     0.9998
12005.700      0.9972     0.9998
12005.800      0.9974     0.9998
12005.900      0.9983     0.9998
12006.000      0.9998     0.9998
12006.100      1.0013     0.9998
12006.200      1.0027     0.9998
12006.300      1.0027     0.9997
12006.400      1.0017     0.9997
12006.500      1.0017     0.9997
12006.600      1.0027     0.9997
12006.700      1.0022     0.9996
12006.800      1.0004     0.9996
12006.900      0.9989     0.9995
12007.000      0.9976     0.9994
12007.100      0.9945     0.9992
12007.200      0.9886     0.9989
12007.300      0.9800     0.9985
12007.400      0.9706     0.9981
12007.500      0.9633     0.9977
12007.600      0.9573     0.9975
12007.700      0.9512     0.9977
12007.800      0.9446     0.9981
12007.900      0.9326     0.9985
12008.000      0.9087     0.9989
12008.100      0.8644     0.9992
12008.200      0.8120     0.9994
12008.300      0.7649     0.9995
12008.400      0.7329     0.9996
12008.500      0.7383     0.9996
12008.600      0.7744     0.9997
12008.700      0.8295     0.9997
12008.800      0.8882     0.9997
12008.900      0.9333     0.9998
12009.000      0.9617     0.9998
12009.100      0.9780     0.9998
12009.200      0.9886     0.9998
12009.300      0.9966     0.9998
12009.400      1.0023     0.9998
12009.500      1.0026     0.9998
12009.600      1.0013     0.9998
12009.700      1.0003     0.9998
12009.800      1.0000     0.9998
12009.900      1.0015     0.9998
12010.000      1.0035     0.9998
12010.100      1.0002     0.9998
12010.200      0.9946     0.9998
12010.300      0.9910     0.9998
12010.400      0.9882     0.9998
12010.500      0.9825     0.9997
12010.600      0.9757     0.9997
12010.700      0.9700     0.9997
12010.800      0.9666     0.9997
12010.900      0.9676     0.9998
12011.000      0.9716     0.9998
12011.100      0.9781     0.9998
12011.200      0.9848     0.9998
12011.300      0.9906     0.9998
12011.400      0.9949     0.9998
12011.500      0.9976     0.9998
12011.600      0.9983     0.9998
12011.700      0.9954     0.9998
12011.800      0.9917     0.9998
12011.900      0.9903     0.9997
12012.000      0.9895     0.9997
12012.100      0.9882     0.9997
12012.200      0.9858     0.9998
12012.300      0.9804     0.9998
12012.400      0.9743     0.9998
12012.500      0.9723     0.9998
12012.600      0.9713     0.9998
12012.700      0.9660     0.9998
12012.800      0.9533     0.9997
12012.900      0.9244     0.9997
12013.000      0.8867     0.9997
12013.100      0.8422     0.9997
12013.200      0.7972     0.9996
12013.300      0.7771     0.9996
12013.400      0.7813     0.9995
12013.500      0.8172     0.9994
12013.600      0.8567     0.9991
12013.700      0.8921     0.9988
12013.800      0.9208     0.9982
12013.900      0.9307     0.9975
12014.000      0.9314     0.9969
12014.100      0.9252     0.9963
12014.200      0.9185     0.9961
12014.300      0.9151     0.9961
12014.400      0.9163     0.9966
12014.500      0.9296     0.9972
12014.600      0.9440     0.9980
12014.700      0.9568     0.9985
12014.800      0.9671     0.9989
12014.900      0.9712     0.9992
12015.000      0.9741     0.9994
12015.100      0.9767     0.9995
12015.200      0.9788     0.9995
12015.300      0.9790     0.9996
12015.400      0.9789     0.9996
12015.500      0.9788     0.9997
12015.600      0.9788     0.9997
12015.700      0.9814     0.9997
12015.800      0.9841     0.9998
12015.900      0.9811     0.9998
12016.000      0.9778     0.9998
12016.100      0.9764     0.9998
12016.200      0.9767     0.9998
12016.300      0.9793     0.9998
12016.400      0.9821     0.9998
12016.500      0.9826     0.9998
12016.600      0.9817     0.9998
12016.700      0.9784     0.9998
12016.800      0.9751     0.9998
12016.900      0.9753     0.9998
12017.000      0.9755     0.9998
12017.100      0.9740     0.9998
12017.200      0.9717     0.9999
12017.300      0.9688     0.9999
12017.400      0.9648     0.9999
12017.500      0.9586     0.9999
12017.600      0.9483     0.9999
12017.700      0.9214     0.9999
12017.800      0.8772     0.9999
12017.900      0.7993     0.9999
12018.000      0.7214     0.9999
12018.100      0.6465     0.9999
12018.200      0.5784     0.9999
12018.300      0.5680     0.9999
12018.400      0.5790     0.9999
12018.500      0.6073     0.9999
12018.600      0.6347     0.9999
12018.700      0.6486     0.9999
12018.800      0.6635     0.9999
12018.900      0.6956     0.9999
12019.000      0.7414     0.9999
12019.100      0.8051     0.9999
12019.200      0.8682     0.9999
12019.300      0.9188     0.9999
12019.400      0.9569     0.9999
12019.500      0.9750     0.9999
12019.600      0.9847     0.9999
12019.700      0.9886     0.9999
12019.800      0.9927     0.9999
12019.900      0.9986     0.9999
12020.000      1.0042     0.9999
12020.100      1.0061     0.9999
12020.200      1.0051     0.9999
12020.300      1.0006     0.9999
12020.400      0.9968     0.9999
12020.500      0.9976     0.9999
12020.600      0.9980     0.9999
12020.700      0.9959     0.9999
12020.800      0.9943     0.9999
12020.900      0.9962     0.9999
12021.000      0.9979     0.9999
12021.100      0.9992     0.9998
12021.200      1.0003     0.9998
12021.300      1.0012     0.9998
12021.400      1.0015     0.9998
12021.500      1.0006     0.9998
12021.600      0.9999     0.9998
12021.700      0.9999     0.9998
12021.800      0.9998     0.9998
12021.900      0.9992     0.9999
12022.000      0.9989     0.9999
12022.100      1.0008     0.9999
12022.200      1.0042     0.9999
12022.300      1.0087     0.9999
12022.400      1.0115     0.9999
12022.500      1.0084     0.9999
12022.600      1.0064     0.9999
12022.700      1.0077     0.9999
12022.800      1.0072     0.9999
12022.900      1.0011     0.9999
12023.000      0.9954     0.9999
12023.100      0.9917     0.9999
12023.200      0.9900     0.9998
12023.300      0.9909     0.9998
12023.400      0.9936     0.9997
12023.500      0.9975     0.9994
12023.600      1.0008     0.9992
12023.700      1.0019     0.9989
12023.800      1.0029     0.9988
12023.900      1.0038     0.9989
12024.000      1.0033     0.9992
12024.100      1.0000     0.9995
12024.200      0.9970     0.9997
12024.300      0.9956     0.9998
12024.400      0.9961     0.9998
12024.500      0.9983     0.9999
12024.600      1.0000     0.9999
12024.700      1.0002     0.9999
12024.800      1.0010     0.9999
12024.900      1.0027     0.9999
12025.000      1.0032     0.9999
12025.100      1.0010     0.9999
12025.200      0.9995     0.9999
12025.300      0.9992     0.9999
12025.400      0.9980     0.9999
12025.500      0.9936     0.9999
12025.600      0.9864     0.9999
12025.700      0.9748     0.9999
12025.800      0.9547     0.9999
12025.900      0.9254     0.9999
12026.000      0.8932     0.9999
12026.100      0.8600     0.9999
12026.200      0.8372     0.9999
12026.300      0.8433     0.9998
12026.400      0.8712     0.9998
12026.500      0.9107     0.9998
12026.600      0.9459     0.9997
12026.700      0.9680     0.9997
12026.800      0.9766     0.9998
12026.900      0.9763     0.9998
12027.000      0.9749     0.9998
12027.100      0.9733     0.9999
12027.200      0.9723     0.9999
12027.300      0.9726     0.9999
12027.400      0.9738     0.9999
12027.500      0.9760     0.9998
12027.600      0.9794     0.9998
12027.700      0.9840     0.9997
12027.800      0.9895     0.9997
12027.900      0.9952     0.9996
12028.000      0.9994     0.9996
12028.100      1.0005     0.9997
12028.200      0.9990     0.9997
12028.300      0.9966     0.9998
12028.400      0.9954     0.9998
12028.500      0.9955     0.9998
12028.600      0.9954     0.9998
12028.700      0.9952     0.9998
12028.800      0.9958     0.9998
12028.900      0.9972     0.9998
12029.000      0.9985     0.9998
12029.100      0.9996     0.9998
12029.200      1.0001     0.9998
12029.300      0.9998     0.9998
12029.400      0.9990     0.9997
12029.500      0.9977     0.9997
12029.600      0.9961     0.9997
12029.700      0.9941     0.9997
12029.800      0.9915     0.9997
12029.900      0.9871     0.9996
12030.000      0.9744     0.9996
12030.100      0.9546     0.9996
12030.200      0.9331     0.9995
12030.300      0.9113     0.9994
12030.400      0.8975     0.9993
12030.500      0.8982     0.9992
12030.600      0.9146     0.9990
12030.700      0.9368     0.9985
12030.800      0.9572     0.9973
12030.900      0.9739     0.9939
12031.000      0.9869     0.9847
12031.100      0.9955     0.9643
12031.200      0.9981     0.9289
12031.300      0.9986     0.8829
12031.400      0.9996     0.8415
12031.500      1.0011     0.8238
12031.600      0.9985     0.8391
12031.700      0.9935     0.8793
12031.800      0.9920     0.9256
12031.900      0.9936     0.9622
12032.000      0.9964     0.9837
12032.100      0.9993     0.9935
12032.200      1.0001     0.9972
12032.300      0.9997     0.9984
12032.400      0.9994     0.9989
12032.500      0.9991     0.9991
12032.600      0.9953     0.9993
12032.700      0.9846     0.9994
12032.800      0.9644     0.9995
12032.900      0.9364     0.9995
12033.000      0.9014     0.9996
12033.100      0.8650     0.9996
12033.200      0.8382     0.9997
12033.300      0.8275     0.9997
12033.400      0.8411     0.9997
12033.500      0.8634     0.9997
12033.600      0.8876     0.9997
12033.700      0.9119     0.9998
12033.800      0.9290     0.9998
12033.900      0.9419     0.9998
12034.000      0.9540     0.9998
12034.100      0.9649     0.9998
12034.200      0.9705     0.9998
12034.300      0.9724     0.9998
12034.400      0.9715     0.9998
12034.500      0.9703     0.9998
12034.600      0.9725     0.9998
12034.700      0.9760     0.9998
12034.800      0.9762     0.9998
12034.900      0.9730     0.9998
12035.000      0.9664     0.9998
12035.100      0.9592     0.9998
12035.200      0.9525     0.9998
12035.300      0.9468     0.9998
12035.400      0.9489     0.9998
12035.500      0.9529     0.9998
12035.600      0.9560     0.9998
12035.700      0.9576     0.9998
12035.800      0.9553     0.9998
12035.900      0.9522     0.9998
12036.000      0.9513     0.9998
12036.100      0.9508     0.9998
12036.200      0.9471     0.9999
12036.300      0.9392     0.9999
12036.400      0.9265     0.9999
12036.500      0.9079     0.9999
12036.600      0.8840     0.9999
12036.700      0.8497     0.9999
12036.800      0.7822     0.9999
12036.900      0.6963     0.9999
12037.000      0.5962     0.9999
12037.100      0.4951     0.9999
12037.200      0.4344     0.9999
12037.300      0.4131     0.9999
12037.400      0.4465     0.9999
12037.500      0.4854     0.9999
12037.600      0.5151     0.9999
12037.700      0.5297     0.9999
12037.800      0.4898     0.9999
12037.900      0.4436     0.9999
12038.000      0.4124     0.9999
12038.100      0.4037     0.9999
12038.200      0.4549     0.9999
12038.300      0.5337     0.9999
12038.400      0.6336     0.9999
12038.500      0.7344     0.9999
12038.600      0.8150     0.9998
12038.700      0.8757     0.9998
12038.800      0.9092     0.9998
12038.900      0.9249     0.9998
12039.000      0.9225     0.9998
12039.100      0.9173     0.9997
12039.200      0.9115     0.9996
12039.300      0.9040     0.9994
12039.400      0.8945     0.9989
12039.500      0.8807     0.9982
12039.600      0.8471     0.9970
12039.700      0.8102     0.9955
12039.800      0.7716     0.9944
12039.900      0.7329     0.9943
12040.000      0.7298     0.9954
12040.100      0.7466     0.9969
12040.200      0.7863     0.9983
12040.300      0.8272     0.9991
12040.400      0.8684     0.9994
12040.500      0.9097     0.9995
12040.600      0.9287     0.9995
12040.700      0.9465     0.9994
12040.800      0.9641     0.9994
12040.900      0.9807     0.9993
12041.000      0.9931     0.9991
12041.100      1.0015     0.9987
12041.200      1.0048     0.9982
12041.300      1.0030     0.9974
12041.400      0.9939     0.9966
12041.500      0.9833     0.9960
12041.600      0.9717     0.9958
12041.700      0.9603     0.9963
12041.800      0.9566     0.9970
12041.900      0.9586     0.9979
12042.000      0.9683     0.9985
12042.100      0.9776     0.9990
12042.200      0.9822     0.9993
12042.300      0.9859     0.9995
12042.400      0.9891     0.9996
12042.500      0.9923     0.9996
12042.600      0.9964     0.9997
12042.700      0.9996     0.9997
12042.800      0.9921     0.9997
12042.900      0.9811     0.9997
12043.000      0.9674     0.9998
12043.100      0.9549     0.9998
12043.200      0.9532     0.9998
12043.300      0.9545     0.9998
12043.400      0.9575     0.9998
12043.500      0.9603     0.9998
12043.600      0.9606     0.9998
12043.700      0.9620     0.9998
12043.800      0.9706     0.9998
12043.900      0.9789     0.9998
12044.000      0.9842     0.9997
12044.100      0.9872     0.9997
12044.200      0.9872     0.9997
12044.300      0.9842     0.9997
12044.400      0.9781     0.9997
12044.500      0.9721     0.9996
12044.600      0.9679     0.9995
12044.700      0.9681     0.9994
12044.800      0.9788     0.9994
12044.900      0.9893     0.9993
12045.000      0.9977     0.9993
12045.100      1.0029     0.9990
12045.200      1.0027     0.9984
12045.300      1.0024     0.9975
12045.400      1.0022     0.9966
12045.500      1.0018     0.9960
12045.600      1.0009     0.9961
12045.700      0.9991     0.9969
12045.800      0.9951     0.9978
12045.900      0.9888     0.9986
12046.000      0.9807     0.9990
12046.100      0.9734     0.9992
12046.200      0.9717     0.9993
12046.300      0.9752     0.9994
12046.400      0.9835     0.9995
12046.500      0.9916     0.9996
12046.600      0.9984     0.9997
12046.700      1.0028     0.9998
12046.800      1.0043     0.9998
12046.900      1.0058     0.9998
12047.000      1.0074     0.9998
12047.100      1.0089     0.9998
12047.200      1.0097     0.9998
12047.300      1.0082     0.9999
12047.400      1.0029     0.9999
12047.500      0.9968     0.9999
12047.600      0.9904     0.9999
12047.700      0.9846     0.9999
12047.800      0.9815     0.9999
12047.900      0.9804     0.9998
12048.000      0.9815     0.9998
12048.100      0.9859     0.9998
12048.200      0.9930     0.9998
12048.300      0.9998     0.9998
12048.400      1.0051     0.9997
12048.500      1.0074     0.9997
12048.600      1.0058     0.9996
12048.700      1.0036     0.9996
12048.800      1.0013     0.9996
12048.900      0.9987     0.9997
12049.000      0.9960     0.9997
12049.100      0.9937     0.9998
12049.200      0.9923     0.9998
12049.300      0.9878     0.9998
12049.400      0.9766     0.9999
12049.500      0.9636     0.9999
12049.600      0.9496     0.9999
12049.700      0.9353     0.9999
12049.800      0.9207     0.9999
12049.900      0.9004     0.9999
12050.000      0.8599     0.9998
12050.100      0.7892     0.9999
12050.200      0.6957     0.9999
12050.300      0.6028     0.9999
12050.400      0.5140     0.9999
12050.500      0.4551     0.9999
12050.600      0.4621     0.9999
12050.700      0.5225     0.9999
12050.800      0.6097     0.9999
12050.900      0.6992     0.9999
12051.000      0.7891     0.9999
12051.100      0.8657     0.9999
12051.200      0.9122     0.9999
12051.300      0.9364     0.9999
12051.400      0.9483     0.9999
12051.500      0.9553     0.9999
12051.600      0.9611     0.9999
12051.700      0.9691     0.9999
12051.800      0.9795     0.9999
12051.900      0.9873     0.9999
12052.000      0.9907     0.9999
12052.100      0.9917     0.9999
12052.200      0.9919     0.9999
12052.300      0.9945     0.9999
12052.400      0.9993     0.9999
12052.500      1.0027     0.9999
12052.600      1.0035     0.9998
12052.700      1.0028     0.9998
12052.800      1.0016     0.9996
12052.900      1.0002     0.9994
12053.000      0.9988     0.9992
12053.100      0.9989     0.9991
12053.200      1.0001     0.9993
12053.300      0.9987     0.9995
12053.400      0.9952     0.9997
12053.500      0.9919     0.9998
12053.600      0.9894     0.9998
12053.700      0.9910     0.9998
12053.800      0.9954     0.9998
12053.900      0.9990     0.9998
12054.000      1.0021     0.9997
12054.100      1.0050     0.9997
12054.200      1.0079     0.9997
12054.300      1.0097     0.9997
12054.400      1.0093     0.9998
12054.500      1.0061     0.9998
12054.600      0.9999     0.9999
12054.700      0.9904     0.9999
12054.800      0.9798     0.9999
12054.900      0.9721     0.9999
12055.000      0.9692     0.9999
12055.100      0.9704     0.9999
12055.200      0.9745     0.9999
12055.300      0.9811     0.9999
12055.400      0.9882     0.9999
12055.500      0.9922     0.9999
12055.600      0.9944     0.9999
12055.700      0.9978     0.9998
12055.800      1.0018     0.9998
12055.900      1.0044     0.9999
12056.000      1.0052     0.9999
12056.100      1.0040     0.9999
12056.200      1.0023     0.9998
12056.300      1.0022     0.9998
12056.400      1.0037     0.9999
12056.500      1.0064     0.9999
12056.600      1.0093     0.9999
12056.700      1.0085     0.9999
12056.800      1.0061     0.9999
12056.900      1.0037     0.9999
12057.000      1.0014     0.9999
12057.100      1.0046     0.9999
12057.200      1.0101     0.9999
12057.300      1.0101     0.9999
12057.400      1.0079     0.9999
12057.500      1.0073     0.9999
12057.600      1.0074     0.9999
12057.700      1.0069     0.9999
12057.800      1.0056     0.9999
12057.900      1.0034     0.9999
12058.000      1.0011     0.9999
12058.100      1.0010     0.9999
12058.200      1.0016     0.9999
12058.300      1.0019     0.9999
12058.400      1.0016     0.9999
12058.500      0.9998     0.9999
12058.600      0.9977     0.9999
12058.700      0.9962     0.9999
12058.800      0.9953     0.9999
12058.900      0.9947     0.9999
12059.000      0.9942     0.9999
12059.100      0.9935     0.9999
12059.200      0.9927     0.9999
12059.300      0.9921     0.9999
12059.400      0.9916     0.9999
12059.500      0.9899     0.9999
12059.600      0.9868     0.9999
12059.700      0.9812     0.9999
12059.800      0.9753     0.9999
12059.900      0.9728     0.9999
12060.000      0.9730     0.9999
12060.100      0.9749     0.9999
12060.200      0.9784     0.9999
12060.300      0.9840     0.9999
12060.400      0.9897     0.9998
12060.500      0.9943     0.9998
12060.600      0.9972     0.9998
12060.700      0.9959     0.9998
12060.800      0.9940     0.9998
12060.900      0.9953     0.9998
12061.000      0.9971     0.9999
12061.100      0.9988     0.9999
12061.200      1.0005     0.9999
12061.300      0.9955     0.9999
12061.400      0.9898     0.9999
12061.500      0.9853     0.9999
12061.600      0.9829     0.9999
12061.700      0.9873     0.9999
12061.800      0.9923     0.9999
12061.900      0.9966     0.9999
12062.000      0.9997     0.9999
12062.100      0.9961     0.9999
12062.200      0.9920     0.9999
12062.300      0.9942     0.9999
12062.400      0.9968     0.9999
12062.500      0.9993     0.9999
12062.600      1.0016     0.9999
12062.700      0.9971     0.9999
12062.800      0.9922     0.9999
12062.900      0.9912     0.9999
12063.000      0.9912     0.9999
12063.100      0.9917     0.9999
12063.200      0.9924     0.9999
12063.300      0.9931     0.9999
12063.400      0.9941     0.9999
12063.500      0.9975     0.9999
12063.600      1.0009     0.9999
12063.700      0.9903     0.9999
12063.800      0.9795     0.9999
12063.900      0.9723     0.9999
12064.000      0.9686     0.9999
12064.100      0.9723     0.9999
12064.200      0.9759     0.9999
12064.300      0.9735     0.9999
12064.400      0.9653     0.9999
12064.500      0.9487     0.9999
12064.600      0.9207     0.9999
12064.700      0.8685     0.9999
12064.800      0.8165     0.9999
12064.900      0.7755     0.9999
12065.000      0.7485     0.9999
12065.100      0.7588     0.9999
12065.200      0.7888     0.9999
12065.300      0.8370     0.9999
12065.400      0.8850     0.9999
12065.500      0.9256     0.9999
12065.600      0.9577     0.9999
12065.700      0.9724     0.9998
12065.800      0.9815     0.9998
12065.900      0.9875     0.9998
12066.000      0.9910     0.9998
12066.100      0.9927     0.9998
12066.200      0.9920     0.9998
12066.300      0.9876     0.9998
12066.400      0.9828     0.9998
12066.500      0.9778     0.9998
12066.600      0.9730     0.9997
12066.700      0.9707     0.9997
12066.800      0.9717     0.9997
12066.900      0.9787     0.9998
12067.000      0.9850     0.9998
12067.100      0.9872     0.9998
12067.200      0.9895     0.9998
12067.300      0.9926     0.9998
12067.400      0.9965     0.9997
12067.500      1.0011     0.9996
12067.600      1.0054     0.9994
12067.700      1.0073     0.9992
12067.800      1.0069     0.9989
12067.900      1.0032     0.9987
12068.000      0.9997     0.9986
12068.100      0.9971     0.9987
12068.200      0.9958     0.9987
12068.300      0.9963     0.9984
12068.400      0.9966     0.9978
12068.500      0.9963     0.9970
12068.600      0.9963     0.9964
12068.700      0.9975     0.9961
12068.800      0.9986     0.9965
12068.900      0.9986     0.9973
12069.000      0.9957     0.9981
12069.100      0.9869     0.9987
12069.200      0.9779     0.9990
12069.300      0.9690     0.9992
12069.400      0.9620     0.9992
12069.500      0.9617     0.9993
12069.600      0.9612     0.9994
12069.700      0.9585     0.9996
12069.800      0.9526     0.9997
12069.900      0.9375     0.9998
12070.000      0.9090     0.9998
12070.100      0.8655     0.9998
12070.200      0.8242     0.9997
12070.300      0.7978     0.9996
12070.400      0.7910     0.9995
12070.500      0.8111     0.9995
12070.600      0.8436     0.9995
12070.700      0.8822     0.9995
12070.800      0.9197     0.9996
12070.900      0.9512     0.9997
12071.000      0.9748     0.9998
12071.100      0.9869     0.9998
12071.200      0.9902     0.9998
12071.300      0.9881     0.9998
12071.400      0.9857     0.9998
12071.500      0.9831     0.9998
12071.600      0.9794     0.9998
12071.700      0.9739     0.9998
12071.800      0.9676     0.9998
12071.900      0.9610     0.9998
12072.000      0.9552     0.9998
12072.100      0.9523     0.9998
12072.200      0.9516     0.9997
12072.300      0.9535     0.9997
12072.400      0.9595     0.9996
12072.500      0.9688     0.9994
12072.600      0.9773     0.9992
12072.700      0.9832     0.9991
12072.800      0.9879     0.9991
12072.900      0.9914     0.9992
12073.000      0.9932     0.9993
12073.100      0.9932     0.9995
12073.200      0.9918     0.9996
12073.300      0.9892     0.9997
12073.400      0.9855     0.9997
12073.500      0.9799     0.9997
12073.600      0.9717     0.9997
12073.700      0.9571     0.9997
12073.800      0.9282     0.9996
12073.900      0.8828     0.9992
12074.000      0.8309     0.9981
12074.100      0.7771     0.9958
12074.200      0.7339     0.9919
12074.300      0.7206     0.9870
12074.400      0.7359     0.9829
12074.500      0.7717     0.9816
12074.600      0.8167     0.9838
12074.700      0.8643     0.9885
12074.800      0.9053     0.9932
12074.900      0.9302     0.9967
12075.000      0.9402     0.9986
12075.100      0.9429     0.9994
12075.200      0.9478     0.9997
12075.300      0.9567     0.9998
12075.400      0.9683     0.9998
12075.500      0.9809     0.9998
12075.600      0.9890     0.9998
12075.700      0.9923     0.9997
12075.800      0.9955     0.9997
12075.900      0.9986     0.9997
12076.000      1.0010     0.9997
12076.100      1.0027     0.9997
12076.200      1.0057     0.9997
12076.300      1.0098     0.9998
12076.400      1.0098     0.9998
12076.500      1.0063     0.9998
12076.600      1.0054     0.9998
12076.700      1.0068     0.9998
12076.800      1.0074     0.9998
12076.900      1.0073     0.9998
12077.000      1.0072     0.9998
12077.100      1.0072     0.9998
12077.200      1.0078     0.9998
12077.300      1.0091     0.9998
12077.400      1.0087     0.9999
12077.500      1.0072     0.9999
12077.600      1.0062     0.9999
12077.700      1.0055     0.9999
12077.800      1.0025     0.9999
12077.900      0.9960     0.9999
12078.000      0.9869     0.9999
12078.100      0.9770     0.9999
12078.200      0.9699     0.9999
12078.300      0.9680     0.9998
12078.400      0.9732     0.9998
12078.500      0.9809     0.9997
12078.600      0.9883     0.9996
12078.700      0.9947     0.9993
12078.800      0.9996     0.9991
12078.900      1.0028     0.9989
12079.000      1.0041     0.9990
12079.100      1.0048     0.9992
12079.200      1.0055     0.9995
12079.300      1.0063     0.9997
12079.400      1.0052     0.9998
12079.500      1.0032     0.9998
12079.600      1.0011     0.9998
12079.700      0.9993     0.9998
12079.800      1.0002     0.9998
12079.900      1.0023     0.9998
12080.000      1.0025     0.9998
12080.100      1.0007     0.9997
12080.200      0.9980     0.9996
12080.300      0.9943     0.9996
12080.400      0.9898     0.9996
12080.500      0.9837     0.9996
12080.600      0.9658     0.9996
12080.700      0.9340     0.9997
12080.800      0.8866     0.9997
12080.900      0.8358     0.9997
12081.000      0.7919     0.9997
12081.100      0.7584     0.9997
12081.200      0.7387     0.9997
12081.300      0.7276     0.9997
12081.400      0.7206     0.9996
12081.500      0.7188     0.9994
12081.600      0.7242     0.9988
12081.700      0.7381     0.9978
12081.800      0.7629     0.9965
12081.900      0.7948     0.9954
12082.000      0.8330     0.9951
12082.100      0.8720     0.9958
12082.200      0.9071     0.9970
12082.300      0.9357     0.9981
12082.400      0.9526     0.9986
12082.500      0.9628     0.9986
12082.600      0.9684     0.9976
12082.700      0.9735     0.9944
12082.800      0.9802     0.9857
12082.900      0.9873     0.9670
12083.000      0.9936     0.9354
12083.100      0.9988     0.8949
12083.200      1.0011     0.8565
12083.300      1.0029     0.8310
12083.400      1.0072     0.8205
12083.500      1.0120     0.8204
12083.600      1.0093     0.8289
12083.700      1.0051     0.8495
12083.800      1.0045     0.8833
12083.900      1.0045     0.9232
12084.000      1.0038     0.9579
12084.100      1.0020     0.9807
12084.200      0.9985     0.9923
12084.300      0.9932     0.9969
12084.400      0.9859     0.9985
12084.500      0.9765     0.9991
12084.600      0.9636     0.9993
12084.700      0.9498     0.9994
12084.800      0.9353     0.9995
12084.900      0.9208     0.9995
12085.000      0.9149     0.9996
12085.100      0.9157     0.9996
12085.200      0.9224     0.9996
12085.300      0.9337     0.9996
12085.400      0.9503     0.9997
12085.500      0.9672     0.9997
12085.600      0.9815     0.9997
12085.700      0.9928     0.9996
12085.800      0.9985     0.9996
12085.900      1.0009     0.9995
12086.000      1.0005     0.9995
12086.100      0.9988     0.9994
12086.200      0.9960     0.9994
12086.300      0.9932     0.9995
12086.400      0.9958     0.9995
12086.500      0.9988     0.9996
12086.600      0.9964     0.9996
12086.700      0.9938     0.9997
12086.800      0.9981     0.9997
12086.900      1.0026     0.9996
12087.000      1.0021     0.9996
12087.100      1.0009     0.9996
12087.200      0.9992     0.9994
12087.300      0.9976     0.9990
12087.400      0.9989     0.9980
12087.500      1.0001     0.9955
12087.600      0.9929     0.9907
12087.700      0.9849     0.9837
12087.800      0.9764     0.9761
12087.900      0.9680     0.9711
12088.000      0.9620     0.9712
12088.100      0.9590     0.9765
12088.200      0.9634     0.9842
12088.300      0.9677     0.9911
12088.400      0.9690     0.9957
12088.500      0.9706     0.9981
12088.600      0.9770     0.9991
12088.700      0.9832     0.9995
12088.800      0.9844     0.9997
12088.900      0.9859     0.9997
12089.000      0.9891     0.9997
12089.100      0.9922     0.9998
12089.200      0.9931     0.9998
12089.300      0.9944     0.9998
12089.400      0.9991     0.9998
12089.500      1.0038     0.9998
12089.600      1.0066     0.9998
12089.700      1.0081     0.9998
12089.800      1.0081     0.9998
12089.900      1.0070     0.9998
12090.000      1.0051     0.9998
12090.100      1.0022     0.9998
12090.200      0.9982     0.9998
12090.300      0.9945     0.9998
12090.400      0.9932     0.9998
12090.500      0.9910     0.9998
12090.600      0.9800     0.9998
12090.700      0.9627     0.9998
12090.800      0.9383     0.9998
12090.900      0.8992     0.9998
12091.000      0.8313     0.9998
12091.100      0.7564     0.9998
12091.200      0.6781     0.9998
12091.300      0.6049     0.9998
12091.400      0.5756     0.9998
12091.500      0.5791     0.9998
12091.600      0.6170     0.9998
12091.700      0.6764     0.9998
12091.800      0.7499     0.9998
12091.900      0.8214     0.9998
12092.000      0.8769     0.9997
12092.100      0.9192     0.9995
12092.200      0.9469     0.9990
12092.300      0.9673     0.9979
12092.400      0.9831     0.9958
12092.500      0.9936     0.9925
12092.600      0.9992     0.9889
12092.700      1.0015     0.9863
12092.800      1.0016     0.9862
12092.900      1.0007     0.9884
12093.000      0.9993     0.9920
12093.100      0.9972     0.9954
12093.200      0.9948     0.9977
12093.300      0.9933     0.9989
12093.400      0.9947     0.9995
12093.500      0.9955     0.9997
12093.600      0.9940     0.9998
12093.700      0.9917     0.9998
12093.800      0.9889     0.9998
12093.900      0.9864     0.9998
12094.000      0.9851     0.9998
12094.100      0.9857     0.9998
12094.200      0.9884     0.9998
12094.300      0.9900     0.9998
12094.400      0.9888     0.9999
12094.500      0.9907     0.9999
12094.600      1.0000     0.9999
12094.700      1.0083     0.9999
12094.800      1.0125     0.9999
12094.900      1.0133     0.9999
12095.000      1.0106     0.9998
12095.100      1.0049     0.9998
12095.200      0.9976     0.9998
12095.300      0.9939     0.9997
12095.400      0.9973     0.9996
12095.500      1.0007     0.9993
12095.600      1.0038     0.9990
12095.700      1.0060     0.9987
12095.800      1.0067     0.9986
12095.900      1.0079     0.9987
12096.000      1.0098     0.9990
12096.100      1.0106     0.9993
12096.200      1.0098     0.9996
12096.300      1.0092     0.9997
12096.400      1.0093     0.9998
12096.500      1.0097     0.9998
12096.600      1.0103     0.9999
12096.700      1.0102     0.9999
12096.800      1.0091     0.9999
12096.900      1.0088     0.9999
12097.000      1.0097     0.9999
12097.100      1.0095     0.9999
12097.200      1.0075     0.9999
12097.300      1.0050     0.9999
12097.400      1.0025     0.9999
12097.500      1.0015     0.9999
12097.600      1.0026     0.9999
12097.700      1.0031     0.9998
12097.800      1.0027     0.9998
12097.900      1.0026     0.9998
12098.000      1.0029     0.9998
12098.100      1.0029     0.9998
12098.200      1.0018     0.9998
12098.300      0.9985     0.9999
12098.400      0.9935     0.9999
12098.500      0.9889     0.9999
12098.600      0.9847     0.9999
12098.700      0.9781     0.9999
12098.800      0.9655     0.9999
12098.900      0.9487     0.9998
12099.000      0.9254     0.9997
12099.100      0.8830     0.9996
12099.200      0.8274     0.9995
12099.300      0.7719     0.9994
12099.400      0.7168     0.9995
12099.500      0.6784     0.9996
12099.600      0.6731     0.9997
12099.700      0.6938     0.9997
12099.800      0.7331     0.9996
12099.900      0.7877     0.9993
12100.000      0.8468     0.9990
12100.100      0.8998     0.9986
12100.200      0.9391     0.9984
12100.300      0.9615     0.9985
12100.400      0.9737     0.9988
12100.500      0.9830     0.9992
12100.600      0.9904     0.9995
12100.700      0.9956     0.9997
12100.800      0.9987     0.9998
12100.900      0.9987     0.9998
12101.000      0.9975     0.9998
12101.100      0.9976     0.9998
12101.200      0.9987     0.9998
12101.300      0.9995     0.9998
12101.400      0.9995     0.9998
12101.500      0.9978     0.9998
12101.600      0.9954     0.9998
12101.700      0.9964     0.9998
12101.800      0.9995     0.9998
12101.900      0.9997     0.9997
12102.000      0.9982     0.9996
12102.100      0.9985     0.9992
12102.200      0.9999     0.9987
12102.300      1.0014     0.9982
12102.400      1.0030     0.9978
12102.500      1.0003     0.9979
12102.600      0.9954     0.9983
12102.700      0.9929     0.9988
12102.800      0.9924     0.9991
12102.900      0.9927     0.9987
12103.000      0.9935     0.9966
12103.100      0.9947     0.9909
12103.200      0.9965     0.9787
12103.300      1.0006     0.9596
12103.400      1.0054     0.9387
12103.500      1.0080     0.9256
12103.600      1.0086     0.9281
12103.700      1.0086     0.9446
12103.800      1.0080     0.9660
12103.900      1.0051     0.9832
12104.000      1.0014     0.9932
12104.100      1.0012     0.9976
12104.200      1.0024     0.9992
12104.300      1.0016     0.9996
12104.400      1.0000     0.9997
12104.500      0.9988     0.9997
12104.600      0.9983     0.9997
12104.700      1.0006     0.9997
12104.800      1.0036     0.9997
12104.900      1.0038     0.9997
12105.000      1.0027     0.9997
12105.100      1.0013     0.9998
12105.200      0.9999     0.9998
12105.300      1.0004     0.9998
12105.400      1.0015     0.9998
12105.500      1.0021     0.9998
12105.600      1.0025     0.9998
12105.700      1.0027     0.9998
12105.800      1.0028     0.9998
12105.900      1.0027     0.9998
12106.000      1.0026     0.9998
12106.100      1.0044     0.9996
12106.200      1.0065     0.9992
12106.300      1.0054     0.9985
12106.400      1.0019     0.9976
12106.500      0.9969     0.9969
12106.600      0.9917     0.9967
12106.700      0.9903     0.9971
12106.800      0.9906     0.9980
12106.900      0.9916     0.9988
12107.000      0.9926     0.9994
12107.100      0.9933     0.9997
12107.200      0.9940     0.9998
12107.300      0.9972     0.9999
12107.400      1.0009     0.9999
12107.500      1.0010     0.9999
12107.600      1.0005     0.9999
12107.700      1.0030     0.9999
12107.800      1.0060     0.9999
12107.900      1.0026     0.9999
12108.000      0.9983     0.9999
12108.100      0.9963     0.9999
12108.200      0.9965     0.9999
12108.300      0.9961     1.0000
12108.400      0.9955     1.0000
12108.500      0.9949     1.0000
12108.600      0.9943     1.0000
12108.700      0.9937     1.0000
12108.800      0.9932     1.0000
12108.900      0.9926     1.0000
12109.000      0.9920     1.0000
