# t09572g430x+000m0                                           
# 1128011607.kgf                                              
# data\m49.fits                                               
# xmin,xmax,dshft,yshift,fz:  11116.50  11770.50   0.00000   0.00000   1.00000
# vw,rp,ifabs:   0.0    28300.   0
#                                                                     
# wave(A)   obs.spec.  the.spec.  overplot1  overplot2  overplot3  overplot4
11280.000      0.9110     1.0000
11280.100      0.9159     1.0000
11280.200      0.9207     1.0000
11280.300      0.9256     1.0000
11280.400      0.9305     1.0000
11280.500      0.9354     1.0000
11280.600      0.9403     1.0000
11280.700      0.9452     1.0000
11280.800      0.9500     0.9994
11280.900      0.9549     0.9994
11281.000      0.9598     0.9994
11281.100      0.9647     0.9994
11281.200      0.9696     0.9994
11281.300      0.9745     0.9994
11281.400      0.9793     0.9994
11281.500      0.9842     0.9994
11281.600      0.9891     0.9994
11281.700      0.9940     0.9994
11281.800      0.9989     0.9994
11281.900      1.0033     0.9993
11282.000      1.0075     0.9993
11282.100      1.0089     0.9992
11282.200      1.0097     0.9991
11282.300      1.0113     0.9991
11282.400      1.0133     0.9991
11282.500      1.0158     0.9992
11282.600      1.0171     0.9993
11282.700      1.0072     0.9993
11282.800      0.9946     0.9993
11282.900      0.9808     0.9993
11283.000      0.9705     0.9993
11283.100      0.9713     0.9992
11283.200      0.9766     0.9992
11283.300      0.9836     0.9992
11283.400      0.9867     0.9992
11283.500      0.9794     0.9991
11283.600      0.9632     0.9991
11283.700      0.9390     0.9991
11283.800      0.9093     0.9991
11283.900      0.8736     0.9990
11284.000      0.8310     0.9990
11284.100      0.7787     0.9989
11284.200      0.7124     0.9989
11284.300      0.6303     0.9988
11284.400      0.5261     0.9987
11284.500      0.4138     0.9987
11284.600      0.2960     0.9986
11284.700      0.1802     0.9985
11284.800      0.0980     0.9983
11284.900      0.0428     0.9982
11285.000      0.0170     0.9980
11285.100      0.0086     0.9977
11285.200      0.0132     0.9974
11285.300      0.0347     0.9970
11285.400      0.0769     0.9965
11285.500      0.1468     0.9957
11285.600      0.2412     0.9941
11285.700      0.3520     0.9905
11285.800      0.4674     0.9813
11285.900      0.5748     0.9609
11286.000      0.6664     0.9243
11286.100      0.7400     0.8737
11286.200      0.7994     0.8230
11286.300      0.8482     0.7902
11286.400      0.8891     0.7843
11286.500      0.9233     0.7963
11286.600      0.9519     0.8052
11286.700      0.9755     0.7958
11286.800      0.9939     0.7721
11286.900      1.0059     0.7517
11287.000      1.0156     0.7477
11287.100      1.0242     0.7600
11287.200      1.0302     0.7816
11287.300      1.0327     0.8098
11287.400      1.0324     0.8469
11287.500      1.0296     0.8911
11287.600      1.0240     0.9336
11287.700      1.0162     0.9650
11287.800      1.0064     0.9831
11287.900      0.9959     0.9914
11288.000      0.9891     0.9947
11288.100      0.9846     0.9961
11288.200      0.9772     0.9968
11288.300      0.9638     0.9972
11288.400      0.9396     0.9976
11288.500      0.9086     0.9978
11288.600      0.8750     0.9980
11288.700      0.8360     0.9982
11288.800      0.7801     0.9983
11288.900      0.7074     0.9984
11289.000      0.6128     0.9985
11289.100      0.5062     0.9985
11289.200      0.3907     0.9983
11289.300      0.2768     0.9974
11289.400      0.1786     0.9942
11289.500      0.0992     0.9863
11289.600      0.0483     0.9724
11289.700      0.0199     0.9560
11289.800      0.0109     0.9458
11289.900      0.0182     0.9488
11290.000      0.0414     0.9628
11290.100      0.0846     0.9791
11290.200      0.1462     0.9906
11290.300      0.2279     0.9962
11290.400      0.3143     0.9983
11290.500      0.3978     0.9988
11290.600      0.4748     0.9989
11290.700      0.5321     0.9989
11290.800      0.5793     0.9987
11290.900      0.6211     0.9985
11291.000      0.6603     0.9982
11291.100      0.6985     0.9974
11291.200      0.7337     0.9951
11291.300      0.7623     0.9895
11291.400      0.7848     0.9793
11291.500      0.8010     0.9660
11291.600      0.8134     0.9551
11291.700      0.8235     0.9528
11291.800      0.8324     0.9605
11291.900      0.8403     0.9736
11292.000      0.8446     0.9857
11292.100      0.8391     0.9934
11292.200      0.8204     0.9970
11292.300      0.7807     0.9984
11292.400      0.7157     0.9988
11292.500      0.6237     0.9990
11292.600      0.4972     0.9991
11292.700      0.3635     0.9991
11292.800      0.2397     0.9992
11292.900      0.1354     0.9992
11293.000      0.0794     0.9992
11293.100      0.0753     0.9992
11293.200      0.1388     0.9992
11293.300      0.2482     0.9992
11293.400      0.4007     0.9991
11293.500      0.5511     0.9991
11293.600      0.6783     0.9990
11293.700      0.7779     0.9987
11293.800      0.8394     0.9980
11293.900      0.8790     0.9965
11294.000      0.9042     0.9936
11294.100      0.9170     0.9901
11294.200      0.9213     0.9872
11294.300      0.9170     0.9865
11294.400      0.9097     0.9880
11294.500      0.9063     0.9892
11294.600      0.9079     0.9860
11294.700      0.9132     0.9731
11294.800      0.9191     0.9465
11294.900      0.9191     0.9094
11295.000      0.9123     0.8746
11295.100      0.8992     0.8596
11295.200      0.8815     0.8730
11295.300      0.8600     0.9071
11295.400      0.8366     0.9449
11295.500      0.8125     0.9730
11295.600      0.7857     0.9884
11295.700      0.7499     0.9949
11295.800      0.7061     0.9973
11295.900      0.6522     0.9980
11296.000      0.5851     0.9983
11296.100      0.5036     0.9985
11296.200      0.4108     0.9985
11296.300      0.3129     0.9986
11296.400      0.2223     0.9985
11296.500      0.1517     0.9985
11296.600      0.1052     0.9983
11296.700      0.0747     0.9981
11296.800      0.0506     0.9978
11296.900      0.0311     0.9973
11297.000      0.0166     0.9959
11297.100      0.0073     0.9920
11297.200      0.0064     0.9819
11297.300      0.0075     0.9600
11297.400      0.0092     0.9233
11297.500      0.0110     0.8779
11297.600      0.0119     0.8408
11297.700      0.0139     0.8302
11297.800      0.0276     0.8519
11297.900      0.0474     0.8943
11298.000      0.0716     0.9381
11298.100      0.0976     0.9695
11298.200      0.1248     0.9866
11298.300      0.1592     0.9939
11298.400      0.2066     0.9966
11298.500      0.2604     0.9975
11298.600      0.3168     0.9976
11298.700      0.3738     0.9975
11298.800      0.4315     0.9973
11298.900      0.5038     0.9974
11299.000      0.5840     0.9978
11299.100      0.6591     0.9983
11299.200      0.7234     0.9987
11299.300      0.7624     0.9989
11299.400      0.7861     0.9990
11299.500      0.8022     0.9991
11299.600      0.8098     0.9991
11299.700      0.8104     0.9991
11299.800      0.7937     0.9991
11299.900      0.7311     0.9992
11300.000      0.6687     0.9992
11300.100      0.6118     0.9991
11300.200      0.5816     0.9991
11300.300      0.6188     0.9989
11300.400      0.6725     0.9986
11300.500      0.7316     0.9983
11300.600      0.7728     0.9980
11300.700      0.7719     0.9980
11300.800      0.7468     0.9983
11300.900      0.7024     0.9985
11301.000      0.6412     0.9986
11301.100      0.5634     0.9986
11301.200      0.4596     0.9985
11301.300      0.3494     0.9982
11301.400      0.2413     0.9979
11301.500      0.1384     0.9975
11301.600      0.0697     0.9966
11301.700      0.0304     0.9947
11301.800      0.0174     0.9896
11301.900      0.0269     0.9770
11302.000      0.0553     0.9510
11302.100      0.1098     0.9091
11302.200      0.1954     0.8595
11302.300      0.2836     0.8206
11302.400      0.3728     0.8111
11302.500      0.4448     0.8358
11302.600      0.4606     0.8823
11302.700      0.4418     0.9301
11302.800      0.4076     0.9650
11302.900      0.3946     0.9841
11303.000      0.4325     0.9926
11303.100      0.5276     0.9959
11303.200      0.6433     0.9972
11303.300      0.7518     0.9978
11303.400      0.8441     0.9982
11303.500      0.9016     0.9984
11303.600      0.9360     0.9986
11303.700      0.9594     0.9988
11303.800      0.9699     0.9989
11303.900      0.9660     0.9990
11304.000      0.9412     0.9990
11304.100      0.8745     0.9990
11304.200      0.8079     0.9990
11304.300      0.7421     0.9991
11304.400      0.6796     0.9992
11304.500      0.6376     0.9992
11304.600      0.6182     0.9993
11304.700      0.6335     0.9993
11304.800      0.6921     0.9994
11304.900      0.7785     0.9994
11305.000      0.8642     0.9994
11305.100      0.9454     0.9994
11305.200      1.0015     0.9994
11305.300      1.0237     0.9994
11305.400      1.0235     0.9994
11305.500      1.0138     0.9994
11305.600      0.9984     0.9994
11305.700      0.9824     0.9994
11305.800      0.9683     0.9995
11305.900      0.9578     0.9995
11306.000      0.9595     0.9995
11306.100      0.9666     0.9995
11306.200      0.9778     0.9995
11306.300      0.9887     0.9995
11306.400      0.9944     0.9995
11306.500      0.9958     0.9995
11306.600      0.9929     0.9994
11306.700      0.9905     0.9992
11306.800      0.9896     0.9990
11306.900      0.9893     0.9987
11307.000      0.9894     0.9987
11307.100      0.9912     0.9988
11307.200      0.9946     0.9991
11307.300      0.9956     0.9993
11307.400      0.9920     0.9995
11307.500      0.9841     0.9995
11307.600      0.9750     0.9995
11307.700      0.9660     0.9995
11307.800      0.9571     0.9994
11307.900      0.9255     0.9991
11308.000      0.8621     0.9981
11308.100      0.7398     0.9962
11308.200      0.6123     0.9936
11308.300      0.5090     0.9915
11308.400      0.4463     0.9912
11308.500      0.5091     0.9930
11308.600      0.6112     0.9957
11308.700      0.7359     0.9978
11308.800      0.8494     0.9989
11308.900      0.9059     0.9994
11309.000      0.9247     0.9995
11309.100      0.9130     0.9995
11309.200      0.8761     0.9995
11309.300      0.8288     0.9995
11309.400      0.7946     0.9995
11309.500      0.7933     0.9995
11309.600      0.8334     0.9996
11309.700      0.8887     0.9996
11309.800      0.9366     0.9996
11309.900      0.9702     0.9996
11310.000      0.9804     0.9996
11310.100      0.9761     0.9995
11310.200      0.9649     0.9995
11310.300      0.9456     0.9995
11310.400      0.9118     0.9993
11310.500      0.8781     0.9990
11310.600      0.8661     0.9985
11310.700      0.8755     0.9980
11310.800      0.9142     0.9978
11310.900      0.9518     0.9978
11311.000      0.9787     0.9980
11311.100      0.9901     0.9982
11311.200      0.9757     0.9985
11311.300      0.9378     0.9988
11311.400      0.8876     0.9991
11311.500      0.8462     0.9993
11311.600      0.8317     0.9995
11311.700      0.8601     0.9995
11311.800      0.9080     0.9995
11311.900      0.9554     0.9995
11312.000      1.0011     0.9995
11312.100      1.0230     0.9996
11312.200      1.0299     0.9996
11312.300      1.0296     0.9996
11312.400      1.0289     0.9996
11312.500      1.0313     0.9996
11312.600      1.0340     0.9996
11312.700      1.0344     0.9996
11312.800      1.0331     0.9996
11312.900      1.0299     0.9995
11313.000      1.0256     0.9995
11313.100      1.0205     0.9995
11313.200      1.0137     0.9994
11313.300      1.0025     0.9990
11313.400      0.9832     0.9979
11313.500      0.9568     0.9951
11313.600      0.9334     0.9896
11313.700      0.9210     0.9819
11313.800      0.9271     0.9747
11313.900      0.9425     0.9720
11314.000      0.9576     0.9754
11314.100      0.9716     0.9829
11314.200      0.9772     0.9904
11314.300      0.9702     0.9955
11314.400      0.9491     0.9981
11314.500      0.9137     0.9991
11314.600      0.8608     0.9994
11314.700      0.8015     0.9995
11314.800      0.7407     0.9995
11314.900      0.6742     0.9996
11315.000      0.5923     0.9996
11315.100      0.4899     0.9996
11315.200      0.3590     0.9996
11315.300      0.2363     0.9996
11315.400      0.1716     0.9996
11315.500      0.1859     0.9996
11315.600      0.2893     0.9996
11315.700      0.4291     0.9996
11315.800      0.5800     0.9996
11315.900      0.7119     0.9996
11316.000      0.8053     0.9996
11316.100      0.8707     0.9996
11316.200      0.9150     0.9996
11316.300      0.9420     0.9996
11316.400      0.9576     0.9996
11316.500      0.9615     0.9996
11316.600      0.9633     0.9996
11316.700      0.9647     0.9996
11316.800      0.9661     0.9996
11316.900      0.9746     0.9996
11317.000      0.9833     0.9995
11317.100      0.9869     0.9994
11317.200      0.9825     0.9993
11317.300      0.9623     0.9993
11317.400      0.9424     0.9993
11317.500      0.9261     0.9994
11317.600      0.9214     0.9995
11317.700      0.9354     0.9996
11317.800      0.9515     0.9996
11317.900      0.9681     0.9996
11318.000      0.9771     0.9996
11318.100      0.9784     0.9996
11318.200      0.9840     0.9996
11318.300      0.9928     0.9996
11318.400      1.0014     0.9996
11318.500      1.0094     0.9996
11318.600      1.0115     0.9996
11318.700      1.0099     0.9996
11318.800      1.0062     0.9996
11318.900      1.0023     0.9996
11319.000      0.9999     0.9994
11319.100      0.9975     0.9991
11319.200      0.9924     0.9987
11319.300      0.9816     0.9985
11319.400      0.9493     0.9986
11319.500      0.9064     0.9990
11319.600      0.8568     0.9993
11319.700      0.8157     0.9995
11319.800      0.8107     0.9996
11319.900      0.8367     0.9996
11320.000      0.8810     0.9996
11320.100      0.9190     0.9996
11320.200      0.9386     0.9996
11320.300      0.9417     0.9996
11320.400      0.9245     0.9996
11320.500      0.8869     0.9996
11320.600      0.8231     0.9996
11320.700      0.7098     0.9996
11320.800      0.5847     0.9996
11320.900      0.4735     0.9996
11321.000      0.3912     0.9996
11321.100      0.4299     0.9996
11321.200      0.5222     0.9996
11321.300      0.6529     0.9995
11321.400      0.7812     0.9994
11321.500      0.8672     0.9991
11321.600      0.9211     0.9989
11321.700      0.9415     0.9988
11321.800      0.9371     0.9990
11321.900      0.9179     0.9992
11322.000      0.8996     0.9994
11322.100      0.8869     0.9996
11322.200      0.8889     0.9996
11322.300      0.9041     0.9996
11322.400      0.9171     0.9996
11322.500      0.9235     0.9995
11322.600      0.9156     0.9994
11322.700      0.9018     0.9989
11322.800      0.8956     0.9976
11322.900      0.8976     0.9951
11323.000      0.9065     0.9917
11323.100      0.9162     0.9887
11323.200      0.9176     0.9877
11323.300      0.9098     0.9894
11323.400      0.8896     0.9928
11323.500      0.8613     0.9960
11323.600      0.8278     0.9981
11323.700      0.7849     0.9991
11323.800      0.7261     0.9994
11323.900      0.6471     0.9996
11324.000      0.5439     0.9996
11324.100      0.4264     0.9996
11324.200      0.3024     0.9996
11324.300      0.1866     0.9996
11324.400      0.1003     0.9996
11324.500      0.0445     0.9996
11324.600      0.0228     0.9996
11324.700      0.0295     0.9996
11324.800      0.0644     0.9996
11324.900      0.1325     0.9997
11325.000      0.2271     0.9997
11325.100      0.3497     0.9997
11325.200      0.4764     0.9997
11325.300      0.5906     0.9997
11325.400      0.6878     0.9996
11325.500      0.7574     0.9996
11325.600      0.8081     0.9996
11325.700      0.8447     0.9996
11325.800      0.8668     0.9996
11325.900      0.8752     0.9996
11326.000      0.8711     0.9996
11326.100      0.8564     0.9996
11326.200      0.8333     0.9996
11326.300      0.8057     0.9996
11326.400      0.7776     0.9996
11326.500      0.7494     0.9996
11326.600      0.7281     0.9996
11326.700      0.7286     0.9996
11326.800      0.7621     0.9996
11326.900      0.8156     0.9996
11327.000      0.8753     0.9996
11327.100      0.9357     0.9996
11327.200      0.9761     0.9996
11327.300      0.9955     0.9996
11327.400      1.0018     0.9996
11327.500      0.9942     0.9996
11327.600      0.9698     0.9996
11327.700      0.9334     0.9996
11327.800      0.8843     0.9996
11327.900      0.8368     0.9996
11328.000      0.8170     0.9996
11328.100      0.8237     0.9996
11328.200      0.8603     0.9996
11328.300      0.8967     0.9996
11328.400      0.9314     0.9996
11328.500      0.9628     0.9995
11328.600      0.9864     0.9995
11328.700      1.0023     0.9995
11328.800      1.0106     0.9995
11328.900      1.0112     0.9994
11329.000      1.0086     0.9994
11329.100      1.0055     0.9994
11329.200      1.0018     0.9993
11329.300      0.9945     0.9992
11329.400      0.9775     0.9990
11329.500      0.9140     0.9983
11329.600      0.8077     0.9959
11329.700      0.6551     0.9878
11329.800      0.4994     0.9670
11329.900      0.4254     0.9262
11330.000      0.4306     0.8661
11330.100      0.5587     0.8010
11330.200      0.6865     0.7532
11330.300      0.8087     0.7407
11330.400      0.9120     0.7680
11330.500      0.9630     0.8249
11330.600      0.9895     0.8906
11330.700      1.0007     0.9443
11330.800      0.9970     0.9770
11330.900      0.9873     0.9919
11331.000      0.9775     0.9972
11331.100      0.9677     0.9987
11331.200      0.9576     0.9991
11331.300      0.9464     0.9992
11331.400      0.9290     0.9993
11331.500      0.9020     0.9994
11331.600      0.8655     0.9994
11331.700      0.8162     0.9994
11331.800      0.7502     0.9993
11331.900      0.6658     0.9993
11332.000      0.5547     0.9994
11332.100      0.4361     0.9994
11332.200      0.3128     0.9995
11332.300      0.1921     0.9996
11332.400      0.1041     0.9996
11332.500      0.0457     0.9996
11332.600      0.0253     0.9996
11332.700      0.0385     0.9996
11332.800      0.0836     0.9996
11332.900      0.1659     0.9996
11333.000      0.2720     0.9996
11333.100      0.3852     0.9996
11333.200      0.5000     0.9996
11333.300      0.5976     0.9996
11333.400      0.6690     0.9995
11333.500      0.7241     0.9995
11333.600      0.7675     0.9994
11333.700      0.8039     0.9994
11333.800      0.8283     0.9995
11333.900      0.8182     0.9996
11334.000      0.7843     0.9996
11334.100      0.7290     0.9996
11334.200      0.6735     0.9996
11334.300      0.6587     0.9996
11334.400      0.6584     0.9996
11334.500      0.6683     0.9996
11334.600      0.6733     0.9996
11334.700      0.6397     0.9996
11334.800      0.5669     0.9995
11334.900      0.4567     0.9994
11335.000      0.3370     0.9994
11335.100      0.2145     0.9994
11335.200      0.1121     0.9994
11335.300      0.0638     0.9994
11335.400      0.0725     0.9992
11335.500      0.1100     0.9985
11335.600      0.1552     0.9958
11335.700      0.2012     0.9886
11335.800      0.2126     0.9742
11335.900      0.1884     0.9525
11336.000      0.1338     0.9295
11336.100      0.0757     0.9151
11336.200      0.0365     0.9163
11336.300      0.0179     0.9317
11336.400      0.0274     0.9536
11336.500      0.0623     0.9735
11336.600      0.1260     0.9871
11336.700      0.1886     0.9945
11336.800      0.2347     0.9978
11336.900      0.2493     0.9990
11337.000      0.2125     0.9993
11337.100      0.1634     0.9995
11337.200      0.1104     0.9995
11337.300      0.0795     0.9996
11337.400      0.1119     0.9996
11337.500      0.2063     0.9996
11337.600      0.3362     0.9995
11337.700      0.4797     0.9995
11337.800      0.6252     0.9994
11337.900      0.7447     0.9994
11338.000      0.8307     0.9994
11338.100      0.8869     0.9995
11338.200      0.9287     0.9996
11338.300      0.9636     0.9996
11338.400      0.9912     0.9996
11338.500      1.0108     0.9996
11338.600      1.0228     0.9996
11338.700      1.0271     0.9996
11338.800      1.0238     0.9996
11338.900      1.0128     0.9994
11339.000      0.9966     0.9993
11339.100      0.9772     0.9991
11339.200      0.9632     0.9991
11339.300      0.9608     0.9992
11339.400      0.9580     0.9994
11339.500      0.9519     0.9996
11339.600      0.9354     0.9997
11339.700      0.8951     0.9997
11339.800      0.8308     0.9997
11339.900      0.7361     0.9997
11340.000      0.5939     0.9997
11340.100      0.4382     0.9996
11340.200      0.2949     0.9996
11340.300      0.1772     0.9995
11340.400      0.1337     0.9995
11340.500      0.1178     0.9995
11340.600      0.1157     0.9996
11340.700      0.1131     0.9996
11340.800      0.0800     0.9997
11340.900      0.0474     0.9997
11341.000      0.0239     0.9997
11341.100      0.0117     0.9997
11341.200      0.0217     0.9997
11341.300      0.0535     0.9997
11341.400      0.1089     0.9997
11341.500      0.1890     0.9997
11341.600      0.2826     0.9997
11341.700      0.3720     0.9997
11341.800      0.4436     0.9997
11341.900      0.4771     0.9997
11342.000      0.4657     0.9997
11342.100      0.4160     0.9997
11342.200      0.3574     0.9997
11342.300      0.3165     0.9997
11342.400      0.2820     0.9997
11342.500      0.2444     0.9997
11342.600      0.2062     0.9997
11342.700      0.2045     0.9997
11342.800      0.2451     0.9997
11342.900      0.3764     0.9997
11343.000      0.5077     0.9997
11343.100      0.6360     0.9997
11343.200      0.7480     0.9997
11343.300      0.7849     0.9997
11343.400      0.7800     0.9996
11343.500      0.7500     0.9996
11343.600      0.7257     0.9997
11343.700      0.7221     0.9997
11343.800      0.7395     0.9997
11343.900      0.7683     0.9997
11344.000      0.7875     0.9997
11344.100      0.7824     0.9997
11344.200      0.7517     0.9997
11344.300      0.6923     0.9997
11344.400      0.6009     0.9997
11344.500      0.4906     0.9997
11344.600      0.3659     0.9996
11344.700      0.2397     0.9994
11344.800      0.1418     0.9987
11344.900      0.0732     0.9971
11345.000      0.0484     0.9947
11345.100      0.0351     0.9924
11345.200      0.0284     0.9916
11345.300      0.0214     0.9930
11345.400      0.0126     0.9955
11345.500      0.0049     0.9977
11345.600      0.0018     0.9990
11345.700      0.0011     0.9995
11345.800      0.0015     0.9996
11345.900      0.0017     0.9997
11346.000      0.0015     0.9997
11346.100      0.0009     0.9997
11346.200      0.0003     0.9997
11346.300     -0.0003     0.9997
11346.400     -0.0007     0.9997
11346.500     -0.0007     0.9997
11346.600     -0.0005     0.9997
11346.700     -0.0002     0.9997
11346.800      0.0002     0.9997
11346.900      0.0007     0.9997
11347.000      0.0012     0.9997
11347.100      0.0020     0.9997
11347.200      0.0028     0.9997
11347.300      0.0036     0.9997
11347.400      0.0040     0.9997
11347.500      0.0036     0.9997
11347.600      0.0032     0.9996
11347.700      0.0027     0.9995
11347.800      0.0022     0.9992
11347.900      0.0014     0.9988
11348.000      0.0011     0.9984
11348.100      0.0026     0.9982
11348.200      0.0059     0.9984
11348.300      0.0101     0.9987
11348.400      0.0127     0.9991
11348.500      0.0125     0.9994
11348.600      0.0093     0.9996
11348.700      0.0052     0.9997
11348.800      0.0019     0.9997
11348.900     -0.0001     0.9997
11349.000      0.0004     0.9997
11349.100      0.0026     0.9997
11349.200      0.0064     0.9997
11349.300      0.0102     0.9997
11349.400      0.0121     0.9997
11349.500      0.0144     0.9997
11349.600      0.0222     0.9997
11349.700      0.0392     0.9997
11349.800      0.0736     0.9997
11349.900      0.1133     0.9997
11350.000      0.1554     0.9997
11350.100      0.1887     0.9997
11350.200      0.2069     0.9997
11350.300      0.2268     0.9997
11350.400      0.2537     0.9997
11350.500      0.2975     0.9997
11350.600      0.3512     0.9997
11350.700      0.3882     0.9997
11350.800      0.3917     0.9997
11350.900      0.3473     0.9997
11351.000      0.2789     0.9997
11351.100      0.1981     0.9997
11351.200      0.1164     0.9997
11351.300      0.0619     0.9997
11351.400      0.0303     0.9997
11351.500      0.0195     0.9997
11351.600      0.0286     0.9997
11351.700      0.0597     0.9997
11351.800      0.0939     0.9997
11351.900      0.1294     0.9997
11352.000      0.1568     0.9997
11352.100      0.1484     0.9997
11352.200      0.1189     0.9997
11352.300      0.0782     0.9997
11352.400      0.0416     0.9997
11352.500      0.0194     0.9997
11352.600      0.0126     0.9997
11352.700      0.0257     0.9997
11352.800      0.0596     0.9996
11352.900      0.1139     0.9995
11353.000      0.1916     0.9992
11353.100      0.2800     0.9988
11353.200      0.3743     0.9984
11353.300      0.4692     0.9982
11353.400      0.5427     0.9983
11353.500      0.5879     0.9986
11353.600      0.5765     0.9990
11353.700      0.5455     0.9994
11353.800      0.5018     0.9995
11353.900      0.4651     0.9996
11354.000      0.4972     0.9997
11354.100      0.5764     0.9997
11354.200      0.6920     0.9997
11354.300      0.8006     0.9997
11354.400      0.8773     0.9997
11354.500      0.9218     0.9997
11354.600      0.9365     0.9997
11354.700      0.9318     0.9997
11354.800      0.9211     0.9997
11354.900      0.9195     0.9996
11355.000      0.9334     0.9996
11355.100      0.9622     0.9996
11355.200      0.9946     0.9996
11355.300      1.0194     0.9996
11355.400      1.0329     0.9996
11355.500      1.0283     0.9995
11355.600      1.0213     0.9995
11355.700      1.0142     0.9993
11355.800      1.0075     0.9991
11355.900      1.0131     0.9989
11356.000      1.0198     0.9987
11356.100      1.0268     0.9981
11356.200      1.0326     0.9965
11356.300      1.0271     0.9925
11356.400      1.0077     0.9842
11356.500      0.9705     0.9707
11356.600      0.9223     0.9542
11356.700      0.8694     0.9402
11356.800      0.8351     0.9352
11356.900      0.8395     0.9419
11357.000      0.8711     0.9569
11357.100      0.9111     0.9736
11357.200      0.9426     0.9864
11357.300      0.9630     0.9939
11357.400      0.9764     0.9974
11357.500      0.9841     0.9987
11357.600      0.9869     0.9991
11357.700      0.9844     0.9993
11357.800      0.9745     0.9994
11357.900      0.9610     0.9995
11358.000      0.9463     0.9995
11358.100      0.9284     0.9996
11358.200      0.9054     0.9996
11358.300      0.8750     0.9996
11358.400      0.8352     0.9996
11358.500      0.7964     0.9996
11358.600      0.7636     0.9996
11358.700      0.7383     0.9996
11358.800      0.7190     0.9996
11358.900      0.6926     0.9996
11359.000      0.6439     0.9996
11359.100      0.5657     0.9995
11359.200      0.4736     0.9994
11359.300      0.3842     0.9993
11359.400      0.3030     0.9991
11359.500      0.2446     0.9989
11359.600      0.1992     0.9987
11359.700      0.1573     0.9988
11359.800      0.1196     0.9990
11359.900      0.0888     0.9993
11360.000      0.0648     0.9995
11360.100      0.0505     0.9996
11360.200      0.0369     0.9997
11360.300      0.0235     0.9997
11360.400      0.0115     0.9997
11360.500      0.0068     0.9997
11360.600      0.0063     0.9997
11360.700      0.0085     0.9997
11360.800      0.0106     0.9997
11360.900      0.0128     0.9997
11361.000      0.0146     0.9997
11361.100      0.0161     0.9997
11361.200      0.0177     0.9997
11361.300      0.0198     0.9997
11361.400      0.0301     0.9997
11361.500      0.0562     0.9997
11361.600      0.1005     0.9997
11361.700      0.1565     0.9997
11361.800      0.2209     0.9997
11361.900      0.2862     0.9997
11362.000      0.3505     0.9997
11362.100      0.4146     0.9997
11362.200      0.4799     0.9997
11362.300      0.5451     0.9997
11362.400      0.6048     0.9997
11362.500      0.6581     0.9997
11362.600      0.7004     0.9997
11362.700      0.7367     0.9997
11362.800      0.7690     0.9997
11362.900      0.7981     0.9997
11363.000      0.8246     0.9997
11363.100      0.8462     0.9997
11363.200      0.8620     0.9997
11363.300      0.8742     0.9997
11363.400      0.8828     0.9997
11363.500      0.8860     0.9997
11363.600      0.8810     0.9997
11363.700      0.8607     0.9997
11363.800      0.8351     0.9997
11363.900      0.8102     0.9997
11364.000      0.7872     0.9997
11364.100      0.7767     0.9997
11364.200      0.7736     0.9997
11364.300      0.7728     0.9997
11364.400      0.7775     0.9997
11364.500      0.7993     0.9997
11364.600      0.8292     0.9997
11364.700      0.8656     0.9997
11364.800      0.9016     0.9996
11364.900      0.9329     0.9996
11365.000      0.9586     0.9996
11365.100      0.9732     0.9996
11365.200      0.9718     0.9996
11365.300      0.9498     0.9995
11365.400      0.9097     0.9995
11365.500      0.8619     0.9994
11365.600      0.8241     0.9994
11365.700      0.8082     0.9992
11365.800      0.8172     0.9990
11365.900      0.8374     0.9986
11366.000      0.8608     0.9980
11366.100      0.8853     0.9971
11366.200      0.9109     0.9962
11366.300      0.9366     0.9956
11366.400      0.9610     0.9957
11366.500      0.9830     0.9963
11366.600      0.9938     0.9969
11366.700      0.9990     0.9968
11366.800      0.9996     0.9959
11366.900      1.0002     0.9944
11367.000      1.0019     0.9935
11367.100      1.0041     0.9937
11367.200      1.0066     0.9950
11367.300      1.0085     0.9968
11367.400      1.0064     0.9982
11367.500      0.9988     0.9990
11367.600      0.9802     0.9994
11367.700      0.9443     0.9995
11367.800      0.8918     0.9996
11367.900      0.8274     0.9996
11368.000      0.7602     0.9996
11368.100      0.7237     0.9997
11368.200      0.7252     0.9997
11368.300      0.7633     0.9997
11368.400      0.8069     0.9997
11368.500      0.8496     0.9997
11368.600      0.8898     0.9997
11368.700      0.9062     0.9997
11368.800      0.9090     0.9997
11368.900      0.8988     0.9997
11369.000      0.8902     0.9997
11369.100      0.8973     0.9997
11369.200      0.9157     0.9997
11369.300      0.9434     0.9997
11369.400      0.9671     0.9997
11369.500      0.9749     0.9997
11369.600      0.9682     0.9997
11369.700      0.9530     0.9997
11369.800      0.9415     0.9997
11369.900      0.9392     0.9997
11370.000      0.9472     0.9997
11370.100      0.9591     0.9997
11370.200      0.9690     0.9997
11370.300      0.9751     0.9997
11370.400      0.9768     0.9997
11370.500      0.9729     0.9996
11370.600      0.9593     0.9996
11370.700      0.9445     0.9995
11370.800      0.9359     0.9993
11370.900      0.9350     0.9992
11371.000      0.9522     0.9992
11371.100      0.9692     0.9993
11371.200      0.9839     0.9994
11371.300      0.9959     0.9996
11371.400      1.0035     0.9996
11371.500      1.0067     0.9996
11371.600      1.0052     0.9996
11371.700      0.9994     0.9996
11371.800      0.9907     0.9996
11371.900      0.9806     0.9996
11372.000      0.9702     0.9995
11372.100      0.9651     0.9995
11372.200      0.9685     0.9994
11372.300      0.9781     0.9993
11372.400      0.9891     0.9993
11372.500      0.9946     0.9992
11372.600      0.9955     0.9992
11372.700      0.9950     0.9991
11372.800      0.9916     0.9991
11372.900      0.9787     0.9989
11373.000      0.9557     0.9986
11373.100      0.9158     0.9980
11373.200      0.8764     0.9966
11373.300      0.8531     0.9927
11373.400      0.8498     0.9832
11373.500      0.8753     0.9639
11373.600      0.9006     0.9341
11373.700      0.9244     0.9006
11373.800      0.9376     0.8774
11373.900      0.9309     0.8768
11374.000      0.9201     0.8991
11374.100      0.9082     0.9324
11374.200      0.9005     0.9626
11374.300      0.8965     0.9824
11374.400      0.8818     0.9924
11374.500      0.8420     0.9965
11374.600      0.7540     0.9980
11374.700      0.6516     0.9986
11374.800      0.5595     0.9989
11374.900      0.4907     0.9991
11375.000      0.5197     0.9992
11375.100      0.5862     0.9993
11375.200      0.6736     0.9994
11375.300      0.7595     0.9994
11375.400      0.7956     0.9995
11375.500      0.8005     0.9995
11375.600      0.7769     0.9995
11375.700      0.7296     0.9996
11375.800      0.6622     0.9996
11375.900      0.5649     0.9996
11376.000      0.4452     0.9996
11376.100      0.3255     0.9996
11376.200      0.2069     0.9996
11376.300      0.1114     0.9996
11376.400      0.0603     0.9997
11376.500      0.0430     0.9997
11376.600      0.0421     0.9997
11376.700      0.0461     0.9997
11376.800      0.0568     0.9997
11376.900      0.0859     0.9997
11377.000      0.1405     0.9997
11377.100      0.2354     0.9997
11377.200      0.3448     0.9997
11377.300      0.4621     0.9996
11377.400      0.5792     0.9996
11377.500      0.6749     0.9996
11377.600      0.7531     0.9995
11377.700      0.8105     0.9995
11377.800      0.8513     0.9996
11377.900      0.8791     0.9996
11378.000      0.9004     0.9996
11378.100      0.9179     0.9996
11378.200      0.9300     0.9995
11378.300      0.9390     0.9994
11378.400      0.9482     0.9993
11378.500      0.9575     0.9993
11378.600      0.9645     0.9993
11378.700      0.9684     0.9993
11378.800      0.9706     0.9992
11378.900      0.9725     0.9988
11379.000      0.9747     0.9982
11379.100      0.9769     0.9977
11379.200      0.9753     0.9977
11379.300      0.9729     0.9981
11379.400      0.9717     0.9987
11379.500      0.9715     0.9992
11379.600      0.9720     0.9995
11379.700      0.9719     0.9997
11379.800      0.9642     0.9997
11379.900      0.9572     0.9997
11380.000      0.9534     0.9997
11380.100      0.9494     0.9997
11380.200      0.9443     0.9997
11380.300      0.9341     0.9997
11380.400      0.9130     0.9997
11380.500      0.8858     0.9997
11380.600      0.8562     0.9997
11380.700      0.8381     0.9997
11380.800      0.8418     0.9996
11380.900      0.8654     0.9992
11381.000      0.8946     0.9979
11381.100      0.9221     0.9945
11381.200      0.9450     0.9881
11381.300      0.9538     0.9799
11381.400      0.9515     0.9737
11381.500      0.9392     0.9737
11381.600      0.9262     0.9798
11381.700      0.9135     0.9881
11381.800      0.9004     0.9945
11381.900      0.8822     0.9980
11382.000      0.8644     0.9993
11382.100      0.8531     0.9996
11382.200      0.8532     0.9997
11382.300      0.8694     0.9997
11382.400      0.8857     0.9997
11382.500      0.9020     0.9997
11382.600      0.9142     0.9997
11382.700      0.9159     0.9997
11382.800      0.9113     0.9997
11382.900      0.9019     0.9997
11383.000      0.8872     0.9997
11383.100      0.8703     0.9997
11383.200      0.8525     0.9997
11383.300      0.8345     0.9997
11383.400      0.8205     0.9997
11383.500      0.8077     0.9997
11383.600      0.7932     0.9997
11383.700      0.7760     0.9997
11383.800      0.7533     0.9997
11383.900      0.7238     0.9997
11384.000      0.6844     0.9997
11384.100      0.6343     0.9997
11384.200      0.5717     0.9997
11384.300      0.4966     0.9997
11384.400      0.4113     0.9996
11384.500      0.3261     0.9994
11384.600      0.2418     0.9991
11384.700      0.1627     0.9988
11384.800      0.1002     0.9986
11384.900      0.0545     0.9987
11385.000      0.0260     0.9989
11385.100      0.0124     0.9991
11385.200      0.0082     0.9992
11385.300      0.0089     0.9993
11385.400      0.0157     0.9994
11385.500      0.0325     0.9995
11385.600      0.0638     0.9996
11385.700      0.1183     0.9997
11385.800      0.1882     0.9997
11385.900      0.2723     0.9997
11386.000      0.3570     0.9997
11386.100      0.4364     0.9997
11386.200      0.5105     0.9998
11386.300      0.5763     0.9998
11386.400      0.6341     0.9998
11386.500      0.6831     0.9998
11386.600      0.7230     0.9998
11386.700      0.7541     0.9998
11386.800      0.7794     0.9998
11386.900      0.7997     0.9998
11387.000      0.8147     0.9998
11387.100      0.8216     0.9998
11387.200      0.8122     0.9998
11387.300      0.7838     0.9998
11387.400      0.7378     0.9998
11387.500      0.6874     0.9998
11387.600      0.6589     0.9998
11387.700      0.6633     0.9998
11387.800      0.7148     0.9997
11387.900      0.7737     0.9997
11388.000      0.8289     0.9997
11388.100      0.8782     0.9997
11388.200      0.9075     0.9995
11388.300      0.9283     0.9992
11388.400      0.9439     0.9987
11388.500      0.9524     0.9984
11388.600      0.9538     0.9984
11388.700      0.9552     0.9987
11388.800      0.9576     0.9991
11388.900      0.9628     0.9995
11389.000      0.9720     0.9996
11389.100      0.9803     0.9997
11389.200      0.9862     0.9997
11389.300      0.9893     0.9996
11389.400      0.9912     0.9995
11389.500      0.9940     0.9992
11389.600      0.9972     0.9979
11389.700      0.9983     0.9940
11389.800      0.9979     0.9846
11389.900      0.9971     0.9686
11390.000      0.9962     0.9504
11390.100      0.9982     0.9399
11390.200      1.0006     0.9444
11390.300      1.0022     0.9606
11390.400      1.0027     0.9785
11390.500      1.0014     0.9905
11390.600      0.9995     0.9961
11390.700      0.9973     0.9979
11390.800      0.9941     0.9984
11390.900      0.9899     0.9987
11391.000      0.9857     0.9990
11391.100      0.9819     0.9993
11391.200      0.9802     0.9995
11391.300      0.9826     0.9997
11391.400      0.9873     0.9997
11391.500      0.9927     0.9997
11391.600      0.9973     0.9997
11391.700      1.0004     0.9997
11391.800      1.0026     0.9997
11391.900      1.0034     0.9997
11392.000      1.0003     0.9997
11392.100      0.9961     0.9997
11392.200      0.9987     0.9997
11392.300      1.0026     0.9997
11392.400      1.0066     0.9997
11392.500      1.0106     0.9996
11392.600      1.0112     0.9996
11392.700      1.0109     0.9996
11392.800      1.0101     0.9997
11392.900      1.0089     0.9997
11393.000      1.0075     0.9997
11393.100      1.0064     0.9998
11393.200      1.0062     0.9998
11393.300      1.0050     0.9998
11393.400      0.9997     0.9997
11393.500      0.9880     0.9997
11393.600      0.9720     0.9997
11393.700      0.9572     0.9997
11393.800      0.9464     0.9997
11393.900      0.9476     0.9997
11394.000      0.9579     0.9997
11394.100      0.9722     0.9998
11394.200      0.9871     0.9998
11394.300      0.9960     0.9998
11394.400      0.9998     0.9998
11394.500      0.9987     0.9998
11394.600      0.9973     0.9998
11394.700      0.9984     0.9998
11394.800      0.9994     0.9998
11394.900      1.0005     0.9998
11395.000      1.0012     0.9998
11395.100      0.9997     0.9998
11395.200      0.9971     0.9997
11395.300      0.9935     0.9997
11395.400      0.9881     0.9996
11395.500      0.9809     0.9996
11395.600      0.9735     0.9996
11395.700      0.9661     0.9996
11395.800      0.9577     0.9996
11395.900      0.9479     0.9997
11396.000      0.9371     0.9996
11396.100      0.9259     0.9996
11396.200      0.9159     0.9996
11396.300      0.9070     0.9996
11396.400      0.8985     0.9997
11396.500      0.8910     0.9997
11396.600      0.8930     0.9997
11396.700      0.9015     0.9998
11396.800      0.9161     0.9998
11396.900      0.9306     0.9998
11397.000      0.9349     0.9998
11397.100      0.9284     0.9998
11397.200      0.9037     0.9998
11397.300      0.8556     0.9998
11397.400      0.7786     0.9998
11397.500      0.6824     0.9998
11397.600      0.5765     0.9997
11397.700      0.5013     0.9997
11397.800      0.5047     0.9996
11397.900      0.5662     0.9994
11398.000      0.6498     0.9990
11398.100      0.7115     0.9982
11398.200      0.7383     0.9967
11398.300      0.7399     0.9943
11398.400      0.7239     0.9918
11398.500      0.6967     0.9909
11398.600      0.6565     0.9922
11398.700      0.5981     0.9949
11398.800      0.5244     0.9973
11398.900      0.4349     0.9988
11399.000      0.3395     0.9994
11399.100      0.2403     0.9996
11399.200      0.1432     0.9996
11399.300      0.0790     0.9994
11399.400      0.0486     0.9991
11399.500      0.0649     0.9986
11399.600      0.1207     0.9980
11399.700      0.2011     0.9975
11399.800      0.2765     0.9971
11399.900      0.3271     0.9959
11400.000      0.3307     0.9925
11400.100      0.2943     0.9863
11400.200      0.2468     0.9792
11400.300      0.1973     0.9754
11400.400      0.1863     0.9778
11400.500      0.2347     0.9845
11400.600      0.3509     0.9916
11400.700      0.4807     0.9961
11400.800      0.6028     0.9980
11400.900      0.7112     0.9987
11401.000      0.7814     0.9989
11401.100      0.8325     0.9992
11401.200      0.8723     0.9994
11401.300      0.9027     0.9996
11401.400      0.9261     0.9997
11401.500      0.9432     0.9997
11401.600      0.9554     0.9997
11401.700      0.9632     0.9997
11401.800      0.9675     0.9997
11401.900      0.9691     0.9997
11402.000      0.9689     0.9997
11402.100      0.9670     0.9997
11402.200      0.9645     0.9997
11402.300      0.9641     0.9997
11402.400      0.9687     0.9997
11402.500      0.9789     0.9997
11402.600      0.9909     0.9997
11402.700      1.0004     0.9996
11402.800      1.0057     0.9990
11402.900      1.0050     0.9973
11403.000      1.0001     0.9926
11403.100      0.9928     0.9835
11403.200      0.9821     0.9715
11403.300      0.9640     0.9614
11403.400      0.9459     0.9570
11403.500      0.9320     0.9563
11403.600      0.9267     0.9542
11403.700      0.9413     0.9506
11403.800      0.9584     0.9516
11403.900      0.9764     0.9612
11404.000      0.9903     0.9755
11404.100      0.9958     0.9879
11404.200      1.0013     0.9952
11404.300      1.0066     0.9983
11404.400      1.0089     0.9993
11404.500      1.0078     0.9996
11404.600      1.0063     0.9997
11404.700      1.0045     0.9997
11404.800      1.0013     0.9997
11404.900      0.9978     0.9997
11405.000      0.9981     0.9997
11405.100      0.9996     0.9997
11405.200      0.9975     0.9997
11405.300      0.9928     0.9997
11405.400      0.9858     0.9997
11405.500      0.9788     0.9996
11405.600      0.9776     0.9993
11405.700      0.9773     0.9980
11405.800      0.9773     0.9943
11405.900      0.9761     0.9857
11406.000      0.9699     0.9717
11406.100      0.9627     0.9570
11406.200      0.9552     0.9501
11406.300      0.9481     0.9558
11406.400      0.9417     0.9700
11406.500      0.9340     0.9844
11406.600      0.9229     0.9936
11406.700      0.9085     0.9978
11406.800      0.8920     0.9992
11406.900      0.8744     0.9996
11407.000      0.8557     0.9997
11407.100      0.8356     0.9997
11407.200      0.8134     0.9997
11407.300      0.7883     0.9997
11407.400      0.7590     0.9998
11407.500      0.7229     0.9998
11407.600      0.6794     0.9998
11407.700      0.6273     0.9998
11407.800      0.5662     0.9998
11407.900      0.4951     0.9998
11408.000      0.4147     0.9998
11408.100      0.3265     0.9998
11408.200      0.2393     0.9998
11408.300      0.1601     0.9998
11408.400      0.0932     0.9998
11408.500      0.0479     0.9998
11408.600      0.0224     0.9998
11408.700      0.0119     0.9998
11408.800      0.0108     0.9998
11408.900      0.0147     0.9997
11409.000      0.0211     0.9997
11409.100      0.0316     0.9995
11409.200      0.0572     0.9990
11409.300      0.1020     0.9979
11409.400      0.1707     0.9960
11409.500      0.2490     0.9939
11409.600      0.3332     0.9925
11409.700      0.4177     0.9925
11409.800      0.4942     0.9938
11409.900      0.5635     0.9956
11410.000      0.6233     0.9972
11410.100      0.6750     0.9982
11410.200      0.7193     0.9987
11410.300      0.7565     0.9988
11410.400      0.7871     0.9989
11410.500      0.8117     0.9990
11410.600      0.8313     0.9992
11410.700      0.8468     0.9995
11410.800      0.8598     0.9997
11410.900      0.8716     0.9997
11411.000      0.8822     0.9998
11411.100      0.8886     0.9998
11411.200      0.8921     0.9998
11411.300      0.8947     0.9998
11411.400      0.8971     0.9998
11411.500      0.9013     0.9998
11411.600      0.9060     0.9998
11411.700      0.9084     0.9998
11411.800      0.9105     0.9998
11411.900      0.9181     0.9998
11412.000      0.9281     0.9998
11412.100      0.9403     0.9998
11412.200      0.9516     0.9998
11412.300      0.9566     0.9998
11412.400      0.9594     0.9998
11412.500      0.9608     0.9998
11412.600      0.9606     0.9998
11412.700      0.9590     0.9998
11412.800      0.9569     0.9998
11412.900      0.9546     0.9998
11413.000      0.9514     0.9998
11413.100      0.9470     0.9998
11413.200      0.9418     0.9998
11413.300      0.9352     0.9998
11413.400      0.9254     0.9998
11413.500      0.9141     0.9997
11413.600      0.9026     0.9997
11413.700      0.8907     0.9997
11413.800      0.8735     0.9998
11413.900      0.8498     0.9998
11414.000      0.8167     0.9998
11414.100      0.7776     0.9998
11414.200      0.7355     0.9998
11414.300      0.6860     0.9997
11414.400      0.6201     0.9997
11414.500      0.5350     0.9995
11414.600      0.4295     0.9994
11414.700      0.3241     0.9994
11414.800      0.2196     0.9995
11414.900      0.1256     0.9996
11415.000      0.0640     0.9997
11415.100      0.0282     0.9998
11415.200      0.0165     0.9998
11415.300      0.0235     0.9998
11415.400      0.0496     0.9998
11415.500      0.1022     0.9998
11415.600      0.1772     0.9998
11415.700      0.2745     0.9997
11415.800      0.3757     0.9997
11415.900      0.4677     0.9995
11416.000      0.5483     0.9993
11416.100      0.6131     0.9992
11416.200      0.6713     0.9991
11416.300      0.7273     0.9992
11416.400      0.7779     0.9994
11416.500      0.8191     0.9995
11416.600      0.8510     0.9997
11416.700      0.8726     0.9997
11416.800      0.8873     0.9998
11416.900      0.8978     0.9998
11417.000      0.9073     0.9998
11417.100      0.9163     0.9998
11417.200      0.9231     0.9998
11417.300      0.9283     0.9998
11417.400      0.9345     0.9998
11417.500      0.9417     0.9997
11417.600      0.9485     0.9997
11417.700      0.9542     0.9997
11417.800      0.9542     0.9997
11417.900      0.9508     0.9997
11418.000      0.9470     0.9997
11418.100      0.9417     0.9996
11418.200      0.9209     0.9996
11418.300      0.8878     0.9995
11418.400      0.8406     0.9994
11418.500      0.7941     0.9994
11418.600      0.7743     0.9994
11418.700      0.7804     0.9994
11418.800      0.8180     0.9995
11418.900      0.8566     0.9995
11419.000      0.8955     0.9996
11419.100      0.9273     0.9996
11419.200      0.9403     0.9997
11419.300      0.9475     0.9997
11419.400      0.9518     0.9997
11419.500      0.9533     0.9997
11419.600      0.9538     0.9997
11419.700      0.9546     0.9997
11419.800      0.9555     0.9997
11419.900      0.9541     0.9997
11420.000      0.9497     0.9998
11420.100      0.9430     0.9998
11420.200      0.9334     0.9998
11420.300      0.9186     0.9998
11420.400      0.9011     0.9998
11420.500      0.8813     0.9998
11420.600      0.8617     0.9998
11420.700      0.8483     0.9998
11420.800      0.8349     0.9998
11420.900      0.8195     0.9998
11421.000      0.8000     0.9998
11421.100      0.7662     0.9998
11421.200      0.7184     0.9998
11421.300      0.6520     0.9998
11421.400      0.5610     0.9998
11421.500      0.4517     0.9998
11421.600      0.3384     0.9998
11421.700      0.2242     0.9998
11421.800      0.1266     0.9997
11421.900      0.0653     0.9996
11422.000      0.0390     0.9991
11422.100      0.0510     0.9983
11422.200      0.1043     0.9973
11422.300      0.1886     0.9966
11422.400      0.3046     0.9966
11422.500      0.4237     0.9972
11422.600      0.5360     0.9982
11422.700      0.6383     0.9990
11422.800      0.7150     0.9994
11422.900      0.7744     0.9997
11423.000      0.8186     0.9997
11423.100      0.8505     0.9998
11423.200      0.8729     0.9998
11423.300      0.8913     0.9998
11423.400      0.9077     0.9998
11423.500      0.9238     0.9998
11423.600      0.9397     0.9998
11423.700      0.9515     0.9998
11423.800      0.9581     0.9998
11423.900      0.9632     0.9998
11424.000      0.9681     0.9998
11424.100      0.9734     0.9998
11424.200      0.9789     0.9998
11424.300      0.9811     0.9998
11424.400      0.9819     0.9998
11424.500      0.9841     0.9998
11424.600      0.9866     0.9998
11424.700      0.9889     0.9998
11424.800      0.9911     0.9998
11424.900      0.9929     0.9997
11425.000      0.9940     0.9997
11425.100      0.9923     0.9996
11425.200      0.9882     0.9993
11425.300      0.9816     0.9990
11425.400      0.9738     0.9986
11425.500      0.9653     0.9983
11425.600      0.9524     0.9984
11425.700      0.9247     0.9987
11425.800      0.8750     0.9991
11425.900      0.8096     0.9992
11426.000      0.7447     0.9991
11426.100      0.6825     0.9988
11426.200      0.6486     0.9986
11426.300      0.6581     0.9986
11426.400      0.7119     0.9988
11426.500      0.7759     0.9991
11426.600      0.8382     0.9994
11426.700      0.8961     0.9996
11426.800      0.9298     0.9997
11426.900      0.9488     0.9997
11427.000      0.9592     0.9997
11427.100      0.9623     0.9997
11427.200      0.9591     0.9997
11427.300      0.9504     0.9997
11427.400      0.9369     0.9997
11427.500      0.9263     0.9997
11427.600      0.9254     0.9997
11427.700      0.9245     0.9997
11427.800      0.9230     0.9997
11427.900      0.9138     0.9997
11428.000      0.8933     0.9997
11428.100      0.8728     0.9997
11428.200      0.8522     0.9996
11428.300      0.8304     0.9996
11428.400      0.8038     0.9995
11428.500      0.7448     0.9994
11428.600      0.6540     0.9994
11428.700      0.5416     0.9993
11428.800      0.4262     0.9993
11428.900      0.3875     0.9993
11429.000      0.4210     0.9991
11429.100      0.5429     0.9989
11429.200      0.6687     0.9986
11429.300      0.7762     0.9979
11429.400      0.8611     0.9970
11429.500      0.9018     0.9958
11429.600      0.9139     0.9947
11429.700      0.9058     0.9944
11429.800      0.8982     0.9949
11429.900      0.8952     0.9960
11430.000      0.9012     0.9971
11430.100      0.9162     0.9979
11430.200      0.9290     0.9984
11430.300      0.9319     0.9988
11430.400      0.9137     0.9990
11430.500      0.8685     0.9992
11430.600      0.7983     0.9994
11430.700      0.7217     0.9995
11430.800      0.6780     0.9995
11430.900      0.6804     0.9996
11431.000      0.7455     0.9996
11431.100      0.8192     0.9996
11431.200      0.8830     0.9997
11431.300      0.9340     0.9997
11431.400      0.9582     0.9997
11431.500      0.9713     0.9997
11431.600      0.9779     0.9997
11431.700      0.9771     0.9997
11431.800      0.9701     0.9997
11431.900      0.9635     0.9997
11432.000      0.9601     0.9997
11432.100      0.9640     0.9998
11432.200      0.9760     0.9998
11432.300      0.9874     0.9998
11432.400      0.9965     0.9998
11432.500      1.0014     0.9998
11432.600      1.0023     0.9997
11432.700      1.0008     0.9997
11432.800      0.9990     0.9997
11432.900      0.9978     0.9997
11433.000      0.9978     0.9997
11433.100      1.0001     0.9997
11433.200      1.0028     0.9998
11433.300      1.0047     0.9998
11433.400      1.0060     0.9998
11433.500      1.0068     0.9998
11433.600      1.0066     0.9998
11433.700      1.0041     0.9998
11433.800      1.0016     0.9998
11433.900      0.9994     0.9998
11434.000      0.9981     0.9998
11434.100      0.9989     0.9998
11434.200      0.9994     0.9998
11434.300      0.9989     0.9998
11434.400      0.9973     0.9998
11434.500      0.9944     0.9998
11434.600      0.9896     0.9998
11434.700      0.9825     0.9998
11434.800      0.9715     0.9998
11434.900      0.9591     0.9998
11435.000      0.9486     0.9998
11435.100      0.9422     0.9998
11435.200      0.9458     0.9998
11435.300      0.9517     0.9998
11435.400      0.9568     0.9998
11435.500      0.9604     0.9998
11435.600      0.9592     0.9998
11435.700      0.9568     0.9998
11435.800      0.9541     0.9998
11435.900      0.9495     0.9998
11436.000      0.9385     0.9997
11436.100      0.9258     0.9997
11436.200      0.9122     0.9996
11436.300      0.8962     0.9995
11436.400      0.8751     0.9996
11436.500      0.8475     0.9996
11436.600      0.8116     0.9997
11436.700      0.7695     0.9998
11436.800      0.7197     0.9998
11436.900      0.6553     0.9998
11437.000      0.5728     0.9998
11437.100      0.4687     0.9998
11437.200      0.3588     0.9998
11437.300      0.2514     0.9998
11437.400      0.1509     0.9998
11437.500      0.0789     0.9998
11437.600      0.0363     0.9998
11437.700      0.0219     0.9998
11437.800      0.0337     0.9998
11437.900      0.0725     0.9998
11438.000      0.1320     0.9998
11438.100      0.2110     0.9998
11438.200      0.2879     0.9998
11438.300      0.3505     0.9998
11438.400      0.4037     0.9997
11438.500      0.4506     0.9997
11438.600      0.5035     0.9996
11438.700      0.5671     0.9992
11438.800      0.6304     0.9981
11438.900      0.6919     0.9961
11439.000      0.7482     0.9937
11439.100      0.7950     0.9923
11439.200      0.8331     0.9929
11439.300      0.8616     0.9951
11439.400      0.8790     0.9974
11439.500      0.8898     0.9989
11439.600      0.8969     0.9995
11439.700      0.9006     0.9997
11439.800      0.8989     0.9998
11439.900      0.8968     0.9998
11440.000      0.8960     0.9998
11440.100      0.8952     0.9998
11440.200      0.8896     0.9998
11440.300      0.8783     0.9998
11440.400      0.8550     0.9998
11440.500      0.8144     0.9998
11440.600      0.7453     0.9998
11440.700      0.6493     0.9998
11440.800      0.5361     0.9998
11440.900      0.4378     0.9998
11441.000      0.3933     0.9998
11441.100      0.4273     0.9998
11441.200      0.5054     0.9998
11441.300      0.5860     0.9998
11441.400      0.6668     0.9997
11441.500      0.7149     0.9997
11441.600      0.7277     0.9997
11441.700      0.7177     0.9996
11441.800      0.6971     0.9996
11441.900      0.6716     0.9996
11442.000      0.6392     0.9996
11442.100      0.5972     0.9997
11442.200      0.5450     0.9997
11442.300      0.4795     0.9997
11442.400      0.4087     0.9997
11442.500      0.3346     0.9997
11442.600      0.2608     0.9997
11442.700      0.1905     0.9997
11442.800      0.1262     0.9997
11442.900      0.0760     0.9997
11443.000      0.0400     0.9997
11443.100      0.0187     0.9997
11443.200      0.0101     0.9997
11443.300      0.0081     0.9997
11443.400      0.0086     0.9997
11443.500      0.0102     0.9996
11443.600      0.0124     0.9996
11443.700      0.0155     0.9996
11443.800      0.0203     0.9996
11443.900      0.0292     0.9995
11444.000      0.0517     0.9995
11444.100      0.0890     0.9995
11444.200      0.1445     0.9994
11444.300      0.2092     0.9993
11444.400      0.2813     0.9992
11444.500      0.3529     0.9990
11444.600      0.4164     0.9988
11444.700      0.4729     0.9984
11444.800      0.5224     0.9974
11444.900      0.5731     0.9949
11445.000      0.6267     0.9881
11445.100      0.6789     0.9733
11445.200      0.7254     0.9475
11445.300      0.7656     0.9140
11445.400      0.7981     0.8844
11445.500      0.8219     0.8733
11445.600      0.8412     0.8868
11445.700      0.8593     0.9174
11445.800      0.8764     0.9504
11445.900      0.8927     0.9748
11446.000      0.9078     0.9880
11446.100      0.9220     0.9933
11446.200      0.9347     0.9948
11446.300      0.9451     0.9955
11446.400      0.9535     0.9965
11446.500      0.9600     0.9976
11446.600      0.9644     0.9985
11446.700      0.9659     0.9990
11446.800      0.9680     0.9993
11446.900      0.9726     0.9993
11447.000      0.9772     0.9994
11447.100      0.9809     0.9994
11447.200      0.9824     0.9994
11447.300      0.9811     0.9994
11447.400      0.9798     0.9994
11447.500      0.9785     0.9994
11447.600      0.9759     0.9994
11447.700      0.9704     0.9993
11447.800      0.9627     0.9992
11447.900      0.9524     0.9991
11448.000      0.9392     0.9988
11448.100      0.9226     0.9981
11448.200      0.9024     0.9961
11448.300      0.8774     0.9909
11448.400      0.8464     0.9794
11448.500      0.8066     0.9597
11448.600      0.7508     0.9349
11448.700      0.6801     0.9142
11448.800      0.5915     0.9085
11448.900      0.4974     0.9210
11449.000      0.4005     0.9447
11449.100      0.3040     0.9684
11449.200      0.2130     0.9849
11449.300      0.1318     0.9936
11449.400      0.0728     0.9972
11449.500      0.0345     0.9986
11449.600      0.0173     0.9990
11449.700      0.0161     0.9992
11449.800      0.0314     0.9994
11449.900      0.0688     0.9994
11450.000      0.1301     0.9995
11450.100      0.2209     0.9995
11450.200      0.3218     0.9996
11450.300      0.4253     0.9995
11450.400      0.5290     0.9994
11450.500      0.6135     0.9993
11450.600      0.6819     0.9991
11450.700      0.7361     0.9989
11450.800      0.7828     0.9990
11450.900      0.8259     0.9991
11451.000      0.8617     0.9994
11451.100      0.8871     0.9996
11451.200      0.9085     0.9997
11451.300      0.9276     0.9997
11451.400      0.9455     0.9997
11451.500      0.9622     0.9997
11451.600      0.9722     0.9997
11451.700      0.9739     0.9998
11451.800      0.9760     0.9998
11451.900      0.9785     0.9998
11452.000      0.9792     0.9998
11452.100      0.9761     0.9998
11452.200      0.9683     0.9998
11452.300      0.9584     0.9998
11452.400      0.9480     0.9998
11452.500      0.9375     0.9998
11452.600      0.9279     0.9998
11452.700      0.9184     0.9998
11452.800      0.9086     0.9998
11452.900      0.8980     0.9998
11453.000      0.8807     0.9997
11453.100      0.8565     0.9997
11453.200      0.8222     0.9997
11453.300      0.7785     0.9997
11453.400      0.7250     0.9997
11453.500      0.6597     0.9997
11453.600      0.5811     0.9997
11453.700      0.4880     0.9998
11453.800      0.3861     0.9998
11453.900      0.2852     0.9997
11454.000      0.1904     0.9997
11454.100      0.1115     0.9997
11454.200      0.0581     0.9996
11454.300      0.0272     0.9996
11454.400      0.0138     0.9996
11454.500      0.0123     0.9996
11454.600      0.0238     0.9997
11454.700      0.0523     0.9997
11454.800      0.1010     0.9998
11454.900      0.1791     0.9998
11455.000      0.2726     0.9998
11455.100      0.3787     0.9998
11455.200      0.4846     0.9998
11455.300      0.5796     0.9998
11455.400      0.6623     0.9998
11455.500      0.7258     0.9998
11455.600      0.7788     0.9998
11455.700      0.8249     0.9998
11455.800      0.8658     0.9998
11455.900      0.9022     0.9998
11456.000      0.9297     0.9998
11456.100      0.9450     0.9998
11456.200      0.9462     0.9998
11456.300      0.9414     0.9998
11456.400      0.9370     0.9998
11456.500      0.9338     0.9998
11456.600      0.9469     0.9998
11456.700      0.9671     0.9998
11456.800      0.9842     0.9998
11456.900      0.9961     0.9998
11457.000      0.9975     0.9998
11457.100      0.9976     0.9998
11457.200      1.0029     0.9998
11457.300      1.0083     0.9998
11457.400      1.0068     0.9998
11457.500      0.9992     0.9998
11457.600      0.9844     0.9998
11457.700      0.9668     0.9998
11457.800      0.9479     0.9998
11457.900      0.9304     0.9998
11458.000      0.9164     0.9998
11458.100      0.8990     0.9998
11458.200      0.8686     0.9998
11458.300      0.8267     0.9998
11458.400      0.7697     0.9998
11458.500      0.6939     0.9998
11458.600      0.5994     0.9998
11458.700      0.4837     0.9998
11458.800      0.3627     0.9998
11458.900      0.2467     0.9998
11459.000      0.1427     0.9998
11459.100      0.0731     0.9998
11459.200      0.0374     0.9998
11459.300      0.0320     0.9998
11459.400      0.0579     0.9998
11459.500      0.1180     0.9998
11459.600      0.2085     0.9998
11459.700      0.3296     0.9998
11459.800      0.4507     0.9998
11459.900      0.5691     0.9998
11460.000      0.6798     0.9998
11460.100      0.7652     0.9998
11460.200      0.8302     0.9998
11460.300      0.8763     0.9998
11460.400      0.9052     0.9998
11460.500      0.9272     0.9998
11460.600      0.9491     0.9998
11460.700      0.9709     0.9998
11460.800      0.9911     0.9998
11460.900      1.0082     0.9998
11461.000      1.0217     0.9998
11461.100      1.0313     0.9998
11461.200      1.0376     0.9998
11461.300      1.0397     0.9998
11461.400      1.0357     0.9998
11461.500      1.0260     0.9998
11461.600      1.0086     0.9998
11461.700      0.9911     0.9998
11461.800      0.9736     0.9998
11461.900      0.9574     0.9998
11462.000      0.9514     0.9998
11462.100      0.9514     0.9998
11462.200      0.9554     0.9998
11462.300      0.9566     0.9998
11462.400      0.9422     0.9998
11462.500      0.9089     0.9998
11462.600      0.8445     0.9998
11462.700      0.7314     0.9998
11462.800      0.5940     0.9998
11462.900      0.4614     0.9998
11463.000      0.3465     0.9998
11463.100      0.3130     0.9998
11463.200      0.3617     0.9998
11463.300      0.4789     0.9998
11463.400      0.6051     0.9998
11463.500      0.7094     0.9998
11463.600      0.7900     0.9998
11463.700      0.8410     0.9998
11463.800      0.8737     0.9998
11463.900      0.8932     0.9998
11464.000      0.9027     0.9998
11464.100      0.9046     0.9998
11464.200      0.8992     0.9998
11464.300      0.8863     0.9998
11464.400      0.8614     0.9998
11464.500      0.8160     0.9998
11464.600      0.7454     0.9998
11464.700      0.6476     0.9998
11464.800      0.5261     0.9998
11464.900      0.3957     0.9998
11465.000      0.2787     0.9998
11465.100      0.1978     0.9997
11465.200      0.1800     0.9997
11465.300      0.2113     0.9996
11465.400      0.2777     0.9996
11465.500      0.3484     0.9997
11465.600      0.3890     0.9997
11465.700      0.3957     0.9998
11465.800      0.3586     0.9998
11465.900      0.3015     0.9998
11466.000      0.2293     0.9998
11466.100      0.1579     0.9998
11466.200      0.0991     0.9998
11466.300      0.0532     0.9998
11466.400      0.0253     0.9998
11466.500      0.0121     0.9998
11466.600      0.0094     0.9998
11466.700      0.0105     0.9998
11466.800      0.0140     0.9998
11466.900      0.0209     0.9998
11467.000      0.0339     0.9998
11467.100      0.0608     0.9998
11467.200      0.1070     0.9998
11467.300      0.1717     0.9997
11467.400      0.2456     0.9997
11467.500      0.3248     0.9997
11467.600      0.4046     0.9997
11467.700      0.4804     0.9997
11467.800      0.5502     0.9997
11467.900      0.6103     0.9998
11468.000      0.6615     0.9998
11468.100      0.7034     0.9998
11468.200      0.7383     0.9998
11468.300      0.7680     0.9998
11468.400      0.7910     0.9998
11468.500      0.8071     0.9998
11468.600      0.8182     0.9998
11468.700      0.8258     0.9998
11468.800      0.8312     0.9998
11468.900      0.8349     0.9998
11469.000      0.8356     0.9998
11469.100      0.8315     0.9998
11469.200      0.8210     0.9998
11469.300      0.8028     0.9998
11469.400      0.7786     0.9998
11469.500      0.7466     0.9998
11469.600      0.7036     0.9998
11469.700      0.6467     0.9998
11469.800      0.5723     0.9998
11469.900      0.4833     0.9998
11470.000      0.3776     0.9998
11470.100      0.2707     0.9998
11470.200      0.1757     0.9998
11470.300      0.0959     0.9998
11470.400      0.0481     0.9998
11470.500      0.0267     0.9998
11470.600      0.0312     0.9998
11470.700      0.0634     0.9998
11470.800      0.1229     0.9998
11470.900      0.2072     0.9998
11471.000      0.3061     0.9998
11471.100      0.4032     0.9998
11471.200      0.4925     0.9998
11471.300      0.5702     0.9998
11471.400      0.6335     0.9998
11471.500      0.6868     0.9998
11471.600      0.7307     0.9998
11471.700      0.7640     0.9998
11471.800      0.7872     0.9998
11471.900      0.8001     0.9998
11472.000      0.8045     0.9998
11472.100      0.8022     0.9998
11472.200      0.7917     0.9998
11472.300      0.7722     0.9998
11472.400      0.7403     0.9998
11472.500      0.6901     0.9998
11472.600      0.6179     0.9997
11472.700      0.5169     0.9995
11472.800      0.4036     0.9993
11472.900      0.2837     0.9991
11473.000      0.1712     0.9991
11473.100      0.0995     0.9992
11473.200      0.0696     0.9995
11473.300      0.0905     0.9997
11473.400      0.1624     0.9998
11473.500      0.2602     0.9998
11473.600      0.3648     0.9998
11473.700      0.4705     0.9998
11473.800      0.5579     0.9998
11473.900      0.6133     0.9998
11474.000      0.6387     0.9998
11474.100      0.6300     0.9998
11474.200      0.5795     0.9998
11474.300      0.4994     0.9998
11474.400      0.3894     0.9998
11474.500      0.2781     0.9998
11474.600      0.2074     0.9998
11474.700      0.1817     0.9998
11474.800      0.2318     0.9998
11474.900      0.2995     0.9998
11475.000      0.3756     0.9998
11475.100      0.4421     0.9998
11475.200      0.4608     0.9998
11475.300      0.4406     0.9998
11475.400      0.3877     0.9998
11475.500      0.3133     0.9998
11475.600      0.2318     0.9998
11475.700      0.1546     0.9998
11475.800      0.0903     0.9998
11475.900      0.0457     0.9998
11476.000      0.0220     0.9998
11476.100      0.0130     0.9998
11476.200      0.0190     0.9998
11476.300      0.0414     0.9998
11476.400      0.0828     0.9998
11476.500      0.1507     0.9998
11476.600      0.2343     0.9998
11476.700      0.3323     0.9997
11476.800      0.4302     0.9997
11476.900      0.5205     0.9997
11477.000      0.6026     0.9996
11477.100      0.6715     0.9995
11477.200      0.7285     0.9995
11477.300      0.7738     0.9994
11477.400      0.8083     0.9994
11477.500      0.8342     0.9995
11477.600      0.8529     0.9995
11477.700      0.8676     0.9996
11477.800      0.8798     0.9996
11477.900      0.8915     0.9997
11478.000      0.9037     0.9997
11478.100      0.9164     0.9996
11478.200      0.9277     0.9996
11478.300      0.9361     0.9996
11478.400      0.9406     0.9995
11478.500      0.9399     0.9995
11478.600      0.9293     0.9996
11478.700      0.9176     0.9996
11478.800      0.9067     0.9996
11478.900      0.8976     0.9997
11479.000      0.9035     0.9997
11479.100      0.9169     0.9997
11479.200      0.9362     0.9997
11479.300      0.9534     0.9997
11479.400      0.9611     0.9997
11479.500      0.9649     0.9996
11479.600      0.9668     0.9995
11479.700      0.9689     0.9994
11479.800      0.9713     0.9995
11479.900      0.9663     0.9996
11480.000      0.9459     0.9997
11480.100      0.9127     0.9998
11480.200      0.8753     0.9998
11480.300      0.8541     0.9998
11480.400      0.8569     0.9998
11480.500      0.8861     0.9998
11480.600      0.9202     0.9998
11480.700      0.9485     0.9998
11480.800      0.9687     0.9998
11480.900      0.9716     0.9998
11481.000      0.9720     0.9998
11481.100      0.9718     0.9998
11481.200      0.9724     0.9998
11481.300      0.9799     0.9998
11481.400      0.9860     0.9998
11481.500      0.9856     0.9998
11481.600      0.9844     0.9998
11481.700      0.9828     0.9998
11481.800      0.9843     0.9998
11481.900      0.9909     0.9998
11482.000      0.9972     0.9998
11482.100      1.0023     0.9998
11482.200      1.0054     0.9998
11482.300      1.0063     0.9998
11482.400      1.0051     0.9998
11482.500      1.0033     0.9998
11482.600      1.0016     0.9998
11482.700      1.0003     0.9998
11482.800      1.0008     0.9998
11482.900      1.0017     0.9998
11483.000      1.0004     0.9998
11483.100      0.9988     0.9998
11483.200      0.9978     0.9998
11483.300      0.9969     0.9998
11483.400      0.9956     0.9998
11483.500      0.9934     0.9998
11483.600      0.9860     0.9998
11483.700      0.9708     0.9998
11483.800      0.9461     0.9998
11483.900      0.9226     0.9998
11484.000      0.9060     0.9998
11484.100      0.9034     0.9998
11484.200      0.9175     0.9996
11484.300      0.9403     0.9993
11484.400      0.9654     0.9989
11484.500      0.9841     0.9986
11484.600      0.9924     0.9987
11484.700      0.9905     0.9990
11484.800      0.9863     0.9994
11484.900      0.9827     0.9997
11485.000      0.9794     0.9998
11485.100      0.9721     0.9998
11485.200      0.9612     0.9998
11485.300      0.9467     0.9998
11485.400      0.9286     0.9997
11485.500      0.9076     0.9996
11485.600      0.8797     0.9994
11485.700      0.8354     0.9993
11485.800      0.7766     0.9992
11485.900      0.7056     0.9992
11486.000      0.6437     0.9994
11486.100      0.6212     0.9996
11486.200      0.6395     0.9997
11486.300      0.6833     0.9997
11486.400      0.7147     0.9997
11486.500      0.7123     0.9997
11486.600      0.6634     0.9997
11486.700      0.5954     0.9996
11486.800      0.5377     0.9996
11486.900      0.5003     0.9995
11487.000      0.4981     0.9993
11487.100      0.5087     0.9992
11487.200      0.5237     0.9992
11487.300      0.5390     0.9992
11487.400      0.5532     0.9994
11487.500      0.5651     0.9995
11487.600      0.5590     0.9996
11487.700      0.5306     0.9997
11487.800      0.4639     0.9997
11487.900      0.3754     0.9997
11488.000      0.2727     0.9997
11488.100      0.1743     0.9997
11488.200      0.0986     0.9997
11488.300      0.0463     0.9997
11488.400      0.0206     0.9997
11488.500      0.0126     0.9998
11488.600      0.0207     0.9998
11488.700      0.0479     0.9998
11488.800      0.0976     0.9998
11488.900      0.1796     0.9998
11489.000      0.2779     0.9998
11489.100      0.3835     0.9998
11489.200      0.4897     0.9998
11489.300      0.5763     0.9998
11489.400      0.6462     0.9998
11489.500      0.7036     0.9998
11489.600      0.7521     0.9998
11489.700      0.7952     0.9998
11489.800      0.8282     0.9998
11489.900      0.8443     0.9998
11490.000      0.8584     0.9998
11490.100      0.8717     0.9998
11490.200      0.8862     0.9998
11490.300      0.9045     0.9998
11490.400      0.9227     0.9998
11490.500      0.9395     0.9998
11490.600      0.9532     0.9998
11490.700      0.9623     0.9998
11490.800      0.9685     0.9998
11490.900      0.9732     0.9998
11491.000      0.9769     0.9998
11491.100      0.9804     0.9998
11491.200      0.9846     0.9999
11491.300      0.9891     0.9999
11491.400      0.9918     0.9999
11491.500      0.9941     0.9999
11491.600      0.9971     0.9999
11491.700      1.0003     0.9999
11491.800      0.9990     0.9999
11491.900      0.9976     0.9999
11492.000      0.9971     0.9999
11492.100      0.9968     0.9999
11492.200      0.9965     0.9999
11492.300      0.9961     0.9999
11492.400      0.9955     0.9999
11492.500      0.9929     0.9999
11492.600      0.9823     0.9999
11492.700      0.9622     0.9999
11492.800      0.9359     0.9999
11492.900      0.9105     0.9999
11493.000      0.8891     0.9999
11493.100      0.8815     0.9998
11493.200      0.8903     0.9998
11493.300      0.9127     0.9998
11493.400      0.9380     0.9998
11493.500      0.9573     0.9998
11493.600      0.9678     0.9998
11493.700      0.9631     0.9998
11493.800      0.9560     0.9998
11493.900      0.9486     0.9998
11494.000      0.9414     0.9998
11494.100      0.9419     0.9998
11494.200      0.9423     0.9998
11494.300      0.9416     0.9998
11494.400      0.9387     0.9998
11494.500      0.9307     0.9998
11494.600      0.9188     0.9998
11494.700      0.9036     0.9998
11494.800      0.8863     0.9998
11494.900      0.8668     0.9998
11495.000      0.8423     0.9998
11495.100      0.8091     0.9997
11495.200      0.7679     0.9997
11495.300      0.7153     0.9997
11495.400      0.6441     0.9998
11495.500      0.5534     0.9998
11495.600      0.4409     0.9998
11495.700      0.3244     0.9998
11495.800      0.2172     0.9998
11495.900      0.1257     0.9998
11496.000      0.0693     0.9998
11496.100      0.0477     0.9998
11496.200      0.0671     0.9997
11496.300      0.1183     0.9997
11496.400      0.1996     0.9997
11496.500      0.2808     0.9996
11496.600      0.3615     0.9996
11496.700      0.4355     0.9996
11496.800      0.4791     0.9997
11496.900      0.4997     0.9998
11497.000      0.4977     0.9998
11497.100      0.4746     0.9998
11497.200      0.4340     0.9998
11497.300      0.3757     0.9998
11497.400      0.3081     0.9998
11497.500      0.2350     0.9997
11497.600      0.1610     0.9997
11497.700      0.0975     0.9997
11497.800      0.0507     0.9997
11497.900      0.0242     0.9997
11498.000      0.0122     0.9997
11498.100      0.0119     0.9997
11498.200      0.0180     0.9996
11498.300      0.0267     0.9997
11498.400      0.0425     0.9997
11498.500      0.0755     0.9998
11498.600      0.1263     0.9998
11498.700      0.1970     0.9998
11498.800      0.2726     0.9999
11498.900      0.3500     0.9999
11499.000      0.4217     0.9999
11499.100      0.4690     0.9999
11499.200      0.4885     0.9999
11499.300      0.4911     0.9999
11499.400      0.4969     0.9999
11499.500      0.5120     0.9999
11499.600      0.5434     0.9999
11499.700      0.5817     0.9999
11499.800      0.5971     0.9999
11499.900      0.5730     0.9999
11500.000      0.4880     0.9999
11500.100      0.3887     0.9998
11500.200      0.2873     0.9998
11500.300      0.1858     0.9999
11500.400      0.1454     0.9999
11500.500      0.1598     0.9999
11500.600      0.2457     0.9999
11500.700      0.3628     0.9999
11500.800      0.5000     0.9999
11500.900      0.6319     0.9999
11501.000      0.7255     0.9999
11501.100      0.7841     0.9999
11501.200      0.8004     0.9999
11501.300      0.7759     0.9999
11501.400      0.7216     0.9999
11501.500      0.6482     0.9999
11501.600      0.5694     0.9999
11501.700      0.5134     0.9999
11501.800      0.5021     0.9999
11501.900      0.5346     0.9999
11502.000      0.5950     0.9998
11502.100      0.6764     0.9998
11502.200      0.7604     0.9997
11502.300      0.8337     0.9995
11502.400      0.8941     0.9990
11502.500      0.9376     0.9981
11502.600      0.9674     0.9972
11502.700      0.9831     0.9969
11502.800      0.9942     0.9973
11502.900      1.0031     0.9982
11503.000      1.0077     0.9990
11503.100      1.0068     0.9995
11503.200      1.0035     0.9997
11503.300      0.9988     0.9996
11503.400      0.9933     0.9995
11503.500      0.9874     0.9995
11503.600      0.9824     0.9995
11503.700      0.9806     0.9996
11503.800      0.9841     0.9997
11503.900      0.9905     0.9998
11504.000      0.9950     0.9998
11504.100      0.9939     0.9999
11504.200      0.9813     0.9999
11504.300      0.9514     0.9999
11504.400      0.8890     0.9999
11504.500      0.8215     0.9998
11504.600      0.7587     0.9998
11504.700      0.7052     0.9998
11504.800      0.7219     0.9997
11504.900      0.7697     0.9996
11505.000      0.8419     0.9996
11505.100      0.9095     0.9996
11505.200      0.9430     0.9997
11505.300      0.9537     0.9997
11505.400      0.9483     0.9998
11505.500      0.9432     0.9998
11505.600      0.9397     0.9998
11505.700      0.9396     0.9996
11505.800      0.9441     0.9994
11505.900      0.9515     0.9989
11506.000      0.9598     0.9985
11506.100      0.9677     0.9982
11506.200      0.9753     0.9983
11506.300      0.9832     0.9987
11506.400      0.9912     0.9991
11506.500      0.9982     0.9995
11506.600      1.0036     0.9997
11506.700      1.0062     0.9998
11506.800      1.0060     0.9998
11506.900      1.0030     0.9998
11507.000      0.9963     0.9998
11507.100      0.9846     0.9998
11507.200      0.9683     0.9998
11507.300      0.9475     0.9998
11507.400      0.9215     0.9998
11507.500      0.8884     0.9998
11507.600      0.8464     0.9998
11507.700      0.7901     0.9998
11507.800      0.7117     0.9998
11507.900      0.6071     0.9999
11508.000      0.4800     0.9999
11508.100      0.3446     0.9999
11508.200      0.2217     0.9999
11508.300      0.1316     0.9999
11508.400      0.0887     0.9999
11508.500      0.1007     0.9999
11508.600      0.1724     0.9999
11508.700      0.2773     0.9999
11508.800      0.4082     0.9999
11508.900      0.5409     0.9999
11509.000      0.6545     0.9999
11509.100      0.7488     0.9999
11509.200      0.8165     0.9999
11509.300      0.8668     0.9999
11509.400      0.9036     0.9999
11509.500      0.9312     0.9999
11509.600      0.9526     0.9999
11509.700      0.9691     0.9999
11509.800      0.9822     0.9999
11509.900      0.9911     0.9999
11510.000      0.9964     0.9999
11510.100      0.9994     0.9999
11510.200      1.0001     0.9999
11510.300      0.9986     0.9999
11510.400      0.9930     0.9999
11510.500      0.9749     0.9999
11510.600      0.9467     0.9999
11510.700      0.9125     0.9998
11510.800      0.8774     0.9998
11510.900      0.8500     0.9998
11511.000      0.8339     0.9998
11511.100      0.8409     0.9998
11511.200      0.8564     0.9998
11511.300      0.8772     0.9998
11511.400      0.8950     0.9998
11511.500      0.8777     0.9998
11511.600      0.8491     0.9998
11511.700      0.8142     0.9997
11511.800      0.7873     0.9997
11511.900      0.7848     0.9994
11512.000      0.7862     0.9991
11512.100      0.7887     0.9986
11512.200      0.7824     0.9983
11512.300      0.7482     0.9982
11512.400      0.6847     0.9985
11512.500      0.5926     0.9990
11512.600      0.4729     0.9994
11512.700      0.3461     0.9996
11512.800      0.2293     0.9998
11512.900      0.1336     0.9998
11513.000      0.0759     0.9998
11513.100      0.0544     0.9998
11513.200      0.0631     0.9999
11513.300      0.1023     0.9999
11513.400      0.1746     0.9999
11513.500      0.2741     0.9999
11513.600      0.4013     0.9999
11513.700      0.5279     0.9999
11513.800      0.6446     0.9999
11513.900      0.7462     0.9999
11514.000      0.8177     0.9999
11514.100      0.8648     0.9999
11514.200      0.8930     0.9999
11514.300      0.9091     0.9999
11514.400      0.9208     0.9999
11514.500      0.9324     0.9999
11514.600      0.9438     0.9999
11514.700      0.9553     0.9999
11514.800      0.9666     0.9999
11514.900      0.9768     0.9999
11515.000      0.9854     0.9999
11515.100      0.9925     0.9999
11515.200      0.9978     0.9999
11515.300      1.0007     0.9999
11515.400      1.0026     0.9999
11515.500      1.0039     0.9999
11515.600      1.0050     0.9999
11515.700      1.0061     0.9998
11515.800      1.0072     0.9998
11515.900      1.0085     0.9998
11516.000      1.0098     0.9998
11516.100      1.0103     0.9998
11516.200      1.0101     0.9998
11516.300      1.0092     0.9998
11516.400      1.0073     0.9998
11516.500      1.0047     0.9998
11516.600      1.0022     0.9998
11516.700      1.0002     0.9998
11516.800      0.9991     0.9998
11516.900      0.9986     0.9998
11517.000      0.9965     0.9998
11517.100      0.9925     0.9998
11517.200      0.9873     0.9998
11517.300      0.9819     0.9998
11517.400      0.9796     0.9998
11517.500      0.9778     0.9998
11517.600      0.9754     0.9998
11517.700      0.9722     0.9998
11517.800      0.9680     0.9998
11517.900      0.9621     0.9997
11518.000      0.9529     0.9997
11518.100      0.9420     0.9995
11518.200      0.9296     0.9990
11518.300      0.9148     0.9981
11518.400      0.8955     0.9967
11518.500      0.8683     0.9953
11518.600      0.8339     0.9946
11518.700      0.7989     0.9951
11518.800      0.7637     0.9964
11518.900      0.7378     0.9979
11519.000      0.7197     0.9989
11519.100      0.7013     0.9994
11519.200      0.6811     0.9996
11519.300      0.6463     0.9997
11519.400      0.5923     0.9998
11519.500      0.5186     0.9998
11519.600      0.4327     0.9998
11519.700      0.3361     0.9997
11519.800      0.2390     0.9996
11519.900      0.1555     0.9996
11520.000      0.0873     0.9995
11520.100      0.0455     0.9996
11520.200      0.0230     0.9996
11520.300      0.0174     0.9997
11520.400      0.0289     0.9998
11520.500      0.0577     0.9998
11520.600      0.1080     0.9998
11520.700      0.1792     0.9998
11520.800      0.2660     0.9998
11520.900      0.3590     0.9998
11521.000      0.4486     0.9998
11521.100      0.5270     0.9998
11521.200      0.5873     0.9998
11521.300      0.6295     0.9998
11521.400      0.6555     0.9998
11521.500      0.6783     0.9998
11521.600      0.7083     0.9998
11521.700      0.7433     0.9997
11521.800      0.7813     0.9995
11521.900      0.8195     0.9991
11522.000      0.8406     0.9985
11522.100      0.8494     0.9979
11522.200      0.8435     0.9976
11522.300      0.8380     0.9977
11522.400      0.8371     0.9982
11522.500      0.8414     0.9987
11522.600      0.8525     0.9990
11522.700      0.8676     0.9990
11522.800      0.8848     0.9989
11522.900      0.9007     0.9988
11523.000      0.9125     0.9986
11523.100      0.9198     0.9984
11523.200      0.9236     0.9980
11523.300      0.9256     0.9977
11523.400      0.9264     0.9978
11523.500      0.9259     0.9983
11523.600      0.9235     0.9989
11523.700      0.9157     0.9994
11523.800      0.9066     0.9997
11523.900      0.8985     0.9998
11524.000      0.8906     0.9998
11524.100      0.8808     0.9998
11524.200      0.8703     0.9998
11524.300      0.8594     0.9998
11524.400      0.8482     0.9999
11524.500      0.8366     0.9999
11524.600      0.8240     0.9999
11524.700      0.8089     0.9999
11524.800      0.7913     0.9998
11524.900      0.7697     0.9998
11525.000      0.7425     0.9998
11525.100      0.7067     0.9998
11525.200      0.6620     0.9998
11525.300      0.6061     0.9998
11525.400      0.5358     0.9998
11525.500      0.4537     0.9998
11525.600      0.3623     0.9999
11525.700      0.2689     0.9999
11525.800      0.1835     0.9999
11525.900      0.1121     0.9999
11526.000      0.0612     0.9999
11526.100      0.0286     0.9999
11526.200      0.0140     0.9999
11526.300      0.0085     0.9999
11526.400      0.0105     0.9999
11526.500      0.0125     0.9999
11526.600      0.0144     0.9999
11526.700      0.0156     0.9999
11526.800      0.0144     0.9999
11526.900      0.0124     0.9999
11527.000      0.0102     0.9999
11527.100      0.0084     0.9999
11527.200      0.0101     0.9999
11527.300      0.0174     0.9999
11527.400      0.0371     0.9999
11527.500      0.0740     0.9998
11527.600      0.1310     0.9998
11527.700      0.2093     0.9998
11527.800      0.2956     0.9997
11527.900      0.3840     0.9997
11528.000      0.4726     0.9997
11528.100      0.5512     0.9997
11528.200      0.6183     0.9997
11528.300      0.6740     0.9997
11528.400      0.7196     0.9997
11528.500      0.7548     0.9998
11528.600      0.7830     0.9998
11528.700      0.8053     0.9998
11528.800      0.8251     0.9998
11528.900      0.8434     0.9998
11529.000      0.8620     0.9998
11529.100      0.8819     0.9998
11529.200      0.9016     0.9998
11529.300      0.9195     0.9998
11529.400      0.9312     0.9997
11529.500      0.9360     0.9997
11529.600      0.9404     0.9996
11529.700      0.9449     0.9996
11529.800      0.9510     0.9996
11529.900      0.9584     0.9997
11530.000      0.9624     0.9998
11530.100      0.9647     0.9998
11530.200      0.9685     0.9999
11530.300      0.9736     0.9999
11530.400      0.9801     0.9999
11530.500      0.9866     0.9999
11530.600      0.9863     0.9999
11530.700      0.9856     0.9999
11530.800      0.9911     0.9999
11530.900      0.9957     0.9999
11531.000      0.9946     0.9998
11531.100      0.9942     0.9998
11531.200      0.9966     0.9997
11531.300      0.9972     0.9996
11531.400      0.9933     0.9995
11531.500      0.9897     0.9994
11531.600      0.9874     0.9994
11531.700      0.9883     0.9994
11531.800      0.9920     0.9996
11531.900      0.9962     0.9997
11532.000      1.0005     0.9997
11532.100      1.0023     0.9998
11532.200      1.0014     0.9998
11532.300      0.9987     0.9998
11532.400      0.9958     0.9998
11532.500      0.9934     0.9998
11532.600      0.9910     0.9998
11532.700      0.9797     0.9999
11532.800      0.9675     0.9999
11532.900      0.9570     0.9999
11533.000      0.9463     0.9999
11533.100      0.9283     0.9999
11533.200      0.8980     0.9999
11533.300      0.8457     0.9999
11533.400      0.7952     0.9999
11533.500      0.7593     0.9999
11533.600      0.7494     0.9998
11533.700      0.7768     0.9998
11533.800      0.8255     0.9998
11533.900      0.8816     0.9998
11534.000      0.9281     0.9998
11534.100      0.9560     0.9998
11534.200      0.9692     0.9998
11534.300      0.9722     0.9998
11534.400      0.9691     0.9998
11534.500      0.9588     0.9998
11534.600      0.9329     0.9998
11534.700      0.9011     0.9997
11534.800      0.8666     0.9997
11534.900      0.8319     0.9997
11535.000      0.8212     0.9997
11535.100      0.8259     0.9998
11535.200      0.8467     0.9998
11535.300      0.8671     0.9998
11535.400      0.8801     0.9998
11535.500      0.8795     0.9998
11535.600      0.8496     0.9998
11535.700      0.8002     0.9999
11535.800      0.7403     0.9999
11535.900      0.6817     0.9999
11536.000      0.6307     0.9999
11536.100      0.5986     0.9999
11536.200      0.5967     0.9998
11536.300      0.6260     0.9998
11536.400      0.6652     0.9998
11536.500      0.6875     0.9998
11536.600      0.6758     0.9998
11536.700      0.5943     0.9998
11536.800      0.4985     0.9998
11536.900      0.4046     0.9998
11537.000      0.3154     0.9998
11537.100      0.3088     0.9998
11537.200      0.3359     0.9998
11537.300      0.3870     0.9998
11537.400      0.4359     0.9998
11537.500      0.4701     0.9998
11537.600      0.5041     0.9997
11537.700      0.5381     0.9997
11537.800      0.5664     0.9998
11537.900      0.5721     0.9998
11538.000      0.5582     0.9998
11538.100      0.5334     0.9998
11538.200      0.5265     0.9998
11538.300      0.5602     0.9998
11538.400      0.6339     0.9999
11538.500      0.7219     0.9999
11538.600      0.8026     0.9999
11538.700      0.8663     0.9999
11538.800      0.8940     0.9999
11538.900      0.8988     0.9999
11539.000      0.8895     0.9999
11539.100      0.8761     0.9999
11539.200      0.8615     0.9999
11539.300      0.8435     0.9999
11539.400      0.8158     0.9999
11539.500      0.7780     0.9999
11539.600      0.7272     0.9999
11539.700      0.6580     0.9999
11539.800      0.5635     0.9999
11539.900      0.4536     0.9999
11540.000      0.3355     0.9998
11540.100      0.2229     0.9998
11540.200      0.1360     0.9996
11540.300      0.0796     0.9994
11540.400      0.0656     0.9989
11540.500      0.0953     0.9984
11540.600      0.1614     0.9982
11540.700      0.2617     0.9984
11540.800      0.3722     0.9988
11540.900      0.4848     0.9993
11541.000      0.5977     0.9996
11541.100      0.6919     0.9998
11541.200      0.7641     0.9998
11541.300      0.8100     0.9998
11541.400      0.8409     0.9998
11541.500      0.8635     0.9998
11541.600      0.8745     0.9998
11541.700      0.8723     0.9998
11541.800      0.8532     0.9998
11541.900      0.8153     0.9998
11542.000      0.7779     0.9998
11542.100      0.7450     0.9998
11542.200      0.7218     0.9999
11542.300      0.7094     0.9999
11542.400      0.6960     0.9999
11542.500      0.6767     0.9999
11542.600      0.6388     0.9999
11542.700      0.5813     0.9999
11542.800      0.5152     0.9999
11542.900      0.4475     0.9999
11543.000      0.4171     0.9999
11543.100      0.4349     0.9999
11543.200      0.5057     0.9999
11543.300      0.5844     0.9999
11543.400      0.6497     0.9999
11543.500      0.6956     0.9998
11543.600      0.6949     0.9998
11543.700      0.6786     0.9998
11543.800      0.6556     0.9998
11543.900      0.6214     0.9998
11544.000      0.5729     0.9998
11544.100      0.5015     0.9998
11544.200      0.4044     0.9998
11544.300      0.3081     0.9997
11544.400      0.2195     0.9997
11544.500      0.1567     0.9996
11544.600      0.1519     0.9996
11544.700      0.1980     0.9996
11544.800      0.2806     0.9996
11544.900      0.3893     0.9997
11545.000      0.5041     0.9997
11545.100      0.6157     0.9998
11545.200      0.7190     0.9998
11545.300      0.8026     0.9998
11545.400      0.8649     0.9998
11545.500      0.9069     0.9998
11545.600      0.9333     0.9998
11545.700      0.9440     0.9998
11545.800      0.9500     0.9999
11545.900      0.9532     0.9999
11546.000      0.9578     0.9999
11546.100      0.9724     0.9999
11546.200      0.9865     0.9999
11546.300      0.9953     0.9999
11546.400      0.9968     0.9999
11546.500      0.9897     0.9998
11546.600      0.9812     0.9998
11546.700      0.9723     0.9997
11546.800      0.9653     0.9996
11546.900      0.9645     0.9994
11547.000      0.9715     0.9992
11547.100      0.9836     0.9992
11547.200      0.9981     0.9993
11547.300      1.0129     0.9994
11547.400      1.0226     0.9996
11547.500      1.0267     0.9997
11547.600      1.0257     0.9998
11547.700      1.0235     0.9998
11547.800      1.0211     0.9998
11547.900      1.0180     0.9997
11548.000      1.0105     0.9997
11548.100      1.0033     0.9997
11548.200      0.9998     0.9998
11548.300      0.9962     0.9998
11548.400      0.9918     0.9998
11548.500      0.9862     0.9999
11548.600      0.9779     0.9999
11548.700      0.9666     0.9999
11548.800      0.9501     0.9999
11548.900      0.9273     0.9999
11549.000      0.8939     0.9999
11549.100      0.8479     0.9999
11549.200      0.7824     0.9999
11549.300      0.6838     0.9999
11549.400      0.5655     0.9999
11549.500      0.4385     0.9999
11549.600      0.3105     0.9999
11549.700      0.2245     0.9999
11549.800      0.1946     0.9999
11549.900      0.2412     0.9999
11550.000      0.3316     0.9999
11550.100      0.4598     0.9999
11550.200      0.5876     0.9999
11550.300      0.6917     0.9999
11550.400      0.7711     0.9999
11550.500      0.8144     0.9999
11550.600      0.8333     0.9999
11550.700      0.8367     0.9999
11550.800      0.8410     0.9999
11550.900      0.8512     0.9999
11551.000      0.8723     0.9999
11551.100      0.9025     0.9999
11551.200      0.9325     0.9999
11551.300      0.9618     0.9999
11551.400      0.9831     0.9999
11551.500      0.9928     0.9999
11551.600      0.9922     0.9999
11551.700      0.9894     0.9999
11551.800      0.9867     0.9999
11551.900      0.9843     0.9999
11552.000      0.9870     0.9999
11552.100      0.9936     0.9999
11552.200      1.0038     0.9999
11552.300      1.0138     0.9999
11552.400      1.0167     0.9999
11552.500      1.0161     0.9999
11552.600      1.0130     0.9999
11552.700      1.0083     0.9999
11552.800      1.0025     0.9999
11552.900      0.9959     0.9999
11553.000      0.9884     0.9999
11553.100      0.9794     0.9999
11553.200      0.9671     0.9999
11553.300      0.9494     0.9999
11553.400      0.9216     0.9999
11553.500      0.8810     0.9999
11553.600      0.8203     0.9999
11553.700      0.7210     0.9999
11553.800      0.6085     0.9999
11553.900      0.4973     0.9999
11554.000      0.3903     0.9999
11554.100      0.3493     0.9999
11554.200      0.3704     0.9998
11554.300      0.4627     0.9998
11554.400      0.5638     0.9998
11554.500      0.6677     0.9998
11554.600      0.7688     0.9998
11554.700      0.8326     0.9996
11554.800      0.8746     0.9991
11554.900      0.8993     0.9983
11555.000      0.9198     0.9975
11555.100      0.9382     0.9971
11555.200      0.9530     0.9975
11555.300      0.9630     0.9984
11555.400      0.9674     0.9991
11555.500      0.9662     0.9995
11555.600      0.9600     0.9996
11555.700      0.9506     0.9993
11555.800      0.9389     0.9988
11555.900      0.9266     0.9981
11556.000      0.9143     0.9974
11556.100      0.9020     0.9964
11556.200      0.8927     0.9949
11556.300      0.8841     0.9929
11556.400      0.8668     0.9913
11556.500      0.8405     0.9912
11556.600      0.8049     0.9928
11556.700      0.7565     0.9952
11556.800      0.6895     0.9973
11556.900      0.5981     0.9986
11557.000      0.4770     0.9992
11557.100      0.3566     0.9995
11557.200      0.2428     0.9996
11557.300      0.1437     0.9997
11557.400      0.0779     0.9998
11557.500      0.0384     0.9998
11557.600      0.0223     0.9998
11557.700      0.0241     0.9998
11557.800      0.0440     0.9998
11557.900      0.0877     0.9998
11558.000      0.1558     0.9998
11558.100      0.2532     0.9998
11558.200      0.3592     0.9998
11558.300      0.4670     0.9998
11558.400      0.5750     0.9998
11558.500      0.6653     0.9998
11558.600      0.7368     0.9998
11558.700      0.7853     0.9998
11558.800      0.8180     0.9997
11558.900      0.8368     0.9997
11559.000      0.8507     0.9997
11559.100      0.8620     0.9997
11559.200      0.8742     0.9997
11559.300      0.8897     0.9997
11559.400      0.9042     0.9997
11559.500      0.9139     0.9998
11559.600      0.9169     0.9998
11559.700      0.9149     0.9998
11559.800      0.9136     0.9998
11559.900      0.9146     0.9998
11560.000      0.9201     0.9999
11560.100      0.9302     0.9999
11560.200      0.9442     0.9999
11560.300      0.9590     0.9999
11560.400      0.9724     0.9999
11560.500      0.9827     0.9999
11560.600      0.9838     0.9999
11560.700      0.9798     0.9999
11560.800      0.9723     0.9998
11560.900      0.9647     0.9998
11561.000      0.9612     0.9998
11561.100      0.9609     0.9998
11561.200      0.9645     0.9998
11561.300      0.9681     0.9998
11561.400      0.9718     0.9998
11561.500      0.9717     0.9998
11561.600      0.9623     0.9998
11561.700      0.9526     0.9998
11561.800      0.9429     0.9998
11561.900      0.9361     0.9998
11562.000      0.9360     0.9998
11562.100      0.9411     0.9998
11562.200      0.9505     0.9998
11562.300      0.9644     0.9998
11562.400      0.9794     0.9998
11562.500      0.9910     0.9998
11562.600      0.9990     0.9997
11562.700      1.0046     0.9997
11562.800      1.0079     0.9997
11562.900      1.0084     0.9998
11563.000      1.0063     0.9998
11563.100      1.0011     0.9998
11563.200      0.9945     0.9998
11563.300      0.9873     0.9998
11563.400      0.9780     0.9998
11563.500      0.9627     0.9999
11563.600      0.9359     0.9999
11563.700      0.8938     0.9999
11563.800      0.8522     0.9999
11563.900      0.8147     0.9999
11564.000      0.7927     0.9999
11564.100      0.7859     0.9999
11564.200      0.7783     0.9999
11564.300      0.7666     0.9999
11564.400      0.7298     0.9999
11564.500      0.6648     0.9999
11564.600      0.5802     0.9999
11564.700      0.4924     0.9999
11564.800      0.4115     0.9999
11564.900      0.3397     0.9999
11565.000      0.2760     0.9998
11565.100      0.2270     0.9998
11565.200      0.2117     0.9998
11565.300      0.2343     0.9998
11565.400      0.3117     0.9998
11565.500      0.4166     0.9996
11565.600      0.5401     0.9990
11565.700      0.6598     0.9973
11565.800      0.7551     0.9936
11565.900      0.8285     0.9877
11566.000      0.8784     0.9817
11566.100      0.9113     0.9785
11566.200      0.9308     0.9804
11566.300      0.9337     0.9859
11566.400      0.9289     0.9921
11566.500      0.9225     0.9965
11566.600      0.9160     0.9987
11566.700      0.9174     0.9995
11566.800      0.9230     0.9998
11566.900      0.9291     0.9998
11567.000      0.9351     0.9999
11567.100      0.9406     0.9999
11567.200      0.9450     0.9999
11567.300      0.9421     0.9999
11567.400      0.9371     0.9999
11567.500      0.9312     0.9999
11567.600      0.9263     0.9999
11567.700      0.9288     0.9998
11567.800      0.9312     0.9998
11567.900      0.9323     0.9998
11568.000      0.9310     0.9998
11568.100      0.9233     0.9998
11568.200      0.9059     0.9998
11568.300      0.8811     0.9998
11568.400      0.8619     0.9998
11568.500      0.8574     0.9998
11568.600      0.8671     0.9998
11568.700      0.8875     0.9998
11568.800      0.9157     0.9998
11568.900      0.9455     0.9998
11569.000      0.9702     0.9998
11569.100      0.9880     0.9997
11569.200      0.9982     0.9997
11569.300      1.0037     0.9997
11569.400      1.0055     0.9996
11569.500      1.0058     0.9996
11569.600      1.0050     0.9996
11569.700      1.0047     0.9996
11569.800      1.0079     0.9996
11569.900      1.0111     0.9996
11570.000      1.0142     0.9996
11570.100      1.0161     0.9997
11570.200      1.0145     0.9997
11570.300      1.0109     0.9997
11570.400      1.0062     0.9998
11570.500      1.0019     0.9998
11570.600      0.9981     0.9998
11570.700      0.9940     0.9998
11570.800      0.9894     0.9998
11570.900      0.9834     0.9998
11571.000      0.9765     0.9998
11571.100      0.9696     0.9998
11571.200      0.9625     0.9998
11571.300      0.9519     0.9998
11571.400      0.9348     0.9998
11571.500      0.9053     0.9998
11571.600      0.8583     0.9998
11571.700      0.7791     0.9999
11571.800      0.6795     0.9999
11571.900      0.5617     0.9999
11572.000      0.4491     0.9999
11572.100      0.3924     0.9998
11572.200      0.3925     0.9998
11572.300      0.4582     0.9998
11572.400      0.5560     0.9998
11572.500      0.6674     0.9998
11572.600      0.7677     0.9998
11572.700      0.8367     0.9999
11572.800      0.8764     0.9999
11572.900      0.8988     0.9999
11573.000      0.9145     0.9999
11573.100      0.9287     0.9999
11573.200      0.9428     0.9999
11573.300      0.9565     0.9999
11573.400      0.9647     0.9999
11573.500      0.9637     0.9999
11573.600      0.9482     0.9999
11573.700      0.9177     0.9999
11573.800      0.8677     0.9999
11573.900      0.8107     0.9999
11574.000      0.7494     0.9999
11574.100      0.6886     0.9999
11574.200      0.6380     0.9999
11574.300      0.6014     0.9999
11574.400      0.5942     0.9999
11574.500      0.6170     0.9999
11574.600      0.6675     0.9999
11574.700      0.7323     0.9999
11574.800      0.8022     0.9999
11574.900      0.8660     0.9999
11575.000      0.9141     0.9999
11575.100      0.9461     0.9999
11575.200      0.9656     0.9999
11575.300      0.9768     0.9999
11575.400      0.9838     0.9999
11575.500      0.9880     0.9999
11575.600      0.9904     0.9999
11575.700      0.9920     0.9999
11575.800      0.9919     0.9999
11575.900      0.9863     0.9999
11576.000      0.9781     0.9999
11576.100      0.9677     0.9999
11576.200      0.9573     0.9999
11576.300      0.9472     0.9999
11576.400      0.9327     0.9998
11576.500      0.8995     0.9998
11576.600      0.8668     0.9998
11576.700      0.8389     0.9998
11576.800      0.8237     0.9998
11576.900      0.8262     0.9999
11577.000      0.8344     0.9999
11577.100      0.8441     0.9999
11577.200      0.8482     0.9999
11577.300      0.8362     0.9999
11577.400      0.8033     0.9999
11577.500      0.7431     0.9999
11577.600      0.6490     0.9999
11577.700      0.5369     0.9999
11577.800      0.4131     0.9999
11577.900      0.2883     0.9999
11578.000      0.1860     0.9999
11578.100      0.1112     0.9999
11578.200      0.0788     0.9999
11578.300      0.0874     0.9999
11578.400      0.1424     0.9999
11578.500      0.2242     0.9999
11578.600      0.3240     0.9999
11578.700      0.4191     0.9999
11578.800      0.4838     0.9999
11578.900      0.5073     0.9999
11579.000      0.4955     0.9999
11579.100      0.4844     0.9999
11579.200      0.4781     0.9999
11579.300      0.4995     0.9999
11579.400      0.5610     0.9999
11579.500      0.6493     0.9999
11579.600      0.7443     0.9999
11579.700      0.8298     0.9999
11579.800      0.8976     0.9999
11579.900      0.9392     0.9999
11580.000      0.9627     0.9998
11580.100      0.9704     0.9998
11580.200      0.9771     0.9997
11580.300      0.9842     0.9997
11580.400      0.9913     0.9997
11580.500      0.9974     0.9997
11580.600      1.0014     0.9997
11580.700      1.0002     0.9998
11580.800      0.9999     0.9998
11580.900      1.0027     0.9999
11581.000      1.0054     0.9999
11581.100      1.0081     0.9999
11581.200      1.0079     0.9999
11581.300      1.0038     0.9999
11581.400      1.0000     0.9999
11581.500      0.9975     0.9999
11581.600      0.9985     0.9999
11581.700      1.0023     0.9998
11581.800      1.0073     0.9998
11581.900      1.0124     0.9998
11582.000      1.0163     0.9998
11582.100      1.0181     0.9998
11582.200      1.0168     0.9998
11582.300      1.0134     0.9998
11582.400      1.0089     0.9999
11582.500      1.0029     0.9999
11582.600      0.9944     0.9999
11582.700      0.9869     0.9999
11582.800      0.9863     0.9998
11582.900      0.9852     0.9998
11583.000      0.9781     0.9998
11583.100      0.9609     0.9998
11583.200      0.9290     0.9998
11583.300      0.8920     0.9998
11583.400      0.8532     0.9998
11583.500      0.8263     0.9998
11583.600      0.8253     0.9998
11583.700      0.8450     0.9998
11583.800      0.8718     0.9998
11583.900      0.8991     0.9998
11584.000      0.9263     0.9998
11584.100      0.9433     0.9997
11584.200      0.9428     0.9997
11584.300      0.9204     0.9994
11584.400      0.8723     0.9986
11584.500      0.7814     0.9968
11584.600      0.6875     0.9939
11584.700      0.5977     0.9907
11584.800      0.5193     0.9888
11584.900      0.5124     0.9894
11585.000      0.5550     0.9921
11585.100      0.6408     0.9953
11585.200      0.7305     0.9977
11585.300      0.8215     0.9990
11585.400      0.9023     0.9996
11585.500      0.9504     0.9998
11585.600      0.9726     0.9998
11585.700      0.9826     0.9999
11585.800      0.9938     0.9999
11585.900      1.0058     0.9999
11586.000      1.0138     0.9999
11586.100      1.0156     0.9999
11586.200      1.0121     0.9999
11586.300      1.0075     0.9999
11586.400      1.0059     0.9999
11586.500      1.0065     0.9999
11586.600      1.0082     0.9999
11586.700      1.0109     0.9999
11586.800      1.0151     0.9998
11586.900      1.0189     0.9998
11587.000      1.0166     0.9998
11587.100      1.0144     0.9998
11587.200      1.0127     0.9998
11587.300      1.0122     0.9999
11587.400      1.0136     0.9999
11587.500      1.0152     0.9998
11587.600      1.0168     0.9998
11587.700      1.0167     0.9998
11587.800      1.0132     0.9998
11587.900      1.0091     0.9998
11588.000      1.0042     0.9998
11588.100      0.9953     0.9998
11588.200      0.9842     0.9998
11588.300      0.9759     0.9998
11588.400      0.9689     0.9998
11588.500      0.9597     0.9997
11588.600      0.9458     0.9996
11588.700      0.9197     0.9996
11588.800      0.8825     0.9996
11588.900      0.8380     0.9997
11589.000      0.7793     0.9997
11589.100      0.6879     0.9998
11589.200      0.5770     0.9998
11589.300      0.4504     0.9998
11589.400      0.3257     0.9998
11589.500      0.2215     0.9997
11589.600      0.1428     0.9997
11589.700      0.1110     0.9997
11589.800      0.1309     0.9997
11589.900      0.2005     0.9997
11590.000      0.3090     0.9997
11590.100      0.4311     0.9996
11590.200      0.5522     0.9996
11590.300      0.6686     0.9996
11590.400      0.7625     0.9995
11590.500      0.8277     0.9994
11590.600      0.8707     0.9992
11590.700      0.8952     0.9991
11590.800      0.9038     0.9991
11590.900      0.8974     0.9990
11591.000      0.8704     0.9989
11591.100      0.8424     0.9984
11591.200      0.8230     0.9972
11591.300      0.8158     0.9955
11591.400      0.8369     0.9941
11591.500      0.8715     0.9938
11591.600      0.9147     0.9950
11591.700      0.9554     0.9968
11591.800      0.9841     0.9982
11591.900      1.0027     0.9987
11592.000      1.0131     0.9982
11592.100      1.0194     0.9971
11592.200      1.0233     0.9959
11592.300      1.0245     0.9955
11592.400      1.0248     0.9962
11592.500      1.0255     0.9974
11592.600      1.0265     0.9986
11592.700      1.0262     0.9992
11592.800      1.0230     0.9995
11592.900      1.0133     0.9995
11593.000      0.9994     0.9994
11593.100      0.9823     0.9993
11593.200      0.9649     0.9991
11593.300      0.9526     0.9985
11593.400      0.9470     0.9975
11593.500      0.9559     0.9965
11593.600      0.9692     0.9962
11593.700      0.9849     0.9966
11593.800      0.9986     0.9976
11593.900      1.0021     0.9984
11594.000      0.9981     0.9988
11594.100      0.9895     0.9990
11594.200      0.9837     0.9991
11594.300      0.9829     0.9991
11594.400      0.9838     0.9991
11594.500      0.9850     0.9991
11594.600      0.9825     0.9992
11594.700      0.9702     0.9993
11594.800      0.9364     0.9994
11594.900      0.8956     0.9995
11595.000      0.8577     0.9996
11595.100      0.8265     0.9996
11595.200      0.8190     0.9996
11595.300      0.8325     0.9997
11595.400      0.8719     0.9997
11595.500      0.9120     0.9997
11595.600      0.9459     0.9997
11595.700      0.9720     0.9997
11595.800      0.9837     0.9997
11595.900      0.9887     0.9997
11596.000      0.9891     0.9997
11596.100      0.9840     0.9997
11596.200      0.9720     0.9996
11596.300      0.9519     0.9995
11596.400      0.9193     0.9992
11596.500      0.8688     0.9988
11596.600      0.7938     0.9982
11596.700      0.6850     0.9978
11596.800      0.5632     0.9977
11596.900      0.4526     0.9981
11597.000      0.3696     0.9987
11597.100      0.3461     0.9992
11597.200      0.3745     0.9995
11597.300      0.4522     0.9996
11597.400      0.5369     0.9997
11597.500      0.6230     0.9997
11597.600      0.7088     0.9997
11597.700      0.7756     0.9997
11597.800      0.8309     0.9997
11597.900      0.8754     0.9997
11598.000      0.9130     0.9997
11598.100      0.9457     0.9996
11598.200      0.9720     0.9996
11598.300      0.9915     0.9995
11598.400      1.0038     0.9995
11598.500      1.0106     0.9994
11598.600      1.0147     0.9994
11598.700      1.0170     0.9994
11598.800      1.0169     0.9994
11598.900      1.0140     0.9994
11599.000      1.0070     0.9994
11599.100      0.9987     0.9994
11599.200      0.9966     0.9993
11599.300      1.0013     0.9992
11599.400      1.0123     0.9991
11599.500      1.0240     0.9988
11599.600      1.0263     0.9980
11599.700      1.0264     0.9958
11599.800      1.0262     0.9899
11599.900      1.0249     0.9773
11600.000      1.0212     0.9572
11600.100      1.0141     0.9341
11600.200      1.0006     0.9176
11600.300      0.9826     0.9158
11600.400      0.9594     0.9279
11600.500      0.9206     0.9461
11600.600      0.8531     0.9628
11600.700      0.7636     0.9753
11600.800      0.6644     0.9839
11600.900      0.5815     0.9899
11601.000      0.5412     0.9936
11601.100      0.5536     0.9958
11601.200      0.6066     0.9969
11601.300      0.6894     0.9969
11601.400      0.7769     0.9953
11601.500      0.8500     0.9915
11601.600      0.9049     0.9861
11601.700      0.9364     0.9816
11601.800      0.9563     0.9810
11601.900      0.9695     0.9849
11602.000      0.9778     0.9907
11602.100      0.9824     0.9954
11602.200      0.9837     0.9980
11602.300      0.9825     0.9991
11602.400      0.9767     0.9994
11602.500      0.9619     0.9995
11602.600      0.9323     0.9996
11602.700      0.8778     0.9996
11602.800      0.7981     0.9996
11602.900      0.7048     0.9996
11603.000      0.6127     0.9996
11603.100      0.5266     0.9996
11603.200      0.4671     0.9996
11603.300      0.4376     0.9996
11603.400      0.4273     0.9996
11603.500      0.4205     0.9996
11603.600      0.3960     0.9997
11603.700      0.3563     0.9997
11603.800      0.3045     0.9998
11603.900      0.2517     0.9998
11604.000      0.2364     0.9998
11604.100      0.2585     0.9998
11604.200      0.3345     0.9998
11604.300      0.4366     0.9998
11604.400      0.5570     0.9998
11604.500      0.6749     0.9998
11604.600      0.7713     0.9998
11604.700      0.8441     0.9998
11604.800      0.8873     0.9998
11604.900      0.9095     0.9998
11605.000      0.9222     0.9998
11605.100      0.9386     0.9998
11605.200      0.9592     0.9998
11605.300      0.9777     0.9998
11605.400      0.9914     0.9998
11605.500      0.9977     0.9998
11605.600      1.0014     0.9998
11605.700      1.0073     0.9998
11605.800      1.0140     0.9998
11605.900      1.0152     0.9998
11606.000      1.0129     0.9997
11606.100      1.0082     0.9997
11606.200      1.0034     0.9997
11606.300      1.0005     1.0000
11606.400      0.9987     1.0000
11606.500      0.9963     1.0000
11606.600      0.9940     1.0000
11606.700      0.9916     1.0000
11606.800      0.9892     1.0000
11606.900      0.9869     1.0000
11607.000      0.9845     1.0000
